char,pron
日頭,ngit5 teu2
月光,ngiet6 gong1
天瀉屎,tien1 sia4 si3
掃把星,sau4 ba3 sin1
天河,tien1 ho2
天狗食日,tien1 geu3 sit6 ngit5
天狗食月,tien1 geu3 sit6 ngiet6
發風,da3 fung1
打風差,da3 fung1 cai1
皺風鬼,zeu4 fung1 gui3
頂頭風,din3 teu2 fung1
水毛,sui3 mau1
落水,lok6 sui3
晴水,ciang2 sui3
涿水,duk5 sui3
雷公,lui2 gung1
雷公叫,lui2 gung1 giau4
火蛇囁,fo3 sa2 ngiap5
露水,lu4 sui3
打露水,da3 lu4 sui3
落霧,lok6 mu4
落霜,lok6 song1
天弓,tien1 giung1
落雹,lok6 pok6
過雲水,go4 yun2 sui3
落雪,lok6 siet5
融雪,yung2 siet5
結冰,giet5 ben1
結嗨冰,giet5 hoi1 ben1
天氣,tien1 hi4
天時,tien1 si2
烏暗天,vu1 am4 tien1
烏陰天,vu1 yim1 tien1
好天,hau3 tien1
天旱,tien1 hon1
浸大水,zim4 tai4 sui3
涼爽,liong2 song3
嶺崗,liang1 gong1
嶺頂,liang1 dang3
半山,ban4 san1
山腳下,san1 giok5 ha1
山崖,san1 ngai2
崩崗,ben1 gong1
山窩,san1 vo1
山坑仔,san1 hang1 zai3
嶺腳下,liang1 giok5 ha1
嶺背後,liang1 boi4 heu1
河邊,ho2 bien1
河壆,ho2 bok5
陂頭,bi1 teu2
沙壩,sa1 ba4
圳仔,zun4 zai3
坑瀝,hang1 lak5
湖氹,fu2 tem2
平地,piang2 ti4
石牯,sak6 gu3
鵝卵石,ngo2 lon3 sak6
沙公,sa1 gung1
爛泥,lan4 lai2
泥塵,lai2 cin2
垃圾,lot5 sot5
木絲,muk5 si1
刨茸,pau2 yung2
石灰,sak6 foi1
紅毛泥,fung2 mau1 lai2
玻璃,bo1 li1
油漆,yiu2 cit5
磁挾,ci2 hiap6
冷水,lang1 sui3
拿暖水,la2 lon1 sui3
燒水,sau1 sui3
沸水,bui4 sui3
沸嗨,bui4 hoi1
洗米水,se3 mi3 sui3
街肚,gai1 du3
農村裡,lung2 cun1 li1
東西,dung1 si1
顏色,ngan2 set5
風景,fung1 gin3
臉前,ngiam4 cien2
前頭,cien2 teu2
背後,boi4 heu1
左手析,zo3 siu3 bien1
右手析,yiu4 siu3 bien1
上高,song4 gau1
下背,ha1 boi4
腳下,giok5 ha1
裏背,di1 boi4
門背,mun2 boi4
頂高,dang3 gau1
腳下,giok5 ha4
中間,zung1 gan1
棟心,dung4 sim1
側邊,zet5 bien1
對面,dui4 min4
附近,fu4 kiun4
隔籬,gak5 li2
鄰舍,lin2 sa4
隔離鄰舍,gak5 li2 lin2 sa4
今年,gim1 ngien2
舊年,kiu4 ngien2
前年,cien2 ngien2
大前年,tai4 cien2 ngien2
出年,cut5 ngien2
後年,heu4 ngien2
大後年,tai4 heu4 ngien2
今日,gim1 ngit5
暫暋日,cam4 min1 ngit5
前日,cien2 ngit5
大前日,tai4 cien2 ngit5
晨朝日,sin1 zau1 ngit5
後日,heu4 ngit5
大後日,tai4 heu4 ngit5
第二日,ti4 ngi4 ngit5
日日,ngit5 ngit5
日子,ngit5 zu1
鐘頭,zung1 teu2
點鐘,diam3 zung1
天光,tien1 gong1
朝晨頭,zau1 sin2 teu2
上晝,song4 ziu4
晏晝,an4 ziu4
下晝,ha1 ziu4
斷暗,ton1 am4
日辰頭,ngit5 sin2 teu2
夜晚辰,ya4 man1 sin2
晚辰頭,man1 sin2 teu2
成日,sang2 ngit5
月頭,ngiet6 teu2
月尾,ngiet6 mui1
早下,zau3 ha4
今下,gim1 ha4
開頭,hoi1 teu2
跟尾,gen4 mui1
黏尾,ngiam2 mui1
包尾,bau1 mui1
正先,cang4 sien1
年初一,ngien2 co1 yit5
五月節,ng1 ngiet6 ziet5
八月十五,bat5 ngiet6 sip6 ng3
八月半,bat5 ngiet6 ban4
重陽,cung2 yong2
年三十晚,ngien2 sam1 sip6 man1
通書,tung1 su1
一世,yit5 se4
前世,cien2 se4
轉世,zon3 se4
一陣間,yit5 cin4 gan1
陣時間,cin4 si2 gan1
𥍉下眼,ngiap5 ha4 ngan3
時途,si2 tu2
水田,sui3 tien2
旱地,hon1 ti4
田塍,tien2 sun2
耕田,gang1 tien2
扯禾,ca3 vo2
扯秧,ca3 yong1
蒔田,si4 tien2
耘田,vun2 tien2
割禾,got5 vo2
拌禾,pan1 vo2
禾稈草,vo2 gon3 cau3
禾稈頭,vo2 gon3 teu2
漚肥,eu4 pui2
钁鋤,giok5 co2
鐵鏟,tiet5 can3
釘鋤,dang1 co2
番釘,fan1 dang1
禾鐮,vo2 liam2
鐮刀,liam2 dau1
柴刀,cai2 dau1
水車,sui3 ca1
風櫃,fung1 kui4
穀桶,guk5 tung3
拌桶,pan1 tung3
簸箕,boi4 gi1
畚箕,bun4 gi1
畚臿,bun4 cap5
糞箕,bun4 gi1
篩子,si1 zu1
礱磨,lung2 mo4
碓坎,doi4 ham3
碓頭,doi4 teu2
碾子,lien4 zu3
石碌,sak6 luk5
禾庭,vo2 tang2
穀笪,guk5 dat5
擔竿,dam4 gon1
索嫲,sok5 ma2
打樁,da3 zong1
楔仔,siap5 zai3
竹檳子,zuk5 bin1 zai3
點麥,diam4 mak6
暴芽,bau4 nga2
吥芽,but6 nga2
掌牛,zong3 ngiu2
剁柴,dok6 cai2
投墟,teu2 hi1
出墟,cut5 hi1
網魚,miong3 ng2
捉魚,zuk5 ng2
作陂頭,zok5 bi1 teu2
作河壆,zok5 ho2 bok5
乾塘,gon1 tong2
戽水,fu4 sui3
絞米,gau3 mi3
菜園,coi4 yen2
種菜,zung4 coi4
淋菜,lim2 coi2
劏魚,tong1 ng2
劏雞,tong1 gai1
劏豬,tong1 zu1
養雞,yong1 gai1
養豬,yong1 zu1
做東西,zo4 dung1 si1
做事,zo4 se4
打米,da3 mi3
買肉,mai1 ngiuk5
洗米,se3 mi1
煮飯,zu3 fan4
燜飯,mun1 fan4
煮菜,zu3 coi4
煲順,bau1 sun4
淥順,luk5 sun4
盪碗,long1 von3
掌屋,zong3 vuk5
洗衫,se3 sam1
晾燥,lang2 zau1
火燒屋,fo3 sau1 vuk5
火燭,fo3 zuk5
出力,cut5 lit6
撿瓦背,giam3 nga3 boi4
禾串,vo2 con4
泛穀,pang4 guk5
糯米,lo4 mi3
粘米,zam1 mi3
狗尾粟,geu3 mui1 suk5
包粟,bau1 suk5
高粱粟,gau1 liong2 suk5
黃豆,vong2 teu4
荷蘭豆,ho2 lan1 teu4
蠶豆,cam2 teu4
油麻,yiu2 ma2
豆角,teu4 gok5
刀豆仔,dau1 teu4 zai3
番薯,fan1 su2
荷蘭薯,ho2 lan1 su2
薯仔,su2 zai3
地豆,ti4 teu4
地豆米,ti4 teu4 mi3
風栗,fung1 lit6
粟子,lit6 zu3
青菜,ciang1 coi4
角菜,gok5 coi4
黃芽白,vong2 nga2 pak6
矮瓜,ai3 ga1
絲瓜,se1 ga1
金瓜,gim1 ga1
冬瓜,dung1 ga1
黃瓜,vong2 ga1
番茄,fan1 kio2
蘿蔔,lo2 pet6
紅蘿蔔,fung2 lo2 pet6
辣椒,lat6 ziau1
蕹菜,vung4 coi4
韭菜,giu3 coi4
莧菜,han4 coi4
芥菜,gai4 coi4
芹菜,kiun2 coi4
芫荽,yen2 sui1
脈菜,mak5 coi4
潺菜,can2 coi4
牙姑,nga2 gu1
蓮藕,lien2 leu1
馬蹄,ma1 tai2
菱角,lin2 gok5
蔥仔,cung1 zai3
蒜仔,son4 zai3
蒜苗,son4 miau2
蒜頭,son4 teu2
蕎頭,kiau1 teu2
薑嫲,giong1 ma2
菜心,coi4 sim1
菜根,coi4 gin1
菜秧,coi4 yong1
薸仔,piau2 zai3
生果,sang1 go3
桃仔,tau2 zai3
李仔,li3 zai3
腍柿,lem2 se2
石榴,sak6 liu2
橘仔,git5 zai3
柑仔,gam1 zai3
橙仔,zang2 zai3
碌仔,luk5 zai3
梅仔,moi2 zai3
葡萄子,pu2 tau2 zu3
櫻桃,yin1 tau2
紅棗,fung2 zau3
合桃,hap6 tau2
山渣,san1 za1
牙蕉,nga2 ziau1
荔果,lai1 go3
龍眼,lung2 ngan3
西瓜,si1 ga1
梅花,moi2 fa1
杏花,hen4 fa1
桃花,tau2 fa1
蓮花,lien2 fa1
桂花,gui4 fa1
杜鵑花,tu4 gien1 fa1
蘭花,lan2 fa1
雞蛋花,gai1 tan4 fa1
茉莉花,mat6 li4 fa1
白玉蘭,pak6 ngiuk6 lan2
手巾絮,siu3 gin1 sui1
金銀花,gim1 ngiun2 fa1
菊花,kiuk5 fa1
向日葵,hiong4 ngit5 kui2
棉花,mien2 fa1
槐樹,fai2 su4
楓樹,fung1 su4
苦楝樹,fu3 lien4 su4
千重皮,cien1 cung2 pi2
柳樹,liu3 su4
桑仔樹,song1 zai3 su4
桑仔,song1 zai3
榕樹,yung2 su4
烏桕樹,vu1 kiu1 su4
白果樹,pak6 go3 su4
梧桐樹,ng2 tung2 su4
茶樹,ca2 su4
油茶樹,yiu2 ca2 su4
棕櫚樹,zung1 li1 su4
樟樹,zong1 su4
車桐竹,ca1 tung2 zuk5
竹根,zuk5 gin1
竹衣,zuk5 yi1
竹筍,zuk5 sun3
篾仔,miet6 zai3
書友草,su1 yiu1 cau3
榔箕,long1 gi1
溜苔,liu1 toi2
蘆茅,lu2 mau2
樹桍,su4 ka1
樹尾,su4 mui1
樹頭,su4 teu2
樹葉,su4 yap6
粽葉,zung4 yap6
裹粽葉,go3 zung4 yap6
杉樹,cam4 su4
柏樹,pak5 su4
松樹,cung2 su4
松雞角,cung2 gai1 gok5
松毛,cung2 mau1
松光仁,cung2 gong1 yin2
樹膠,su4 gau1
木頭,muk5 teu2
頭牲,teu2 sang1
水牛,sui3 ngiu2
黃牛,vong2 ngiu2
牛牯,ngiu2 gu1
牛嫲,ngiu2 ma2
牛仔,ngiu2 zai3
牛角,ngiu2 gok5
羊牯,yong2 gu3
羊嫲,yong2 ma2
羊仔,yong2 zai3
豬牯,zu1 gu3
豬家,zu1 ga1
豬嫲,zu1 ma2
肉豬,ngiuk5 zu1
豬仔,zu1 zai3
養豬仔,yong1 zu1 zai3
走水,zeu3 sui3
狗牯,geu3 gu3
狗嫲,geu3 ma2
狗牸,geu3 ci4
貓牯,miau4 gu3
貓嫲,miau4 ma2
貓牸,miau4 ci4
貓起群,miau4 hi3 kiun2
雞公,gai1 gung1
雞嫲,gai1 ma2
雞僆,gai1 lon4
閹雞,yam1 gai1
雞仔,gai1 zai3
賴伏雞嫲,lai4 pu4 gai1 ma2
雞春,gai1 cun1
雞胗,gai1 kin1
生春,sang1 cun1
打踏,da3 tap6
野性,ya1 sin4
老虎,lau4 fu3
獅子,su1 zu3
狐狸,fu2 li2
猴哥,heu2 go1
馬騮,ma1 liu1
兔仔,tu4 zai3
老鼠,lau4 cu3
鳥仔,diau1 zai3
鳥銃,diau1 cung1
禾鷝子,vo2 bit5 zai3
鴉鵲,a1 siak5
老鴉,lau3 a1
雁鵝,ngan4 ngo2
鷂婆,yau4 po2
牙鷹,nga2 yin1
貓頭鳥,miau4 teu2 diau1
燕仔,yen4 zai3
蝠婆,pit6 po2
蚊鼠,mun1 cu3
白鴿,pak6 gap5
月鴿,ngiet6 gap5
鷯哥,liau4 go1
腳爪,giok5 zau3
蝲蜞,la2 kia2
蟻公,li1 gung1
蟻子,li1 zu3
蟲蚿,cung2 hien3
蜈蚣蟲,ng2 gung1 cung2
硬殼蟲,ngang4 hok5 cung2
壁蛇,biak5 sa2
鳥蠅,vu1 yin2
牛鳥蠅,ngiu2 vu1 yin2
齧仔,ngat5 zai3
乾蜱,gon1 bi1
狗虱,geu3 sit5
虱嫲,sit5 ma2
黃曱,vong2 cat6
黃蜊,vong2 li1
知焱,zi1 yam4
蝴蝶,fu2 tiap5
豹虎哥,bau4 fu3 go1
蜢公,mang3 gung1
火焰蟲,fo3 yam4 cung2
蜜仔,mit6 zai3
禾蜂,vo2 fung1
草織,cau3 git5
鯰哥仔,ngiam4 go1 zai3
蛤蟆,ha2 ma2
蟾蜍,kiem2 su2
蠶蟲,cam2 cung2
烏龜,vu1 gui1
腳魚,giok5 ng2
蝦公,ha2 gung1
湖鰍,fu2 ciu1
蛇哥,sa2 go1
湖蜞,fu2 ki2
吔螺蟲,ye2 lo2 cung2
冷蜞,lang1 ki2
老蟹,lau4 hai3
石螺,sak6 lo2
田螺,tien2 lo2
黃鱔,vong2 sien1
鯉嫲,li1 ma2
鯽魚,zit5 ng2
屋下,vuk5 ka1
挑地腳,tiau1 ti4 giok5
舂籬,zung1 li2
磚碌,zon1 luk5
泥磚,lai2 zon1
瓦析,nga3 sak5
上樑,song3 liong2
屋簷,vuk5 yam2
柱躉,cu1 dun3
間肚,gan1 du3
正廳,zin4 tiang1
偏廳,pien1 tiang1
天井,tien1 ziang3
壁頭,biak5 teu2
窗門,cung1 mun2
側門,zet5 mun2
門檻,mun2 kiam1
門搭,mun2 dap5
門弄,mun2 lung4
天棚,tien1 pang2
欄河,lan2 ho2
石級,sak6 gap5
樓梯,leu2 toi1
陡梯,deu3 toi1
廚房,cu2 fong2
灶下,zau4 ha1
煙囪銜,yen1 cung1 ham2
打灶頭,da3 zau4 teu2
屎坑,si3 hang1
廁所,ci4 so3
角落頭,gok5 lok6 teu2
窿空,lung2 kung1
雞竇,gai1 deu4
雞籠,gai1 lung1
雞塒,gai1 zi4
豬欄,zu1 lan2
牛欄,ngiu2 lan2
傢俬,ga1 su1
桌頭,zok5 teu2
交椅,gau4 yi3
條凳,ban3 den4
書桌,su1 zok5
拖箱,to1 siong1
眠床,min2 cong2
竹席,zuk5 ciak6
草席,zau3 ciak6
枕頭,zim3 teu2
冷線,lang1 sien1
蚊帳,min1 zong4
窗簾,cung1 liam2
面盆,mien4 pun2
手巾,siu3 gin1
番鹼,fan1 gan3
梳仔,so1 zai3
牙刷,nga2 sot5
牙擦,nga2 cat5
牙膏,nga2 gau1
勺嫲,sok6 ma2
葫蘆杓,pu2 lu2 sok6
擂搥,lui2 cui2
水缸,sui3 gong1
缽頭,bat5 teu2
罌哥,ang1 go1
茶盅,ca2 zung1
沸水壼,bui4 sui3 fu2
茶壼,ca2 fu2
暖壼,lon1 fu2
調羹,ci2 gang1
飯勺,fan4 sok6
筷子,kai4 zu3
火炭,fo3 tan4
火灰,fo3 foi1
爐墩,lu2 dun3
火桶,fo3 tung3
火爐,fo3 lu2
起火,hi3 fo3
鑊頭,vok6 teu2
鑊蓋,vok6 goi4
鍋鏟,vok6 can3
鍋癆,vok6 lau1
砧板,ziem1 ban3
刀嫲,dau2 ma2
蒸籠,zin1 lung2
飯甑,fan4 zen4
筲箕,sau4 gi1
撈箕,lau2 gi1
鑊掃,vok6 sau4
桌帕,zok5 pa4
火柴,fo3 cai2
煙筒,yen1 tung2
水煙筒,sui3 yen1 tung2
電筒,tien4 tung2
電火,tien4 fo3
蠟蠋,lap6 zuk5
電油,tien4 yiu2
火水,fo3 sui3
尿桶,ngiau4 tung3
尿角,ngiau4 gok5
痰筒,tam2 tung2
吊桶,diau4 tung3
鎖匙,so3 si2
鎖頭,so3 teu2
蓑衣,so1 yi1
笠嫲,lip5 ma2
掃杆,sau4 gon3
掃把,sau4 ba3
竹篙,zuk5 gau1
丫叉,a1 ca1
丫叉仔,a1 ca1 zai3
拐掍,gai3 gun4
罍仔,lui3 zai3
釣檳,diau4 bin1
傢生,ga1 sang1
錘仔,cui2 zai3
鉆仔,zon4 zai3
斧頭,bu3 teu2
鉗仔,kiam2 zai3
鑿仔,cok6 zai3
鋸仔,gi4 zai3
銼刀,co4 tau2
刨仔,pau2 zai3
鉤仔,geu1 zai3
鐵釘,tiet5 dang1
剪刀,zien3 dau1
頂指,din3 zi3
衣車,yi1 ca1
邊唇,bien1 sun2
開坼,hoi1 cak5
衫褲,sam1 fu4
剪布,zien3 bu4
烏布,vu1 bu4
面衫,mien4 sam1
恤衫,sut6 sam1
底衫,dai3 sam1
襖婆,au3 po2
背搭,boi4 dap5
大褸,tai4 leu1
冷衫,lang1 sam1
被肉,pi1 ngiuk5
背心,boi4 sim1
短褲,don3 fu4
褲腳,fu4 giok5
褲襠,fu4 long4
開襠褲,hoi1 long4 fu4
密襠褲,mit6 long4 fu4
衫袖,sam1 ciu4
衫領,sam1 liang1
衫袋,sam1 toi4
啪扭,bak6 leu3
紐仔,leu3 zai3
結針,giet5 zim1
帽仔,mau4 zai3
草帽,cau3 mau4
拖鞋,to1 hai3
水鞋,sui3 hai2
鞋底,hai2 dai3
手襪,siu3 mat5
手巾仔,siu3 gin1 zai3
頸巾,giang3 gin1
口水枷,heu3 sui3 ga1
圍裙,vui2 sin1
肚搭,du3 dap5
尿片,ngiau4 pien4
燙斗,tong4 deu3
肚胈餓,du3 pat6 ngo4
麵粉,mien4 fun3
舊飯,kiu4 fan4
粥飲,zuk5 yim3
飯癩,fan4 lat5
食飯,sit6 fan4
食茶,sit6 ca2
食酒,sit6 ziu3
米酒,mi3 ziu3
燒酒,sau1 ziu3
黃酒,vong2 ziu3
糯米酒,lo4 mi3 ziu3
酒娘,ziu3 ngiong2
糟嫲,zau1 ma2
茶葉茶,ca2 yap6 ca2
煙仔,yen1 zai3
食煙,sit6 yen1
煙灰,yen1 foi1
食朝,sit6 zau1
食晝,sit6 ziu4
食夜,sit6 ya4
舀飯,yau3 fan4
豬肉,zu1 ngiuk5
瘦肉,seu4 ngiuk5
精豬肉,ziang1 zu1 ngiuk5
臘肉,lap6 ngiuk5
豬蹄,zu1 tai2
豬肝,zu1 gon1
豬舌嫲,zu1 set6 ma2
豬紅,zu1 fung2
豬旺,zu1 vong4
下水,ha4 sui3
夾菜,gap5 coi4
淘飯,tau2 fan4
豆腐乾,teu4 fu4 gon1
豆腐,teu4 fu4
豆腐花,teu4 fu4 fa1
豆腐霉,teu4 fu4 moi1
萊絲仔,loi2 su1 zai3
打胲約,da3 goi1 yok5
打呃督,da3 et6 duk6
雪糕,siet5 gau2
雪條,siet5 tiau2
饅頭,man2 teu2
包仔,bau1 zai3
餃子,gau3 zu3
雲吞,vun2 tun1
雪丸板,siet5 yen2 ban3
糖丸,tong2 yen2
餈粑,ci2 ba1
裹粽,go3 zung4
小口,siau3 heu3
茶果,ca2 go3
點心,diam3 sim1
宵夜,siau1 ya4
配料,pui4 liau4
豬油,zu1 yiu2
麻油,ma2 yiu2
黃糖,vong2 tong2
白糖,pak6 tong2
麻糖,ma2 tong2
糖仔,tong2 zai3
豉油,si4 yiu2
蜜糖,mit6 tong2
身魁,sin1 foi1
頭那,teu2 la1
光頭,gong1 teu2
頭那毛,teu2 la1 mau1
毛辮仔,mau1 bien1 zai3
頭鱗,teu2 lin1
頭皮,teu2 pi2
酒凹,ziu3 ngiap5
額門頭,ngiak5 mun2 teu2
梅子罌,moi2 zu1 ang1
腦囟,lau3 sim4
眼珠仁,ngan3 zu1 yin2
眼汁,ngan3 zip5
目睡毛,muk5 soi4 mau1
眼眉毛,ngan3 mi2 mau1
鼻公,pi4 gung1
鼻窿,pi4 lung1
鼻膿,pi4 lung2
擤鼻膿,sen4 pi4 lung2
鼻屎,pi4 si3
耳公,ngi3 gung1
耳屎,ngi3 si3
嘴角,zoi3 gok5
嘴唇,zoi4 sun2
舌嫲,set6 ma2
大牙,tai4 nga2
暴牙,pau4 nga2
牙床肉,nga2 cong1 ngiuk5
牙黃,nga2 vong2
鬚牯,si1 gu3
頦啱下,goi1 ngam1 ha1
口水,heu3 sui3
喉連,heu2 lien2
肩頭,gien1 teu2
心肝頭,sim1 gon1 teu2
背樑,boi4 long2
肋梗仔,lak6 gang1 zai3
打赤膊,da3 cak5 bok5
手臂,siu3 bi3
手踭,siu3 zang1
脈門,mak5 mun2
左手,zo3 siu3
右手,yiu4 siu3
手巴掌,siu3 ba1 zong3
拳頭牯,kien2 teu2 gu3
手指仔,siu3 zi3 zai3
手指公,siu3 zi3 gung1
臘尾指,lap6 mui1 zi3
手指甲,siu3 zi3 gap5
肋坼下,lak6 cak5 ha1
嬭姑,len4 gu1
嬭頭,len4 teu2
嬭水,len4 sui3
肚胈,du3 pat6
肚臍,du3 ci2
屎窟臀,si3 fut5 tun2
屎窟門,si3 fut5 mun2
打脧鳥,da3 zoi1 diau1
髀罅,bi3 la4
褲襠下,fu4 long4 ha1
春袋,cun1 toi4
核卵,hak6 lon3
卵屎,lin3 si3
支屄,zi1 biet5
大髀,tai4 bi3
膝頭,cit5 teu2
腳囊肚,giok5 lang2 du3
腳眼仁,giok5 ngan3 yin2
腳踭,giok5 zang1
腳趾,giok5 zi3
腳盤,giok5 pan2
腳板心,giok5 ban3 sim1
腳跡,giok5 ziak5
老哥,lau3 go1
婦娘,bu1 ngiong2
老人家,lau3 ngin2 ga1
老伯頭,lau3 bak5 teu2
老婆頭,lau3 po2 teu2
後生,heu4 sang1
妹仔,moi4 zai3
後生仔,heu4 sang1 zai3
僬仔,ziau2 zai3
老弟仔,lau3 tai1 zai3
城市人,sang2 si4 ngin2
鄉下人,hiong1 ha4 ngin2
單身哥,dan1 sin1 go1
老姑婆,lau3 gu1 po2
守寡婆,siu3 ga3 po2
冇爺冇娭,mau2 ya2 mau2 oi1
孤兒,gu1 yi2
單眼,dan1 ngan3
眯眼,mi1 ngan3
爆眼,bau4 ngan3
對眼,dui4 ngan3
盲公,mang2 gung1
聾公,lung1 gung1
啞佬,a3 lau3
大舌頭,tai4 set6 teu2
結佬,giet5 lau3
缺嘴,kiet6 zoi4
缺牙,kiet5 nga2
側頭仔,zet5 teu2 zai3
左手仔,zo3 siu3 zai3
鴨嫲蹄,ap5 ma2 tai2
肥佬,pui2 lau3
高佬,gau1 lau3
爆牙,bau4 nga2
班支,ban1 zi1
瘌痢頭,lat6 li2 teu2
六指,luk5 zi3
駝背佬,to2 boi4 lau3
叫包,giau4 bau2
懵佬,mung3 lau3
跛佬,bai1 lau3
傻佬,so2 lau3
撮仔,cot5 zai3
賊佬,cet6 lau3
攞食佬,lo3 sit5 lau3
契家佬,ke4 ga1 lau3
契家婆,ke4 ga1 po2
佮人,gap5 ngin2
老妓嫲,lau3 gi3 ma2
在行,cai4 hong2
唔在行,m1 cai4 hong2
伙頭,fo3 teu2
耕田佬,gang1 tien2 lau3
木匠,muk6 siong4
斣木佬,deu4 muk5 lau3
打鐵佬,da3 tiet5 lau3
醫生,yi1 sang1
剃頭佬,tai4 teu2 lau3
泥水匠,lai2 sui3 siong4
生理佬,sen1 li1 lau3
生保人,sang1 bau3 ngin2
人客,ngin2 hak5
有性,yiu1 siang4
小相,siau3 siong4
大方,tai4 fong1
捨得,sa3 det5
能替,lien2 tai4
勤力,kin2 lit6
慳儉,han1 kiam4
爽直,song3 cit6
牛王,ngiu2 vong2
刻簿,ket5 pok6
陰毒,yim1 tuk6
蠱惑,gu3 vak6
好心,hau3 sim1
老實,lau3 sit6
唔聲,m1 sang1
畏羞,vui4 siu1
可憐,ko3 lien2
齊整,ce2 zin1
就亼,ciu4 zip6
累贅,lui4 zui4
囉嗦,lo4 so4
聽話,tang4 va4
頑皮,ngan2 pi2
硬頸,ngang4 giang3
偷懶,teu1 lan1
磨嗦,mo4 so4
賴死,lai4 si3
下流,ha4 liu2
唔愛面,m1 oi4 mien4
講大話,gong3 tai4 va4
詐懵,za4 mung3
阿爸,a1 ba1
阿媽,a1 ma1
阿咪,a1 mi1
阿㜆阿爸,a1 mi1 a1 ba1
阿公,a1 gung1
阿婆,a1 po2
公太,gung1 tai4
婆太,po2 tai4
姐公,zia3 gung1
姐婆,zia3 po2
阿伯,a1 bak5
阿娘,a1 ngiong2
阿叔,a1 suk5
叔姆,suk5 me1
姑丈,gu1 cong1
姑爺,gu1 ya2
大姑,tai4 gu1
姑仔,gu1 zai3
姨丈,yi2 cong1
大姨,tai4 yi2
姨仔,yi2 zai3
大舅,tai4 kiu1
舅仔,kiu1 zai3
大舅娘,tai4 kiu1 ngiong2
舅娘仔,kiu2 ngiong2 zai3
阿哥,a1 go1
阿嫂,a1 sau3
阿姐,a1 zia3
姐夫,zia3 fu1
老弟,lau3 tai1
老妹,lau3 moi4
老妹婿,lau3 moi4 se4
大伯爺,tai4 bak5 ya2
叔仔,suk5 zai3
大姑,dai4 gu1
老襟,lau1 kim1
子嫂,zu3 sau3
老公,lau3 gung1
老婆,lau3 po2
丈人佬,cong1 ngin1 lau3
丈人婆,cong1 ngin1 po2
家官,ga1 gon1
家娘,ga1 ngiong2
親家,cin1 ga1
且姆,cia1 me1
繼父爺,ge4 fu1 ya2
後娭,heu4 oi1
契爺,ke4 ya2
契媽,ke4 ma2
子女,zu3 ng3
賴子,lai4 zu1
滿仔,man1 zai3
心臼,sim1 kiu1
妹子,moi4 zu1
滿女,man1 ng3
婿郎,se4 long2
孫仔,sun1 zai3
孫女,sun1 ng3
息子,set5 zu1
外孫,ngoi4 sun1
外孫女,ngoi4 sun1 ng3
外甥,ngoi2 sang1
外甥女,ngoi2 sang1 ng3
侄仔,cit5 zu3
侄女,cit5 ngi3
兩子爺,liong3 zu3 ya2
兩公婆,liong3 gung1 po2
兄弟,hiung1 ti4
姊妹,zi3 moi4
兩兄弟,liong3 hiung1 ti4
兩姊妹,liong3 zi3 moi4
叔伯兄弟,suk5 bak5 hiung1 ti4
表姊妹,biau3 zi3 moi4
親戚,cin1 cit5
字輩,su4 bui4
花名,fa1 miang2
做媒人,zo4 moi2 ngin2
媒人婆,moi2 ngin2 po2
定婚,tin4 fun1
娶老婆,ci3 lau3 po2
嫁老公,ga4 lau3 gung1
娶心臼,ci3 sim1 kiu1
招郎入舍,zau1 long2 ngip5 sa4
新娘公,sin1 long2 gung1
新娘,sin1 ngiong2
做酒,zo4 ziu3
妹家,moi4 ga1
返嫁,fan1 ga4
再娶,cai4 ci3
大肚胈,tai4 du3 pat6
發子,bot5 zu3
損身,sun3 sin1
小產,siau3 can3
大肚婆,tai4 du3 po2
打斗,da3 deu3
養阿伢,yong1 o1 nga2
養唔出,yong1 m1 cut5
接生,ziap5 sang1
胞衣,bau1 yi1
孖仔,ma1 zai3
阿伢,o1 nga2
做月,zo4 ngiet6
供嬭,giung4 len4
飼飯,ci3 fan4
𢆡頭仔,len4 teu2 zai3
嬭嘴,len4 zui3
兜尿,deu1 ngiau4
瀨尿,lai2 ngiau4
擯屎,bin3 si3
短命,don3 miang4
吊頸,diau4 giang3
投河,teu2 ho2
病死嗨,piang4 si3 hoi1
過身,go4 sin1
老嗨,lau3 hoi1
做白事,zo4 pak6 su4
棺材,gon1 coi2
入殮,ngip6 liam1
送葬,sung4 zong4
溪錢,kai1 cien2
棺材佬,gon1 coi2 lau3
爆仗,bau4 cong4
墳頭,fun2 teu2
碑石,bi1 sak6
掛山,ga4 san1
病嗨,piang4 hoi1
難頂,lan2 din3
發燒,fat5 sau1
發冷,bot5 lang1
發呆,fat5 ngoi2
打陣冥,da3 cin3 min3
傷風,song1 fung1
發大冷,bot5 tai4 lang1
吃吃震,git6 git6 zun1
發呷,bot5 hap5
冷倒,lang1 dau3
發痧,bot5 sa1
熱氣,ngiet6 hi4
作嘔,zok5 eu1
屙屎唔出,o1 si3 m1 cut5
肚胈屙,du3 pat6 o1
唔消化,m1 siau1 fa4
頭那暈,teu2 la1 vin2
抽筋,ciu4 gin1
著驚,cok6 giang1
喊同年,ham4 tung2 ngien2
出麻仔,cut5 ma2 zai3
發死,bot5 si3
發癱風,bot5 tan1 fung1
發癆嗽,bot5 lau2 seu1
發黃腫,bot5 vong2 zung3
發痤仔,bot5 coi2 zai3
熱痱,ngiet5 mui3
長球,zong3 kiu2
貢膿,gung4 lung2
結庀,giet5 pi3
狐忽臊,fu2 fit6 sau1
大核卵,tai4 hak6 lon3
烏蠅屎,vu1 yin2 si3
雞嫲皮,gai1 ma2 pi2
蚊伏,mun1 puk6
蚊膀,mun1 pong2
發雞盲,bot5 gai1 mang2
痲瘋,ma2 fung1
迣人,ce4 ngin2
拉倒,lai3 dau3
打扽坐,da3 dun4 co1
爆趼公,bau4 gien1 gung1
看病,gon4 piang4
打脈,da3 mak5
中藥,zung1 yok6
處方,cu4 fong1
撿藥,giam3 yok6
藥丸,yok6 yen2
丸仔,yen2 zai3
藥粉,yok6 fun3
煲涼茶,bau1 liong2 ca2
見功,gien4 gung1
睡醒,soi4 siang3
亢身,hong4 sin1
洗面,se3 mien4
梳頭,so1 teu2
剃頭,tai4 teu2
做工,zo4 gung1
收工,siu1 gung1
轉屋下,zon3 vuk5 ka1
屙屎,o1 si3
屙尿,o1 ngiau4
打屁,da3 pi4
沖涼,cung1 liong2
抹身,mat5 sin1
敨涼,teu3 liong2
炙火,zak5 fo3
講水古,gong3 sui3 gu1
啄目睡,duk5 muk5 soi4
眯一下,mi1 yit5 ha4
擘囉,mak5 lo4
打哈嗤,da3 at6 ci4
迒眠床,hong2 min2 cong2
眠下,min2 ha1
睡目,soi3 muk5
烏燈,vu1 den1
睡落覺,soi4 lok5 gau4
發夢,bot5 mung4
講夢話,gong3 mung4 va4
睡唔落覺,soi4 m1 lok5 gau4
扯鼻鼾,ca3 pi4 hon2
挺挺仰睡,ten3 ten3 ngong1 soi4
打側睡,da3 zet5 soi4
罯罯伏,am3 am3 puk5
失枕,sip5 zim3
學堂,hok6 tong2
破學,po4 hok6
去學堂,hi4 hok6 tong2
返學,fan1 hok6
放學,fong4 hok6
簿仔,pu1 zai3
教書先生,gau1 su1 sin1 sang1
學生,hok5 sang1
頭名,teu2 miang2
第尾,ti4 mui1
毛筆,mau1 bit5
水筆,sui3 bit5
鉛筆,yen2 bit5
筆筒套,bit5 tung2 tau4
撳釘,kim4 dang1
信筒,sin4 tung2
信肉,sim4 ngiuk5
漿糊,ziong1 fu2
刀仔,dau1 zai3
擦紙膠,cat5 zi3 gau1
橡筋,siong4 gin1
墨湖,met6 fu2
墨汁,met6 zip5
墨水,met5 sui3
逃學,tau2 hok6
考試,kau3 si4
徛堂,ki1 tong2
印仔,yin4 zai3
襟章,kim1 zong1
郵局,yiu2 kiuk6
郵票,yiu2 piau4
相片,siong4 pien4
影畫戲,yang3 fa4 hi4
電影,tien4 yang3
踢足球,tiak5 zuk5 kiu2
打韆鞦,da3 cin1 ciu1
放紙鷂,fong4 zi3 yau4
講古仔,gong3 gu3 zai3
唱歌,cong4 go1
銀雞,ngiun2 gai1
打符繡,da3 fu2 siu4
吹笛,cui1 tiak6
捉棋,zok5 ki2
瞙牌,mie3 pai2
游水,yiu2 sui3
沕水,mi4 sui3
打水片,da3 sui3 pien3
曉功夫,hiau3 gung1 fu1
撮把戲,cot5 ba3 hi4
打翻車,da3 fan2 ca1
勾腳,giu1 giok5
屏人子,biang4 ngin2 zu1
跳飛機,tiau4 fui1 gi1
舞龍,mu3 lung2
拉二弦,lai1 ngi4 hien2
打爆仗,da3 bau4 cong4
騎馬度,ki2 ma1 dok6
起種竹,hi3 zung4 zuk5
鬼面殼,gui3 mien4 hok5
猜枚,zai1 moi2
拈鬮,ngiam1 kiu1
磧年利市,zak5 ngien2 li4 si4
擺酒,bai3 ziu3
搭人世,dap5 ngin2 se4
接禮,ziap5 li1
多謝,do1 cia4
生客,sang1 hak5
請坐,ciang3 co1
客氣,hak5 hi4
退茶,tui4 ca2
開始,hoi1 su3
坐席,co1 cit6
上菜,song1 coi4
倒酒,dau3 ziu3
乾杯,gon1 bui1
慢慢行,man4 man4 hang2
亂嗑,lon4 kap5
招呼,zau1 fu1
唱惹,cong4 ya1
威風,vui1 fung1
擺面子,bai3 mien4 zu3
充好漢,cung1 hau3 hon4
見笑,gien4 siau4
連累,lien2 lui4
難為你,lan2 vui2 ngi2
遇到,ngi4 dau3
講話,gong3 va4
講本地,gong3 bun3 ti4
捧大腳,bung3 tai4 giok5
吩咐,fun1 fu4
搭啜,dap5 zoi4
搭嘴,dap5 zui3
死咯,si3 lo3
罵人,ma4 ngin2
講爛啜,gong3 lan4 zoi4
分人打,bin1 ngin2 da3
吵交,cau2 gau1
打交,da3 gau1
拆交,cak5 gau1
幫等,bong1 den3
做得,zo4 det5
唔錯,m1 co4
唔准,m1 zun3
轉鄉下,zon3 hiong1 ha4
邏人客,la2 ngin2 hak5
冇閒,mau2 han2
唔得閒,m1 det5 han2
得閒,det5 han2
辦好,pan4 hau3
搞掂,gau3 tiam4
行運,hang2 yun4
當衰,dong1 soi1
鋪頭,pu4 teu2
茶居,ca2 gi1
飯店,fan4 diam4
客棧,hak5 can4
擺檔,bai3 dong4
小販,siau3 fan4
開張,hoi1 zong1
盤點,pan2 diam3
打快扒,da3 kai4 pa2
櫃台,kui4 toi2
侍頭,si4 teu2
侍頭婆,si4 teu2 po2
伙記,fo2 gi4
師傅,su4 fu4
徒弟,tu2 ti4
講價,gong3 ga4
還價,van2 ga4
跌價,det5 ga4
欠賬,kiam4 zong4
追帳,zui1 zong4
算盤,son4 pan2
厘秤,li2 cin4
皮費,pi2 fui4
本錢,bun3 cien2
佮份,gap5 fun4
銀紙,ngiun2 zi3
硬幣,ngan4 bi4
大紙,tai4 zi3
散紙,san3 zi3
蝕本,set5 bun3
夠秤,geu4 cin4
唔夠秤,m1 geu4 cin4
著數,cok6 su4
唔著數,m1 cok6 su4
車站,ca1 zam4
碼頭,ma1 teu2
行人路,hang2 ngin2 lu4
馬路,ma1 lu4
汽車,hi4 ca1
私家車,su1 ga1 ca1
客車,hak5 ca1
單車,dan1 ca1
人力車,ngin2 lit6 ca1
三輪車,san1 lin2 ca1
雞公車,gai1 gung1 ca1
火船,fo3 son2
帆船,fan2 son2
船仔,son2 zai3
電船,tien4 son2
竹簰,zuk5 pai2
漏水,leu4 sui3
飛機,fui1 gi1
搭客,dap5 hak5
水腳,sui3 giok5
車飛,ca1 fui1
搭車,dap5 ca1
暈車,vin2 ca1
座位,co4 vui4
司機,su1 gi1
揸車,za1 ca1
擔起,dam1 hi3
墜低頭,cui4 dai1 teu2
扭轉,ngiu4 zon3
霎眯,sap5 mi1
瞪大眼,zen4 tai4 ngan3
斟嘴,zim1 zoi4
隔渣,gak5 za1
跌倒,det5 dau3
上來,song1 loi2
下去,ha1 hi4
浸死,zim4 si3
輪流,lun2 liu2
縱壞,zung3 fai4
恅過,lau1 go4
覺得,gok5 det5
記掛,gi4 ga4
發火,fat5 fo3
冤枉,yen1 vong3
小心,siau3 sim1
惶到,kong2 dau4
想起,siong3 hi3
甘願,gam1 ngien4
中意,zung1 yi4
眼紅,ngan3 fung2
眼熱,ngan3 ngiet6
添忘,tiam1 mong4
懷疑,fai2 ngi2
傷心,song1 sim1
唔捨得,m1 sa3 det5
陰涼,yim1 liong2
輕鬆,kiang1 sung1
射眼,sa4 ngan3
晟眼,cang2 ngan3
濁鼻,kuk6 pi4
振耳,zin3 ngi3
過核,go4 fut6
轉潤,zon3 cau2
主固,zu3 gu4
結實,giet5 sit6
回南,fui2 lam2
冷清,lang1 cin1
伶俐,lang2 li4
漚漏,eu4 leu4
麻煩,ma2 fan2
難搞,lan2 gau3
容易,yung2 yi4
筆直,bit5 zit6
好粗,hau3 cu1
好幼,hau3 yiu4
滿卒卒,man1 zut5 zut5
笨繳繳,pun1 giau2 giau2
薄翼翼,pok6 yit6 yit6
光華華,gong1 va2 va2
腥瘟瘟,siang1 vin1 vin1
嫩術術,lun4 sut6 sut6
爛綿綿,lan4 mien4 lan4
生痛,sang3 tung4
矮耷耷,ai3 dep6 dep6
肥嘟嘟,pui2 dut5 dut5
仂卒卒,lep5 zut5 zut5
痩蜢蜢,seu4 mang1 mang1
瘦馬靈鉗,seu4 ma1 liang2 kiang2
老麥麥,lau3 mak6 mak6
老嚙嚙,lau1 ngat5 ngat5
好亂,hau3 lon4
好快,hau3 kai4
慢吞吞,man4 tun1 tun1
好燒,hau3 sau1
燒焓焓,sau1 hem2 hem2
好冷,hau3 lang1
冷挖挖,lang1 vat5 vat5
沸淥淥,bui4 luk6 luk6
烔紅,dung4 fung2
紅淮淮,fung2 fai1 fai1
好黃,hau3 vong2
黃貢貢,vong2 gung4 gung4
好青,hau3 ciang1
雪白,sut6 pak6
白雪雪,pak6 sut6 sut6
黷烏,du4 vu1
烏黷黷,vu1 du4 du4
烏矂矂,vu1 sau1 sau1
好酸,hau3 son1
酸丟丟,son1 diu2 diu2
鮮甜,sien1 tiam2
甜津津,tiam2 zin1 zin1
好苦,hau3 fu3
苦丟丟,fu3 diu1 diu1
噴香,pun4 hiong1
香噴噴,hiong1 pun4 pun4
臭脝,ceu4 hen1
臭垠臭蟹,ciu4 hien1 ciu4 hai3
好臭脝,hau3 ceu4 hen1
爛臭垠,lan4 ciu4 hien1
好滑,hau3 vat6
滑律律,vat6 lut6 lut6
好重,hau3 cung1
重墜墜,cung1 dem2 dem2
好輕,hau3 kiang1
輕匹匹,kiang1 pit6 pit6
好燥,hau3 zau1
燥麥麥,zau1 mak6 mak6
好濕,hau3 sip5
濕荅荅,sip5 dap5 dap5
好硬,hau3 ngang4
硬角角,ngang4 gok6 gok6
好軟,hau3 ngion1
軟入入,ngion1 ngip6 ngip6
軟泥泥,ngion1 lai2 lai2
好光滑,hau3 gong1 vat6
十五,sip6 ng3
廿二,ngip6 ngi4
卅三,sa1 sam1
三十三,sam1 sip6 sam1
百一,bak5 yit5
一百一十一,yit5 bak5 yit5 sip6 yit5
兩百五,liong3 bak5 ng1
三四隻人,sam1 si4 zak5 ngin2
十零隻,sip6 lang2 zak5
渾隻,von2 zak5
兩斤,liong3 gin1
兩兩,liong3 liong1
兩斤兩兩,liong3 gin1 liong3 liong1
兩斤二兩,liong3 gin1 ngi4 liong1
兩尺,liong3 cak5
斤半,gin1 ban4
厓哋,ngai2 di1
吾兜,nga1 deu1
你兜,ngia1 deu1
佢兜,gia1 deu1
哪人,la4 ngin2
人家,ngin2 ga1
大齊家,tai4 ci2 ga1
自家,ci2 ga1
吾嘅,nga1 ge4
爾嘅,ngia1 ge4
佢嘅,gia1 ge4
吾兜嘅,nga1 deu1 ge4
厓哋嘅,ngai2 di1 ge4
你兜嘅,ngia1 deu1 ge4
佢兜咯,gia1 deu1 ge4
哪人嘅,la4 ngin2 ge4
這隻,ngia3 zak5
該隻,ai4 zak5
哪隻,lai4 zak5
這兜,ngia3 deu1
該兜,ai4 deu1
哪兜,lai4 deu1
一滴仔,yit5 dit6 zai3
這裏,ngia3 li1
這定,ngia3 tang4
該裏,ai4 li1
該定,ai4 tang4
哪裏,lai4 li1
哪定,lai4 tang4
這邊,ngia3 bien1
該邊,ai4 bien1
哪邊,lai4 bien1
恁樣做,an2 yong4 zo4
恁樣做,an4 yong4 zo4
樣邊做,yong4 bien1 zo4
樣邊搞,yong4 bien1 gau3
這下,ngia3 ha4
該下,ai4 ha4
哪陣,lai4 cin4
幾時,git5 si2
幾久,git5 giu3
幾多斤,git5 do1 gin1
第二定,ti4 ngi4 tang4
第二兜,ti4 ngi4 deu1
哪定,lai4 dang4
乜介,mak5 gai4
做乜介,zo4 mak5 gai4
上下,song4 ha4
啱線,ngam1 sien4
積聲看去,zit6 sang1 kon4 hi4
一直,yit5 cit6
長日,cong2 ngit5
食等,sit6 den3
快滴,kai4 dit6
黏腳,ngiam2 giok5
一下子,yit5 ha4 zu3
忒過,tet5 go4
特別,tet6 piet6
有滴仔,yiu1 dit6 zai3
共總,kiung4 zung3
好彩,hau3 coi3
直登,cit6 dang1
總都,zung3 du1
就係,ciu4 he4
一下,yit5 ha4
一定,yit5 tin4
唔係,m1 he4
唔使,m1 su3
唔好,m1 hau3
搏命,bok5 miang4
還過,han2 go4
大約莫,tai4 yok5 mok5
大莫約,tai4 mok5 yok5
爭嘀仔,cang1 dit6 zai3
乾脆,gon1 cui4
直情,cit6 cin2
加先,ga1 sien1
還係,han2 he4
好像,hau3 ciong4
偏偏,bien1 bien1
已經,yi3 gin1
來嗨里,loi2 hoi1 di1
稍為,sau3 vui2
臨時,lin2 si2
真係,zin1 he4
正講,zang2 gong3
或者,fet6 za3
只要,zik5 yau4
只有,zik5 yiu1
從細,cung2 se4
除嗨,cu2 hoi1
餓死咯,ngo4 si3 lo3
餓死嗨,ngo4 si3 hoi1
冷死咯,lang1 si3 lo3
冷死嗨,lang1 si3 hoi1
攰死咯,kioi4 si3 lo3
攰死嗨,kioi4 si3 hoi1
磧死咯,zak5 si3 lo3
磧死嗨,zak5 si3 hoi1
叼死咯,diu1 si3 lo3
叼死嗨,diau1 si3 hoi1
興死咯,hin3 si3 lo3
尋交轉,cim2 gau1 zon3
講好嗨里,gong3 hau3 hoi1 di1
做秋嗨,zo4 ciu1 hoi1
唔見嗨,m1 gien4 hoi1
辣死人咯,lat6 si3 ngin4 lo3
辣過頭咯,lat6 go4 teu1 lo3
爛嗨,lan4 hoi1
看唔倒,kon4 m1 dau3
番唔到去,fan1 m1 dau3 hi4
出唔到來,cut5 m1 dau3 loi2
裝唔落,zong1 m1 lok6
頭那唔痛,teu2 la1 m1 tung4
分佢估中嗨,bin1 gi2 gu3 zung4 hoi1
打佢唔嬴,da3 gi1 m1 yang2
打得佢贏,da3 det5 gi2 yang2
敨唔倒氣,teu3 m1 dau3 hi4
撮唔倒厓,cot5 m1 dau3 ngai2
喊佢唔動,ham4 gi2 m1 dung1
喊唔動佢,ham4 m1 dung1 gi2
得人惜,det5 ngin2 siak5
得人惱,det5 ngin2 lau1
轉來,zon3 loi2
轉去,zon3 hi4
分厓看下,bin1 ngai2 kon4 ha4
短術術嘅索嫲,don3 sut6 sut6 ge4 sot5 ma2
彎彎嘅牛角,van1 van1 ge4 ngiu2 gok5
一樣長嘅索嫲,yit5 yong4 cong2 ge4 sot5 ma2
凈愛一滴仔,ciang4 oi4 yit5 dit6 zai3
等間佢就來,den3 gan1 gi2 ciu4 loi2
分本書佢,bin1 bun3 su1 gi1
分多滴厓得唔得,bin1 do1 dit6 ngai2 det5 m1 det5
寫過,sia3 go4
焗過一壺,guk6 go4 yit5 fu2
分佢食先,bin1 gi2 sit6 sien1
你先行走,ngi2 sien1 hang2 zeu3
食多碗添,sit6 do1 von3 tiam1
坐多陣正,co1 do1 cin4 zang4
坐多陣添,co1 do1 cin4 tiam1
拿得起還係拿唔起,la1 det5 hi3 han2 he4 la1 m1 hi3
拿得動,la1 det5 tung1
佢來唔來倒,gi2 loi2 m1 loi2 dau3
有冇去佢屋家,yiu1 mau2 hi4 gia1 vuk5 ka1
去嗨,hi4 hoi1
唔食得酒,m1 sit6 det5 ziu3
坐唔得久,co1 m1 det5 giu3
門背落等水,mun2 boi4 lok6 den3 sui3
坐等來食,co1 den3 loi2 sit6
門開嗨,mun2 hoi1 hoi1
徛等唔好動,gi1 den3 m1 hau3 tung1
唔好插嘴分佢講落去,m1 hau3 cap5 zui3 bin1 gi2 gong3 lok6 hi4
將火燒起來正,ziong1 fo3 sau1 hi3 loi2 zang4
厓去過廣州又去過上海,ngai2 hi4 go4 gong3 ziu1 yiu4 hi4 go4 song4 hoi3
厓講過分佢知,ngai2 gong3 go4 bin1 gi2 di1
花開嗨兩朵咯,fa1 hoi1 hoi1 liong3 do3 lo3
食嗨飯正來講,sit6 hoi1 fan4 zang4 loi2 gong3
閂嗨門佢,san1 hoi1 mun2 gi2
扭恒該蓋佢,ngiu3 hen2 ai4 goi4 gi2
將該飯食秋佢,ziong1 ai4 fan4 sit6 ciu1 gi2
唔好打爛吾嘅碗,m1 hau3 da3 lan4 nga2 ge4 von3
來去看電影咯,loi2 hi4 kon4 tien4 yang3 lo3
去看電影去嗨,hi4 kon4 tien4 yang3 hi4 hoi1
厓大過佢,ngai1 tai4 go4 gi2
厓大佢一歲,ngai2 tai4 gi2 yit5 soi4
厓大唔過佢,ngai2 tai4 m1 go4 gi2
兩隻一樣高,liong3 zak5 yit5 yong4 gau1
講下講下就叫起來,gong3 ha4 gong3 ha4 ciu4 giau4 hi3 loi2
唔分佢去佢係愛去,m1 bin1 gi2 hi4 gi2 he4 oi4 hi4
一世人,yit5 se4 ngin2
一劑藥,yit5 ze4 yok6
一年半載,yit5 ngien2 ban4 zai3
一暴十寒,yit5 puk6 sip6 hon2
一枝花,yit5 gi1 fa1
一條縫,yit5 tiau2 pung4
一蹶不振,yit5 kiet5 but5 zin3
丈八金剛,cong4 bat5 gim1 gong1
丈夫,cong4 fu1
三個,sam1 go4
三思,sam4 su1
上去,song1 hi4
上等,song4 den3
上鍊,song3 lien4
世界,si4 gai4
丞相,sin2 siong4
中心,zung1 sim1
中獎,zung4 ziong3
乘涼,sin2 liong2
乾隆,kien2 lung2
二世祖,ngi4 si4 zu3
互相,fu4 siong1
人參,ngin2 sem1
人質,ngin2 zi4
今朝,gim1 zau1
仔細,zi3 si4
仗義,cong4 ngi4
伴隨,pan4 sui2
伸手,cun1 siu3
住得近,cu4 det5 kiun1
佛教,fut6 gau4
作為,zok5 vui2
例子,li4 zu3
供品,giung4 pin3
依傍,yi1 pong4
便利,pien4 li4
便宜,pien2 li2
個性,go4 sin4
倒垃圾,dau3 lap5 sap5
倭寇,vo1 keu4
倭遲,vui1 ci2
做完,zo4 yen2
做禡,zo4 nga2
傀儡,kui3 lui3
傀奇,gui1 ki2
傍酒,bong3 ziu3
傍飯,bong3 fan4
傳播,con2 bo4
傳記,con4 gi4
傾斜,kin1 sia2
像素,siong4 su4
僕射,puk6 ya4
僮族,cong4 cuk6
先生,sin1 sang1
兩個,liong1 go4
冠軍,gon4 giun1
凋零,diau1 lin2
凝硬,ken2 ngang4
凝聚,ngien2 ci4
凹陷,ngiap5 ham3
出世,cut5 se4
出名,cut5 miang2
分辨,fun1 pien4
判斷,pan4 don4
到齊,dau4 ce2
刺激,ciuk5 git5
刻圖章,kat5 tu2 zong1
刻意,ket5 yi4
剡溪,sam4 kai1
剡章,yam3 zong1
剩餘,sin4 yi2
力量,lit6 liong4
劻勷,kiong1 yong2
勇士,yung3 su4
勉強,mien1 kiong3
動到,tung1 dau4
動物,tung4 vut6
勝利,sin4 li4
半鹹淡,ban4 ham2 tam1
即使,zit5 si3
卵棍,lin3 gun4
原告,ngien2 gau4
厭惡,yam4 vu4
參加,cam1 ga1
反應,fan3 yin4
反省,fan3 sin3
口氣,heu3 hi4
句讀,gi4 teu4
可惜,ko3 sit5
叱吒,cit5 za4
吃吃,ket5 ket5
同儕,tung2 ce2
名貴,min2 gui4
吭聲,hang1 sang1
呢喃,li2 lam2
呱呱叫,va1 va1 giau4
命令,min4 lin4
咀嚼,zu3 ziok5
和尚,vo2 song4
咯咯叫,gok6 gok6 giau4
咽喉,yen1 heu2
品行,pin3 hang2
品質,pin3 zit5
哪吒,la2 za1
唔使客氣,m1 su3 hak5 hi4
唔着,m1 cok6
唱和,cong4 fo4
商賈,song1 gu3
商量,song1 liong2
啤牌,pia1 pai2
啤酒,bia1 ziu3
喁喁私語,yung2 yung2 su1 ngi1
喇叭,la2 ba1
喇嘛,la1 ma2
喪失,song4 sit5
喪禮,song1 li1
嗚咽,vu1 yet5
嘍囉,leu2 lo2
嘍狗,leu4 geu3
嘽嘽,tan1 tan1
嚇一驚,hak5 yit5 giang1
嚼碎,ciau4 sui4
困難,kun4 lan2
在家,coi1 ga1
在意,cai4 yi4
地震,ti4 zin3
埋沒,mai2 mat6
培塿,pui2 leu1
塞翁失馬,soi4 vung1 sit5 ma1
墊牌,dien4 pai2
墊頭,tiap6 teu2
壓等,ep5 den3
多少,do1 sau3
大使館,tai4 si4 gon3
大嶼山,tai4 yi2 san1
大石磧死蟹,tai4 sak6 zak5 si3 hai3
大話,tai4 va4
大阪,tai4 ban3
夭閼,yau1 ot5
奔喪,bun1 song1
女人,ngi3 ngin2
好壞,hau3 fai4
如松之盛,yi2 cung2 zu1 sin4
妥當,to3 dong4
委蛇,vui1 yi4
嬭瓜,len4 ga1
存在,sun2 cai4
學校,hok6 gau3
完全,van2 cien2
家屬,ga1 suk6
射箭,sa4 zien4
少年,sau4 ngien2
屈到,vut5 dau4
屈曲,vut5 kiuk5
屋頂,vuk5 dang3
屏山,piang2 san1
屏息,bin3 sit5
屏風,pin2 fung1
屢見不鮮,li1 gien4 but5 sien3
屬意,zuk5 yi4
島嶼,dau3 si4
峽崥,hiap6 bi3
嶺南,liang3 lam2
工程,gung1 cin2
差別,ca1 piet6
幅員廣闊,fuk5 yen2 gong3 fat5
幅婆,pit6 po2
平常,pin2 song2
平貨,piang2 fo4
幽靈,yiu1 lin2
幾乎,gi1 fu2
幾個,gi3 go4
幾多,git5 do1
底下,dai3 ha1
度高,tok6 gau1
廣東省,gong3 dung1 sen3
引吭高歌,yin3 hong2 gau1 go1
強壯,kiong2 zong4
彌撒,li2 sat5
形勢,hin2 si4
從容,cung2 yung2
從此,cung2 cu3
徼倖,hiau1 hen4
徼巡,giau3 sun2
心廣體胖,sim1 gong3 ti3 pan2
心性,sim1 siang4
忠告,zung1 guk5
快樂,kai4 lok6
怕係,fa4 he4
性格,sin4 gak5
惜別,sit5 piet6
惡人,ok5 ngin2
惱火,lau3 fo3
愚戇,ngi2 zong4
感覺,gam3 gok5
應該,yin1 goi1
成功,sin2 gung1
房間,fong2 gan1
手背,siu3 boi4
扢搭,ngiet5 dap5
扶持,fu2 ci2
扶穩,pu2 vun3
批准,pi1 zun3
投降,teu2 hong2
拼辮,pin1 bien1
拿來,la1 loi2
挖掘,vat5 kiut6
挖鼻屎,vet5 pi4 si3
捉蝴蝶,zuk5 fu2 tiap6
捩琵琶,lui4 pi2 pa2
排毒,pai2 tuk6
掣肘,zi4 ziu3
推懶,toi1 lan1
掩映,yam3 yong3
提倡,ti2 cong4
揲法,siet6 fap5
揲貫萬物,tiap6 gon4 man4 vut6
摟抱,leu3 pau1
摟錢,leu1 cien2
摽搒,biau1 bong3
撐腰,cang1 yau1
撒石灰,sot5 sak6 foi1
撣族,sien4 cuk6
收聽,siu1 tang4
放恣,fong4 zu3
放縱,fong4 zung4
教徒,gau4 tu2
教書,gau1 su1
教育,gau4 yuk5
散播,san4 bo4
敬業樂業,gin4 ngiap6 ngau4 ngiap6
斜布,cia2 bu4
新鮮,sin1 sien1
斷章取義,ton4 zong1 ci3 ngi4
日暈,ngit5 yun4
旺盛,vong4 sang4
昝晚日,cam4 min1 ngit5
星球,sin1 kiu2
映照,yang3 zau4
晦暝,fui4 men2
暈厥,fun2 kiet5
暴力,pau4 lit6
曉飛,hiau3 bui1
更加,gen4 ga1
更換,gang1 von4
書僮,su1 tung2
會面,fui4 mien4
朝廷,cau2 tin2
木柱,muk5 cu1
未曾,vui4 cen2
東莞,dung1 gon3
架勢,ga4 se4
柿餅,se2 biang3
校對,gau4 dui4
核准,het6 zun3
根本,gen1 bun3
桑椹,song1 sim4
棉被,mien2 pi1
極極震,git6 git6 zun1
楷書,gai1 su1
樓上,leu2 song4
標準,piau1 zun3
檻羊,kam3 yong2
正式,zin4 sit5
正月,zang1 ngiet6
死撐,si3 cang4
死背硬記,si3 poi4 ngang4 gi4
毒藥,tuk6 yok6
毫子,hau2 zu3
汀九,dang1 giu3
汀洲,tin1 ziu1
汽車,ki4 ca1
沒收,mut6 siu1
沒水,mi4 sui3
沙丘,sa1 kiu1
沮喪,zu3 song4
沮誦,zu1 sung4
河瀝,ho2 lak5
泓噌,fen2 zen1
泡沫,pau1 mat6
泡菜,pau4 coi4
波子,bo1 zu3
洗腎,se3 sin4
活塞,fat6 set5
浮沈,feu2 cim2
海幢寺,hoi3 tung2 su4
淜滂,pin2 pong2
淡水,tam4 sui3
淡水湖,tam1 sui3 fu2
淡泊,tam4 pok6
淵藪,yen1 seu3
測度,cet5 tok6
湊伴,ceu4 pan1
湫底,ciu1 dai3
湫水河,ziu1 sui3 ho2
溫度,vun1 tu4
滄溟,cong1 men2
漂泊,piau1 pok6
漂白,piau4 pak6
潦草,liau3 cau3
澠池,mien3 ci2
瀝源,lak5 ngien2
為己為人,vui4 gi3 vui4 ngin2
無稽,vu2 ki1
燈泡,den1 pau1
燕京,yen1 gin1
燕窩,yen4 vo1
營養,yin2 yong1
爭拗,zang1 au4
片糖,pien3 tong2
片面,pien4 mien4
特務,tit6 vu4
犍牛,gien1 ngiu2
犯法,fam1 fap5
犯犯,fam4 fam4
狗仔,geu3 zai3
狼藉,long2 cit6
玩耍,van2 sa3
玫瑰,moi2 gui4
瑰奇,gui1 ki2
甌窶,iu1 leu2
用剩,yung4 yin4
田野,tien2 ya3
畜生,kiuk5 sang1
畜養,hiuk5 yong1
番禺,pan1 ngi2
畫家,fa4 ga1
畫眉,fa4 mi2
當家,dong1 ga1
疏漏,so1 leu4
癩痢,lat5 li4
癩瘡,lai4 cong1
白薟,pak6 liam2
百褶裙,bak5 zap5 kiun2
的士,dit6 si3
皇冠,fong2 gon1
盛一桶水,sin2 yit5 tung3 sui3
監督,gam1 duk5
目前,muk5 cien2
目錄,muk6 luk6
相撲,siong1 pok5
着手,cok6 siu3
睡眠,soi4 mien2
睡覺,soi4 gau4
瞭望,liau2 mong4
知己,zi1 gi3
知識,zi4 sit5
石磧州,sak6 zit5 ziu1
砒霜,pi1 song1
磨刀,mo2 dau1
磨豆腐,mo4 teu4 fu4
神祇,sin2 ki2
禁區,gim4 ki1
禪宗,sam2 zung1
禪讓,sien4 ngiong4
稔灣,lim3 van1
稔熟,lem3 suk6
種植,zung4 cit6
種類,zung3 lui4
稽首,ki3 siu3
空出來,fung1 cut5 loi2
空氣,kung1 hi4
笑咪咪,siau4 mi3 mi3
符合,fu2 hap6
算命,son4 miang4
箠杖,cui2 cong4
簿記,pu4 gi4
米成,mi3 cang2
粉嶺,fun3 liang1
紡紗,fong3 sa1
紡織娘,piong3 zit5 ngiong2
細菌,si4 kiun3
經濟,gin1 zi4
綢繆,ciu2 miu2
縫紉,fung2 ngiun4
繫鞋帶,gai1 hai2 dai4
羅經,lo2 gang1
老人,lau3 ngin2
聯繫,lien2 hi4
聲調,sang1 tiau4
聽到,tang4 dau4
肥婆,pui2 po2
肥料,fui2 liau4
肥豬,pui2 zu1
胍肫,gu1 zun1
脊椎,zit5 zui1
腥風血雨,sen1 fung1 hiet5 yi3
腳瓤肚,giok5 lang2 du3
膴仕,vu3 su4
自由行,cu4 yiu2 hang2
舖位,pu4 vui4
舖路,pu1 lu4
芒萁,mong2 gi1
芭蕾,ba1 lui2
花蕾,fa1 lui3
苦瓜,fu3 ga1
草根,cau3 gin1
荒繆,fong1 miu4
莎草,so1 cau3
莞爾,van3 li3
菑川,zu1 con1
華山,fa4 san1
著作,zu4 zok5
蓼花,liau3 fa1
蓼蓼者莪,luk6 luk6 za3 ngo2
蕉徑,ziau1 gang4
藥散,yok6 san3
蘋果核,pin2 go3 fut6
虎踞龍盤,fu3 gi4 lung2 pan2
處方,cu3 fong1
蚍衃,pi2 feu2
蝦米,ha1 mi3
螵蛸,piau1 siau1
螺絲批,lo2 su1 pai1
蟠桃,pan2 tau2
衣着,yi1 zok5
衣衫襤褸,yi1 sam1 lam2 leu3
補貼,bu3 tiap5
裨益,bi1 yit5
褲襠,fu4 dong1
褶衣,sip6 yi1
西片,si1 pien3
要求,yau1 kiu2
觀察,gon1 cat5
解款,gai4 kan3
解釋,gai3 sit5
註疏,zu4 so4
試水,ci4 sui3
詩經,si1 gin1
話梅,fa4 moi2
說服,soi4 fuk6
調換,tiau4 von4
調節,tiau2 ziet5
諗思,sim3 su1
讀書,tuk6 su1
豁閜,hot5 ha4
豆萁,teu4 ki2
豨薟,hi1 ciam1
貓狗,miau4 geu3
負擔,fu4 dam1
貧窶,pin2 ki3
買斷,mai1 ton1
貼對聯,diap5 dui4 lien2
賁臨,bi4 lim2
賁門,bun1 mun2
贛江,gam4 gong1
赤柱,cak5 cu4
跛腳,bai1 giok5
跳來跳去,tiau2 loi2 tiau2 hi4
跳繩,tiau4 sin2
踉蹌,long2 cong1
蹢躅,zak5 cuk5
車馬炮,gi1 ma1 pau4
載客,zoi4 hak5
轉彎,zon4 van1
轉軸,zon4 cuk6
轉運,zon3 yun4
辛苦,sin1 ku3
近來,kiun4 loi2
迭逿,diet5 tong2
途徑,tu2 gin4
遇上,ngi4 song1
遊玩,yiu2 van4
道路,tau4 lu4
還有,han2 yiu1
還錢,van2 cien2
還魂,fan2 fun2
邯鄲,hon2 dan1
郵差,yiu2 cai1
重視,cung4 si4
野心,ya3 sim1
野雞,ya1 gai1
量米,liong2 mi3
金枝玉葉,gim1 zi1 ngiuk6 yap6
銀行,ngiun2 hong2
鋪位,pu4 vui4
鋪路,pu1 lu4
錞于,sun2 yi1
錯誤,co4 ngu4
鑽石,zon4 sak6
閂門閉戶,con1 mun2 bi4 fu1
閂門閉户,con1 mun2 bi4 fu1
開始,koi1 ci3
開門,hoi1 mun2
間房,gan4 fong2
閜砢,ko3 lo3
閼氏,yen1 si4
闍梨,sa1 li2
阪田,fan3 tien2
阿諛奉承,o1 yi2 fung4 sin2
陜西,sam3 si1
陶醉,tau2 zui4
陶陶,yau2 yau2
雕像,diau1 siong4
難民,lan4 min2
雪茄,siet5 ga1
零星,lang2 sang1
電鑽,tien4 zon4
需要,si1 yau4
露營,lu4 yang2
靈活,lin2 fat6
青海,ciang1 hoi3
靚衣,ciang4 yi1
音樂,yim1 ngok6
頂級,din3 kip5
頭暈,teu2 vin2
飛起來,bui1 hi3 loi2
食品,sit6 pin3
飼料,su4 liau4
餅餤,biang3 tam4
首崵山,siu3 yong2 san1
駔儈,zu3 kai4
驚喜,gin1 hi3
高興,gau1 hin4
魚腥,ng2 siang1
魚鱗,ng2 lin1
鮮有,sien3 yiu1
鳥巢,ngiau3 cau2
鳥籠,diau1 lung1
鳱鵲,gon1 siak5
鴨腎,ap5 kin1
鴻鵠,fung2 fuk5
鶬鶊,cong1 gang1
鶴藪,hok6 deu4
黃蚻,vong2 cat6
點滴,diam3 tit6
龍蝦,lung2 ha1
因為,yin1 vui4
中國,zung1 get5
之後,zu1 heu4
時間,si2 gan4
處理,cu3 li1
好似,hau3 su4
最後,zui4 heu4
好多,hau3 do1
機會,gi1 fui4
即刻,zit5 kat5
影響,yang3 hiong3
都會,du1 fui4
相信,siong1 sin4
其中,ki2 zung1
結果,giet5 go3
都好,du1 hau3
點解,diam3 gai3
決定,giet5 tin4
只係,zit5 he4
然後,yen2 heu4
以為,yi1 vui2
電話,tien4 va4
成為,sin2 vui2
一齊,yit5 ce2
只有,zit5 yiu1
當時,dong1 si2
部分,pu4 fun4
當然,dong1 yen2
人士,ngin2 su4
選擇,sien3 cak6
當年,dong1 ngien2
中共,zung1 kiung4
主要,zu3 yau4
有冇,yiu1 mau2
最近,zui4 kiun4
進行,zin4 hang2
正常,zin4 song2
重要,cung4 yau4
調查,tiau4 ca2
提供,ti2 giung1
只是,zit5 si4
只要,zit5 yau4
嚴重,ngiam2 cung4
研究,ngan3 giu4
擔心,dam1 sim1
最好,zui4 hau3
仲要,cung4 yau4
不少,but5 sau3
回應,fui2 yin4
好好,hau3 hau3
成日,sin2 ngit5
使用,si3 yung4
是否,si4 feu3
不斷,but5 ton4
網上,miong3 song4
當中,dong1 zung1
少少,sau3 sau3
以上,yi1 song4
冇人,mau2 ngin2
期間,ki2 gan1
參與,cam1 yi1
了解,liau3 gai3
瞭解,liau3 gai3
即刻,zit5 ket5
行為,hang2 vui2
平均,pin2 giun1
宣傳,sien1 con2
傳媒,con2 moi2
巴士,ba1 si3
經過,gin1 go4
報道,bau4 tau4
解決,gai3 giet5
結婚,giet5 fun1
一刻,yit5 kat5
成員,sin2 yen2
平時,pin2 si2
至少,zi4 sau3
精神,zin1 sin2
今晚,gim1 man1
高層,gau1 cen2
遊行,yiu2 hang2
變成,bien4 sang2
變成,bien4 sin2
中央,zung1 yong1
當地,dong1 ti4
中學,zung1 hok6
舉行,gi3 hang2
就好,ciu4 hau3
長期,cong2 ki2
中場,zung1 cong2
水平,sui3 pin2
剩係,yin4 he4
推出,tui1 cut5
經驗,gin1 ngiam4
成本,sin2 bun3
大量,tai4 liong4
觀眾,gon1 zung4
強調,kiong2 tiau4
成交,sin2 gau1
方便,fong1 pien4
相關,siong1 gan1
興趣,hin4 ci4
唔少,m1 sau3
好過,hau3 go4
大部分,tai4 pu4 fun4
推介,tui1 gai4
好多人,hau3 do1 ngin2
近年,kiun4 ngien2
不要,but5 yau4
真正,zin1 zin4
為了,vui4 liau3
穩定,vun3 tin4
質素,zit5 su4
近日,kiun4 ngit5
泛民,fam4 min2
被捕,pi4 pu3
減少,gam3 sau3
上升,song4 sin1
身上,sin1 song4
第三,ti4 sam1
拍拖,pok5 to1
交易,gau1 yit6
當日,dong1 ngit5
成績,sin2 zit5
重新,cung2 sin1
反映,fan3 yang3
旅行,li3 hang2
曾經,cen2 gin1
食物,sit6 vut6
以後,yi1 heu4
相處,siong1 cu3
諗住,lem3 cu4
上便,song4 pien4
上面,song4 mien4
只能,zit5 len2
經常,gin1 song2
傳統,con2 tung3
病毒,piang4 tuk6
增長,zen1 zong3
攝影,ngiap5 yang3
拍攝,pok5 ngiap5
接近,ziap5 kiun4
之間,zu1 gan1
當局,dong1 kiuk6
刻意,kat5 yi4
打算,da3 son4
質疑,zit5 ngi2
印度,yin4 tu4
後來,heu4 loi2
處於,cu3 yi1
冇得,mau2 det5
成立,sin2 lip6
上海,song4 hoi3
好彩,hau3 cai3
尊重,zun1 cung4
會議,fui4 ngi4
否則,feu3 zet5
中環,zung1 van2
事後,su4 heu4
緊張,gin3 zong1
不滿,but5 man1
好處,hau3 cu3
經歷,gin1 lit6
態度,tai4 tu4
冇乜,mau2 mak5
制度,zi4 tu4
重點,cung4 diam3
相當,siong1 dong1
基本上,gi1 bun3 song4
上次,song4 cu4
交通,gau1 tung1
近期,kiun4 ki2
時刻,si2 kat5
巴塞,ba1 soi4
其後,ki2 heu4
平台,pin2 toi2
地鐵,ti4 tiet5
調整,tiau2 zin3
港鐵,gong3 tiet5
最少,zui4 sau3
嘅話,e4 va4
落去,lok6 hi4
日後,ngit5 heu4
適合,sit5 hap6
娛樂,ngu2 lok6
家長,ga1 zong3
為主,vui2 zu3
讀者,tuk6 za3
速度,suk5 tu4
道歉,tau4 kiap5
參考,cam1 kau3
集中,sip6 zung1
定係,tin4 he4
更新,gang1 sin1
將來,ziong1 loi2
經理,gin1 li1
加強,ga1 kiong2
相對,siong1 dui4
乘客,sin2 hak5
漫畫,man4 fa4
生命,sang1 min4
中大,zung1 tai4
角度,gok5 tu4
青年,ciang1 ngien2
晚上,man1 song4
事實上,su4 sit6 song4
正選,zin4 sien3
屬於,suk6 yi1
名單,min2 dan1
相反,siong1 fan3
供應,giung1 yin4
理解,li1 gai3
你哋,li3 ti4
隊長,dui4 zong3
行業,hong2 ngiap6
一度,yit5 tu4
難以,lan2 yi1
靚仔,liang4 zai3
打擊,da3 git5
後備,heu4 pi4
將軍澳,ziong1 giun1 au4
結束,giet5 suk5
背景,boi4 gin3
背後,boi4 heu4
上月,song4 ngiet6
做乜,zo4 mak5
校長,gau3 zong3
行政,hang2 zin4
正面,zin4 mien4
革命,gak5 min4
立刻,lip6 kat5
灣仔,van1 zai3
為你,vui4 li3
客户,hak5 fu4
飲食,yim3 sit6
打機,da3 gi1
貿易,meu3 yit6
執行,zip5 hang2
積極,zit5 kit6
排名,pai2 min2
交代,gau1 toi4
味道,mui4 tau4
儘量,cin4 liong4
盡量,cin4 liong4
響度,hiong3 tu4
難度,lan2 tu4
早上,zau3 song4
手上,siu3 song4
落後,lok6 heu4
地上,ti4 song4
你們,li3 mun2
之中,zu1 zung1
滿足,man1 zuk5
平衡,pin2 fen2
觀塘,gon1 tong2
後便,heu4 pien4
後面,heu4 mien4
玩具,van4 ki3
自從,cu4 cung2
擔任,dam1 ngim4
中堅,zung1 gien1
局長,kiuk6 zong3
道理,tau4 li1
昨晚,zok5 man1
經典,gin1 dien3
好少,hau3 sau3
自行,cu4 hang2
公平,gung1 pin2
好友,hau3 yiu1
盈利,yin2 li4
充滿,cung1 man1
規定,gui1 tin4
華人,fa2 ngin2
六四,luk5 si4
會長,fui4 zong3
中華,zung1 fa2
正確,zin4 kok5
反正,fan3 zin4
信用卡,sin4 yung4 kat6
廣東話,gong3 dung1 va4
當初,dong1 co1
強姦,kiong2 gan1
人話,ngin2 va4
禁止,gim4 zi3
一刻,yit5 ket5
難得,lan2 det5
平日,pin2 ngit5
滿意,man1 yi4
前便,cien2 pien4
興奮,hin1 fun3
道德,tau4 det5
交流,gau1 liu2
參選,cam1 sien3
聽過,tang4 go4
從來,cung2 loi2
身處,sin1 cu3
後者,heu4 za3
後悔,heu4 fui4
護士,fu4 su4
只可,zit5 ko3
一便,yit5 pien4
成熟,sin2 suk6
中資,zung1 zu1
社交,sa1 gau1
打得,da3 det5
並冇,bin4 mau2
馬上,ma1 song4
好多時,hau3 do1 si2
成長,sin2 zong3
各種,gok5 zung3
應付,yin4 fu4
年度,ngien2 tu4
夜晚,ya4 man1
必要,bit5 yau4
公仔,gung1 zai3
正如,zin4 yi2
處長,cu3 zong3
過分,go4 fun4
男仔,lam2 zai3
上水,song4 sui3
執法,zip5 fap5
長者,zong3 za3
好易,hau3 yi4
落地,lok6 ti4
邊度,bien1 tu4
辦事處,pan4 su4 cu3
上訴,song4 su4
巴打,ba1 da3
強烈,kiong2 liet6
為人,vui2 ngin2
核心,het6 sim1
真相,zin1 siong4
上述,song4 sut6
確定,kok5 tin4
相同,siong1 tung2
樂觀,lok6 gon1
差不多,ca1 but5 do1
傳出,con2 cut5
對上,dui4 song4
身為,sin1 vui2
後果,heu4 go3
相比,siong1 bi3
前晚,cien2 man1
正是,zin4 si4
數量,su4 liong4
只得,zit5 det5
前後,cien2 heu4
用户,yung4 fu4
提名,ti2 min2
車路士,ca1 lu4 su4
生仔,sang1 zai3
九成,giu3 sin2
重建,cung2 gien4
判斷,pan4 ton4
良好,liong2 hau3
外交,ngoi4 gau1
係咩,he4 me1
會同,fui4 tung2
指定,zi3 tin4
瑞士,sui4 su4
普通話,pu1 tung1 va4
諗起,lem3 hi3
結局,giet5 kiuk6
少數,sau3 su4
長遠,cong2 yen3
達成,tat6 sin2
緊要,gin3 yau4
火車,fo3 ca1
上限,song4 han4
真係好,zin1 he4 hau3
成就,sin2 ciu4
被迫,pi4 bet5
被逼,pi4 bit5
推薦,tui1 zien4
成份,sin2 fun4
成分,sin2 fun4
都冇,du1 mau2
只不過,zit5 but5 go4
名字,min2 su4
車仔,ca1 zai3
夫婦,fu1 fu4
即將,zit5 ziong1
眼中,ngan3 zung1
其間,ki2 gan1
心中,sim1 zung1
都要,du1 yau4
成人,sin2 ngin2
邏輯,lo3 cip5
難怪,lan2 gai4
相處,siong1 cu4
射手,sa4 siu3
要好,yau4 hau3
團結,ton2 giet5
平安,pin2 on1
簽名,ciam1 miang2
落實,lok6 sit6
民間,min2 gan1
齊齊,ce2 ce2
過後,go4 heu4
高度,gau1 tu4
大户,tai4 fu4
後防,heu4 fong2
誇張,ka1 zong1
只需,zit5 si1
只須,zit5 si1
當選,dong1 sien3
有咩,yiu1 me1
轉頭,zon4 teu2
名人,min2 ngin2
組成,zu3 sin2
誤會,ngu4 fui4
解放軍,gai3 fong4 giun1
強制,kiong3 zi4
會見,fui4 gien4
再度,zai4 tu4
中聯辦,zung1 lien2 pan4
為止,vui2 zi3
管理層,gon3 li1 cen2
停車場,tin2 ca1 cong2
打工,da3 gung1
冇事,mau2 su4
定義,tin4 ngi4
實行,sit6 hang2
名牌,min2 pai2
總監,zung3 gam1
處於,cu4 yi1
設定,siet5 tin4
珍惜,zin1 sit5
監察,gam1 cat5
好人,hau3 ngin2
會考,fui4 kau3
唔要,m1 yau4
重大,cung4 tai4
打電話,da3 tien4 va4
出道,cut5 tau4
被控,pi4 kung4
好奇,hau4 ki2
形成,hin2 sin2
中午,zung1 ng3
博士,bok5 su4
天使,tien1 si4
降低,gong4 dai1
適應,sit5 yin4
好處,hau3 cu4
監管,gam1 gon3
行山,hang2 san1
年中,ngien2 zung1
係呢,he4 le1
差距,ca1 ki3
令你,lin4 li3
低調,dai1 tiau4
變相,bien4 siong4
正正,zin4 zin4
從未,cung2 vui4
青春,ciang1 cun1
沙士,sa1 si3
經理人,gin1 li1 ngin2
一國兩制,yit5 get5 liong1 zi4
深刻,cim1 kat5
入行,ngip6 hong2
落車,lok6 ca1
傳聞,con2 vun2
推廣,tui1 gong3
能否,len2 feu3
迪士尼,tit6 su4 li2
唔只,m1 zit5
列車,liet6 ca1
轉移,zon3 yi2
聽講,tang4 gong3
打扮,da3 pan4
著名,zu4 min2
散户,san3 fu4
精英,zin1 yin1
引擎,yin3 kiang2
時刻,si2 ket5
中港,zung1 gong3
命運,min4 yun4
上司,song4 su1
定期,tin4 ki2
處境,cu3 gin3
鐵路,tiet5 lu4
財經,coi2 gin1
實際上,sit6 zi4 song4
電單車,tien4 dan1 ca1
打破,da3 po4
當晚,dong1 man1
強國,kiong2 get5
高鐵,gau1 tiet5
華為,fa2 vui2
隧道,sui4 tau4
平民,pin2 min2
近排,kiun4 pai2
勞工處,lau2 gung1 cu3
食得,sit6 det5
重複,cung2 fuk5
相似,siong1 su4
貨車,fo4 ca1
冇用,mau2 yung4
重申,cung2 sin1
回落,fui2 lok6
此刻,cu3 kat5
不錯,but5 co4
不適,but5 sit5
中醫,zung1 yi1
中期,zung1 ki2
推行,tui1 hang2
笑話,siau4 va4
中年,zung1 ngien2
承擔,sin2 dam1
接種,ziap5 zung4
長大,zong3 tai4
我覺得,ngo1 gok5 det5
流行,liu2 hang2
銷量,siau1 liong4
為甚麼,vui4 sim4 mo1
係呀,he4 a2
傳真,con2 zin1
成年,sin2 ngien2
影響力,yang3 hiong3 lit6
中產,zung1 san3
隨後,sui2 heu4
能量,len2 liong4
金屬,gim1 suk6
逐漸,cuk6 ciam4
參賽,cam1 soi4
參觀,cam1 gon1
重心,cung4 sim1
從而,cung2 yi2
視為,si4 vui2
中原,zung1 ngien2
交換,gau1 von4
美食,mui1 sit6
罪行,cui4 hang2
校園,gau3 yen2
改名,goi3 miang2
食肆,sit6 si4
間唔中,gan4 m1 zung1
間中,gan4 zung1
效應,hau4 yin4
行李,hang2 li3
進度,zin4 tu4
稍後,sau1 heu4
咩事,me1 su4
難道,lan2 tau4
罪名,cui4 min2
行人,hang2 ngin2
中方,zung1 fong1
聽聞,tang4 vun2
係要,he4 yau4
史上,su3 song4
好食,hau3 sit6
報名,bau4 miang2
海鮮,hoi3 sien1
結論,giet5 lun4
中招,zung4 zau1
之上,zu1 song4
四處,si4 cu3
正好,zin4 hau3
落場,lok6 cong2
打手,da3 siu3
打氣,da3 hi4
要人,yau4 ngin2
一番,yit5 fan1
到處,dau4 cu3
為例,vui2 li4
名為,min2 vui2
中立,zung1 lip6
好笑,hau3 siau4
實質,sit6 zit5
間隔,gan4 gak5
上午,song4 ng3
重返,cung2 fan3
拍賣,pok5 mai4
中東,zung1 dung1
做咩,zo4 me1
從事,cung2 su4
樂壇,ngok6 tan2
只好,zit5 hau3
好感,hau3 gam3
極度,kit6 tu4
人為,ngin2 vui2
推翻,tui1 fan1
正義,zin4 ngi4
固定,gu4 tin4
提交,ti2 gau1
強大,kiong2 tai4
份量,fun4 liong4
高質,gau1 zit5
裏邊,li1 bien1
裏便,li1 pien4
裏面,li1 mien4
戰士,zien4 su4
極端,kit6 don1
成都,sin2 du1
士氣,su4 hi4
樂園,lok6 yen2
興建,hin1 gien4
通道,tung1 tau4
芝士,zi1 si3
經紀,gin1 gi3
改為,goi3 vui2
重組,cung2 zu3
應對,yin4 dui4
小弟,siau3 ti4
司長,su1 zong3
定價,tin4 ga4
六月,luk5 ngiet6
後期,heu4 ki2
店舖,diam4 pu4
神經,sin2 gin1
平手,pin2 siu3
會計,fui4 ge4
監獄,gam1 ngiuk6
車廂,ca1 siong1
觀點,gon1 diam3
轉變,zon3 bien4
間接,gan4 ziap5
車頭,ca1 teu2
朝早,zau1 zau3
適當,sit5 dong4
係你,he4 li3
大使,tai4 si4
人中,ngin2 zung1
強化,kiong2 fa4
將軍,ziong1 giun1
拍戲,pok5 hi4
必定,bit5 tin4
民調,min2 tiau2
重傷,cung1 song1
惡化,ok5 fa4
毒品,tuk6 pin3
轉身,zon4 sin1
車手,ca1 siu3
青衣,ciang1 yi1
主張,zu3 zong1
頂住,din3 cu4
三月,sam1 ngiet6
有否,yiu1 feu3
中學生,zung1 hok6 sang1
延長,yen2 cong2
解放,gai3 fong4
打出,da3 cut5
逐步,cuk6 pu4
要是,yau4 si4
同行,tung2 hang2
幕後,mok5 heu4
立刻,lip6 ket5
友好,yiu1 hau3
可否,ko3 feu3
錯過,co4 go4
精神病,zin1 sin2 piang4
渣打,za1 da3
傳奇,con4 ki2
途中,tu2 zung1
稱為,cin1 vui2
一部分,yit5 pu4 fun4
打工仔,da3 gung1 zai3
終極,zung1 kit6
難過,lan2 go4
贊成,zan4 sin2
主打,zu3 da3
門將,mun2 ziong4
當天,dong1 tien1
利好,li4 hau3
幸好,hen4 hau3
基層,gi1 cen2
路上,lu4 song4
你係,li3 he4
驚人,gin1 ngin2
勝出,sin4 cut5
監控,gam1 kung4
重量,cung1 liong4
會所,fui4 so3
成個,sin2 go4
無聊,vu2 liau2
應用,yin4 yung4
答應,dap5 yin4
驚訝,gin1 nga3
打針,da3 zim1
打死,da3 si3
好似係,hau3 su4 he4
行車,hang2 ca1
過度,go4 tu4
中出,zung1 cut5
限定,han4 tin4
踏入,tap6 ngip6
車牌,ca1 pai2
自拍,cu4 pok5
體重,ti3 cung1
青少年,ciang1 sau4 ngien2
因應,yin1 yin4
價值觀,ga4 cit6 gon1
靈魂,lin2 fun2
好難,hau3 lan2
當場,dong1 cong2
行街,hang2 gai1
客觀,hak5 gon1
物質,vut6 zit5
復刻,fuk6 kat5
暴徒,pau4 tu2
行使,hang2 su3
少有,sau3 yiu1
災難,zai1 lan4
拍照,pok5 zau4
酒精,ziu3 zin1
陰影,yim1 yang3
商户,song1 fu4
害怕,hoi4 pa4
正當,zin4 dong4
輕易,kiang1 yi4
推進,tui1 zin4
好轉,hau3 zon3
第一時間,ti4 yit5 si2 gan4
約定,yok5 tin4
押後,ap5 heu4
強勁,kiong2 gin4
防暴,fong2 pau4
山頂,san1 dang3
青蛙,ciang1 va1
判處,pan4 cu3
觀看,gon1 kon4
平平,pin2 pin2
風暴,fung1 pau4
理論上,li1 lun4 song4
兩岸,liong1 ngan4
高調,gau1 tiau4
種族,zung3 cuk6
中鋒,zung1 fung1
公道,gung1 tau4
偷拍,teu1 pok5
車主,ca1 zu3
消毒,siau1 tuk6
結算,giet5 son4
烏克蘭,vu1 ket5 lan2
街上,gai1 song4
你都,li3 du1
煩惱,fan2 lau3
部長,pu4 zong3
扭曲,ngiu3 kiuk5
雙重,sung1 cung2
有種,yiu1 zung3
協調,hiap6 tiau2
層次,cen2 cu4
平等,pin2 den3
合適,hap6 sit5
地鐵站,ti4 tiet5 zam4
上載,song4 zoi4
偷食,teu1 sit6
好意,hau3 yi4
成效,sin2 hau4
一行,yit5 hang2
一行,yit5 hong2
上帝,song4 di4
同你,tung2 li3
上天,song4 tien1
不禁,but5 gim4
恐怕,kiung3 pa4
強行,kiong3 hang2
理會,li1 fui4
成果,sin2 go3
總結,zung3 giet5
流傳,liu2 con2
錄影,luk6 yang3
兩地,liong1 ti4
好聽,hau3 tang4
坐監,co1 gam1
娛樂圈,ngu2 lok6 kien1
體會,ti3 fui4
較為,gau4 vui2
好啦,hau3 la1
一道,yit5 tau4
降班,gong4 ban1
爭執,zang1 zip5
就讀,ciu4 tuk6
定要,tin4 yau4
轉型,zon3 hin2
供應商,giung1 yin4 song1
好想,hau3 siong3
又要,yiu4 yau4
倒數,dau4 su4
成交價,sin2 gau1 ga4
中途,zung1 tu2
奪冠,tot6 gon4
名校,min2 gau3
相差,siong1 ca1
原定,ngien2 tin4
增強,zen1 kiong2
到會,dau4 fui4
貿易戰,meu3 yit6 zien4
身處,sin1 cu4
長線,cong2 sien4
聚會,ci4 fui4
車長,ca1 zong3
攝影師,ngiap5 yang3 su1
豪華,hau2 fa2
名義,min2 ngi4
交出,gau1 cut5
近況,kiun4 kong3
步行,pu4 hang2
監禁,gam1 gim4
伴侶,pan4 li1
落街,lok6 gai1
精華,zin1 fa2
美好,mui1 hau3
士兵,su4 bin1
跑車,pau1 ca1
廣泛,gong3 fam4
麥當勞,mak6 dong1 lau2
剛好,gong1 hau3
解散,gai3 san4
精靈,zin1 lin2
六合彩,luk5 hap6 cai3
人仔,ngin2 zai3
中風,zung4 fung1
執政,zip5 zin4
太平,tai4 pin2
瞬間,sun4 gan1
一定要,yit5 tin4 yau4
心靈,sim1 lin2
高中,gau1 zung1
救護車,giu4 fu4 ca1
電車,tien4 ca1
好運,hau3 yun4
下下,ha4 ha4
出錯,cut5 co4
可行,ko3 hang2
拍劇,pok5 kiak6
中線,zung1 sien4
為本,vui2 bun3
一時間,yit5 si2 gan1
度過,tu4 go4
到你,dau4 li3
消防處,siau1 fong2 cu3
觀念,gon1 ngiam4
道具,tau4 ki3
好朋友,hau3 pen2 yiu1
你呢,li3 le1
應該係,yin1 goi1 he4
上半,song4 ban4
種種,zung3 zung3
否決,feu3 giet5
你有,li3 yiu1
係冇,he4 mau2
不只,but5 zit5
極權,kit6 kien2
處長,cu4 zong3
難免,lan2 men1
橫行,vang2 hang2
不成,but5 sin2
傳送,con2 sung4
名叫,min2 giau4
差啲,ca1 tit6
落成,lok6 sin2
救命,giu4 miang4
塞車,set5 ca1
傳染,con2 ngiam4
正宗,zin4 zung1
問下,mun4 ha4
抽中,ciu1 zung4
平反,pin2 fan3
強硬,kiong2 ngang4
市中心,si1 zung1 sim1
男士,lam2 su4
落力,lok6 lit6
管理處,gon3 li1 cu3
平價,piang2 ga4
上環,song4 van2
你個,li3 go4
諗緊,lem3 gin3
震驚,zin3 gin1
人間,ngin2 gan1
同行,tung2 hong2
拍檔,pok5 dong4
車禍,ca1 fo4
差唔多,ca1 m1 do1
吸毒,kip5 tuk6
辦事處,pan4 su4 cu4
影帝,yang3 di4
正路,zin4 lu4
外交部,ngoi4 gau1 pu4
食材,sit6 coi2
逆轉,ngiak6 zon3
要不,yau4 but5
警車,gin3 ca1
自覺,cu4 gok5
壟斷,lung1 ton4
可樂,ko3 lok6
遠處,yen3 cu3
第三者,ti4 sam1 za3
監製,gam1 ze4
有冇人,yiu1 mau2 ngin2
好波,hau3 bo1
月供,ngiet6 giung1
當事人,dong1 su4 ngin2
約會,yok5 fui4
會話,fui4 va4
名稱,min2 cin1
要點,yau4 diam3
精彩,zin1 cai3
射門,sa4 mun2
理應,li1 yin1
從中,cung2 zung1
優質,yiu2 zit5
陪伴,pui2 pan4
係因為,he4 yin1 vui4
擴散,kok5 san4
卡通,ka1 tung1
仇恨,siu2 hen4
渠道,ki2 tau4
運行,yun4 hang2
未經,vui4 gin1
好正,hau3 zang4
顯著,hien3 zu4
迷你,mi2 li3
重慶,cung2 kin4
差異,ca1 yi4
處理器,cu3 li1 hi4
打劫,da3 giap5
解讀,gai3 tuk6
監視,gam1 si4
長沙灣,cong2 sa1 van1
否定,feu3 tin4
致命,zi4 min4
轉行,zon4 hong2
中秋,zung1 ciu1
中秋節,zung1 ciu1 ziet5
強迫,kiong2 bet5
從前,cung2 cien2
住户,cu4 fu4
所屬,so3 suk6
間諜,gan4 tiap6
結合,giet5 hap6
強積金,kiong3 zit5 gim1
處事,cu3 su4
我諗,ngo1 lem3
賽車,soi4 ca1
你講,li3 gong3
深度,cim1 tu4
四強,si4 kiong2
平靜,pin2 cin4
凍結,dung4 giet5
擔保,dam1 bau3
吃飯,ket5 fan4
中電,zung1 tien4
稍為,sau1 vui2
好耐,hau3 lai4
上個月,song4 go4 ngiet6
傍晚,pong2 man1
中毒,zung4 tuk6
食水,sit6 sui3
太平洋,tai4 pin2 yong2
講解,gong3 gai3
精選,zin1 sien3
西鐵,si1 tiet5
討好,tau3 hau3
便利店,pien4 li4 diam4
好鬼,hau3 gui3
奧斯卡,au4 su1 ka1
市長,si1 zong3
婦人,fu4 ngin2
諗法,lem3 fap5
集結,sip6 giet5
人道,ngin2 tau4
好大,hau3 tai4
轉向,zon3 hiong4
處罰,cu3 fat6
更改,gang1 goi3
首相,siu3 siong4
都覺,du1 gok5
解答,gai3 dap5
交收,gau1 siu1
至好,zi4 hau3
冇錯,mau2 co4
名氣,min2 hi4
淪為,lun2 vui2
為之,vui2 zu1
邊間,bien1 gan1
一會,yit5 fui4
一會兒,yit5 fui4 yi2
至上,zi4 song4
後人,heu4 ngin2
氣質,hi4 zit5
法定,fap5 tin4
炒車,cau3 ca1
心諗,sim1 lem3
轉介,zon3 gai4
好比,hau3 bi3
歡樂,fon1 lok6
成事,sang2 su4
成事,sin2 su4
孖展,ma1 zien3
連結,lien2 giet5
往後,vong1 heu4
背囊,boi4 long2
連登仔,lien2 den1 zai3
傳中,con2 zung1
罪成,cui4 sin2
打波,da3 bo1
小食,siau3 sit6
三角,sam1 gok5
極限,kit6 han4
正視,zin4 si4
察覺,cat5 gok5
相識,siong1 sit5
堅定,gien1 tin4
為此,vui4 cu3
階層,gai1 cen2
靈感,lin2 gam3
樂趣,lok6 ci4
變種,bien4 zung3
漂亮,piau4 liong4
更衣室,gang1 yi1 sit5
身後,sin1 heu4
結他,giet5 ta1
姓名,siang4 min2
進食,zin4 sit6
勝負,sin4 fu4
移交,yi2 gau1
注射,zu4 sa4
支撐,zi1 cang1
不惜,but5 sit5
孕婦,yin3 fu4
好清,hau3 cin1
絲打,su1 da3
車尾,ca1 mui1
與否,yi1 feu3
惡意,ok5 yi4
廢話,fui4 va4
逐個,cuk6 go4
就要,ciu4 yau4
件事,kien4 su4
核突,fut6 tut6
聽歌,tang4 go1
聖經,sin4 gin1
信仰,sin4 ngiong1
當前,dong1 cien2
供款,giung1 kan3
點名,diam3 miang2
長達,cong2 tat6
擴張,kok5 zong1
季後賽,gui4 heu4 soi4
好意思,hau3 yi4 su1
聊天,liau2 tien1
有名,yiu1 miang2
有名,yiu1 min2
馬體會,ma1 ti3 fui4
精神科,zin1 sin2 ko1
不便,but5 pien4
留名,liu2 min2
要有,yau4 yiu1
被困,pi4 kun4
只限,zit5 han4
地道,ti4 tau4
落雨,lok6 yi3
定罪,tin4 cui4
不一定,but5 yit5 tin4
首名,siu3 min2
少許,sau3 hi3
近乎,kiun4 fu2
可怕,ko3 pa4
車身,ca1 sin1
研究所,ngan3 giu4 so3
升降機,sin1 gong4 gi1
侍應,si4 yin4
年青,ngien2 ciang1
限量,han4 liong4
打仗,da3 zong4
時間表,si2 gan4 biau3
毆打,iu3 da3
神話,sin2 va4
定時,tin4 si2
百分點,bak5 fun4 diam3
衡量,fen2 liong4
日落,ngit5 lok6
馬仔,ma1 zai3
食用,sit6 yung4
正經,zin4 gin1
注定,zu4 tin4
解除,gai3 cu2
同好,tung2 hau4
易手,yit6 siu3
轉投,zon3 teu2
本質,bun3 zit5
失落,sit5 lok6
月後,ngiet6 heu4
從不,cung2 but5
中路,zung1 lu4
擔憂,dam1 yiu1
兩家,liong1 ga1
長洲,cong2 ziu1
水浸,sui3 zim4
好味,hau3 mui4
沉重,cim2 cung4
鄰近,lin2 kiun4
巴士站,ba1 si3 zam4
容量,yung2 liong4
探索,tam4 sok5
公正,gung1 zin4
中伏,zung4 fuk6
交易所,gau1 yit6 so3
處決,cu3 giet5
重生,cung2 sang1
想要,siong3 yau4
同上,tung2 song4
探討,tam4 tau3
喪屍,song4 si1
三國,sam1 get5
兩粒,liong1 lip5
修正,siu1 zin4
藉此,cit6 cu3
坊間,fong2 gan1
角落,gok5 lok6
夥伴,fo3 pan4
當作,dong4 zok5
極為,kit6 vui2
旅行社,li3 hang2 sa1
深刻,cim1 ket5
心裏,sim1 li1
撞車,cong4 ca1
冇問,mau2 mun4
户外,fu4 ngoi4
庭上,tin2 song4
擅長,sien4 cong2
迴旋處,fui2 sien2 cu3
難忘,lan2 mong4
中指,zung1 zi3
打鬥,da3 deu4
主觀,zu3 gon1
有機會,yiu1 gi1 fui4
以便,yi1 pien4
印象中,yin4 siong4 zung1
不當,but5 dong4
重現,cung2 hien4
如估你,yi2 gu3 li3
如果你,yi2 go3 li3
通車,tung1 ca1
一定係,yit5 tin4 he4
散步,san4 pu4
校服,gau3 fuk6
為佢,vui4 gi2
重用,cung4 yung4
舒適,su1 sit5
想問下,siong3 mun4 ha4
街道,gai1 tau4
差佬,cai1 lau3
百分之,bak5 fun4 zu1
應承,yin1 sin2
當成,dong4 sin2
行路,hang2 lu4
相應,siong1 yin4
火車站,fo3 ca1 zam4
注重,zu4 cung4
邪惡,sia2 ok5
命中,min4 zung4
有好多,yiu1 hau3 do1
船長,son2 zong3
好戲,hau3 hi4
交投,gau1 teu2
勾結,geu1 giet5
降落,gong4 lok6
處境,cu4 gin3
中華民國,zung1 fa2 min2 get5
鎖定,so3 tin4
巡邏,sun2 lo3
既定,gi4 tin4
適用,sit5 yung4
經濟學,gin1 zi4 hok6
暴露,pau4 lu4
視覺,si4 gok5
牛仔褲,ngiu2 zai3 fu4
格仔,gak5 zai3
所為,so3 vui2
糧食,liong2 sit6
食環署,sit6 van2 su4
人影,ngin2 yang3
產量,san3 liong4
相約,siong1 yok5
長輩,zong3 bui4
重演,cung2 yen1
首要,siu3 yau4
仲好,cung4 hau3
打架,da3 ga4
比重,bi3 cung1
青山,ciang1 san1
勞工處,lau2 gung1 cu4
少量,sau3 liong4
響應,hiong3 yin4
難受,lan2 siu4
就正,ciu4 zin4
此刻,cu3 ket5
履行,li1 hang2
列為,liet6 vui2
乜都,mak5 du1
冇咩,mau2 me1
轉換,zon3 von4
唔係好,m1 he4 hau3
警長,gin3 zong3
後市,heu4 si1
作供,zok5 giung1
食客,sit6 hak5
復仇,fuk6 siu2
好冇,hau3 mau2
為期,vui2 ki2
觀感,gon1 gam3
附屬,fu4 suk6
差價,ca1 ga4
質問,zit5 mun4
好容易,hau3 yung2 yi4
折磨,ziet5 mo2
推銷,tui1 siau1
香港仔,hiong1 gong3 zai3
扭轉,ngiu3 zon3
董事長,dung3 su4 zong3
大道,tai4 tau4
反觀,fan3 gon1
觀望,gon1 mong4
任命,ngim4 min4
長江,cong2 gong1
平倉,pin2 cong1
少於,sau3 yi1
俾你,bi1 li3
堅強,gien1 kiong2
交友,gau1 yiu1
執導,zip5 tau3
喜好,hi3 hau4
人命,ngin2 miang4
親中,cin1 zung1
打爆,da3 bau4
士多,su4 do1
難聽,lan2 tang4
後台,heu4 toi2
結業,giet5 ngiap6
你要,li3 yau4
聆聽,lin2 tin4
匿名,lit6 min2
被殺,pi4 sat5
倒不如,dau3 but5 yi2
中國大陸,zung1 get5 tai4 luk6
落手,lok6 siu3
大中華,tai4 zung1 fa2
探望,tam4 mong4
你又,li3 yiu4
品種,pin3 zung3
校友,gau3 yiu1
交叉,gau1 ca1
重拾,cung2 sip6
打招呼,da3 zau1 fu1
不勝,but5 sin1
單打,dan1 da3
中山,zung1 san1
戰勝,zien4 sin4
大家樂,tai4 ga1 lok6
安樂,on1 lok6
個名,go4 min2
平穩,pin2 vun3
探員,tam4 yen2
傳染病,con2 ngiam4 piang4
幫你,bong1 li3
覺得佢,gok5 det5 gi2
突然間,tut6 yen2 gan1
突然之間,tut6 yen2 zu1 gan1
表面上,biau3 mien4 song4
艱難,gan1 lan2
碩士,sak6 su4
車門,ca1 mun2
最為,zui4 vui2
外觀,ngoi4 gon1
畫畫,vak6 fa4
擔當,dam1 dong1
遺傳,vui2 con2
唱好,cong4 hau3
又好,yiu4 hau3
食屎,sit6 si3
經已,gin1 yi3
加重,ga1 cung1
相當於,siong1 dong1 yi1
線上,sien4 song4
浸大,zim4 tai4
社長,sa1 zong3
行內,hong2 lui4
四處,si4 cu4
輕鐵,kiang1 tiet5
悲觀,bui1 gon1
行駛,hang2 su3
乘機,sin2 gi1
體質,ti3 zit5
到處,dau4 cu4
平息,pin2 sit5
得你,det5 li3
人名,ngin2 miang2
平凡,pin2 fam2
點解唔,diam3 gai3 m1
取勝,ci3 sin4
生長,sang1 zong3
極力,kit6 lit6
反轉,fan3 zon4
要做,yau4 zo4
含量,ham2 liong4
處置,cu3 zi4
影視,yang3 si4
時分,si2 fun4
解僱,gai3 gu4
亮相,liong4 siong4
華麗,fa2 li4
相繼,siong1 gi4
中文大學,zung1 vun2 tai4 hok6
同伴,tung2 pan4
中上,zung1 song4
兩份,liong1 fun4
測量,cet5 liong2
名宿,min2 suk5
血腥,hiet5 siang1
唔覺,m1 gok5
八強,bat5 kiong2
轉機,zon4 gi1
輻射,fuk5 sa4
靠近,kau4 kiun4
成名,sin2 min2
理所當然,li1 so3 dong1 yen2
非法集結,fui1 fap5 sip6 giet5
判監,pan4 gam1
打卡,da3 kat6
探訪,tam4 fong3
搬走,ban1 zeu3
指正,zi3 zin4
頂多,din3 do1
義士,ngi4 su4
暴雨,pau4 yi3
長沙,cong2 sa1
踩單車,cai3 dan1 ca1
制定,zi4 tin4
誤解,ngu4 gai3
定點,tin4 diam3
為首,vui2 siu3
爵士,ziok5 su4
武士,vu1 su4
乘坐,sin2 co1
觀賞,gon1 song3
終結,zung1 giet5
賣相,mai4 siong4
會計師,fui4 ge4 su1
已經係,yi3 gin1 he4
禁制令,gim4 zi4 lin4
中一,zung1 yit5
車廠,ca1 cong3
重重,cung2 cung2
正氣,zin4 hi4
升降,sin1 gong4
後衞,heu4 vui4
傳單,con2 dan1
差點,ca1 diam3
打邊爐,da3 bien1 lu2
打理,da3 li1
報仇,bau4 siu2
質量,zit5 liong4
為生,vui2 sang1
你自己,li3 cu4 gi3
交往,gau1 vong1
興起,hin1 hi3
署長,su4 zong3
刻薄,kat5 pok6
落台,lok6 toi2
頭頂,teu2 dang3
觀光,gon1 gong1
禁令,gim4 lin4
射擊,sa4 git5
精品,zin1 pin3
搞錯,gau3 co4
今後,gim1 heu4
轉工,zon4 gung1
逐一,cuk6 yit5
落敗,lok6 pai4
重創,cung1 cong3
強度,kiong2 tu4
嘉年華,ga1 ngien2 fa2
你想,li3 siong3
又冇,yiu4 mau2
證供,zin4 giung1
要用,yau4 yung4
乜人,mak5 ngin2
相隔,siong1 gak5
冷淡,lang1 tam4
吖嘛,a1 ma1
度假,tu4 ga3
上址,song4 zi3
便衣,pien4 yi1
俱樂部,ki1 lok6 pu4
定出,tin4 cut5
抄襲,cau1 sip6
使館,si4 gon3
推測,tui1 cet5
為重,vui2 cung4
難做,lan2 zo4
收成,siu1 sin2
跑道,pau1 tau4
我要,ngo1 yau4
暗中,am4 zung1
季度,gui4 tu4
維他命,vui2 ta1 min4
直覺,cit6 gok5
旅行團,li3 hang2 ton2
上層,song4 cen2
現行,hien4 hang2
禁制,gim4 zi4
調味,tiau2 mui4
壽命,siu4 min4
合成,hap6 sin2
長途,cong2 tu2
荷李活,ho2 li3 fat6
覺得好,gok5 det5 hau3
行政長官,hang2 zin4 zong3 gon1
有行,yiu1 hong2
廢青,fui4 ciang1
行家,hong2 ga1
會合,fui4 hap6
上漲,song4 zong4
節省,ziet5 sen3
打到,da3 dau4
散熱,san4 ngiet6
交手,gau1 siu3
圍繞,vui2 ngiau3
兩年,liong1 ngien2
迫使,bet5 si3
逼使,bit5 si3
市道,si1 tau4
乘搭,sin2 dap5
水上,sui3 song4
當真,dong4 zin1
你班,li3 ban1
初中,co1 zung1
本應,bun3 yin1
傳承,con2 sin2
承傳,sin2 con2
執笠,zip5 lip5
才華,coi2 fa2
疏忽,so1 fut5
種籽,zung3 zu3
對應,dui4 yin4
你好,li3 hau3
每當,mui1 dong1
未定,vui4 tin4
相近,siong1 kiun4
電話號碼,tien4 va4 hau4 ma1
好啲,hau3 tit6
畫質,fa4 zit5
惡魔,ok5 mo2
前度,cien2 tu4
背包,boi4 bau1
樂器,ngok6 hi4
名將,min2 ziong4
直落,cit6 lok6
一兩,yit5 liong1
因為我,yin1 vui4 ngo1
無時無刻,vu2 si2 vu2 kat5
鋼鐵,gong4 tiet5
日食,ngit5 sit6
執業,zip5 ngiap6
精力,zin1 lit6
車房,ca1 fong2
診斷,zin3 ton4
點解要,diam3 gai3 yau4
經費,gin1 fui4
重播,cung2 bo4
核武,het6 vu1
華裔,fa2 yi3
真係要,zin1 he4 yau4
中槍,zung4 ciong1
樂意,lok6 yi4
晚飯,man1 fan4
點都好,diam3 du1 hau3
定居,tin4 gi1
打風,da3 fung1
相連,siong1 lien2
諗過,lem3 go4
外傳,ngoi4 con2
感覺上,gam3 gok5 song4
因為佢,yin1 vui4 gi2
身影,sin1 yang3
小三,siau3 sam1
賬户,zong4 fu4
當值,dong1 cit6
只需要,zit5 si1 yau4
有乜,yiu1 mak5
名詞,min2 cu2
圍觀,vui2 gon1
不覺,but5 gok5
行走,hang2 zeu3
你可以,li3 ko3 yi1
商舖,song1 pu4
從小,cung2 siau3
交通工具,gau1 tung1 gung1 ki3
兩日,liong1 ngit5
中國人,zung1 get5 ngin2
唔好再,m1 hau3 zai4
更正,gang1 zin4
交界,gau1 gai4
暴政,pau4 zin4
轉手,zon4 siu3
轉戰,zon4 zien4
好手,hau3 siu3
鮮血,sien1 hiet5
新鮮感,sin1 sien1 gam3
途經,tu2 gin1
壞處,fai4 cu3
後遺症,heu4 vui2 zin4
你做,li3 zo4
童話,tung2 va4
已經唔,yi3 gin1 m1
正值,zin4 cit6
打字,da3 su4
復刻,fuk6 ket5
兩隻,liong1 zak5
化解,fa4 gai3
車費,ca1 fui4
解約,gai3 yok5
命名,min4 min2
使用者,si3 yung4 za3
極之,kit6 zu1
強力,kiong2 lit6
倒退,dau3 tui4
倒退,dau4 tui4
長度,cong2 tu4
一面倒,yit5 mien4 dau3
東鐵,dung1 tiet5
諗下,lem3 ha4
台中,toi2 zung1
只求,zit5 kiu2
新興,sin1 hin1
洗手間,se3 siu3 gan1
平方米,pin2 fong1 mi3
後方,heu4 fong1
上調,song4 tiau2
驅逐,ki1 cuk6
推算,tui1 son4
坐低,co1 dai1
相遇,siong1 ngi4
長城,cong2 sang2
行行,hong2 hong2
跌倒,diet5 dau3
着數,cok6 su4
好用,hau3 yung4
怕醜,pa4 ciu3
應該都,yin1 goi1 du1
日間,ngit5 gan1
撞正,cong4 zang4
上衣,song4 yi1
應變,yin4 bien4
種族歧視,zung3 cuk6 ki1 si4
潛質,ciam2 zit5
朝鮮,cau2 sien1
叫你,giau4 li3
冇影,mau2 yang3
同屬,tung2 suk6
平安夜,pin2 on1 ya4
行列,hong2 liet6
景觀,gin3 gon1
平淡,pin2 tam4
行政會議,hang2 zin4 fui4 ngi4
大件,tai4 kien4
正能量,zin4 len2 liong4
處所,cu3 so3
使出,su3 cut5
中介,zung1 gai4
質感,zit5 gam3
接應,ziap5 yin4
落單,lok6 dan1
首映,siu3 yang3
難題,lan2 ti2
手提電話,siu3 ti2 tien4 va4
原著,ngien2 zu4
文憑,vun2 pin2
中式,zung1 sit5
中小企,zung1 siau3 ki1
講咩,gong3 me1
遊樂場,yiu2 lok6 cong2
密度,mit6 tu4
協定,hiap6 tin4
委屈,vui1 kiut5
量度,liong2 tok6
感應,gam3 yin4
為自己,vui4 cu4 gi3
提倡,ti2 cong1
充分,cung1 fun4
橫濱,vang2 bin1
樓層,leu2 cen2
同為,tung2 vui2
落選,lok6 sien3
大件事,tai4 kien4 su4
推遲,tui1 ci2
平權,pin2 kien2
聽見,tang4 gien4
撐場面,cang1 cong2 mien4
撐場,cang4 cong2
勝算,sin4 son4
降臨,gong4 lim2
重啟,cung2 ki3
破解,po4 gai3
可觀,ko3 gon1
推斷,tui1 ton4
已經有,yi3 gin1 yiu1
臨近,lim2 kiun4
背脊,boi4 zit5
吃力,ket5 lit6
覺得自己,gok5 det5 cu4 gi3
當今,dong1 gim1
百分百,bak5 fun4 bak5
硬食,ngang4 sit6
一張,yit5 zong1
你覺得,li3 gok5 det5
從政,cung2 zin4
打官司,da3 gon1 su1
户主,fu4 zu3
會談,fui4 tam2
出處,cut5 cu3
屈機,kiut5 gi1
警覺,gin3 gok5
獨處,tuk6 cu3
疏散,so1 san4
定律,tin4 lut6
科研,ko1 ngan3
傳遞,con2 ti4
更多,gang1 do1
齊心,ce2 sim1
好勁,hau3 gin4
核電,het6 tien4
但你,tan4 li3
年長,ngien2 zong3
契仔,ke4 zai3
穿着,con1 zok5
報應,bau4 yin4
上級,song4 kip5
言行,ngien2 hang2
有影,yiu1 yang3
打靶,da3 ba3
倒閉,dau3 bi4
卡數,kat6 su4
黑仔,het5 zai3
次要,cu4 yau4
上進,song4 zin4
唔定,m1 tin4
持平,ci2 pin2
嘔吐,iu3 tu4
打敗,da3 pai4
太極,tai4 kit6
整齊,zin3 ce2
打倒,da3 dau3
一種,yit5 zung3
交易日,gau1 yit6 ngit5
上頭,song4 teu2
波經,bo1 gin1
我冇,ngo1 mau2
長久,cong2 giu3
小便,siau3 pien4
愛好,oi4 hau4
全中,cien2 zung4
為準,vui2 zun3
平地,pin2 ti4
唔應該,m1 yin1 goi1
無上,vu2 song4
頗為,po3 vui2
中斷,zung1 ton1
兩下,liong1 ha4
當做,dong4 zo4
道出,tau4 cut5
絕食,ciet6 sit6
合拍,hap6 pok5
不行,but5 hang2
後續,heu4 suk6
那裏,la3 li1
一間,yit5 gan1
倒戈,dau3 go1
耳仔,ngi3 zai3
看更,kon4 gang1
卡塔爾,ka1 tap5 li3
漫長,man4 cong2
係覺得,he4 gok5 det5
解鎖,gai3 so3
影后,yang3 heu4
果斷,go3 ton4
唔中,m1 zung4
入讀,ngip6 tuk6
影評,yang3 pin2
好似好,hau3 su4 hau3
成晚,sang2 man1
戰車,zien4 ca1
打爛,da3 lan4
學士,hok6 su4
射波,sa4 bo1
遞交,ti4 gau1
將要,ziong1 yau4
審核,sim3 het6
腳踏,giok5 tap6
糾正,giu3 zin4
醒覺,siang3 gok5
參戰,cam1 zien4
行政長官,hang2 zin4 cong2 gon1
打錯,da3 co4
禁錮,gim4 gu4
後天,heu4 tien1
煮食,zu3 sit6
追逐,zui1 cuk6
打救,da3 giu4
自以為,cu4 yi1 vui2
助長,co4 zong3
記載,gi4 zoi4
大結局,tai4 giet5 kiuk6
販毒,fan4 tuk6
轉播,zon3 bo4
惡搞,ok5 gau3
適量,sit5 liong4
優勝,yiu2 sin4
好做,hau3 zo4
長短,cong2 don3
長命,cong2 miang4
差人,cai1 ngin2
個仔,go4 zai3
中興,zung1 hin1
重整,cung2 zin3
後退,heu4 tui4
三文治,sam1 vun2 ci4
角逐,gok5 cuk6
關卡,gan1 ka1
埋伏,mai2 fuk6
即食,zit5 sit6
不平,but5 pin2
咩好,me1 hau3
要去,yau4 hi4
後代,heu4 toi4
驅散,ki1 san4
你係唔係,li3 he4 m1 he4
有平,yiu1 piang2
之後就,zu1 heu4 ciu4
坐車,co1 ca1
消防處,siau1 fong2 cu4
屈服,kiut5 fuk6
校董,gau3 dung3
有少少,yiu1 sau3 sau3
正版,zin4 ban3
後繼,heu4 gi4
親屬,cin1 suk6
促成,cuk5 sin2
中型,zung1 hin2
解封,gai3 fung1
塞爾維亞,soi4 li3 vui2 a1
工種,gung1 zung3
成日都,sang2 ngit5 du1
成日都,sin2 ngit5 du1
失當,sit5 dong4
透明度,teu4 min2 tu4
鐵閘,tiet5 cap6
復興,fuk6 hin1
相撞,siong1 cong4
咩人,me1 ngin2
無從,vu2 cung2
最緊要,zui4 gin3 yau4
烈士,liet6 su4
促使,cuk5 si3
難關,lan2 gan1
錯失,co4 sit5
你去,li3 hi4
名古屋,min2 gu3 vuk5
好靚,hau3 liang4
繁忙時間,fan2 mong2 si2 gan4
素食,su4 sit6
要比,yau4 bi3
缺少,kiet5 sau3
國際學校,get5 zi4 hok6 gau3
屬實,suk6 sit6
推倒,tui1 dau3
講下,gong3 ha4
旁聽,pong2 tin4
精準,zin1 zun3
轉車,zon4 ca1
鑽石山,zon4 sak6 san1
流量,liu2 liong4
轉數,zon4 su4
名家,min2 ga1
聽眾,tin4 zung4
管理處,gon3 li1 cu4
行經,hang2 gin1
都已經,du1 yi3 gin1
天上,tien1 song4
平行,pin2 hang2
粗暴,cu1 pau4
瘋傳,fung1 con2
上蓋,song4 goi4
低落,dai1 lok6
散水,san4 sui3
推論,tui1 lun4
你估,li3 gu3
就唔好,ciu4 m1 hau3
哪個,lai4 go4
大仔,tai4 zai3
康樂,kong1 lok6
當你,dong1 li3
兄弟姊妹,hiung1 ti4 zi3 moi4
要打,yau4 da3
見解,gien4 gai3
少人,sau3 ngin2
真話,zin1 va4
兩次,liong1 cu4
上報,song4 bau4
供稱,giung1 cin1
冇心,mau2 sim1
為食,vui4 sit6
正評,zin4 pin2
要你,yau4 li3
玩意,van4 yi4
近視,kiun4 si4
正中,zin4 zung1
轉讓,zon3 ngiong4
之嘛,zu1 ma1
深層,cim1 cen2
背面,boi4 mien4
遠處,yen3 cu4
偵探,zin1 tam4
好看,hau3 kon4
磨擦,mo2 cat5
主將,zu3 ziong4
為乜,vui4 mak5
爭冠,zang1 gon4
湊仔,ceu4 zai3
接着,ziap5 cok6
近代,kiun4 toi4
名店,min2 diam4
行情,hong2 cin2
從頭到尾,cung2 teu2 dau4 mui1
錯字,co4 su4
一件,yit5 kien4
驚嚇,gin1 hak5
堂食,tong2 sit6
馬車,ma1 ca1
攻打,gung1 da3
三甲,sam1 gap5
好受,hau3 siu4
冇問題,mau2 mun4 ti2
放映,fong4 yang3
堵塞,du3 set5
須要,si1 yau4
飲食業,yim3 sit6 ngiap6
一名,yit5 min2
玩笑,van2 siau4
打底,da3 dai3
負荷,fu4 ho4
逼近,bit5 kiun4
精緻,zin1 zi4
轉移視線,zon3 yi2 si4 sien4
真係冇,zin1 he4 mau2
正職,zin4 zit5
奪命,tot6 min4
軌道,gui3 tau4
幻覺,fam4 gok5
唔需要,m1 si1 yau4
上流,song4 liu2
暫定,ciam4 tin4
相見,siong1 gien4
橫掃,vang2 sau4
行埋,hang2 mai2
首長,siu3 zong3
中止,zung1 zi3
好唔好,hau3 m1 hau3
華府,fa2 fu3
你仲,li3 cung4
應否,yin1 feu3
卡路里,ka1 lu4 li1
落山,lok6 san1
三號,sam1 hau4
為意,vui2 yi4
精采,zin1 cai3
日本仔,ngit5 bun3 zai3
錯覺,co4 gok5
服從,fuk6 cung2
智能電話,zi4 len2 tien4 va4
共處,kiung4 cu3
失調,sit5 tiau2
倒塌,dau3 tap5
過山車,go4 san1 ca1
三角形,sam1 gok5 hin2
新會,sin1 fui4
觀音,gon1 yim1
你嘅,li3 e4
差餉,cai1 hiong3
好驚,hau3 giang1
懲處,cin2 cu3
排行,pai2 hang2
火車頭,fo3 ca1 teu2
濃度,ngiung2 tu4
些少,sia1 sau3
晚宴,man1 yen4
要等,yau4 den3
連番,lien2 fan1
年少,ngien2 sau4
長褲,cong2 fu4
烏拉圭,vu1 lai1 gui1
傳言,con2 ngien2
滿足感,man1 zuk5 gam3
雷射,lui2 sa4
相熟,siong1 suk6
應該要,yin1 goi1 yau4
落腳,lok6 giok5
想當年,siong3 dong1 ngien2
散貨,san3 fo4
恰當,kap5 dong4
預定,yi4 tin4
你真係,li3 zin1 he4
暴龍,pau4 lung2
拍手,pok5 siu3
旋轉,sien2 zon3
地舖,ti4 pu4
結餘,giet5 yi2
就好似,ciu4 hau3 su4
我已經,ngo1 yi3 gin1
當眾,dong1 zung4
射中,sa4 zung4
焗爐,kiuk6 lu2
少林,sau4 lim2
正所謂,zin4 so3 vui4
有為,yiu1 vui2
追平,zui1 pin2
荷爾蒙,ho4 li3 mung2
唔打,m1 da3
落區,lok6 ki1
做好,zo4 hau3
食環,sit6 van2
強項,kiong2 hong4
物種,vut6 zung3
化名,fa4 miang2
打爆機,da3 bau4 gi1
打斷,da3 ton1
食譜,sit6 pu3
時差,si2 ca1
唔差,m1 ca1
咩問題,me1 mun4 ti2
被人,pi4 ngin2
賽道,soi4 tau4
墮落,to4 lok6
鐵馬,tiet5 ma1
車速,ca1 suk5
定必,tin4 bit5
跟着,gen1 cok6
上個,song4 go4
正一,zin4 yit5
成因,sin2 yin1
結尾,giet5 mui1
好似唔,hau3 su4 m1
冷處理,lang1 cu3 li1
擔正,dam1 zang4
有着,yiu1 cok6
必勝,bit5 sin4
過量,go4 liong4
相互,siong1 fu4
眼影,ngan3 yang3
轉載,zon3 zoi4
長年,cong2 ngien2
啱啱好,ngam1 ngam1 hau3
都應該,du1 yin1 goi1
有興趣,yiu1 hin4 ci4
覺得係,gok5 det5 he4
陰道,yim1 tau4
落馬,lok6 ma1
樂天,lok6 tien1
跟車,gen1 ca1
落機,lok6 gi1
交談,gau1 tam2
靈堂,lin2 tong2
上訴庭,song4 su4 tin2
解圍,gai3 vui2
搬屋,ban1 vuk5
嚴正,ngiam2 zin4
部落,pu4 lok6
振興,zin3 hin1
違背,vui2 boi4
惡行,ok5 hang2
好講,hau3 gong3
代為,toi4 vui2
軟禁,ngion1 gim4
係唔係要,he4 m1 he4 yau4
瓦解,nga3 gai3
哩數,li1 su4
明點解,min2 diam3 gai3
供電,giung1 tien4
蹤影,zung1 yang3
靜坐,cin4 co4
打你,da3 li3
後輩,heu4 bui4
要不是,yau4 but5 si4
當打,dong1 da3
見你,gien4 li3
中部,zung1 pu4
只可以,zit5 ko3 yi1
投射,teu2 sa4
實屬,sit6 suk6
應該有,yin1 goi1 yiu1
險勝,hiam3 sin4
罪惡,cui4 ok5
好多都,hau3 do1 du1
拼音,pin4 yim1
上揚,song4 yong2
落淚,lok6 lui4
管道,gon3 tau4
兩邊,liong1 bien1
鬧交,lau4 gau1
頂尖,din3 ziam1
神探,sin2 tam4
焗住,kiuk6 cu4
中外,zung1 ngoi4
界定,gai4 tin4
肉食,ngiuk5 sit6
好學,hau4 hok6
要緊,yau4 gin3
生平,sang1 pin2
化為,fa4 vui2
好吃,hau3 ket5
保命,bau3 miang4
長處,cong2 cu3
掉落,tiau4 lok6
倒轉,dau4 zon4
爭勝,zang1 sin4
以為自己,yi1 vui2 cu4 gi3
淪落,lun2 lok6
撐起,cang4 hi3
縱橫,zung1 vang2
傻仔,so2 zai3
最重,zui4 cung1
接載,ziap5 zoi4
荷包,ho2 bau1
新仔,sin1 zai3
當正,dong4 zang4
單張,dan1 zong1
行蹤,hang2 zung1
中等,zung1 den3
安定,on1 tin4
長揸,cong2 za1
爆滿,bau4 man1
處死,cu3 si3
專屬,zon1 suk6
應急,yin4 gip5
震盪,zin3 tong4
磨合,mo2 hap6
經濟體,gin1 zi4 ti3
鬥士,deu4 su4
底層,dai3 cen2
強權,kiong2 kien2
中游,zung1 yiu2
土生土長,tu3 sang1 tu3 zong3
報讀,bau4 tuk6
經由,gin1 yiu2
落閘,lok6 cap6
核實,het6 sit6
要買,yau4 mai1
傳人,con2 ngin2
文青,vun2 ciang1
全名,cien2 miang2
誤以為,ngu4 yi1 vui2
黑名單,het5 min2 dan1
手掣,siu3 zi4
地中海,ti4 zung1 hoi3
傳召,con2 cau4
當街,dong1 gai1
打起,da3 hi3
後勤,heu4 kiun2
打通,da3 tung1
玩弄,van4 lung4
爭相,zang1 siong1
處男,cu3 lam2
熱量,ngiet6 liong4
因為你,yin1 vui4 li3
噴霧,pun4 vu4
重災區,cung1 zai1 ki1
泛民主派,fam4 min2 zu3 pai4
國度,get5 tu4
霸道,ba4 tau4
親近,cin1 kiun4
名譽,min2 yi4
相愛,siong1 oi4
感興趣,gam3 hin4 ci4
中間人,zung1 gan1 ngin2
鋪排,pu1 pai2
極具,kit6 ki3
仲以為,cung4 yi1 vui2
難食,lan2 sit6
轉台,zon4 toi2
放蛇,fong4 sa2
架車,ga4 ca1
禁忌,gim4 ki4
強攻,kiong2 gung1
應酬,yin4 ciu2
解畫,gai3 fa4
攝取,ngiap5 ci3
聽取,tang4 ci3
用咩,yung4 me1
落入,lok6 ngip6
驚險,gin1 hiam3
略為,liok6 vui2
晚間,man1 gan1
有落,yiu1 lok6
適逢,sit5 fung2
適宜,sit5 li2
都好似,du1 hau3 su4
條仔,tiau2 zai3
苛刻,ko1 kat5
最重要,zui4 cung4 yau4
好景,hau3 gin3
小量,siau3 liong4
食雞,sit6 gai1
斷正,ton1 zang4
解禁,gai3 gim4
我呢,ngo1 le1
我打,ngo1 da3
要佢,yau4 gi2
極其,kit6 ki2
中同,zung1 tung2
抵食,dai3 sit6
只差,zit5 ca1
倒台,dau3 toi2
推到,tui1 dau4
着重,cok6 cung4
仲要係,cung4 yau4 he4
觸覺,cuk5 gok5
執着,zip5 cok6
一定有,yit5 tin4 yiu1
撈底,leu2 dai3
你用,li3 yung4
反射,fan3 sa4
解體,gai3 ti3
當代,dong1 toi4
轉職,zon4 zit5
例行,li4 hang2
紳士,sin1 si3
唔一定,m1 yit5 tin4
要我,yau4 ngo1
長出,zong3 cut5
通行,tung1 hang2
無間,vu2 gan4
平常心,pin2 song2 sim1
囂張,hiau1 zong1
鮮花,sien1 fa1
對你,dui4 li3
出車,cut5 ca1
遊樂,yiu2 lok6
潛伏,ciam2 fuk6
好鍾意,hau3 zung1 yi4
強人,kiong2 ngin2
凱旋,koi3 sien2
好嘅,hau3 e4
唔怕,m1 pa4
唔食,m1 sit6
轉交,zon3 gau1
鮮明,sien1 min2
冇可能,mau2 ko3 len2
窗户,cung1 fu4
拉丁,lai1 den1
青島,ciang1 dau3
交配,gau1 pui4
王冠,vong2 gon1
私處,su1 cu3
長傳,cong2 con2
會心,fui4 sim1
係乜,he4 mak5
家暴,ga1 pau4
好明顯,hau3 min2 hien3
種票,zung4 piau4
此後,cu3 heu4
問你,mun4 li3
結識,giet5 sit5
食正,sit6 zang4
迴旋處,fui2 sien2 cu4
阻塞,zo3 set5
齊全,ce2 cien2
對打,dui4 da3
難保,lan2 bau3
長跑,cong2 pau1
淡定,tam4 tin4
你唔係,li3 m1 he4
一時三刻,yit5 si2 sam1 kat5
冇諗,mau2 lem3
食花生,sit6 fa1 sang1
係當,he4 dong1
正名,zin4 min2
我都覺,ngo1 du1 gok5
中菜,zung1 coi4
單憑,dan1 pin2
難講,lan2 gong3
就即刻,ciu4 zit5 kat5
再三,zai4 sam1
交通燈,gau1 tung1 den1
用處,yung4 cu3
你唔好,li3 m1 hau3
成數,sin2 su4
長假,cong2 ga3
水炮車,sui3 pau4 ca1
後記,heu4 gi4
宵禁,siau1 gim4
轉左,zon4 zo3
好高,hau3 gau1
中史,zung1 su3
唔明點解,m1 min2 diam3 gai3
乾燥,gon1 cau4
踏實,tap6 sit6
王朝,vong2 cau2
皇朝,fong2 cau2
胡椒噴霧,fu2 ziau1 pun4 vu4
影展,yang3 zien3
應當,yin1 dong1
道別,tau4 piet6
影音,yang3 yim1
中暑,zung4 cu3
使乜,su3 mak5
交涉,gau1 siap5
其實你,ki2 sit6 li3
味精,mui4 zin1
相距,siong1 ki3
張圖,zong1 tu2
釀成,ngiong4 sin2
兩三,liong1 sam1
月經,ngiet6 gin1
皇上,fong2 song4
極品,kit6 pin3
起伏,hi3 fuk6
成全,sin2 cien2
吃喝玩樂,ket5 hot5 van4 lok6
精液,zin1 yit6
主婦,zu3 fu4
點解我,diam3 gai3 ngo1
村長,cun1 zong3
充當,cung1 dong1
禁藥,gim4 yok6
難以置信,lan2 yi1 zi4 sin4
齊人,ce2 ngin2
大便,tai4 pien4
驚慌,gin1 fong1
獲勝,vet6 sin4
算好,son4 hau3
三十,sam1 sip6
同你講,tung2 li3 gong3
扮靚,pan4 liang4
重型,cung1 hin2
去食,hi4 sit6
太監,tai4 gam4
肉質,ngiuk5 zit5
從業員,cung2 ngiap6 yen2
係好多,he4 hau3 do1
華語,fa2 ngi1
供養,giung1 yong1
州長,ziu1 zong3
傳達,con2 tat6
純屬,sun2 suk6
交予,gau1 yi1
畫作,fa4 zok5
配樂,pui4 ngok6
強者,kiong2 za3
多士,do1 si3
屆滿,gai4 man1
成績表,sin2 zit5 biau3
暴行,pau4 hang2
年華,ngien2 fa2
中國文化,zung1 get5 vun2 fa4
打尖,da3 ziam1
倡議,cong1 ngi4
宏觀,fen2 gon1
行頭,hong2 teu2
抄牌,cau1 pai2
看中,kon4 zung4
養成,yong1 sin2
收斂,siu1 liam3
安樂死,on1 lok6 si3
小強,siau3 kiong2
咩叫,me1 giau4
要講,yau4 gong3
中西區,zung1 si1 ki1
實名,sit6 min2
當紅,dong1 fung2
廣傳,gong3 con2
為時,vui2 si2
落案,lok6 on4
參差,cam1 ci1
古惑仔,gu3 fet6 zai3
食過,sit6 go4
連載,lien2 zoi4
講道,gong3 tau4
好正常,hau3 zin4 song2
到頂,dau4 dang3
食評,sit6 pin2
固執,gu4 zip5
垃圾車,lap5 sap5 ca1
你啦,li3 la1
有冇得,yiu1 mau2 det5
影迷,yang3 mi2
華僑,fa2 kiau2
嗜好,si4 hau4
正規,zin4 gui1
到最後,dau4 zui4 heu4
南極,lam2 kit6
唔緊要,m1 gin3 yau4
打埋,da3 mai2
都只係,du1 zit5 he4
呼應,fu1 yin4
轉眼,zon3 ngan3
煙霧,yen1 vu4
色調,set5 tiau4
有咩問題,yiu1 me1 mun4 ti2
店長,diam4 zong3
即興,zit5 hin4
坐正,co1 zang4
落網,lok6 miong3
聞名,vun2 min2
三藩市,sam1 fan2 si1
多謝你,do1 cia4 li3
好慘,hau3 cam3
唔覺得,m1 gok5 det5
畫風,fa4 fung1
背負,boi4 fu4
覺得有,gok5 det5 yiu1
監測,gam1 cet5
母校,mu1 gau3
名聲,min2 sang1
間公司,gan1 gung1 su1
使得,si3 det5
外交官,ngoi4 gau1 gon1
用量,yung4 liong4
時時刻刻,si2 si2 kat5 kat5
晚年,man1 ngien2
政治正確,zin4 ci4 zin4 kok5
三年,sam1 ngien2
推撞,tui1 cong4
掉轉,tiau4 zon4
盈餘,yin2 yi2
平復,pin2 fuk6
正統,zin4 tung3
兩條,liong1 tiau2
聽人講,tang4 ngin2 gong3
要俾,yau4 bi1
將近,ziong1 kiun4
纜車,lam4 ca1
尺度,cak5 tu4
仲有冇,cung4 yiu1 mau2
繪畫,kui4 fa4
此時此刻,cu3 si2 cu3 kat5
精明,zin1 min2
旋風,sien2 fung1
後腦,heu4 lau3
播映,bo4 yang3
傳銷,con2 siau1
契弟,ke4 ti4
點解你,diam3 gai3 li3
當我,dong1 ngo1
乾脆,gon1 cioi4
更好,gang1 hau3
善長,sen4 zong3
早晚,zau3 man1
似冇,su4 mau2
受落,siu4 lok6
大食,tai4 sit6
處理方法,cu3 li1 fong1 fap5
相提並論,siong1 ti2 bin4 lun4
賭仔,du3 zai3
覺悟,gok5 ngu4
冇機,mau2 gi1
追打,zui1 da3
後事,heu4 su4
射出,sa4 cut5
兄長,hiung1 zong3
現成,hien4 sin2
視聽,si4 tin4
會晤,fui4 ngu4
你買,li3 mai1
朝聖,cau2 sin4
冇巴打,mau2 ba1 da3
華南,fa2 lam2
譯名,yit6 miang2
攝氏,ngiap5 si4
踐踏,cien4 tap6
應屆,yin4 gai4
盲撐,mang2 cang4
其中一個,ki2 zung1 yit5 go4
烏冬,vu1 dung1
正門,zin4 mun2
當佢,dong1 gi2
有交易,yiu1 gau1 yit6
綠卡,luk6 kat6
有冇巴打,yiu1 mau2 ba1 da3
陶瓷,tau2 cu2
中中,zung1 zung1
佢冇,gi2 mau2
唔驚,m1 giang1
好事,hau3 su4
聯名,lien2 miang2
上游,song4 yiu2
食到,sit6 dau4
風度,fung1 tu4
無差別,vu2 ca1 piet6
長官,cong2 gon1
夜間,ya4 gan1
長官,zong3 gon1
抉擇,giet5 cak6
樂富,lok6 fu4
莫名其妙,mok6 min2 ki2 miau4
唔落,m1 lok6
你不,li3 but5
為數,vui2 su4
叮噹,den1 dong1
覺得你,gok5 det5 li3
剩低,yin4 dai1
乜乜,mak5 mak5
望下,mong4 ha4
白車,pak6 ca1
就已經,ciu4 yi3 gin1
我聽,ngo1 tang4
打橫,da3 vang2
輕度,kiang1 tu4
你冇,li3 mau2
議長,ngi4 zong3
葵青,kui2 ciang1
華文,fa2 vun2
就覺得,ciu4 gok5 det5
隨處,sui2 cu3
知識產權,zi4 sit5 san3 kien2
以為係,yi1 vui2 he4
踏足,tap6 zuk5
係好難,he4 hau3 lan2
驚覺,gin1 gok5
便當,pien4 dong4
好遠,hau3 yen3
臉色,liam3 set5
受驚,siu4 gin1
中級,zung1 kip5
華夏,fa2 ha4
兩個月,liong1 go4 ngiet6
鐵人,tiet5 ngin2
情意結,cin2 yi4 giet5
後路,heu4 lu4
一年一度,yit5 ngien2 yit5 tu4
做下,zo4 ha4
薄荷,pok6 ho2
張揚,zong1 yong2
坐定定,co1 tin4 tin4
大會堂,tai4 fui4 tong2
判定,pan4 tin4
我以為,ngo1 yi1 vui2
斷線,ton1 sien4
交鋒,gau1 fung1
嘔心,iu3 sim1
陣間,cin4 gan1
推理,tui1 li1
長裙,cong2 kiun2
打包,da3 bau1
車頂,ca1 dang3
顯示卡,hien3 si4 kat6
隸屬,li4 suk6
黨鐵,dong3 tiet5
最後都,zui4 heu4 du1
幾度,gi1 tu4
樂團,ngok6 ton2
轉個頭,zon4 go4 teu2
食堂,sit6 tong2
諒解,liong4 gai3
推車,tui1 ca1
宴會,yen4 fui4
只怕,zit5 pa4
列強,liet6 kiong2
執勤,zip5 kiun2
接聽,ziap5 tang4
都係要,du1 he4 yau4
當兵,dong1 bin1
便服,pien4 fuk6
避難,pi4 lan4
應戰,yin4 zien4
保重,bau3 cung4
計落,ge4 lok6
放行,fong4 hang2
重頭,cung2 teu2
專長,zon1 cong2
冇腦,mau2 lau3
等你,den3 li3
應徵,yin4 zin1
要脅,yau1 hiap5
失靈,sit5 lin2
能成為,len2 sin2 vui2
背影,boi4 yang3
番工,fan1 gung1
調配,tiau4 pui4
定論,tin4 lun4
射精,sa4 zin1
望你,mong4 li3
驚恐,gin1 kiung3
哪些,lai4 sia1
食飽,sit6 bau3
一相情願,yit5 siong1 cin2 ngien4
比卡超,bi3 ka1 cau1
交接,gau1 ziap5
中文字,zung1 vun2 su4
美觀,mui1 gon1
有你,yiu1 li3
濕度,sip5 tu4
示好,si4 hau3
音質,yim1 zit5
清淡,cin1 tam4
兩旁,liong1 pong2
調理,tiau2 li1
成品,sin2 pin3
想食,siong3 sit6
後塵,heu4 cin4
外間,ngoi4 gan1
刻薄,ket5 pok6
唔係你,m1 he4 li3
重手,cung1 siu3
探測,tam4 cet5
多好,do1 hau3
腰間,yau1 gan1
兩場,liong1 cong2
頂唔順,din3 m1 sun4
應聲,yin4 sang1
你啲,li3 tit6
叻仔,liak6 zai3
冇諗過,mau2 lem3 go4
你有冇,li3 yiu1 mau2
毒男,tuk6 lam2
打低,da3 dai1
落馬洲,lok6 ma1 ziu1
大將,tai4 ziong1
長壽,cong2 siu4
要再,yau4 zai4
平壤,pin2 yong4
問好,mun4 hau3
好多人都,hau3 do1 ngin2 du1
或多或少,fet6 do1 fet6 sau3
宿命,suk5 min4
乜鬼,mak5 gui3
少爺,sau4 ya2
慘重,cam3 cung4
大機會,tai4 gi1 fui4
出便,cut5 pien4
解凍,gai3 dung4
打人,da3 ngin2
墊底,tiap6 dai3
巴打你,ba1 da3 li3
大少,tai4 sau4
餅乾,biang3 gon1
去旅行,hi4 li3 hang2
你問,li3 mun4
我相信,ngo1 siong1 sin4
我當,ngo1 dong4
將至,ziong1 zi4
評核,pin2 het6
佢要,gi2 yau4
校巴,gau3 ba1
你都係,li3 du1 he4
附和,fu4 fo4
使費,su3 fui4
順道,sun4 tau4
自強,cu4 kiong2
供求,giung1 kiu2
繳交,giau3 gau1
為香港,vui4 hiong1 gong3
精心,zin1 sim1
得當,det5 dong4
名言,min2 ngien2
哪怕,lai4 pa4
平庸,pin2 yung2
上圍,song4 vui2
好似都,hau3 su4 du1
中歐,zung1 iu1
淡出,tam4 cut5
翻轉,fan1 zon4
唔好意思,m1 hau3 yi4 su1
客貨車,hak5 fo4 ca1
探險,tam4 hiam3
成隊,sin2 dui4
插畫,cap5 fa4
好得,hau3 det5
兩句,liong1 gi4
散工,san3 gung1
暴走,pau4 zeu3
就應該,ciu4 yin1 goi1
產後,san3 heu4
長時,cong2 si2
稱之為,cin1 zu1 vui2
車公,ca1 gung1
食指,sit6 zi3
財仔,coi2 zai3
鮮味,sien1 mui4
拍得住,pok5 det5 cu4
臉書,liam3 su1
旁觀,pong2 gon1
五行,ng3 hang2
五行,ng3 hong2
上邊,song4 bien1
遵從,zun1 cung2
輾轉,zien3 zon3
轉乘,zon3 sin2
後樓梯,heu4 leu2 toi1
英中,yin1 zung1
倒卧,dau3 ngo4
光明正大,gong1 min2 zin4 tai4
驅使,ki1 si3
想打,siong3 da3
簡易,gan3 yi4
碌卡,luk5 kat6
日更,ngit5 gang1
愛將,oi4 ziong4
好奇心,hau4 ki2 sim1
唔好講,m1 hau3 gong3
調景嶺,tiau2 gin3 liang1
橫掂,vang2 tiam4
限度,han4 tu4
唔難,m1 lan2
將領,ziong4 liang1
青山公路,ciang1 san1 gung1 lu4
重判,cung1 pan4
冇波,mau2 bo1
趕時間,gon3 si2 gan4
你食,li3 sit6
低質,dai1 zit5
更生,gang1 sang1
打亂,da3 lon4
吶喊,nap6 ham4
任食,ngim4 sit6
茄汁,kio2 zip5
要食,yau4 sit6
排長龍,pai2 cong2 lung2
驚醒,gin1 siang3
名師,min2 su1
你諗,li3 lem3
將就,ziong1 ciu4
援交,yen1 gau1
鐵通,tiet5 tung1
都好過,du1 hau3 go4
有咩好,yiu1 me1 hau3
決勝,giet5 sin4
首推,siu3 tui1
中華民族,zung1 fa2 min2 cuk6
攤檔,tan1 dong4
講你,gong3 li3
已經冇,yi3 gin1 mau2
百分比,bak5 fun4 bi3
打殘,da3 can2
好聲,hau3 sang1
班長,ban1 zong3
你都唔,li3 du1 m1
差館,cai1 gon3
改觀,goi3 gon1
企定定,ki1 tin4 tin4
偏差,pien1 ca1
素質,su4 zit5
喇沙,la2 sa1
退後,tui4 heu4
修行,siu1 hang2
佢應該,gi2 yin1 goi1
晚市,man1 si1
被譽為,pi4 yi4 vui2
九鐵,giu3 tiet5
講乜,gong3 mak5
反差,fan3 ca1
照射,zau4 sa4
打滾,da3 gun3
我只係,ngo1 zit5 he4
報平安,bau4 pin2 on1
橫過,vang2 go4
無時無刻,vu2 si2 vu2 ket5
雙打,sung1 da3
得番,det5 fan1
好差,hau3 ca1
除非你,cu2 fui1 li3
大車,tai4 ca1
但要,tan4 yau4
參演,cam1 yen1
虐打,ngiok5 da3
兩個都,liong1 go4 du1
探親,tam4 cin1
搬遷,ban1 cien1
希望你,hi1 mong4 li3
交學費,gau1 hok6 fui4
蛇王,sa2 vong2
煞車,sat5 ca1
觀眾席,gon1 zung4 cit6
傾電話,kin1 tien4 va4
就當,ciu4 dong4
坐擁,co4 yung3
貴為,gui4 vui2
眼仔,ngan3 zai3
鮮奶,sien1 lai1
哽咽,gang3 yen1
做錯,zo4 co4
風車,fung1 ca1
可以打,ko3 yi1 da3
淡水,tam1 sui3
作畫,zok5 fa4
處處,cu3 cu3
因為有,yin1 vui4 yiu1
囚禁,ciu2 gim4
變更,bien4 gang1
長袖,cong2 ciu4
王道,vong2 tau4
攝錄,ngiap5 luk6
名正言順,min2 zin4 ngien2 sun4
並重,bin4 cung4
打印,da3 yin4
浸會大學,zim4 fui4 tai4 hok6
斷估,don4 gu3
傳訊,con2 sin4
益處,yit5 cu3
廢鐵,fui4 tiet5
樂迷,ngok6 mi2
打聽,da3 tin4
嚴禁,ngiam2 gim4
好重要,hau3 cung4 yau4
調校,tiau2 gau4
研究生,ngan3 giu4 sang1
影印,yang3 yin4
暴亂,pau4 lon4
名作,min2 zok5
厚度,heu4 tu4
鑽研,zon4 ngan3
仲諗,cung4 lem3
熟食,suk6 sit6
切斷,ciet5 ton1
你叫,li3 giau4
好氣,hau3 hi4
精通,zin1 tung1
壯觀,zong4 gon1
覺得我,gok5 det5 ngo1
相戀,siong1 lien4
平安鐘,pin2 on1 zung1
烏鴉,vu1 a1
都冇用,du1 mau2 yung4
大滿貫,tai4 man1 gon4
絕種,ciet6 zung3
中南海,zung1 lam2 hoi3
情婦,cin2 fu4
第二朝,ti4 ngi4 zau1
命案,min4 on4
車票,ca1 piau4
壞處,fai4 cu4
你見,li3 gien4
打擾,da3 yau3
烹調,pen1 tiau2
消極,siau1 kit6
我都覺得,ngo1 du1 gok5 det5
旋即,sien2 zit5
噴射,pun4 sa4
辯解,pien4 gai3
中計,zung4 ge4
怨婦,yen4 fu4
巴士司機,ba1 si3 su1 gi1
愛你,oi4 li3
臉頰,liam3 giap5
解剖,gai3 peu3
靈異,lin2 yi4
變質,bien4 zit5
裝甲車,zong1 gap5 ca1
行到,hang2 dau4
係應該,he4 yin1 goi1
波士頓,bo1 su4 un4
內定,lui4 tin4
單調,dan1 tiau4
行過,hang2 go4
鑑定,gam4 tin4
肛交,gong1 gau1
仇人,siu2 ngin2
都冇人,du1 mau2 ngin2
降級,gong4 kip5
有時間,yiu1 si2 gan4
攝影機,ngiap5 yang3 gi1
過户,go4 fu4
要靠,yau4 kau4
安好,on1 hau3
了結,liau3 giet5
無意中,vu2 yi4 zung1
我食,ngo1 sit6
吸食,kip5 sit6
糞便,bun4 pien4
身體力行,sin1 ti3 lit6 hang2
似你,su4 li3
名次,min2 cu4
轉化,zon3 fa4
奉行,fung4 hang2
家當,ga1 dong4
雕刻,diau1 kat5
人種,ngin2 zung3
咩係,me1 he4
丁屋,den1 vuk5
捱打,ngai2 da3
要諗,yau4 lem3
重點係,cung4 diam3 he4
磨練,mo2 lien4
仲有咩,cung4 yiu1 me1
記錯,gi4 co4
毒素,tuk6 su4
兩個人,liong1 go4 ngin2
以你,yi1 li3
平板,pin2 ban3
和應,fo4 yin4
相傳,siong1 con2
豐滿,fung1 man1
航拍,hong2 pok5
成功爭取,sin2 gung1 zang1 ci3
工仔,gung1 zai3
用卡,yung4 ka1
臉容,liam3 yung2
思覺失調,su1 gok5 sit5 tiau2
雙層,sung1 cen2
所作所為,so3 zok5 so3 vui2
中國籍,zung1 get5 cit6
冇講,mau2 gong3
佢好似,gi2 hau3 su4
氣泡,hi4 pau1
詞彙,cu2 fui4
辭彙,cu2 fui4
官商勾結,gon1 song1 geu1 giet5
主要係,zu3 yau4 he4
強推,kiong3 tui1
舉重,gi3 cung1
建交,gien4 gau1
講好,gong3 hau3
係好正,he4 hau3 zang4
一晚,yit5 man1
四散,si4 san4
成件事,sin2 kien4 su4
正牌,zin4 pai2
處所,cu4 so3
應該冇,yin1 goi1 mau2
為難,vui2 lan2
作嘔,zok5 iu3
調控,tiau2 kung4
大條道理,tai4 tiau2 tau4 li1
結晶,giet5 zin1
兩人,liong1 ngin2
暴風,pau4 fung1
散落,san4 lok6
成本價,sin2 bun3 ga4
嘈交,cau2 gau1
家庭主婦,ga1 tin2 zu3 fu4
行人天橋,hang2 ngin2 tien1 kiau2
音量,yim1 liong4
之處,zu1 cu3
相助,siong1 co4
耐冇,lai4 mau2
傾下,kin1 ha4
美滿,mui1 man1
長春,cong2 cun1
拆散,cak5 san4
重任,cung4 ngim4
政要,zin4 yau4
層樓,cen2 leu2
量產,liong4 san3
有巴打,yiu1 ba1 da3
讀音,tuk6 yim1
生食,sang1 sit6
成語,sin2 ngi1
正常人,zin4 song2 ngin2
打過,da3 go4
兩樣,liong1 yong4
速成,suk5 sin2
我覺得佢,ngo1 gok5 det5 gi2
做得好,zo4 det5 hau3
成行,sin2 hang2
好飲,hau3 yim3
圓滿,yen2 man1
要害,yau4 hoi4
各行各業,gok5 hong2 gok5 ngiap6
校舍,gau3 sa4
音樂劇,yim1 ngok6 kiak6
重量級,cung1 liong4 kip5
正要,zin4 yau4
輕便,kiang1 pien4
要走,yau4 zeu3
首當其衝,siu3 dong1 ki2 cung1
斷裂,ton1 liet6
從頭,cung2 teu2
靈車,lin2 ca1
消防車,siau1 fong2 ca1
兩難,liong1 lan2
齊集,ce2 sip6
多少少,do1 sau3 sau3
漂白水,piau4 pak6 sui3
斷絕,ton1 ciet6
度數,tu4 su4
後補,heu4 bu3
貨櫃車,fo4 kui4 ca1
聽從,tang4 cung2
算你,son4 li3
名堂,min2 tong2
交替,gau1 tai4
好煩,hau3 fan2
好緊,hau3 gin3
要嘅,yau4 e4
會戰,fui4 zien4
傳波,con2 bo1
顛倒,dien1 dau3
二讀,ngi4 tuk6
長篇,cong2 pien1
拍板,pok5 ban3
強求,kiong3 kiu2
出處,cut5 cu4
媳婦,sit5 fu4
摩打,mo2 da3
至極,zi4 kit6
相就,siong1 ciu4
獨處,tuk6 cu4
少男,sau4 lam2
得勝,det5 sin4
好地地,hau3 ti4 ti4
衰仔,soi1 zai3
係正常,he4 zin4 song2
要幫,yau4 bong1
以為佢,yi1 vui2 gi2
供詞,giung1 cu2
核爆,het6 bau4
轉而,zon4 yi2
調解,tiau2 gai3
乞食,ket5 sit6
攞命,lo3 miang4
最強,zui4 kiong2
上文,song4 vun2
落注,lok6 zu4
學車,hok6 ca1
户籍,fu4 cit6
白卡,pak6 kat6
行兇,hang2 hiung1
只係想,zit5 he4 siong3
大將,tai4 ziong4
正反,zin4 fan3
有朝一日,yiu1 zau1 yit5 ngit5
轉角,zon4 gok5
正直,zin4 cit6
晚裝,man1 zong1
鬼仔,gui3 zai3
貴金屬,gui4 gim1 suk6
矮仔,ai3 zai3
副學士,fu4 hok6 su4
上風,song4 fung1
食物中毒,sit6 vut6 zung4 tuk6
名副其實,min2 fu4 ki2 sit6
近似,kiun4 su4
佈滿,bu4 man1
布滿,bu4 man1
油畫,yiu2 fa4
都好多,du1 hau3 do1
橫跨,vang2 ka1
長工,cong2 gung1
東張西望,dung1 zong1 si1 mong4
禁煙,gim4 yen1
惡毒,ok5 tuk6
參照,cam1 zau4
上季,song4 gui4
乜都唔,mak5 du1 m1
聽覺,tin4 gok5
事成,su4 sin2
唔係要,m1 he4 yau4
出差,cut5 cai1
買少見少,mai1 sau3 gien4 sau3
冇癮,mau2 yin3
當係,dong4 he4
施暴,si1 pau4
轉捩點,zon3 liet6 diam3
得人驚,det5 ngin2 giang1
斷定,don4 tin4
文化中心,vun2 fa4 zung1 sim1
三次,sam1 cu4
頂替,din3 tai4
省市,sen3 si1
節食,ziet5 sit6
味覺,mui4 gok5
和音,fo4 yim1
覺得呢,gok5 det5 le1
村落,cun1 lok6
推崇,tui1 cung2
真係好難,zin1 he4 hau3 lan2
驚死,giang1 si3
重力,cung1 lit6
度日,tu4 ngit5
供奉,giung1 fung4
航行,hong2 hang2
話劇,va4 kiak6
仲有好多,cung4 yiu1 hau3 do1
冇做,mau2 zo4
不過你,but5 go4 li3
專為,zon1 vui2
觀戰,gon1 zien4
定型,tin4 hin2
勝訴,sin4 su4
我成日,ngo1 sang2 ngit5
我成日,ngo1 sin2 ngit5
兩張,liong1 zong1
打我,da3 ngo1
番去,fan1 hi4
善後,sen4 heu4
風褸,fung1 leu1
唱反調,cong4 fan3 tiau4
落班,lok6 ban1
通頂,tung1 dang3
紙張,zi3 zong1
差好遠,ca1 hau3 yen3
中轉,zung1 zon3
有兩個,yiu1 liong1 go4
訂定,dang4 tin4
好打,hau3 da3
我應該,ngo1 yin1 goi1
卷土重來,gien3 tu3 cung2 loi2
捲土重來,gien3 tu3 cung2 loi2
結盟,giet5 men2
便衣警,pien4 yi1 gin3
明晚,min2 man1
解碼,gai3 ma1
好貴,hau3 gui4
武打,vu1 da3
旁觀者,pong2 gon1 za3
避震,pi4 zin3
應得,yin1 det5
就係要,ciu4 he4 yau4
順理成章,sun4 li1 sin2 zong1
鐵塔,tiet5 tap5
昇華,sin1 fa2
影射,yang3 sa4
平心而論,pin2 sim1 yi2 lun4
疑為,ngi2 vui2
蠶食,cam2 sit6
好不容易,hau3 but5 yung2 yi4
獨食,tuk6 sit6
唔靚,m1 liang4
都好正,du1 hau3 zang4
要員,yau4 yen2
雀仔,ziok5 zai3
黑影,het5 yang3
倒掛,dau4 ga4
好了,hau3 liau3
唔成,m1 sang2
冇出,mau2 cut5
唔好用,m1 hau3 yung4
三日,sam1 ngit5
抗命,kong4 min4
歸屬感,gui1 suk6 gam3
吃香,ket5 hiong1
全校,cien2 gau3
解密,gai3 mit6
微不足道,mi2 but5 zuk5 tau4
都食,du1 sit6
有咩用,yiu1 me1 yung4
服食,fuk6 sit6
攝錄機,ngiap5 luk6 gi1
着想,cok6 siong3
研製,ngan3 ze4
搬運,ban1 yun4
大致上,tai4 zi4 song4
領導層,liang1 tau3 cen2
為個,vui4 go4
宣讀,sien1 tuk6
打緊,da3 gin3
理你,li1 li3
撈飯,lau1 fan4
要留,yau4 liu2
交通警,gau1 tung1 gin3
巴士線,ba1 si3 sien4
巴士專線,ba1 si3 zon1 sien4
都冇得,du1 mau2 det5
好多次,hau3 do1 cu4
斯里蘭卡,su1 li1 lan2 ka1
原地踏步,ngien2 ti4 tap6 pu4
通行證,tung1 hang2 zin4
朋友仔,pen2 yiu1 zai3
中看,zung1 kon4
驚奇,gin1 ki2
佢食,gi2 sit6
冇手,mau2 siu3
好日,hau3 ngit5
水質,sui3 zit5
上唔到,song4 m1 dau4
冰鮮,ben1 sien1
成點,sin2 diam3
未驚過,vui4 giang1 go4
搬龍門,ban1 lung2 mun2
三公,sam1 gung1
當權,dong1 kien2
一定唔會,yit5 tin4 m1 fui4
疏遠,so1 yen3
習近平,sip6 kiun4 pin2
閒聊,han2 liau2
墜落,cui4 lok6
防毒,fong2 tuk6
別處,piet6 cu3
真係唔好,zin1 he4 m1 hau3
點解佢,diam3 gai3 gi2
富士山,fu4 su4 san1
微調,mi2 tiau2
從來都,cung2 loi2 du1
供不應求,giung1 but5 yin4 kiu2
論調,lun4 tiau4
晚報,man1 bau4
其實呢,ki2 sit6 le1
地質,ti4 zit5
段落,ton4 lok6
守行為,siu3 hang2 vui2
扑頭,pok5 teu2
量化,liong4 fa4
迴旋,fui2 sien2
為人民,vui4 ngin2 min2
從新,cung2 sin1
打好,da3 hau3
貪靚,tam1 liang4
供水,giung1 sui3
着火,cok6 fo3
面相,mien4 siong4
平靚正,piang2 liang4 zang4
保鮮紙,bau3 sien1 zi3
流行曲,liu2 hang2 kiuk5
好好多,hau3 hau3 do1
要個,yau4 go4
你應該,li3 yin1 goi1
都唔錯,du1 m1 co4
已經夠,yi3 gin1 geu4
當堂,dong1 tong2
打掃,da3 sau4
失禁,sit5 gim4
逐出,cuk6 cut5
誤差,ngu4 ca1
精簡,zin1 gan3
核對,het6 dui4
毒打,tuk6 da3
所以你,so3 yi1 li3
張卡,zong1 ka1
咩要,me1 yau4
學下,hok6 ha4
坐大,co4 tai4
頂到,din3 dau4
打去,da3 hi4
百花齊放,bak5 fa1 ce2 fong4
搞搞震,gau3 gau3 zin3
到嘔,dau4 iu3
直通車,cit6 tung1 ca1
驚佢,giang1 gi2
要死,yau4 si3
期滿,ki2 man1
冷落,lang1 lok6
成形,sin2 hin2
落幕,lok6 mok5
升讀,sin1 tuk6
珠三角,zu1 sam1 gok5
鎮定,zin3 tin4
正數,zin4 su4
新近,sin1 kiun4
擠塞,zi4 set5
裂縫,liet6 fung2
就係因為,ciu4 he4 yin1 vui4
長安,cong2 on1
唔到你,m1 dau4 li3
應該點,yin1 goi1 diam3
錯處,co4 cu3
柔道,yiu2 tau4
你聽,li3 tang4
潛伏期,ciam2 fuk6 ki2
心結,sim1 giet5
惡果,ok5 go3
奢華,ca1 fa2
斷斷續續,ton1 ton1 suk6 suk6
成功感,sin2 gung1 gam3
件衫,kien4 sam1
好似你,hau3 su4 li3
想你,siong3 li3
勝任,sin1 ngim4
結伴,giet5 pan4
考核,kau3 het6
要問,yau4 mun4
假定,ga3 tin4
後宮,heu4 giung1
正印,zin4 yin4
走難,zeu3 lan4
伏線,fuk6 sien4
之後都,zu1 heu4 du1
平方,pin2 fong1
爛仔,lan4 zai3
聽電話,tang4 tien4 va4
接電話,ziap5 tien4 va4
月中,ngiet6 zung1
貴婦,gui4 fu4
掃射,sau4 sa4
正本,zin4 bun3
戒毒,gai4 tuk6
自以為是,cu4 yi1 vui2 si4
好死,hau3 si3
賤種,cien4 zung3
讀緊,tuk6 gin3
精密,zin1 mit6
反送中,fan3 sung4 zung1
交情,gau1 cin2
以為你,yi1 vui2 li3
防震,fong2 zin3
手推車,siu3 tui1 ca1
平成,pin2 sin2
雜種,cap6 zung3
布丁,bu4 den1
落到,lok6 dau4
佢已經,gi2 yi3 gin1
你識,li3 sit5
重臨,cung2 lim2
聽下,tang4 ha4
集齊,sip6 ce2
換轉,von4 zon4
打消,da3 siau1
打火機,da3 fo3 gi1
封頂,fung1 dang3
精髓,zin1 sui3
食慾,sit6 yuk6
之後再,zu1 heu4 zai4
好諗,hau3 lem3
如估要,yi2 gu3 yau4
如果要,yi2 go3 yau4
拼圖,pin4 tu2
六日,luk5 ngit5
好好笑,hau3 hau3 siau4
所以要,so3 yi1 yau4
啱聽,ngam1 tang4
聯交所,lien2 gau1 so3
直屬,cit6 suk6
伏筆,fuk6 bit5
膳食,sien4 sit6
層出不窮,cen2 cut5 but5 kiung2
重讀,cung2 tuk6
聽佢,tang4 gi2
秋後算帳,ciu1 heu4 son4 zong4
秋後算賬,ciu1 heu4 son4 zong4
滿佈,man1 bu4
三個月,sam1 go4 ngiet6
成敗,sin2 pai4
影響到,yang3 hiong3 dau4
他朝,ta1 zau1
正比,zin4 bi3
生命力,sang1 min4 lit6
暴躁,pau4 cau4
最正,zui4 zang4
經緯,gin1 vui3
多時間,do1 si2 gan4
散場,san4 cong2
量刑,liong4 hin2
長方形,cong2 fong1 hin2
唔好比,m1 hau3 bi3
唔撈,m1 lau1
守將,siu3 ziong4
人心惶惶,ngin2 sim1 fong2 fong2
醜惡,ciu3 ok5
都好好,du1 hau3 hau3
人道毀滅,ngin2 tau4 fui3 miet6
打磨,da3 mo2
嘅感覺,e4 gam3 gok5
難看,lan2 kon4
相擁,siong1 yung3
更加唔,gen4 ga1 m1
好多年,hau3 do1 ngien2
壞話,fai4 va4
你最,li3 zui4
等下,den3 ha4
又好似,yiu4 hau3 su4
重逢,cung2 fung2
我驚,ngo1 giang1
相好,siong1 hau3
我覺得係,ngo1 gok5 det5 he4
你隻,li3 zak5
輕重,kiang1 cung1
喻為,yi4 vui2
打中,da3 zung4
個人覺得,go4 ngin2 gok5 det5
道友,tau4 yiu1
只限於,zit5 han4 yi1
參展,cam1 zien3
冇時,mau2 si2
惡作劇,ok5 zok5 kiak6
實話,sit6 va4
中旬,zung1 sun2
要放,yau4 fong4
車資,ca1 zu1
心淡,sim1 tam1
消磨,siau1 mo2
重病,cung1 piang4
強弱,kiong2 ngiok6
順應,sun4 yin4
調停,tiau2 tin2
中港台,zung1 gong3 toi2
挖角,vat5 gok5
請你,ciang3 li3
長青,cong2 ciang1
三大,sam1 tai4
答你,dap5 li3
中巴,zung1 ba1
冇到,mau2 dau4
共處,kiung4 cu4
憑藉,pin2 cit6
相聚,siong1 ci4
執照,zip5 zau4
應該都係,yin1 goi1 du1 he4
條命,tiau2 miang4
要收,yau4 siu1
牽強,kien1 kiong3
少數民族,sau3 su4 min2 cuk6
推卸,tui1 sia4
左上,zo3 song4
一兩個,yit5 liong1 go4
惋惜,van3 sit5
選定,sien3 tin4
擊落,git5 lok6
好嗎,hau3 ma3
行得,hang2 det5
要事,yau4 su4
真係好好,zin1 he4 hau3 hau3
志同道合,zi4 tung2 tau4 hap6
點打,diam3 da3
之後我,zu1 heu4 ngo1
參拜,cam1 bai4
重擊,cung1 git5
糾結,giu3 giet5
應考,yin4 kau3
修長,siu1 cong2
成條,sang2 tiau2
係驚,he4 giang1
邊度有,bien1 tu4 yiu1
冇理,mau2 li1
曲解,kiuk5 gai3
晚晚,man1 man1
除名,cu2 min2
奠定,tien4 tin4
皺紋,zeu4 vun2
定向,tin4 hiong4
保鮮,bau3 sien1
我一定,ngo1 yit5 tin4
外相,ngoi4 siong4
一瞬間,yit5 sun4 gan1
拼搏,pin4 bok5
只准,zit5 zun3
愛丁堡,oi4 den1 bau3
行出,hang2 cut5
可能要,ko3 len2 yau4
腸道,cong2 tau4
慌張,fong1 zong1
要塞,yau4 soi4
輸打贏要,su1 da3 yang2 yau4
就係你,ciu4 he4 li3
兩隊,liong1 dui4
要改,yau4 goi3
頂頭,din3 teu2
應市,yin4 si1
自己諗,cu4 gi3 lem3
要素,yau4 su4
斷氣,ton1 hi4
坐牢,co4 lau2
講兩句,gong3 liong1 gi4
利淡,li4 tam4
玩味,van4 mui4
好大機會,hau3 tai4 gi1 fui4
諗諗,lem3 lem3
精美,zin1 mui1
就近,ciu4 kiun4
準備好,zun3 pi4 hau3
信你,sin4 li3
係靚,he4 liang4
打拼,da3 pin4
好傾,hau3 kin1
點都要,diam3 du1 yau4
唔聽,m1 tang4
本末倒置,bun3 mat6 dau3 zi4
間屋,gan1 vuk5
張力,zong1 lit6
有冇諗,yiu1 mau2 lem3
量力而為,liong4 lit6 yi2 vui2
凹凸,ngiap5 tut6
卡士,ka1 si3
行善,hang2 sen4
真係好正,zin1 he4 hau3 zang4
無能為力,vu2 len2 vui2 lit6
夜更,ya4 gang1
錯漏,co4 leu4
覺醒,gok5 siang3
核酸,het6 son1
好市,hau3 si1
滿面,man1 mien4
取經,ci3 gin1
係讀,he4 tuk6
散心,san4 sim1
怕怕,pa4 pa4
執生,zip5 sang1
點解可以,diam3 gai3 ko3 yi1
強心針,kiong2 sim1 zim1
較好,gau4 hau3
少啲,sau3 tit6
相等,siong1 den3
勝地,sin4 ti4
對質,dui4 zit5
有需要,yiu1 si1 yau4
月結單,ngiet6 giet5 dan1
一意孤行,yit5 yi4 gu1 hang2
中坑,zung1 hang1
電話卡,tien4 va4 kat6
好低,hau3 dai1
拳打腳踢,kien2 da3 giok5 tiak5
不曾,but5 cen2
年齡層,ngien2 lin2 cen2
傍身,pong2 sin1
中傷,zung4 song1
不如你,but5 yi2 li3
好客,hau4 hak5
身後事,sin1 heu4 su4
影衰,yang3 soi1
填滿,tien2 man1
感應器,gam3 yin4 hi4
當政,dong1 zin4
好小,hau3 siau3
富户,fu4 fu4
餵食,vui4 sit6
胞弟,bau1 ti4
冷處理,lang1 cu4 li1
投資銀行,teu2 zu1 ngiun2 hong2
憤青,fun3 ciang1
提款卡,ti2 kan3 kat6
都聽,du1 tang4
要對,yau4 dui4
中化,zung1 fa4
殘暴,can2 pau4
三圍,sam1 vui2
醒你,siang3 li3
暴斃,pau4 bi4
探病,tam4 piang4
三峽,sam1 hiap6
手無寸鐵,siu3 vu2 cun4 tiet5
之後又,zu1 heu4 yiu4
好耐冇,hau3 lai4 mau2
兩件,liong1 kien4
大家唔好,tai4 ga1 m1 hau3
冇見,mau2 gien4
必經,bit5 gin1
係最好,he4 zui4 hau3
幕後黑手,mok5 heu4 het5 siu3
冰毒,ben1 tuk6
平方公里,pin2 fong1 gung1 li1
要唔要,yau4 m1 yau4
皺眉,zeu4 mi2
錦上路,gim3 song4 lu4
繞道,ngiau3 tau4
好悶,hau3 mun4
正係,zin4 he4
拖車,to1 ca1
交功課,gau1 gung1 ko4
斷言,ton4 ngien2
一層,yit5 cen2
青春期,ciang1 cun1 ki2
禮拜六,li1 bai4 luk5
喪生,song4 sang1
聽力,tin4 lit6
倒米,dau3 mi3
施行,si1 hang2
係唔係應該,he4 m1 he4 yin1 goi1
打從,da3 cung2
行去,hang2 hi4
拍掌,pok5 zong3
想聽,siong3 tang4
冇啦,mau2 la1
咩意思,me1 yi4 su1
跟從,gen1 cung2
冇所謂,mau2 so3 vui4
隆重,lung2 cung4
保平安,bau3 pin2 on1
好簡單,hau3 gan3 dan1
家中,ga1 zung1
淡然,tam4 yen2
都好難,du1 hau3 lan2
影壇,yang3 tan2
好買,hau3 mai1
好些,hau3 sia1
實冇,sit6 mau2
箇中,go4 zung1
少主,sau4 zu3
已經唔係,yi3 gin1 m1 he4
要學,yau4 hok6
成隻,sang2 zak5
路經,lu4 gin1
轉嫁,zon3 ga4
唔好諗,m1 hau3 lem3
最後都係,zui4 heu4 du1 he4
大個仔,tai4 go4 zai3
好廢,hau3 fui4
太好,tai4 hau3
中印,zung1 yin4
都係冇,du1 he4 mau2
逆行,ngiak6 hang2
較量,gau4 liong4
間斷,gan4 ton4
成材,sin2 coi2
係好事,he4 hau3 su4
三點式,sam1 diam3 sit5
呈交,cin2 gau1
霧霾,vu4 mai2
是你,si4 li3
鐵票,tiet5 piau4
純正,sun2 zin4
好型,hau3 hin2
圖畫,tu2 fa4
個男仔,go4 lam2 zai3
行禮,hang2 li1
遠勝,yen3 sin4
討回公道,tau3 fui2 gung1 tau4
慰安婦,vui3 on1 fu4
後裔,heu4 yi3
指使,zi3 si3
場上,cong2 song4
衣食,yi1 sit6
成條街,sang2 tiau2 gai1
雷暴,lui2 pau4
再打,zai4 da3
都差唔多,du1 ca1 m1 do1
長處,cong2 cu4
一頭霧水,yit5 teu2 vu4 sui3
遲下,ci2 ha4
專車,zon1 ca1
新丁,sin1 den1
擇偶,cak6 ngeu3
行下,hang2 ha4
一段時間,yit5 ton4 si2 gan4
敗仗,pai4 zong4
有諗,yiu1 lem3
打頭陣,da3 teu2 cin4
三四,sam1 si4
散文,san3 vun2
疏導,so1 tau3
已經可以,yi3 gin1 ko3 yi1
聖誕卡,sin4 dan4 kat6
滿載,man1 zoi4
同場加映,tung2 cong2 ga1 yang3
譽為,yi4 vui2
面上,mien4 song4
雞蛋仔,gai1 tan4 zai3
攪拌,gau3 pan4
是因為,si4 yin1 vui4
仲要唔,cung4 yau4 m1
你以為,li3 yi1 vui2
實至名歸,sit6 zi4 min2 gui1
刻劃,kat5 vak6
刻畫,kat5 vak6
闊落,fat5 lok6
起行,hi3 hang2
散佈,san4 bu4
傷重,song1 cung1
轉校,zon4 gau3
年滿,ngien2 man1
用下,yung4 ha4
硬仗,ngang4 zong4
錯手,co4 siu3
成堆,sang2 doi1
祝你,zuk5 li3
衰落,soi1 lok6
海參,hoi3 sem1
你依家,li3 yi1 ga1
你而家,li3 yi2 ga1
乾糧,gon1 liong2
斷層,ton1 cen2
重金屬,cung1 gim1 suk6
係唔係冇,he4 m1 he4 mau2
寡婦,ga3 fu4
唔重,m1 cung1
成家立室,sin2 ga1 lip6 sit5
國難,get5 lan4
要換,yau4 von4
都驚,du1 giang1
冇機會,mau2 gi1 fui4
背書,poi4 su1
卡車,ka1 ca1
平平無奇,pin2 pin2 vu2 ki2
想轉,siong3 zon3
好平,hau3 pin2
食字,sit6 su4
好痛,hau3 tung4
意食,yi4 sit6
應該可以,yin1 goi1 ko3 yi1
生怕,sang1 pa4
實好多,sit6 hau3 do1
倒車,dau4 ca1
好眼,hau3 ngan3
人呢,ngin2 le1
後盾,heu4 tun3
你未,li3 vui4
仲諗住,cung4 lem3 cu4
好似仲,hau3 su4 cung4
佢兩個,gi2 liong1 go4
有間,yiu1 gan1
食油,sit6 yiu2
破處,po4 cu3
重兵,cung1 bin1
心中有數,sim1 zung1 yiu1 su4
有冇諗過,yiu1 mau2 lem3 go4
消散,siau1 san4
格調,gak5 tiau4
建議你,gien4 ngi4 li3
定食,tin4 sit6
打沉,da3 cim2
有唔少,yiu1 m1 sau3
遇難,ngi4 lan4
你走,li3 zeu3
尋仇,cim2 siu2
定格,tin4 gak5
鑽戒,zon4 gai4
上訴人,song4 su4 ngin2
我同你,ngo1 tung2 li3
使者,si4 za3
貴重,gui4 cung4
唔好做,m1 hau3 zo4
鋪天蓋地,pu1 tien1 goi4 ti4
代名詞,toi4 min2 cu2
孖生,ma1 sang1
凝重,ngien2 cung4
停車,tin2 ca1
係錯,he4 co4
有錯,yiu1 co4
係因為佢,he4 yin1 vui4 gi2
唔好搞,m1 hau3 gau3
非正式,fui1 zin4 sit5
三隻,sam1 zak5
機鐵,gi1 tiet5
乜事,mak5 su4
上面有,song4 mien4 yiu1
淡季,tam4 gui4
聽人,tang4 ngin2
聽人,tin4 ngin2
結案,giet5 on4
拚命,pin4 min4
適中,sit5 zung1
叫喊,giau4 ham4
凝視,ngien2 si4
轉帳,zon3 zong4
馬鐵,ma1 tiet5
平過,pin2 go4
因為呢,yin1 vui4 le1
要考,yau4 kau3
冇其他,mau2 ki2 ta1
上期,song4 ki2
偷聽,teu1 tang4
打翻,da3 fan1
水道,sui3 tau4
署名,su4 miang2
呼喊,fu1 ham4
可惡,ko3 vu4
仲要有,cung4 yau4 yiu1
都難,du1 lan2
有車,yiu1 ca1
兩球,liong1 kiu2
傳票,con2 piau4
疏離,so1 li2
火上加油,fo3 song4 ga1 yiu2
係一定,he4 yit5 tin4
成套,sang2 tau4
道士,tau4 si3
落手落腳,lok6 siu3 lok6 giok5
不擇手段,but5 cak6 siu3 ton4
衣食住行,yi1 sit6 cu4 hang2
似曾相識,su4 cen2 siong1 sit5
長情,cong2 cin2
膽量,dam3 liong4
平原,pin2 ngien2
不以為然,but5 yi1 vui2 yen2
叫咩,giau4 me1
苛刻,ko1 ket5
轉折,zon3 ziet5
蛇頭,sa2 teu2
放射,fong4 sa4
名利,min2 li4
交戰,gau1 zien4
一事無成,yit5 su4 vu2 sin2
背道而馳,boi4 tau4 yi2 ci2
重光,cung2 gong1
要跟,yau4 gen1
大笨象,tai4 bun4 siong4
一齊去,yit5 ce2 hi4
食白果,sit6 pak6 go3
之後佢,zu1 heu4 gi2
煲仔飯,bau1 zai3 fan4
改正,goi3 zin4
打燈,da3 den1
纏繞,cien2 ngiau3
好掛住,hau3 ga4 cu4
冇買,mau2 mai1
食個,sit6 go4
正字,zin4 su4
好後,hau3 heu4
沖淡,cung1 tam1
包抄,bau1 cau1
頑強,ngan2 kiong2
好似我,hau3 su4 ngo1
要拎,yau4 lang2
乜水,mak5 sui3
美中不足,mui1 zung1 but5 zuk5
差天共地,ca1 tien1 kiung4 ti4
有機可乘,yiu1 gi1 ko3 sin2
刻板,kat5 ban3
不屈,but5 kiut5
比拼,bi3 pin4
今鋪,gim1 pu1
我真係好,ngo1 zin1 he4 hau3
都係因為,du1 he4 yin1 vui4
仇家,siu2 ga1
打定輸數,da3 tin4 su1 su4
經期,gin1 ki2
致命傷,zi4 min4 song1
驅逐艦,ki1 cuk6 lam4
少婦,sau4 fu4
當差,dong1 cai1
倒後,dau4 heu4
繁華,fan2 fa2
為他,vui4 ta1
好靜,hau3 cin4
冇法,mau2 fap5
難堪,lan2 kam1
名門,min2 mun2
交際,gau1 zi4
噴射機,pun4 sa4 gi1
環繞,van2 ngiau3
貨仔,fo4 zai3
少不免,sau3 but5 men1
擔大旗,dam1 tai4 ki2
另行,lang4 hang2
斷送,ton4 sung4
講錯,gong3 co4
手車,siu3 ca1
仇視,siu2 si4
是要,si4 yau4
大家一齊,tai4 ga1 yit5 ce2
暴君,pau4 giun1
好憎,hau3 zen1
執筆,zip5 bit5
斷交,ton1 gau1
妖精,yau1 zin1
之後有,zu1 heu4 yiu1
是為,si4 vui4
為所欲為,vui2 so3 yuk6 vui2
一路上,yit5 lu4 song4
壽終正寢,siu4 zung1 zin4 cim3
站長,zam4 zong3
入定,ngip6 tin4
再會,zai4 fui4
腳踏實地,giok5 tap6 sit6 ti4
冇好,mau2 hau3
咩名,me1 min2
無解,vu2 gai3
私處,su1 cu4
要識,yau4 sit5
條鐵,tiau2 tiet5
運轉,yun4 zon4
整定,zin3 tin4
順風車,sun4 fung1 ca1
兩邊都,liong1 bien1 du1
解救,gai3 giu4
少不了,sau3 but5 liau3
精神健康,zin1 sin2 kien4 kong1
度度,tu4 tu4
比較好,bi3 gau4 hau3
一無是處,yit5 vu2 si4 cu3
行刑,hang2 hin2
一應,yit5 yin4
家傳,ga1 con2
跟你,gen1 li3
夠打,geu4 da3
都唔使,du1 m1 su3
都冇咩,du1 mau2 me1
慘淡,cam3 tam4
唔諗,m1 lem3
修好,siu1 hau3
只怪,zit5 gai4
見家長,gien4 ga1 zong3
一轉,yit5 zon4
買咩,mai1 me1
飽滿,bau3 man1
喪命,song4 min4
呃飯食,ak5 fan4 sit6
唔好俾,m1 hau3 bi1
漂流,piau1 liu2
使唔使,su3 m1 su3
尋晚,cim2 man1
更有,gang1 yiu1
一時三刻,yit5 si2 sam1 ket5
經文,gin1 vun2
好多都係,hau3 do1 du1 he4
多不勝數,do1 but5 sin1 su4
要小心,yau4 siau3 sim1
闊度,fat5 tu4
穩重,vun3 cung4
真係覺,zin1 he4 gok5
周旋,ziu1 sien2
就即刻,ciu4 zit5 ket5
頂得順,din3 det5 sun4
要推,yau4 tui1
讀過,tuk6 go4
點解有,diam3 gai3 yiu1
應節,yin4 ziet5
其實好多,ki2 sit6 hau3 do1
間間,gan1 gan1
用處,yung4 cu4
跌落,diet5 lok6
致勝,zi4 sin4
阻差辦公,zo3 cai1 pan4 gung1
沉降,cim2 gong4
長氣,cong2 hi4
後手,heu4 siu3
以後唔,yi1 heu4 m1
接二連三,ziap5 ngi4 lien2 sam1
執雞,zip5 gai1
丁權,den1 kien2
一件事,yit5 kien4 su4
腎臟,sin4 cong4
行文,hang2 vun2
兩者,liong1 za3
你我,li3 ngo1
真係好多,zin1 he4 hau3 do1
污水處理,vu1 sui3 cu3 li1
福士,fuk5 si3
真係覺得,zin1 he4 gok5 det5
烏茲別克,vu1 zu1 piet6 ket5
又成,yiu4 sin2
打交道,da3 gau1 tau4
食緊,sit6 gin3
鐵定,tiet5 tin4
斷尾,ton1 mui1
應援,yin4 yen1
戇居,ngong4 gi1
最平,zui4 pin2
後數,heu4 su4
華山,fa2 san1
勞力士,lau2 lit6 su4
屬意,suk6 yi4
伏擊,fuk6 git5
又覺,yiu4 gok5
意會,yi4 fui4
錯愕,co4 ngok6
地名,ti4 miang2
你搞,li3 gau3
勁好,gin4 hau3
盡興,cin4 hin4
好快就,hau3 kai4 ciu4
應訊,yin4 sin4
閃卡,sam3 kat6
交人,gau1 ngin2
債仔,zai4 zai3
最低限度,zui4 dai1 han4 tu4
驚呼,gin1 fu1
心滿意足,sim1 man1 yi4 zuk5
好咩,hau3 me1
食住,sit6 cu4
聽得,tang4 det5
支持你,zi1 ci2 li3
成本效益,sin2 bun3 hau4 yit5
興旺,hin1 vong4
背住,boi4 cu4
吹咩,cui1 me1
交差,gau1 cai1
你一個,li3 yit5 go4
你俾,li3 bi1
死頂,si3 din3
着緊,cok6 gin3
點相,diam3 siong4
時光倒流,si2 gong1 dau3 liu2
打俾,da3 bi1
行行企企,hang2 hang2 ki1 ki1
土著,tu3 zu4
全長,cien2 cong2
你是,li3 si4
金卡,gim1 kat6
隨行,sui2 hang2
後頭,heu4 teu2
懼怕,ki3 pa4
台仔,toi2 zai3
但係你,tan4 he4 li3
耳塞,ngi3 set5
兩間,liong1 gan1
打佢,da3 gi2
有好多人,yiu1 hau3 do1 ngin2
你放,li3 fong4
你已經,li3 yi3 gin1
四驅車,si4 ki1 ca1
正題,zin4 ti2
難打,lan2 da3
撥亂反正,pat5 lon4 fan3 zin4
重頭戲,cung1 teu2 hi4
好漢,hau3 hon4
又覺得,yiu4 gok5 det5
千祈唔好,cien1 ki2 m1 hau3
請食飯,ciang3 sit6 fan4
禁運,gim4 yun4
折斷,ziet5 ton1
感覺好,gam3 gok5 hau3
驚天,gin1 tien1
就算你,ciu4 son4 li3
主食,zu3 sit6
要繼續,yau4 gi4 suk6
冇辦法,mau2 pan4 fap5
可卡因,ko3 ka1 yin1
傳輸,con2 su1
畫師,fa4 su1
監倉,gam1 cong1
又打,yiu4 da3
嗅覺,ciu4 gok5
周轉,ziu1 zon3
馬後炮,ma1 heu4 pau4
觀眾緣,gon1 zung4 yen2
雪上加霜,siet5 song4 ga1 song1
只愛,zit5 oi4
鴨仔,ap5 zai3
波士,bo1 si3
慰藉,vui3 cit6
照應,zau4 yin4
就諗,ciu4 lem3
假名,ga3 min2
自相矛盾,cu4 siong1 mau2 tun3
過錯,go4 co4
冇再,mau2 zai4
其實冇,ki2 sit6 mau2
平板電腦,pin2 ban3 tien4 lau3
不經意,but5 gin1 yi4
重地,cung4 ti4
打轉,da3 zon3
鬆散,sung1 san3
強忍,kiong3 ngiun1
你不如,li3 but5 yi2
相逢,siong1 fung2
行騙,hang2 pien4
食埋,sit6 mai2
天命,tien1 min4
轉波,zon4 bo1
無中生有,vu2 zung1 sang1 yiu1
運載,yun4 zoi4
解悶,gai3 mun4
打法,da3 fap5
都好想,du1 hau3 siong3
使到,su3 dau4
覺得個,gok5 det5 go4
如估冇,yi2 gu3 mau2
如果冇,yi2 go3 mau2
耕耘,gang1 yun2
愛惜,oi4 sit5
食量,sit6 liong4
橫向,vang2 hiong4
交心,gau1 sim1
交集,gau1 sip6
少之又少,sau3 zu1 yiu4 sau3
正貨,zin4 fo4
上菜,song4 coi4
校監,gau3 gam1
定力,tin4 lit6
唔係咩,m1 he4 me1
失散,sit5 san4
幻影,fam4 yang3
戰將,zien4 ziong4
巴打係,ba1 da3 he4
講得好,gong3 det5 hau3
佢覺得,gi2 gok5 det5
滑行,vat6 hang2
取名,ci3 min2
拜會,bai4 fui4
多好多,do1 hau3 do1
食藥,sit6 yok6
最難,zui4 lan2
自力更生,cu4 lit6 gang1 sang1
好爽,hau3 song3
車龍,ca1 lung2
婦孺,fu4 yi2
時時刻刻,si2 si2 kat5 ket5
時時刻刻,si2 si2 ket5 kat5
齊整,ce2 zin3
你收,li3 siu1
部電話,pu4 tien4 va4
交錯,gau1 co4
相交,siong1 gau1
車胎,ca1 toi1
禁足,gim4 zuk5
肢解,zi1 gai3
中華文化,zung1 fa2 vun2 fa4
黑道,het5 tau4
好少少,hau3 sau3 sau3
有道,yiu1 tau4
語調,ngi1 tiau4
中美,zung1 mui1
強迫症,kiong2 bet5 zin4
好怕,hau3 pa4
絕交,ciet6 gau1
都被,du1 pi4
此時此刻,cu3 si2 cu3 ket5
滑稽,vat6 ki1
再諗,zai4 lem3
車線,ca1 sien4
應份,yin1 fun4
應分,yin1 fun4
你再,li3 zai4
青梅竹馬,ciang1 moi2 zuk5 ma1
啲時間,tit6 si2 gan4
重災,cung1 zai1
自己打,cu4 gi3 da3
重振,cung2 zin3
都要有,du1 yau4 yiu1
道謝,tau4 cia4
成個月,sin2 go4 ngiet6
好怪,hau3 gai4
唔好同,m1 hau3 tung2
塞內加爾,soi4 lui4 ga1 li3
打散,da3 san3
芭蕾舞,ba1 lui2 mu3
食晏,sit6 an4
速食,suk5 sit6
成場,sang2 cong2
席間,cit6 gan1
驚你,giang1 li3
靈體,lin2 ti3
大家要,tai4 ga1 yau4
無名指,vu2 min2 zi3
推文,tui1 vun2
改行,goi3 hong2
興致,hin4 zi4
好色,hau4 set5
有冇機,yiu1 mau2 gi1
你連,li3 lien2
生番,sang1 fan1
可以當,ko3 yi1 dong1
嘔血,iu3 hiet5
好慢,hau3 man4
屈辱,kiut5 yuk6
係都要,he4 du1 yau4
不要緊,but5 yau4 gin3
更大,gang1 tai4
係諗住,he4 lem3 cu4
失傳,sit5 con2
混淆視聽,fun3 ngau2 si4 tin4
暴民,pau4 min2
未聽,vui4 tang4
冇人有,mau2 ngin2 yiu1
將佢,ziong1 gi2
鐵絲網,tiet5 su1 miong3
古仔,gu3 zai3
一打,yit5 da1
打後,da3 heu4
有諗過,yiu1 lem3 go4
長成,zong3 sin2
有咩事,yiu1 me1 su4
我都冇,ngo1 du1 mau2
好似得,hau3 su4 det5
震怒,zin3 lu4
好危,hau3 ngui2
天經地義,tien1 gin1 ti4 ngi4
荼毒,tu2 tuk6
波打,bo1 da3
係最後,he4 zui4 heu4
因為係,yin1 vui4 he4
食下,sit6 ha4
以此為,yi1 cu3 vui2
橫傳,vang2 con2
啲打,tit6 da3
學長,hok6 cong2
有打,yiu1 da1
相會,siong1 fui4
伴奏,pan4 zeu4
好愛,hau3 oi4
冇打,mau2 da3
三行,sam1 hong2
道行,tau4 hang2
極地,kit6 ti4
你拎,li3 lang2
要咩,yau4 me1
天平,tien1 pin2
吃驚,ket5 gin1
錦上添花,gim3 song4 tiam1 fa1
只不過係,zit5 but5 go4 he4
毒害,tuk6 hoi4
好衰,hau3 soi1
而你,yi2 li3
熱帶氣旋,ngiet6 dai4 hi4 sien2
要將,yau4 ziong1
你一定,li3 yit5 tin4
讀數,tuk6 su4
好識,hau3 sit5
省長,sen3 zong3
就差,ciu4 ca1
已經講,yi3 gin1 gong3
死士,si3 su4
要啦,yau4 la1
問點解,mun4 diam3 gai3
極光,kit6 gong1
凝固,ngien2 gu4
惡臭,ok5 ciu4
成了,sin2 liau3
背棄,boi4 hi4
重出江湖,cung2 cut5 gong1 fu2
供給,giung1 gip5
最重要係,zui4 cung4 yau4 he4
正正常常,zin4 zin4 song2 song2
古靈精怪,gu3 lin2 zin1 gai4
蠱靈精怪,gu3 lin2 zin1 gai4
鬼靈精怪,gui3 lin2 zin1 gai4
個機會,go4 gi1 fui4
要命,yau4 miang4
唔好買,m1 hau3 mai1
摸頂,mo1 dang3
就係呢,ciu4 he4 le1
隨處,sui2 cu4
拖長,to1 cong2
客仔,hak5 zai3
校工,gau3 gung1
覺得冇,gok5 det5 mau2
平時都,pin2 si2 du1
佢只係,gi2 zit5 he4
三萬,sam1 man4
即係你,zit5 he4 li3
幫下,bong1 ha4
佢成日,gi2 sang2 ngit5
上校,song4 gau4
自己冇,cu4 gi3 mau2
草蜢,cau3 mang1
健力士,kien4 lit6 su4
強暴,kiong2 pau4
冇品,mau2 pin3
青訓,ciang1 hiun4
武將,vu1 ziong4
長頭髮,cong2 teu2 fat5
外行,ngoi4 hong2
講中,gong3 zung4
有運行,yiu1 yun4 hang2
諗清,lem3 cin1
聽你,tang4 li3
都唔差,du1 m1 ca1
應驗,yin4 ngiam4
賣命,mai4 miang4
中英,zung1 yin1
陪你,pui2 li3
鼻塞,pi4 set5
極點,kit6 diam3
命題,min4 ti2
唔係因為,m1 he4 yin1 vui4
跆拳道,toi2 kien2 tau4
打本,da3 bun3
得咩,det5 me1
執輸,zip5 su1
好去處,hau3 hi4 cu3
本身已經,bun3 sin1 yi3 gin1
然後就,yen2 heu4 ciu4
唔易,m1 yi4
冇人理,mau2 ngin2 li1
河道,ho2 tau4
從天而降,cung2 tien1 yi2 gong4
行軍,hang2 giun1
命脈,min4 mak5
憑咩,pin2 me1
倒後鏡,dau4 heu4 giang4
向上,hiong4 song4
上半場,song4 ban4 cong2
大陸仔,tai4 luk6 zai3
好賺,hau3 can4
自命,cu4 min4
俾人打,bi1 ngin2 da3
上官,song4 gon1
一丁,yit5 den1
唔少人,m1 sau3 ngin2
定影,tin4 yang3
經商,gin1 song1
冇興趣,mau2 hin4 ci4
滿天,man1 tien1
屈人,kiut5 ngin2
但好似,tan4 hau3 su4
執董,zip5 dung3
食咩,sit6 me1
執起,zip5 hi3
傳道,con2 tau4
落户,lok6 fu4
慎重,sin3 cung4
兩個鐘,liong1 go4 zung1
要坐,yau4 co4
應該得,yin1 goi1 det5
要整,yau4 zin3
手打,siu3 da3
可以食,ko3 yi1 sit6
唔好食,m1 hau3 sit6
尿道,ngiau4 tau4
運毒,yun4 tuk6
酋長,yiu2 zong3
斷食,ton4 sit6
相通,siong1 tung1
可能你,ko3 len2 li3
怕事,pa4 su4
為伍,vui2 ng3
食糧,sit6 liong2
榜上有名,bong3 song4 yiu1 min2
重審,cung2 sim3
從商,cung2 song1
攞正牌,lo3 zin4 pai2
少過,sau3 go4
番話,fan1 va4
凝聚力,ngien2 ci4 lit6
患難,fam4 lan4
便便,pien4 pien4
你明,li3 min2
冠絕,gon4 ciet6
冇去,mau2 hi4
判斷力,pan4 ton4 lit6
太少,tai4 sau3
乾坤,kien2 kun1
冇行,mau2 hong2
花車,fa1 ca1
惜身,siak5 sin1
將於,ziong1 yi1
唔好亂,m1 hau3 lon4
婦科,fu4 ko1
同埋你,tung2 mai2 li3
不好,but5 hau3
經手,gin1 siu3
時興,si2 hin1
少可,sau3 ko3
好可愛,hau3 ko3 oi4
經濟圈,gin1 zi4 kien1
打對台,da3 dui4 toi2
安居樂業,on1 gi1 lok6 ngiap6
點好,diam3 hau3
唔係冇,m1 he4 mau2
柯打,ko1 da3
應該仲,yin1 goi1 cung4
中二,zung1 ngi4
壁畫,biak5 fa4
乾身,gon1 sin1
行緊,hang2 gin3
成班人,sang2 ban1 ngin2
坐艇,co1 tiang3
近戰,kiun4 zien4
應邀,yin4 yau1
斷纜,ton1 lam4
墜毀,cui4 fui3
娛樂場,ngu2 lok6 cong2
唔好出,m1 hau3 cut5
我好似,ngo1 hau3 su4
行醫,hang2 yi1
成日覺得,sang2 ngit5 gok5 det5
成日覺得,sin2 ngit5 gok5 det5
伯樂,bak5 lok6
驚心,gin1 sim1
烏托邦,vu1 tok5 bong1
食雪糕,sit6 siet5 gau1
盛載,sin2 zoi4
婦產科,fu4 san3 ko1
頭上,teu2 song4
散光,san3 gong1
相安無事,siong1 on1 vu2 su4
塵埃落定,cin4 ai1 lok6 tin4
諗清楚,lem3 cin1 co3
道義,tau4 ngi4
偷影,teu1 yang3
鎚仔,cui2 zai3
學名,hok6 miang2
轉眼間,zon3 ngan3 gan1
近親,kiun4 cin1
齊聲,ce2 sang1
息息相關,sit5 sit5 siong1 gan1
避重就輕,pi4 cung1 ciu4 kiang1
看重,kon4 cung1
上策,song4 cak5
易燃,yi4 yen2
平均值,pin2 giun1 cit6
有下,yiu1 ha4
好期待,hau3 ki2 toi4
好仔,hau3 zai3
調派,tiau4 pai4
輕盈,kiang1 yin2
有張,yiu1 zong1
唔好去,m1 hau3 hi4
輕描淡寫,kiang1 miau2 tam4 sia3
重慶大廈,cung2 kin4 tai4 ha4
禁不住,gim4 but5 cu4
經歷過,gin1 lit6 go4
打冷震,da3 lang1 zin3
唔平,m1 piang2
食蕉,sit6 ziau1
數落,su4 lok6
打直,da3 cit6
遣散,kien3 san4
仲差,cung4 ca1
作惡,zok5 ok5
哪兒,lai4 yi2
婆仔,po2 zai3
差過,ca1 go4
混為一談,fun3 vui2 yit5 tam2
行為不檢,hang2 vui2 but5 giam3
平起平坐,pin2 hi3 pin2 co4
落地獄,lok6 ti4 ngiuk6
自轉,cu4 zon4
不經不覺,but5 gin1 but5 gok5
麻省,ma2 sen3
航道,hong2 tau4
一時之間,yit5 si2 zu1 gan1
亮度,liong4 tu4
廣為,gong3 vui2
諗頭,lem3 teu2
烏溪沙,vu1 kai1 sa1
點諗,diam3 lem3
兩部,liong1 pu4
麻將,ma2 ziong4
內斂,lui4 liam3
朝代,cau2 toi4
射燈,sa4 den1
有影響,yiu1 yang3 hiong3
抄家,cau1 ga1
唔公平,m1 gung1 pin2
鐵皮,tiet5 pi2
調升,tiau4 sin1
好恐怖,hau3 kiung3 bu4
三高,sam1 gau1
中頭獎,zung4 teu2 ziong3
靈敏,lin2 men3
着眼,cok6 ngan3
八達通卡,bat5 tat6 tung1 kat6
親力親為,cin1 lit6 cin1 vui2
霧水,vu4 sui3
拍到,pok5 dau4
墜機,cui4 gi1
不應,but5 yin1
打獵,da3 liap6
四眼仔,si4 ngan3 zai3
更年期,gang1 ngien2 ki2
好清楚,hau3 cin1 co3
類近,lui4 kiun4
搬家,ban1 ga1
鐵道,tiet5 tau4
當住,dong1 cu4
上進心,song4 zin4 sim1
晚安,man1 on1
成婚,sin2 fun1
核數,het6 su4
探究,tam4 giu4
高難,gau1 lan2
敬重,gin4 cung4
得來不易,det5 loi2 but5 yi4
通靈,tung1 lin2
極其量,kit6 ki2 liong4
惡鬥,ok5 deu4
再推,zai4 tui1
參軍,cam1 giun1
少將,sau4 ziong4
長時間,cong2 si2 gan4
課長,ko4 zong3
地攤,ti4 tan1
概要,kai3 yau4
樂事,lok6 su4
唔重要,m1 cung4 yau4
唔好彩,m1 hau3 cai3
背向,boi4 hiong4
儲值卡,su2 cit6 kat6
難得一見,lan2 det5 yit5 gien4
鑽牛角尖,zon4 ngiu2 gok5 ziam1
欺善怕惡,ki1 sen4 pa4 ok5
全相,cien2 siong4
縮影,suk5 yang3
吊命,diau4 miang4
男校,lam2 gau3
冇理由,mau2 li1 yiu2
名份,min2 fun4
名分,min2 fun4
扎鐵,zat5 tiet5
你同我,li3 tung2 ngo1
堅定不移,gien1 tin4 but5 yi2
青天,ciang1 tien1
正到,zang4 dau4
觀測,gon1 cet5
黑卡,het5 kat6
指鹿為馬,zi3 luk6 vui2 ma1
搭乘,dap5 sin2
行乞,hang2 ket5
兩名,liong1 min2
能見度,len2 gien4 tu4
資質,zu1 zit5
好熱,hau3 ngiet6
正方,zin4 fong1
錯配,co4 pui4
滯後,ce4 heu4
三條,sam1 tiau2
泥頭車,lai2 teu2 ca1
度假村,tu4 ga3 cun1
毒癮,tuk6 yin3
落毒,lok6 tuk6
浸浴,zim4 yuk5
矯正,giau3 zin4
精確,zin1 kok5
兩種,liong1 zung3
外省,ngoi4 sen3
藍精靈,lam2 zin1 lin2
處處,cu4 cu3
處處,cu3 cu4
敲定,kau1 tin4
頂癮,din3 yin3
放監,fong4 gam1
習以為常,sip6 yi1 vui2 song2
街拍,gai1 pok5
樂手,ngok6 siu3
都有機會,du1 yiu1 gi1 fui4
自重,cu4 cung4
入境處,ngip6 gin3 cu3
風乾,fung1 gon1
益處,yit5 cu4
乜都冇,mak5 du1 mau2
聊天室,liau2 tien1 sit5
要為,yau4 vui4
順從,sun4 cung2
落客,lok6 hak5
三千,sam1 cien1
生日快樂,sang1 ngit5 kai4 lok6
經痛,gin1 tung4
鞋墊,hai2 tiap6
三百,sam1 bak5
炒散,cau3 san3
派定,pai4 tin4
夜行,ya4 hang2
買定,mai1 tin4
掛名,ga4 miang2
車震,ca1 zin3
平實,pin2 sit6
剝落,bok5 lok6
好得意,hau3 det5 yi4
眼中釘,ngan3 zung1 dang1
側重,zet5 cung4
道地,tau4 ti4
好強,hau3 kiong2
煮飯仔,zu3 fan4 zai3
驚到,giang1 dau4
大打出手,tai4 da3 cut5 siu3
大陣仗,tai4 cin4 cong4
交待,gau1 toi4
食豬,sit6 zu1
雜質,cap6 zit5
好長,hau3 cong2
咩話,me1 va4
見步行步,gien4 pu4 hang2 pu4
即晚,zit5 man1
好奇怪,hau3 ki2 gai4
配種,pui4 zung3
獨當一面,tuk6 dong1 yit5 mien4
部車,pu4 ca1
坐姿,co4 zu1
上乘,song4 sin4
掃興,sau4 hin4
好熟,hau3 suk6
一夜之間,yit5 ya4 zu1 gan1
濫交,lam4 gau1
高強,gau1 kiong2
想喊,siong3 ham4
會社,fui4 sa1
長命百歲,cong2 miang4 bak5 soi4
離間,li2 gan4
架撐,ga4 cang1
結他手,giet5 ta1 siu3
差少少,ca1 sau3 sau3
三軍,sam1 giun1
巴打們,ba1 da3 mun2
海難,hoi3 lan4
天婦羅,tien1 fu4 lo2
交數,gau1 su4
殺你,sat5 li3
吊車,diau4 ca1
成衣,sin2 yi1
讀書人,tuk6 su1 ngin2
成見,sin2 gien4
磨滅,mo2 miet6
禁書,gim4 su1
散仔,san3 zai3
對調,dui4 tiau4
相親,siong1 cin1
車死,ca1 si3
唔好放,m1 hau3 fong4
麥樂雞,mak6 lok6 gai1
打得好,da3 det5 hau3
白話,pak6 va4
昏倒,fun1 dau3
毛公仔,mau1 gung1 zai3
山長水遠,san1 cong2 sui3 yen3
袋袋平安,toi4 toi4 pin2 on1
感覺到,gam3 gok5 dau4
臉紅,liam3 fung2
十三,sip6 sam1
前後腳,cien2 heu4 giok5
打撈,da3 leu2
點解冇,diam3 gai3 mau2
中台,zung1 toi2
暴利,pau4 li4
冇解,mau2 gai3
落海,lok6 hoi3
臉龐,liam3 pong2
評定,pin2 tin4
暗地裏,am4 ti4 li1
背地裏,boi4 ti4 li1
袖手旁觀,ciu4 siu3 pong2 gon1
淡忘,tam4 mong4
包車,bau1 ca1
調轉,tiau4 zon3
其實已經,ki2 sit6 yi3 gin1
烏雞,vu1 gai1
避難所,pi4 lan4 so3
同種,tung2 zung3
轉述,zon3 sut6
撈起,lau1 hi3
敲打,kau1 da3
雕刻,diau1 ket5
影圈,yang3 kien1
執拾,zip5 sip6
轉圈,zon4 kien1
重陽節,cung2 yong2 ziet5
記憶卡,gi4 yit5 kat6
相依為命,siong1 yi1 vui2 min4
好力,hau3 lit6
解藥,gai3 yok6
一推,yit5 tui1
手中,siu3 zung1
調職,tiau4 zit5
拍過,pok5 go4
百家樂,bak5 ga1 lok6
只見,zit5 gien4
看齊,kon4 ce2
必中,bit5 zung4
冇壞,mau2 fai4
唔方便,m1 fong1 pien4
唔適合,m1 sit5 hap6
問道,mun4 tau4
太差,tai4 ca1
相伴,siong1 pan4
摘要,zak5 yau4
執意,zip5 yi4
三角戀,sam1 gok5 lien4
堂堂正正,tong2 tong2 zin4 zin4
季經,gui4 gin1
平啲,piang2 tit6
正義感,zin4 ngi4 gam3
便是,pien4 si4
探頭,tam4 teu2
真好,zin1 hau3
鄭重,cang4 cung4
要麼,yau4 mo1
婉轉,von3 zon3
好勝,hau4 sin4
大部分人,tai4 pu4 fun4 ngin2
唔好理,m1 hau3 li1
唔見你,m1 gien4 li3
為咩,vui2 me1
之處,zu1 cu4
倒影,dau3 yang3
毒奶,tuk6 lai1
好命,hau3 miang4
惡霸,ok5 ba4
冠名,gon4 min2
校規,gau3 gui1
一兩年,yit5 liong1 ngien2
覓食,met5 sit6
探監,tam4 gam1
伙食,fo3 sit6
解毒,gai3 tuk6
乜春,mak5 cun1
探班,tam4 ban1
很好,hen3 hau3
屈居,kiut5 gi1
震倉,zin3 cong1
風行,fung1 hang2
味噌,mui4 zen1
享樂,hiong3 lok6
中階,zung1 gai1
查核,ca2 het6
前前後後,cien2 cien2 heu4 heu4
混凝土,fun3 ngien2 tu3
門户,mun2 fu4
誘使,yiu3 si3
三點,sam1 diam3
黃種人,vong2 zung3 ngin2
兩萬,liong1 man4
食道,sit6 tau4
賽後,soi4 heu4
搭巴士,dap5 ba1 si3
驚魂,gin1 fun2
最主要,zui4 zu3 yau4
助紂為虐,co4 ciu4 vui2 ngiok5
仰慕,ngiong1 mu4
好記得,hau3 gi4 det5
稀疏,hi1 so1
改道,goi3 tau4
好後悔,hau3 heu4 fui4
凶多吉少,hiung1 do1 git5 sau3
浪費時間,long4 fui4 si2 gan4
毅進仔,ngi4 zin4 zai3
少個,sau3 go4
正方形,zin4 fong1 hin2
定驚,tin4 gin1
落難,lok6 lan4
惡補,ok5 bu3
勝局,sin4 kiuk6
梅毒,moi2 tuk6
疲於奔命,pi2 yi1 bun1 min4
回心轉意,fui2 sim1 zon3 yi4
迴心轉意,fui2 sim1 zon3 yi4
靚過,liang4 go4
腦震盪,lau3 zin3 tong4
短時間,don3 si2 gan4
斷背,ton4 boi4
轉做,zon3 zo4
成身,sin2 sin1
陰乾,yim1 gon1
劇毒,kiak6 tuk6
惶恐,fong2 kiung3
觀望態度,gon1 mong4 tai4 tu4
核能,het6 len2
圍威喂,vui2 vui1 vui3
防不勝防,fong2 but5 sin1 fong2
後母,heu4 mu1
娛樂版,ngu2 lok6 ban3
水滴,sui3 tit6
做好心,zo4 hau3 sim1
省份,sen3 fun4
最怕,zui4 pa4
打真軍,da3 zin1 giun1
扭波,ngiu3 bo1
食自己,sit6 cu4 gi3
上繳,song4 giau3
大要,tai4 yau4
莎士比亞,sa1 su4 bi3 a1
青黃不接,ciang1 vong2 but5 ziap5
交吉,gau1 git5
頃刻,ken3 kat5
打圈,da3 kien1
讀熟,tuk6 suk6
熟讀,suk6 tuk6
不人道,but5 ngin2 tau4
人精,ngin2 zin1
微電影,mi2 tien4 yang3
小吃,siau3 ket5
咩關係,me1 gan1 he4
只想,zit5 siong3
公車,gung1 ca1
藝名,ngi4 miang2
中古,zung1 gu3
中庭,zung1 tin2
兩回事,liong1 fui2 su4
好擔心,hau3 dam1 sim1
已成,yi3 sin2
過度活躍,go4 tu4 fat6 yok5
美其名,mui1 ki2 min2
幸災樂禍,hen4 zai1 lok6 fo4
心想事成,sim1 siong3 su4 sin2
青馬大橋,ciang1 ma1 tai4 kiau2
虛名,hi1 min2
引以為傲,yin3 yi1 vui2 ngau4
極大,kit6 tai4
一拍即合,yit5 pok5 zit5 hap6
識你,sit5 li3
善惡,sen4 ok5
研討,ngan3 tau3
轉生,zon3 sang1
覺唔覺,gau4 m1 gau4
轉達,zon3 tat6
多名,do1 min2
當之無愧,dong1 zu1 vu2 kui3
解決到,gai3 giet5 dau4
又靚,yiu4 liang4
平排,pin2 pai2
推舉,tui1 gi3
參透,cam1 teu4
好過佢,hau3 go4 gi2
警務處,gin3 vu4 cu3
兩三個,liong1 sam1 go4
定局,tin4 kiuk6
垂青,sui2 ciang1
多張,do1 zong1
校務,gau3 vu4
食腦,sit6 lau3
佔中,zam4 zung1
已被,yi3 pi4
當黑,dong1 het5
機車,gi1 ca1
癖好,pit5 hau4
毒殺,tuk6 sat5
嶺南大學,liang3 lam2 tai4 hok6
好歹,hau3 dai3
冇埋,mau2 mai2
嶺大,liang1 tai4
大差,tai4 cai1
頭車,teu2 ca1
夢想成真,mung4 siong3 sin2 zin1
情不自禁,cin2 but5 cu4 gim4
當務之急,dong1 vu4 zu1 gip5
大打折扣,tai4 da3 ziet5 keu4
大三元,tai4 sam1 ngien2
失驚無神,sit5 giang1 vu2 sin2
聽落,tang4 lok6
頂點,din3 diam3
忽然間,fut5 yen2 gan1
忽然之間,fut5 yen2 zu1 gan1
畫廊,fa4 long2
產婦,san3 fu4
短傳,don3 con2
唔好打,m1 hau3 da3
稀少,hi1 sau3
好喇,hau3 la2
好舒服,hau3 su1 fuk6
六個,luk5 go4
洗潔精,se3 giet5 zin1
好緊張,hau3 gin3 zong1
冇見過,mau2 gien4 go4
諗得,sim3 det5
監護人,gam1 fu4 ngin2
應唔應該,yin1 m1 yin1 goi1
屈就,kiut5 ciu4
好唔同,hau3 m1 tung2
仰望,ngiong1 mong4
朗讀,long3 tuk6
成風,sin2 fung1
東道主,dung1 tau4 zu3
更是,gang1 si4
餘震,yi2 zin3
馬經,ma1 gin1
最靚,zui4 liang4
讀取,tuk6 ci3
一路好走,yit5 lu4 hau3 zeu3
中譯,zung1 yit6
三場,sam1 cong2
重挫,cung1 co4
釐定,li2 tin4
精湛,zin1 zam3
遣散費,kien3 san4 fui4
磅重,pong4 cung1
打趣,da3 ci4
一舉兩得,yit5 gi3 liong1 det5
聽唔到,tang4 m1 dau4
張望,zong1 mong4
核數師,het6 su4 su1
好吸引,hau3 kip5 yin3
年青人,ngien2 ciang1 ngin2
不歡而散,but5 fon1 yi2 san4
想讀,siong3 tuk6
蝴蝶結,fu2 tiap6 giet5
生活態度,sang1 fat6 tai4 tu4
喊到,ham4 dau4
前因後果,cien2 yin1 heu4 go3
坐到,co4 dau4
怪獸家長,gai4 ciu4 ga1 zong3
諗係,lem3 he4
大氣層,tai4 hi4 cen2
氹仔,tem2 zai3
執手尾,zip5 siu3 mui1
定當,tin4 dong4
自立門户,cu4 lip6 mun2 fu4
轉到,zon3 dau4
定息,tin4 sit5
暴風雨,pau4 fung1 yi3
好靚仔,hau3 liang4 zai3
決斷,giet5 ton4
幻聽,fam4 tin4
斬釘截鐵,zam3 dang1 ciet6 tiet5
射到,sa4 dau4
上週,song4 ziu1
折射,ziet5 sa4
中期息,zung1 ki2 sit5
得心應手,det5 sim1 yin4 siu3
純種,sun2 zung3
車上,ca1 song4
第六,ti4 luk5
呢方面,li2 fong1 mien4
畫功,fa4 gung1
二五仔,ngi4 ng3 zai3
顯而易見,hien3 yi2 yi4 gien4
應有,yin1 yiu1
不務正業,but5 vu4 zin4 ngiap6
食齋,sit6 zai1
葵興,kui2 hin1
擺明車馬,bai3 min2 gi1 ma1
浪得虛名,long4 det5 hi1 min2
執過,zip5 go4
多仔,do1 zai3
諗落,lem3 lok6
色相,set5 siong4
乘勝追擊,sin2 sin4 zui1 git5
一網打盡,yit5 miong3 da3 cin4
落點,lok6 diam3
私影,su1 yang3
食相,sit6 siong4
佔上風,zam4 song4 fung1
對落,dui4 lok6
有命,yiu1 miang4
平坦,pin2 tan3
十六,sip6 luk5
鐵礦,tiet5 kang3
平平安安,pin2 pin2 on1 on1
別處,piet6 cu4
重影,cung2 yang3
上一個,song4 yit5 go4
冇記錯,mau2 gi4 co4
火種,fo3 zung3
香港話,hiong1 gong3 va4
好忙,hau3 mong2
未食,vui4 sit6
車卡,ca1 ka1
私校,su1 gau3
重鎮,cung4 zin3
長倉,cong2 cong1
風平浪靜,fung1 pin2 long4 cin4
便裝,pien4 zong1
重擔,cung1 dam4
偏重,pien1 cung4
好極,hau3 kit6
不失為,but5 sit5 vui2
應景,yin4 gin3
用落,yung4 lok6
家常便飯,ga1 song2 pien4 fan4
卵巢,lon3 cau2
冇你,mau2 li3
那種,la3 zung3
台上,toi2 song4
單打獨鬥,dan1 da3 tuk6 deu4
調皮,tiau2 pi2
調走,tiau4 zeu3
圈中人,kien1 zung1 ngin2
五六,ng3 luk5
唔滿意,m1 man1 yi4
閉塞,bi4 set5
打仔,da3 zai3
和聲,fo4 sang1
截斷,ciet6 ton1
就唔使,ciu4 m1 su3
瓦礫,nga3 lit6
最易,zui4 yi4
差到,ca1 dau4
更高,gang1 gau1
嘔吐物,iu3 tu4 vut6
傳來,con2 loi2
諗諗下,lem3 lem3 ha4
內行,lui4 hong2
逃難,tau2 lan4
做成,zo4 sin2
監房,gam1 fong2
好垃圾,hau3 lap5 sap5
想嘔,siong3 iu3
刁難,diau1 lan2
韓仔,hon2 zai3
溶解,yung2 gai3
見好就收,gien4 hau3 ciu4 siu1
病重,piang4 cung4
食草,sit6 cau3
長俸,cong2 fung4
舉足輕重,gi3 zuk5 kiang1 cung1
後患,heu4 fam4
名存實亡,min2 sun2 sit6 mong2
冇膽,mau2 dam3
背景音樂,boi4 gin3 yim1 ngok6
經銷,gin1 siau1
後場,heu4 cong2
古典音樂,gu3 dien3 yim1 ngok6
一成不變,yit5 sin2 but5 bien4
晚期,man1 ki2
扁平,bien3 pin2
係唔係你,he4 m1 he4 li3
好麻煩,hau3 ma2 fan2
馬交,ma1 gau1
兩敗俱傷,liong1 pai4 ki1 song1
最差,zui4 ca1
有傳,yiu1 con2
兩點,liong1 diam3
好少人,hau3 sau3 ngin2
擔驚受怕,dam1 giang1 siu4 pa4
叫咩名,giau4 me1 miang2
六十,luk5 sip6
正文,zin4 vun2
錯處,co4 cu4
傳神,con2 sin2
官話,gon1 va4
險惡,hiam3 ok5
海底隧道,hoi3 dai3 sui4 tau4
名流,min2 liu2
搞好,gau3 hau3
此起彼伏,cu3 hi3 bi3 fuk6
此起彼落,cu3 hi3 bi3 lok6
強隊,kiong2 dui4
中介人,zung1 gai4 ngin2
伴舞,pan4 mu3
斷市,ton1 si1
自把自為,cu4 ba3 cu4 vui2
擺平,bai3 pin2
假使,ga3 si3
味蕾,mui4 lui2
賊仔,cet6 zai3
參政,cam1 zin4
交帶,gau1 dai4
滿心歡喜,man1 sim1 fon1 hi3
正行,zin4 hong2
內應,lui4 yin4
哎喲,ai1 yo3
成就感,sin2 ciu4 gam3
打坐,da3 co4
落鑊,lok6 vok6
慢車,man4 ca1
平滑,pin2 vat6
漂浮,piau1 feu2
打比賽,da3 bi3 soi4
各種各樣,gok5 zung3 gok5 yong4
校花,gau3 fa1
轉機,zon3 gi1
打水,da3 sui3
好閒,hau3 han2
為善,vui2 sen4
無以為繼,vu2 yi1 vui2 gi4
撈亂,lau1 lon4
篤定,duk5 tin4
閒話,han2 va4
恰好,kap5 hau3
少少錢,sau3 sau3 cien2
啤啤,bi1 bi1
踏步,tap6 pu4
啤啤,pia1 pia1
相加,siong1 ga1
推波助瀾,tui1 bo1 co4 lan2
好難講,hau3 lan2 gong3
亞冠,a1 gon4
要錢,yau4 cien2
執屋,zip5 vuk5
正途,zin4 tu2
調戲,tiau2 hi4
筆名,bit5 miang2
交惡,gau1 vu4
雞精,gai1 zin1
重寫,cung2 sia3
了斷,liau3 ton4
好多錢,hau3 do1 cien2
使然,si3 yen2
好意頭,hau3 yi4 teu2
垃圾食物,lap5 sap5 sit6 vut6
真傳,zin1 con2
滿洲,man1 ziu1
真係難,zin1 he4 lan2
執倒寶,zip5 dau4 bau3
死纏爛打,si3 cien2 lan4 da3
上周,song4 ziu1
蛋散,tan4 san3
調情,tiau2 cin2
為錢,vui2 cien2
受精,siu4 zin1
團長,ton2 cong2
較少,gau4 sau3
冇貨,mau2 fo4
定奪,tin4 tot6
鞭打,bien1 da3
咪錶,mai4 biau1
文藝復興,vun2 ngi4 fuk6 hin1
背光,boi4 gong1
鐵腕,tiet5 von3
近郊,kiun4 gau1
長存,cong2 sun2
禮拜三,li1 bai4 sam1
超載,cau1 zoi4
冇意思,mau2 yi4 su1
抱不平,pau1 but5 pin2
富強,fu4 kiong2
唔尊重,m1 zun1 cung4
受影響,siu4 yang3 hiong3
唔正常,m1 zin4 song2
樂曲,ngok6 kiuk5
盤旋,pan2 sien2
拉丁美洲,lai1 den1 mui1 ziu1
印度洋,yin4 tu4 yong2
兩大,liong1 tai4
無所適從,vu2 so3 sit5 cung2
每晚,mui1 man1
唔係好明,m1 he4 hau3 min2
諗返起,lem3 fan3 hi3
食電,sit6 tien4
車馬費,gi1 ma1 fui4
相貌,siong4 mau4
華沙,fa2 sa1
面交,mien4 gau1
低層,dai1 cen2
好好食,hau3 hau3 sit6
強身健體,kiong2 sin1 kien4 ti3
海量,hoi3 liong4
靈光,lin2 gong1
唔轉,m1 zon3
把心一橫,ba3 sim1 yit5 vang2
辦公時間,pan4 gung1 si2 gan4
七仔,cit5 zai3
都冇問題,du1 mau2 mun4 ti2
推銷員,tui1 siau1 yen2
興高采烈,hin4 gau1 cai3 liet6
一成,yit5 sin2
五顏六色,ng3 ngan2 luk5 set5
胎死腹中,toi1 si3 fuk5 zung1
患處,fam4 cu3
聲名,sang1 min2
中三,zung1 sam1
長做長有,cong2 zo4 cong2 yiu1
怕咩,pa4 me1
拗柴,au3 cai2
太重,tai4 cung1
頂盡,din3 cin4
拘禁,ki1 gim4
受難,siu4 lan4
烏煙瘴氣,vu1 yen1 zong4 hi4
打探,da3 tam4
熊仔,yung2 zai3
降頭,gong4 teu2
自滿,cu4 man1
佛經,fut6 gin1
多多少少,do1 do1 sau3 sau3
好想要,hau3 siong3 yau4
一兩日,yit5 liong1 ngit5
養車,yong1 ca1
冇效,mau2 hau4
當眼,dong1 ngan3
探熱,tam4 ngiet6
也要,ya1 yau4
越好,yet6 hau3
留難,liu2 lan2
倒立,dau3 lip6
錯亂,co4 lon4
單層,dan1 cen2
凝望,ngien2 mong4
食水深,sit6 sui3 cim1
中非,zung1 fui1
吃虧,ket5 kui1
坐館,co1 gon3
丟臉,diu1 liam3
中日韓,zung1 ngit5 hon2
監護,gam1 fu4
有經驗,yiu1 gin1 ngiam4
最後一次,zui4 heu4 yit5 cu4
結界,giet5 gai4
有齊,yiu1 ce2
伊文士,yi1 vun2 su4
伊雲士,yi1 yun2 su4
哭喪,kuk5 song1
打賭,da3 du3
行規,hong2 gui1
懶散,lan1 san3
白手興家,pak6 siu3 hin1 ga1
讀得,tuk6 det5
會館,fui4 gon3
第一張,ti4 yit5 zong1
行屍走肉,hang2 si1 zeu3 ngiuk5
咩心態,me1 sim1 tai4
生疏,sang1 so1
極速,kit6 suk5
係好少,he4 hau3 sau3
結石,giet5 sak6
上旬,song4 sun2
交波,gau1 bo1
臉上,liam3 song4
電話亭,tien4 va4 tin2
給你,gip5 li3
角仔,gok5 zai3
兩棲,liong1 ci1
長做,cong2 zo4
應手,yin4 siu3
冇留意,mau2 liu2 yi4
壯士,zong4 su4
間歇,gan4 hiet5
強打,kiong2 da3
主打歌,zu3 da3 go1
反客為主,fan3 hak5 vui2 zu3
顧名思義,gu4 min2 su1 ngi4
食鹽,sit6 yam2
乘虛而入,sin2 hi1 yi2 ngip6
食屎狗,sit6 si3 geu3
大勝,tai4 sin4
反應堆,fan3 yin4 doi1
費解,fui4 gai3
傾倒,kin1 dau3
刁鑽,diau1 zon4
逃命,tau2 min4
誤打誤撞,ngu4 da3 ngu4 cong4
平定,pin2 tin4
正過,zang4 go4
病好,piang4 hau3
難能可貴,lan2 len2 ko3 gui4
相輔相成,siong1 pu3 siong1 sin2
剪影,zien3 yang3
奉旨成婚,fung4 zi3 sin2 fun1
亡靈,mong2 lin2
會意,fui4 yi4
精油,zin1 yiu2
結交,giet5 gau1
名著,min2 zu4
橫財,vang2 coi2
弧度,fu2 tu4
要地,yau4 ti4
中規中矩,zung1 gui1 zung1 gi3
長篇大論,cong2 pien1 tai4 lun4
要注意,yau4 zu4 yi4
貪新鮮,tam1 sin1 sien1
好灰,hau3 foi1
諗通,lem3 tung1
頂端,din3 don1
相思,siong1 su1
外交關係,ngoi4 gau1 gan1 he4
適切,sit5 ciet5
食宿,sit6 suk5
自暴自棄,cu4 pau4 cu4 hi4
半夜三更,ban4 ya4 sam1 gang1
惡頂,ok5 din3
三更半夜,sam1 gang1 ban4 ya4
致使,zi4 si3
穿着,con1 cok6
操行,cau1 hang2
攻讀,gung1 tuk6
大眼仔,tai4 ngan3 zai3
六年,luk5 ngien2
紙上談兵,zi3 song4 tam2 bin1
大調,tai4 tiau4
邊行,bien1 hong2
公映,gung1 yang3
月食,ngiet6 sit6
車聲,ca1 sang1
牛肉乾,ngiu2 ngiuk5 gon1
投名狀,teu2 min2 cong4
由你,yiu2 li3
火影,fo3 yang3
息影,sit5 yang3
推住,tui1 cu4
推敲,tui1 kau1
好戰,hau4 zien4
做緊咩,zo4 gin3 me1
舉中指,gi3 zung1 zi3
極少,kit6 sau3
暴風雪,pau4 fung1 siet5
搞出人命,gau3 cut5 ngin2 miang4
英冠,yin1 gon4
海水化淡,hoi3 sui3 fa4 tam1
蕾絲,lui2 su1
危難,ngui2 lan4
夠時間,geu4 si2 gan4
爛打,lan4 da3
罹難,li2 lan4
男仔頭,lam2 zai3 teu2
神打,sin2 da3
落葉,lok6 yap6
神經病,sin2 gin1 piang4
正手,zin4 siu3
觀景台,gon1 gin3 toi2
威士,vui1 si3
引人入勝,yin3 ngin2 ngip6 sin4
讀物,tuk6 vut6
後顧之憂,heu4 gu4 zu1 yiu1
有番,yiu1 fan1
生啤,sang1 bia1
面影,mien4 yang3
少甜,sau3 tiam2
中六,zung1 luk5
電掣,tien4 zi4
很難,hen3 lan2
我愛你,ngo1 oi4 li3
自食其力,cu4 sit6 ki2 lit6
結單,giet5 dan1
中文版,zung1 vun2 ban3
電話線,tien4 va4 sien4
記仇,gi4 siu2
一氣呵成,yit5 hi4 ho1 sin2
小道消息,siau3 tau4 siau1 sit5
刻劃,ket5 vak6
刻畫,ket5 vak6
好嘈,hau3 cau2
兩套,liong1 tau4
含金量,ham2 gim1 liong4
氣量,hi4 liong4
寒背,hon2 boi4
冇聽過,mau2 tang4 go4
罪大惡極,cui4 tai4 ok5 kit6
多種,do1 zung3
結集,giet5 sip6
冇人覺,mau2 ngin2 gok5
從良,cung2 liong2
太長,tai4 cong2
長進,zong3 zin4
陰間,yim1 gan1
約定俗成,yok5 tin4 suk6 sin2
相干,siong1 gon1
做緊乜,zo4 gin3 mak5
暗處,am4 cu3
打生打死,da3 sang1 da3 si3
冇必要,mau2 bit5 yau4
背肌,boi4 gi1
潮流興,cau2 liu2 hin1
審美觀,sim3 mui1 gon1
大平賣,tai4 piang2 mai4
身敗名裂,sin1 pai4 min2 liet6
經年,gin1 ngien2
冇人要,mau2 ngin2 yau4
樂得,lok6 det5
背對,boi4 dui4
萬惡,man4 ok5
適可而止,sit5 ko3 yi2 zi3
亡命,mong2 min4
艇仔,tiang3 zai3
候車,heu4 ca1
命中注定,min4 zung1 zu4 tin4
命中註定,min4 zung1 zu4 tin4
射住,sa4 cu4
三五七,sam1 ng3 cit5
接駁巴士,ziap5 bok5 ba1 su4
踏腳石,tap6 giok5 sak6
裏頭,li1 teu2
排山倒海,pai2 san1 dau3 hoi3
出街食,cut5 gai1 sit6
打游擊,da3 yiu2 git5
定期存款,tin4 ki2 sun2 kan3
機會大,gi1 fui4 tai4
不作為,but5 zok5 vui2
強盜,kiong2 tau4
連坐,lien2 co4
烏干達,vu1 gon1 tat6
放逐,fong4 cuk6
遠射,yen3 sa4
礦物質,kang3 vut6 zit5
中樂,zung1 ngok6
尼古丁,li2 gu3 den1
似層層,su4 cen2 cen2
冇得輸,mau2 det5 su1
鐵膽,tiet5 dam3
打單,da3 dan1
平常人,pin2 song2 ngin2
落貨,lok6 fo4
烏雲,vu1 yun2
相當好,siong1 dong1 hau3
咬定,ngau1 tin4
打唔打,da3 m1 da3
弟兄,ti4 hiung1
驚為天人,gin1 vui2 tien1 ngin2
行得走得,hang2 det5 zeu3 det5
雜交,cap6 gau1
渾身,fun2 sin1
一讀,yit5 tuk6
倔強,kiut5 kiong3
坐底,co4 dai3
行得通,hang2 det5 tung1
車尾箱,ca1 mui1 siong1
暗淡,am4 tam4
黯淡,am4 tam4
打賞,da3 song3
校方,gau3 fong1
成藥,sin2 yok6
混種,fun3 zung3
好多謝,hau3 do1 cia4
踢得好,tiak5 det5 hau3
道家,tau4 ga1
好可惜,hau3 ko3 sit5
大小便,tai4 siau3 pien4
圖解,tu2 gai3
梳打,so1 da3
好心你,hau3 sim1 li3
正午,zin4 ng3
大起大落,tai4 hi3 tai4 lok6
惱羞成怒,lau3 siu1 sin2 lu4
強橫,kiong2 vang2
修成正果,siu1 sin2 zin4 go3
贈興,zen4 hin4
好威,hau3 vui1
奇觀,ki2 gon1
平生,pin2 sang1
烏魯木齊,vu1 lu1 muk5 ce2
毒手,tuk6 siu3
冠以,gon4 yi1
好消息,hau3 siau1 sit5
書畫,su1 fa4
調任,tiau4 ngim4
好好用,hau3 hau3 yung4
信以為真,sin4 yi1 vui2 zin1
跑馬仔,pau1 ma1 zai3
推展,tui1 zien3
重中之重,cung4 zung1 zu1 cung4
長衫,cong2 sam1
刻板,ket5 ban3
狐狸精,fu2 li2 zin1
正價,zin4 ga4
中氣,zung1 hi4
兜兜轉轉,deu1 deu1 zon4 zon4
光鮮,gong1 sien1
兩三年,liong1 sam1 ngien2
被指,pi4 zi3
三國演義,sam1 get5 yen1 ngi4
參半,cam1 ban4
打正旗號,da3 zang4 ki2 hau4
斷斷,don4 don4
執包袱,zip5 bau1 fuk6
夜校,ya4 gau3
力不從心,lit6 but5 cung2 sim1
傾聽,kin1 tin4
打情罵俏,da3 cin2 ma4 ciau4
人命傷亡,ngin2 miang4 song1 mong2
府上,fu3 song4
轉用,zon3 yung4
應有盡有,yin1 yiu1 cin4 yiu1
轉任,zon4 ngim4
煲仔,bau1 zai3
吹下水,cui1 ha4 sui3
打孖,da3 ma1
進行曲,zin4 hang2 kiuk5
打印機,da3 yin4 gi1
敗家仔,pai4 ga1 zai3
交織,gau1 zit5
用電話,yung4 tien4 va4
快要,kai4 yau4
色差,set5 ca1
適得其反,sit5 det5 ki2 fan3
主題樂園,zu3 ti2 lok6 yen2
命理,min4 li1
已成定局,yi3 sin2 tin4 kiuk6
屬地,suk6 ti4
正派,zin4 pai4
一無是處,yit5 vu2 si4 cu4
隨波逐流,sui2 bo1 cuk6 liu2
要留意,yau4 liu2 yi4
靜觀,cin4 gon1
大解,tai4 gai3
後援,heu4 yen1
窺探,gui1 tam4
載體,zoi4 ti3
初中生,co1 zung1 sang1
降格,gong4 gak5
好過你,hau3 go4 li3
機會成本,gi1 fui4 sin2 bun3
淡靜,tam4 cin4
好搞笑,hau3 gau3 siau4
落筆,lok6 bit5
中超,zung1 cau1
布魯塞爾,bu4 lu1 soi4 li3
打蛇,da3 sa2
好失望,hau3 sit5 mong4
名勝,min2 sin4
節拍,ziet5 pok5
好幸福,hau3 hen4 fuk5
安士,on1 si3
打側,da3 zet5
頂唔住,din3 m1 cu4
墮後,to4 heu4
有仔,yiu1 zai3
錯了,co4 liau3
去邊度,hi4 bien1 tu4
上裝,song4 zong1
歡樂今宵,fon1 lok6 gim1 siau1
平行四邊形,pin2 hang2 si4 bien1 hin2
掃毒,sau4 tuk6
酒量,ziu3 liong4
定神,tin4 sin2
買車,mai1 ca1
重新做人,cung2 sin1 zo4 ngin2
打雷,da3 lui2
燕麥,yen4 mak6
冗長,yung3 cong2
張敬軒,zong1 gin4 hien1
虎頭蛇尾,fu3 teu2 sa2 mui1
歷史上,lit6 su3 song4
作樂,zok5 lok6
邦交,bong1 gau1
一呼百應,yit5 fu1 bak5 yin4
精神失常,zin1 sin2 sit5 song2
嶺大,liang3 tai4
淫婦,yim2 fu4
識食,sit5 sit6
毒梟,tuk6 hiau1
中點,zung1 diam3
放長雙眼,fong4 cong2 sung1 ngan3
觀摩,gon1 mo2
難產,lan2 san3
消毒藥水,siau1 tuk6 yok6 sui3
疑難,ngi2 lan2
聽命,tin4 min4
好人好姐,hau3 ngin2 hau3 zia3
好人好者,hau3 ngin2 hau3 za3
三張,sam1 zong1
顯靈,hien3 lin2
內射,lui4 sa4
三番四次,sam1 fan1 si4 cu4
反話,fan3 va4
又怕,yiu4 pa4
少陣,sau3 cin4
只許,zit5 hi3
等緊你,den3 gin3 li3
經濟師,gin1 zi4 su1
武斷,vu1 ton4
承載,sin2 zoi4
為佢哋,vui4 gi2 ti4
忍辱負重,ngiun1 yuk6 fu4 cung4
罪惡感,cui4 ok5 gam3
後背,heu4 boi4
六點,luk5 diam3
上屆,song4 gai4
不需要,but5 si1 yau4
搭地鐵,dap5 ti4 tiet5
同一間,tung2 yit5 gan1
觀止,gon1 zi3
如此類推,yi2 cu3 lui4 tui1
行雷,hang2 lui2
一兩次,yit5 liong1 cu4
冇我,mau2 ngo1
掃平,sau4 pin2
自身難保,cu4 sin1 lan2 bau3
坐以待斃,co4 yi1 toi4 bi4
打橫行,da3 vang2 hang2
聽書,tang4 su1
新車,sin1 ca1
揚名,yong2 min2
孖辮,ma1 bien1
花樣年華,fa1 yong4 ngien2 fa2
軍校,giun1 gau3
領會,liang1 fui4
打錯字,da3 co4 su4
監生,gam4 sang1
長髮,cong2 fat5
排長,pai2 zong3
橫街,vang2 gai1
好惡,hau3 ok5
中央銀行,zung1 yong1 ngiun2 hong2
執事,zip5 su4
吉士,git5 si3
行裝,hang2 zong1
師長,su1 zong3
爬行,pa2 hang2
海傍,hoi3 pong2
排便,pai2 pien4
姐弟,zia3 ti4
歌舞升平,go1 mu3 sin1 pin2
歌舞昇平,go1 mu3 sin1 pin2
思量,su1 liong4
為限,vui2 han4
轉速,zon4 suk5
押解,ap5 gai4
打鼓嶺,da3 gu3 liang1
後波,heu4 bo1
省略,sen3 liok6
神經質,sin2 gin1 zit5
添食,tiam1 sit6
冇朋友,mau2 pen2 yiu1
鐵飯碗,tiet5 fan4 von3
有好感,yiu1 hau3 gam3
力度,lit6 tu4
手長,siu3 cong2
中國產,zung1 get5 san3
攝製,ngiap5 ze4
記事簿,gi4 su4 pu1
落寞,lok6 mok5
午間,ng3 gan1
課後,ko4 heu4
交更,gau1 gang1
窮追猛打,kiung2 zui1 mang1 da3
神經刀,sin2 gin1 dau1
經得起,gin1 det5 hi3
該名,goi1 min2
語重心長,ngi1 cung4 sim1 cong2
中五,zung1 ng3
有驚無險,yiu1 gin1 vu2 hiam3
拒載,ki3 zoi4
靈芝,lin2 zi1
時時刻刻,si2 si2 ket5 ket5
矯枉過正,giau3 vong3 go4 zin4
有乜問題,yiu1 mak5 mun4 ti2
應門,yin4 mun2
交關,gau1 gan1
帶你,dai4 li3
日校,ngit5 gau3
時間線,si2 gan4 sien4
停經,tin2 gin1
要不然,yau4 but5 yen2
被判,pi4 pan4
夠喇,geu4 la2
道長,tau4 zong3
解困,gai3 kun4
大難不死,tai4 lan4 but5 si3
讀緊書,tuk6 gin3 su1
荷官,ho2 gon1
明文規定,min2 vun2 gui1 tin4
拖時間,to1 si2 gan4
只玩,zit5 van2
青銅,ciang1 tung2
逆差,ngiak6 ca1
朝氣,zau1 hi4
剎那間,sat5 la3 gan1
不自量力,but5 cu4 liong4 lit6
點算好,diam3 son4 hau3
功成身退,gung1 sin2 sin1 tui4
識條鐵,sit5 tiau2 tiet5
弱肉強食,ngiok6 ngiuk5 kiong2 sit6
轉場,zon4 cong2
地平線,ti4 pin2 sien4
更重要,gang1 cung4 yau4
極高,kit6 gau1
磨損,mo2 sun3
青澀,ciang1 sep5
結緣,giet5 yen2
新牌仔,sin1 pai2 zai3
到此為止,dau4 cu3 vui2 zi3
相宜,siong1 li2
十惡不赦,sip6 ok5 but5 sa4
綜觀,zung4 gon1
甩難,lot5 lan4
連勝,lien2 sin4
相由心生,siong4 yiu2 sim1 sang1
笑下,siau4 ha4
屬土,suk6 tu3
新鮮出爐,sin1 sien1 cut5 lu2
食好西,sit6 hau3 si1
充其量,cung1 ki2 liong4
頓成,un4 sin2
三十一日,sam1 sip6 yit5 ngit5
播種,bo4 zung3
賽車手,soi4 ca1 siu3
讀寫障礙,tuk6 sia3 zong4 ngoi4
假話,ga3 va4
頂包,din3 bau1
三位,sam1 vui4
呢款,li2 kan3
好抽,hau3 ciu1
只管,zit5 gon3
層板,cen2 ban3
赤道,cak5 tau4
塞浦路斯,soi4 pu3 lu4 su1
快靚正,kai4 liang4 zang4
惡習,ok5 sip6
逞強,cin3 kiong2
事後孔明,su4 heu4 kung3 min2
正中間,zin4 zung1 gan1
大正,tai4 zin4
監考,gam1 kau3
三部,sam1 pu4
拋諸腦後,pau1 zu1 lau3 heu4
八成,bat5 sin2
頂爛市,din3 lan4 si1
鬼話,gui3 va4
落本,lok6 bun3
太平山,tai4 pin2 san1
拗撬,au4 kiau4
鬼打鬼,gui3 da3 gui3
史觀,su3 gon1
不得好死,but5 det5 hau3 si3
此消彼長,cu3 siau1 bi3 zong3
而成,yi2 sin2
求勝,kiu2 sin4
三讀,sam1 tuk6
右上,yiu4 song4
執掌,zip5 zong3
前後左右,cien2 heu4 zo3 yiu4
好去處,hau3 hi4 cu4
另一種,lang4 yit5 zung3
正意,zin4 yi4
將心比己,ziong1 sim1 bi3 gi3
大行其道,tai4 hang2 ki2 tau4
中國城,zung1 get5 sang2
枯燥,ku1 cau4
牛鬼蛇神,ngiu2 gui3 sa2 sin2
太平紳士,tai4 pin2 sin1 si3
坐地起價,co4 ti4 hi3 ga4
長袍,cong2 pau2
風涼話,fung1 liong2 va4
上古,song4 gu3
不足為奇,but5 zuk5 vui2 ki2
後晚,heu4 man1
改下,goi3 ha4
回鄉卡,fui2 hiong1 kat6
百度,bak5 tu4
浸淫,zim4 yim2
別名,piet6 miang2
奚落,hi1 lok6
上家,song4 ga1
不省人事,but5 sin3 ngin2 su4
命仔,miang4 zai3
喪心病狂,song4 sim1 piang4 kong2
華西,fa2 si1
乾貨,gon1 fo4
二十三日,ngi4 sip6 sam1 ngit5
平易近人,pin2 yi4 kiun4 ngin2
落格,lok6 gak5
報攤,bau4 tan1
分線,fun4 sien4
兩首,liong1 siu3
四仔,si4 zai3
趁火打劫,cin4 fo3 da3 giap5
打火,da3 fo3
禁地,gim4 ti4
非法行為,fui1 fap5 hang2 vui2
囚車,ciu2 ca1
打鐵,da3 tiet5
好羨慕,hau3 sien4 mu4
右手便,yiu4 siu3 pien4
無極限,vu2 kit6 han4
大滿,tai4 man1
監躉,gam1 dun3
靈機一觸,lin2 gi1 yit5 cuk5
唐卡,tong2 ka1
生蛇,sang1 sa2
端正,don1 zin4
單單打打,dan1 dan1 da3 da3
半載,ban4 zai3
左手便,zo3 siu3 pien4
高處,gau1 cu3
不怕,but5 pa4
更替,gang1 tai4
乾旱,gon1 hon1
鋪設,pu1 siet5
早更,zau3 gang1
將士,ziong4 su4
大孖,tai4 ma1
買錯,mai1 co4
死後,si3 heu4
容錯,yung2 co4
長輩圖,zong3 bui4 tu2
幹道,gon4 tau4
血流成河,hiet5 liu2 sin2 ho2
撩交打,liau2 gau1 da3
磨牙,mo2 nga2
當家作主,dong1 ga1 zok5 zu3
觀禮,gon1 li1
意料中事,yi4 liau4 zung1 su4
不以為意,but5 yi1 vui2 yi4
恭喜你,giung1 hi3 li3
拉丁舞,lai1 den1 mu3
食軟飯,sit6 ngion1 fan4
禁毒,gim4 tuk6
轉接,zon3 ziap5
鼻咽癌,pi4 yen1 ngam2
打結,da3 giet5
第一下,ti4 yit5 ha4
厭食,yam4 sit6
禁食,gim4 sit6
自負盈虧,cu4 fu4 yin2 kui1
調度,tiau4 tu4
冇有,mau2 yiu1
凝結,ngien2 giet5
凝住,ngien2 cu4
輸少當贏,su1 sau3 dong4 yang2
通波仔,tung1 bo1 zai3
悠長,yiu2 cong2
相容,siong1 yung2
浸泡,zim4 pau4
海鮮價,hoi3 sien1 ga4
利字當頭,li4 su4 dong1 teu2
坐廁,co4 ci4
靈巧,lin2 kiau3
便可,pien4 ko3
長途電話,cong2 tu2 tien4 va4
家下,ga1 ha4
一朝早,yit5 zau1 zau3
裙腳仔,kiun2 giok5 zai3
兩支,liong1 zi1
收監,siu1 gam1
上傳,song4 con2
上個禮拜,song4 go4 li1 bai4
禁播,gim4 bo4
必應,bit5 yin4
定時定候,tin4 si2 tin4 heu4
已讀不回,yi3 tuk6 but5 fui2
三八,sam1 bat5
食唔食,sit6 m1 sit6
讀到,tuk6 dau4
參謀,cam1 meu2
好方便,hau3 fong1 pien4
有件,yiu1 kien4
定理,tin4 li1
倒吊,dau4 diau4
行當,hong2 dong4
平心靜氣,pin2 sim1 cin4 hi4
射入,sa4 ngip6
驚惶,gin1 fong2
險要,hiam3 yau4
慢半拍,man4 ban4 pok5
氣度,hi4 tu4
一拍兩散,yit5 pok5 liong1 san4
禁果,gim4 go3
校車,gau3 ca1
後父,heu4 fu4
神靈,sin2 lin2
背誦,poi4 sung4
反敗為勝,fan3 pai4 vui2 sin4
結怨,giet5 yen4
流行病,liu2 hang2 piang4
偏執,pien1 zip5
抽射,ciu1 sa4
不良反應,but5 liong2 fan3 yin4
換畫,von4 fa4
武士刀,vu1 su4 dau1
蝴蝶效應,fu2 tiap6 hau4 yin4
波長,bo1 cong2
大孖沙,tai4 ma1 sa1
電話簿,tien4 va4 pu1
可蘭經,ko3 lan2 gin1
探路,tam4 lu4
提你,ti2 li3
黃賭毒,vong2 du3 tuk6
腎上腺,sin4 song4 sien4
上角,song4 gok5
車臣,ca1 sin2
加監,ga1 gam1
人蛇,ngin2 sa2
違禁品,vui2 gim4 pin3
耕種,gang1 zung4
耍太極,sa3 tai4 kit6
成蟲,sin2 cung2
齊頭,ce2 teu2
行年,hang2 ngien2
影印機,yang3 yin4 gi1
退落,tui4 lok6
情調,cin2 tiau4
降落傘,gong4 lok6 san4
名銜,min2 ham2
重過,cung1 go4
冠上,gon4 song4
經驗值,gin1 ngiam4 cit6
也好,ya1 hau3
車頭燈,ca1 teu2 den1
毒感,tuk6 gam3
兩千,liong1 cien1
水上人,sui3 song4 ngin2
中西,zung1 si1
粗重,cu1 cung1
斃命,bi4 min4
罰抄,fat6 cau1
二十六日,ngi4 sip6 luk5 ngit5
只此,zit5 cu3
雪種,siet5 zung3
三寶,sam1 bau3
融為一體,yung2 vui2 yit5 ti3
偽毒,ngui4 tuk6
同病相憐,tung2 piang4 siong1 lien2
民不聊生,min2 but5 liau2 sang1
名不虛傳,min2 but5 hi1 con2
處處,cu4 cu4
乾涸,gon1 kok5
慢食,man4 sit6
潑婦,pat5 fu4
探長,tam4 zong3
皺起,zeu4 hi3
可以冇,ko3 yi1 mau2
處心積慮,cu3 sim1 zit5 li4
因為佢哋,yin1 vui4 gi2 ti4
推一推,tui1 yit5 tui1
更可,gang1 ko3
兩倍,liong1 pui4
三名,sam1 min2
自食其果,cu4 sit6 ki2 go3
正體字,zin4 ti3 su4
倡導,cong1 tau3
第二張,ti4 ngi4 zong1
凡間,fam2 gan1
人生觀,ngin2 sang1 gon1
經血,gin1 hiet5
入境處,ngip6 gin3 cu4
有求必應,yiu1 kiu2 bit5 yin4
設身處地,siet5 sin1 cu3 ti4
鐵證,tiet5 zin4
中小學,zung1 siau3 hok6
上把,song4 ba3
上靶,song4 ba3
執漏,zip5 leu4
遠近,yen3 kiun4
遠近,yen3 kiun1
逼供,bit5 giung1
減省,gam3 sen3
西多士,si1 do1 si3
縫針,fung2 zim1
劍道,giam4 tau4
三成,sam1 sin2
新屋嶺,sin1 vuk5 liang1
投影機,teu2 yang3 gi1
屈曲,kiut5 kiuk5
高登仔,gau1 den1 zai3
好傷心,hau3 song1 sim1
唔使講,m1 su3 gong3
磨心,mo4 sim1
提要,ti2 yau4
自量,cu4 liong4
攪拌機,gau3 pan4 gi1
共患難,kiung4 fam4 lan4
如日中天,yi2 ngit5 zung1 tien1
珍重,zin1 cung4
幫下手,bong1 ha4 siu3
監工,gam1 gung1
好介紹,hau3 gai4 sau2
氣旋,hi4 sien2
成龍,sin2 lung2
邊張,bien1 zong1
中轉站,zung1 zon3 zam4
擦鞋仔,cat5 hai2 zai3
隨從,sui2 cung2
多重,do1 cung1
神交,sin2 gau1
津津樂道,zin1 zin1 lok6 tau4
滿腔,man1 kiong1
百感交集,bak5 gam3 gau1 sip6
三言兩語,sam1 ngien2 liong1 ngi1
會客,fui4 hak5
我哋要,ngo1 ti4 yau4
成行成市,sin2 hong2 sin2 si1
上算,song4 son4
莊重,zong1 cung4
落日,lok6 ngit5
醒少少,siang3 sau3 sau3
倒斃,dau3 bi4
身經百戰,sin1 gin1 bak5 zien4
參數,cam1 su4
打柴,da3 cai2
粉飾太平,fun3 sit5 tai4 pin2
一滴,yit5 tit6
粗疏,cu1 so1
手起刀落,siu3 hi3 dau1 lok6
禪師,sam2 su1
影印本,yang3 yin4 bun3
包你,bau1 li3
重整旗鼓,cung2 zin3 ki2 gu3
減重,gam3 cung1
反骨仔,fan3 gut5 zai3
據了解,gi4 liau3 gai3
據瞭解,gi4 liau3 gai3
十年八載,sip6 ngien2 bat5 zai3
小食部,siau3 sit6 pu4
差個,ca1 go4
厚道,heu4 tau4
明解,min2 gai3
蟒蛇,mang3 sa2
製毒,ze4 tuk6
流流長,liu2 liu2 cong2
疏通,so1 tung1
唔靚仔,m1 liang4 zai3
佢哋好,gi2 ti4 hau3
水靈,sui3 lin2
落花,lok6 fa1
筆記簿,bit5 gi4 pu1
失重,sit5 cung1
交給,gau1 gip5
套丁,tau4 den1
三方,sam1 fong1
三粒,sam1 lip5
雲層,yun2 cen2
打格仔,da3 gak5 zai3
健將,kien4 ziong4
有識之士,yiu1 sit5 zu1 su4
悶悶不樂,mun4 mun4 but5 lok6
茶餘飯後,ca2 yi2 fan4 heu4
第三季,ti4 sam1 gui4
度住,tok6 cu4
量力,liong4 lit6
毒株,tuk6 zu1
物極必反,vut6 kit6 bit5 fan3
危言聳聽,ngui2 ngien2 sung3 tin4
轉珠,zon4 zu1
行差搭錯,hang2 ca1 dap5 co4
行差踏錯,hang2 ca1 tap6 co4
聲樂,sang1 ngok6
從軍,cung2 giun1
喱士,li1 si3
遊山玩水,yiu2 san1 van4 sui3
拼湊,pin4 ceu4
本命,bun3 miang4
差錯,ca1 co4
鐵板燒,tiet5 ban3 sau1
至高無上,zi4 gau1 vu2 song4
處身,cu3 sin1
文化交流,vun2 fa4 gau1 liu2
行房,hang2 fong2
興隆,hin1 lung2
掛畫,ga4 fa4
好聲好氣,hau3 sang1 hau3 hi4
據為己有,gi4 vui2 gi3 yiu1
譯為,yit6 vui2
深交,cim1 gau1
送行,sung4 hang2
邪靈,sia2 lin2
驚住,giang1 cu4
不少人,but5 sau3 ngin2
笨重,bun4 cung4
雨褸,yi3 leu1
精裝,zin1 zong1
長袖衫,cong2 ciu4 sam1
真相大白,zin1 siong4 tai4 pak6
助聽器,co4 tin4 hi4
代打,toi4 da3
觀察力,gon1 cat5 lit6
殿後,tien4 heu4
頂得住,din3 det5 cu4
封咪,fung1 mai4
各自為政,gok5 cu4 vui2 zin4
痛定思痛,tung4 tin4 su1 tung4
正史,zin4 su3
奉命,fung4 min4
混濁,fun3 cuk6
落波,lok6 bo1
汰弱留強,tai4 ngiok6 liu2 kiong2
種族清洗,zung3 cuk6 cin1 se3
三尖八角,sam1 ziam1 bat5 gok5
思前想後,su1 cien2 siong3 heu4
士人,su4 ngin2
自相殘殺,cu4 siong1 can2 sat5
七成,cit5 sin2
勾當,geu1 dong4
校務處,gau3 vu4 cu3
敗將,pai4 ziong4
揸正,za1 zang4
執正,zip5 zang4
鼻咽,pi4 yen1
抽調,ciu1 tiau4
頃刻,ken3 ket5
落堂,lok6 tong2
水落石出,sui3 lok6 sak6 cut5
骨質,gut5 zit5
後尾枕,heu4 mui1 zim3
薩爾瓦多,sat5 li3 nga3 do1
紫禁城,zu3 gim4 sang2
霧氣,vu4 hi4
古天樂,gu3 tien1 lok6
死難,si3 lan4
層級,cen2 kip5
交戲,gau1 hi4
拍手掌,pok5 siu3 zong3
中層,zung1 cen2
中四,zung1 si4
街交,gai1 gau1
改邪歸正,goi3 sia2 gui1 zin4
青瓦台,ciang1 nga3 toi2
交響樂,gau1 hiong3 ngok6
梅花間竹,moi2 fa1 gan4 zuk5
山齊士,san1 ce2 su4
中樞,zung1 ki1
車尾燈,ca1 mui1 den1
鐵漢,tiet5 hon4
節衣縮食,ziet5 yi1 suk5 sit6
鐵粉,tiet5 fun3
草食,cau3 sit6
居士,gi1 su4
執骨,zip5 gut5
警務處,gin3 vu4 cu4
玩唔玩,van4 m1 van4
靜觀其變,cin4 gon1 ki2 bien4
清道夫,cin1 tau4 fu1
錯別字,co4 piet6 su4
較難,gau4 lan2
安享晚年,on1 hiong3 man1 ngien2
十五十六,sip6 ng3 sip6 luk5
坐享其成,co4 hiong3 ki2 sin2
打圓場,da3 yen2 cong2
三間,sam1 gan1
不為過,but5 vui2 go4
最長,zui4 cong2
白話文,pak6 va4 vun2
樂理,ngok6 li1
沙塵暴,sa1 cin4 pau4
結社,giet5 sa1
覺眼,gok5 ngan3
新冠肺炎,sin1 gon1 pui4 yam2
中美洲,zung1 mui1 ziu1
青出於藍,ciang1 cut5 yi1 lam2
易主,yit6 zu3
模稜兩可,mu2 lin2 liong1 ko3
紹興,sau2 hin4
邊打,bien1 da1
短打,don3 da3
推力,tui1 lit6
白痴仔,pak6 ci1 zai3
波仔,bo1 zai3
傳球,con2 kiu2
單丁,dan1 den1
好想食,hau3 siong3 sit6
一技之長,yit5 ki3 zu1 cong2
兩把,liong1 ba3
賣豬仔,mai4 zu1 zai3
各散東西,gok5 san4 dung1 si1
產卵,san3 lon3
德行,det5 hang2
光頭仔,gong1 teu2 zai3
要聞,yau4 vun2
中工,zung1 gung1
必經之路,bit5 gin1 zu1 lu4
問咩,mun4 me1
食塵,sit6 cin4
震央,zin3 yong1
傍住,pong4 cu4
畫花,vak6 fa1
車轆,ca1 luk6
第二間,ti4 ngi4 gan1
瑰寶,gui4 bau3
後現代,heu4 hien4 toi4
嫌三嫌四,hiam2 sam1 hiam2 si4
死結,si3 giet5
平整,pin2 zin3
倒楣,dau3 mi2
白武士,pak6 vu1 su4
顯影,hien3 yang3
非常好,fui1 song2 hau3
非常之好,fui1 song2 zu1 hau3
降雨量,gong4 yi3 liong4
行山杖,hang2 san1 cong4
成村人,sang2 cun1 ngin2
講多錯多,gong3 do1 co4 do1
明瞭,min2 liau2
畫筆,fa4 bit5
指名道姓,zi3 min2 tau4 siang4
短處,don3 cu3
重施故技,cung2 si1 gu4 ki3
故技重施,gu4 ki3 cung2 si1
憂愁,yiu1 siu2
強顏歡笑,kiong3 ngan2 fon1 siau4
連中三元,lien2 zung4 sam1 ngien2
兩成,liong1 sin2
男丁,lam2 den1
質數,zit5 su4
將有,ziong1 yiu1
大命,tai4 miang4
勁呀,gin4 a1
喊打喊殺,ham4 da3 ham4 sat5
好凍,hau3 dung4
及後,kip6 heu4
兩三日,liong1 sam1 ngit5
左轉,zo3 zon4
暴瀉,pau4 sia4
爆咪,bau4 mai4
便於,pien4 yi1
捧着,bung3 cok6
落搭,lok6 dap5
好路數,hau3 lu4 su4
想當然,siong3 dong1 yen2
雜食,cap6 sit6
當心,dong1 sim1
血漬,hiet5 zit5
被單,pi1 dan1
只為,zit5 vui4
中學雞,zung1 hok6 gai1
表層,biau3 cen2
抄低,cau1 dai1
喊包,ham4 bau1
彌敦道,li2 dun1 tau4
被窩,pi1 vo1
喪事,song1 su4
既為,gi4 vui2
影樓,yang3 leu2
盡力而為,cin4 lit6 yi2 vui2
喜怒哀樂,hi3 lu4 oi1 lok6
男伴,lam2 pan4
醒定,siang3 tin4
上湯,song4 tong1
有冇問題,yiu1 mau2 mun4 ti2
唔使做,m1 su3 zo4
消息人士,siau1 sit5 ngin2 su4
聽天由命,tin4 tien1 yiu2 min4
第二度,ti4 ngi4 tu4
惡死,ok5 si3
三房,sam1 fong2
畢業後,bit5 ngiap6 heu4
到喇,dau4 la2
名列前矛,min2 liet6 cien2 mau2
名列前茅,min2 liet6 cien2 mau2
安樂窩,on1 lok6 vo1
省時,sen3 si2
骨質疏鬆,gut5 zit5 so1 sung1
勘探,kam4 tam4
板仔,ban3 zai3
參考書,cam1 kau3 su1
驚歎,gin1 tan4
普魯士,pu1 lu1 su4
只用,zit5 yung4
重遊,cung2 yiu2
問長問短,mun4 cong2 mun4 don3
三角洲,sam1 gok5 ziu1
散沙,san3 sa1
化為烏有,fa4 vui2 vu1 yiu1
一盤散沙,yit5 pan2 san3 sa1
間距,gan4 ki3
精算師,zin1 son4 su1
害處,hoi4 cu3
百毒不侵,bak5 tuk6 but5 cim1
靚靚,liang4 liang4
聽障,tin4 zong4
好自為之,hau3 cu4 vui2 zu1
通勝,tung1 sin4
同道中人,tung2 tau4 zung1 ngin2
海上,hoi3 song4
卡其,ka1 ki2
實而不華,sit6 yi2 but5 fa2
更快,gen4 kai4
好似有,hau3 su4 yiu1
着陸,cok6 luk6
拗頸,au4 giang3
大相逕庭,tai4 siong1 gang4 tin2
邊種,bien1 zung3
傳宗接代,con2 zung1 ziap5 toi4
格食格,gak5 sit6 gak5
食風,sit6 fung1
攝時間,ngiap5 si2 gan4
精進,zin1 zin4
包青天,bau1 ciang1 tien1
易容,yit6 yung2
三件,sam1 kien4
守望相助,siu3 mong4 siong1 co4
撥打,pat5 da3
前車可鑑,cien2 gi1 ko3 gam4
首屈一指,siu3 kiut5 yit5 zi3
真毒,zin1 tuk6
冇得用,mau2 det5 yung4
拍爛手掌,pok5 lan4 siu3 zong3
鐵面,tiet5 mien4
刷卡,sot5 kat6
車迷,ca1 mi2
印度人,yin4 tu4 ngin2
兩架,liong1 ga4
中間價,zung1 gan1 ga4
打打殺殺,da3 da3 sat5 sat5
西鐵線,si1 tiet5 sien4
張建宗,zong1 gien4 zung1
絕頂,ciet6 din3
揀擇,gan3 cak6
行大運,hang2 tai4 yun4
謠傳,yau2 con2
歐冠,iu1 gon4
亦要,yit6 yau4
兩天,liong1 tien1
咩歌,me1 go1
看着,kon4 cok6
盧卡古,lu2 ka1 gu3
扁平足,bien3 pin2 zuk5
只等,zit5 den3
簽卡,ciam1 kat6
校服裙,gau3 fuk6 kiun2
校裙,gau3 kiun2
順攤,sun4 tan1
不應該,but5 yin1 goi1
後浪,heu4 long4
吃不消,ket5 but5 siau1
要生要死,yau4 sang1 yau4 si3
代議士,toi4 ngi4 su4
私交,su1 gau1
隔岸觀火,gak5 ngan4 gon1 fo3
月相,ngiet6 siong4
修道,siu1 tau4
更名,gang1 min2
食蟹,sit6 hai3
針鋒相對,zim1 fung1 siong1 dui4
精警,zin1 gin3
愛華頓,oi4 fa2 un4
不懷好意,but5 fai2 hau3 yi4
典解,dien3 gai3
力道,lit6 tau4
另眼相看,lang4 ngan3 siong1 kon4
未雨綢繆,vui4 yi3 ciu2 miu2
花結,fa1 giet5
工作上,gung1 zok5 song4
好猛,hau3 mang1
解手,gai3 siu3
拍過拖,pok5 go4 to1
心靈雞湯,sim1 lin2 gai1 tong1
點錯相,diam3 co4 siong4
落仔,lok6 zai3
謝謝你,cia4 cia4 li3
長年累月,cong2 ngien2 lui4 ngiet6
入咪,ngip6 mai4
兩層,liong1 cen2
傳譯,con2 yit6
好得閒,hau3 det5 han2
搖搖欲墜,yau2 yau2 yuk6 cui4
名狀,min2 cong4
泡湯,pau4 tong1
被視為,pi4 si4 vui2
遇難者,ngi4 lan4 za3
並將,bin4 ziong1
鄧炳強,ten4 biang3 kiong2
車齡,ca1 lin2
打底褲,da3 dai3 fu4
摩托車,mo2 tok5 ca1
昇平,sin1 pin2
結紮,giet5 zat5
廳長,tang1 zong3
不亦樂乎,but5 yit6 lok6 fu2
官校,gon1 gau3
散裝,san3 zong1
躺平,tong3 pin2
正皮,zin4 pi2
摺被,zap5 pi1
選擇題,sien3 cak6 ti2
張張,zong1 zong1
長過,cong2 go4
伏屍,fuk6 si1
一兩句,yit5 liong1 gi4
武士道,vu1 su4 tau4
不一會,but5 yit5 fui4
青天霹靂,ciang1 tien1 pit5 lit6
應機,yin4 gi1
心上人,sim1 song4 ngin2
患處,fam4 cu4
只跟,zit5 gen1
被問到,pi4 mun4 dau4
大獲全勝,tai4 vet6 cien2 sin4
興致勃勃,hin4 zi4 put6 put6
不公平,but5 gung1 pin2
都好聽,du1 hau3 tang4
雞仔聲,gai1 zai3 sang1
綱要,gong1 yau4
一錘定音,yit5 cui2 tin4 yim1
滑溜,vat6 liu4
差池,ca1 ci2
足不出户,zuk5 but5 cut5 fu4
暴戾,pau4 lui4
禁慾,gim4 yuk6
好食好住,hau3 sit6 hau3 cu4
巴結,ba1 giet5
研習,ngan3 sip6
惡言相向,ok5 ngien2 siong1 hiong4
食生菜,sit6 sang1 coi4
交低,gau1 dai1
監票,gam1 piau4
曾孫,zen1 sun1
打鑊,da3 vok6
快高長大,kai4 gau1 zong3 tai4
意興闌珊,yi4 hin4 lan2 san1
影藝,yang3 ngi4
洗太平地,se3 tai4 pin2 ti4
腳掣,giok5 zi4
橫蠻,vang2 man2
斷然,ton4 yen2
怕且,pa4 cia3
打量,da3 liong2
打量,da3 liong4
通處,tung1 cu3
乾衣機,gon1 yi1 gi1
有層,yiu1 cen2
便器,pien4 hi4
冠冕,gon1 men1
輕而易舉,kiang1 yi2 yi4 gi3
倒灌,dau4 gon4
一唱一和,yit5 cong4 yit5 fo4
三樣,sam1 yong4
胃酸倒流,vui3 son1 dau4 liu2
轉入,zon3 ngip6
驚愕,gin1 ngok6
狠毒,hen3 tuk6
聯校,lien2 gau3
抓着,zau3 cok6
卒仔,zut5 zai3
長夜,cong2 ya4
激將法,git5 ziong4 fap5
會展,fui4 zien3
背泳,boi4 yun3
機場巴士,gi1 cong2 ba1 si3
港漂,gong3 piau1
名成利就,min2 sin2 li4 ciu4
最好不過,zui4 hau3 but5 go4
打齊,da3 ce2
心肌梗塞,sim1 gi1 gang3 set5
相鄰,siong1 lin2
打蠟,da3 lap6
荷葉,ho2 yap6
兩面,liong1 mien4
精良,zin1 liong2
殺一儆百,sat5 yit5 gin3 bak5
隨傳隨到,sui2 con2 sui2 dau4
癥結,zin1 giet5
穿梭巴士,con1 so1 ba1 si3
景仰,gin3 ngiong1
憑證,pin2 zin4
三姑六婆,sam1 gu1 luk5 po2
歲晚,soi4 man1
正太,zin4 tai4
中庸,zung1 yung2
白金卡,pak6 gim1 ka1
投閒置散,teu2 han2 zi4 san3
天生麗質,tien1 sang1 li4 zit5
字裏行間,su4 li1 hong2 gan1
長糧,cong2 liong2
吉人天相,git5 ngin2 tien1 siong4
校慶,gau3 kin4
微觀,mi2 gon1
每間,mui1 gan1
樂評,ngok6 pin2
殺雞儆猴,sat5 gai1 gin3 heu2
燒着,sau1 cok6
打下機,da3 ha4 gi1
第一件,ti4 yit5 kien4
核桃,het6 tau2
向好,hiong4 hau3
拖手仔,to1 siu3 zai3
為免,vui2 men1
第六感,ti4 luk5 gam3
落畫,lok6 fa4
探戈,tam4 go1
肺結核,pui4 giet5 het6
潦倒,lau3 dau3
排解,pai2 gai3
靈界,lin2 gai4
兩頭,liong1 teu2
你哋唔,li3 ti4 m1
被選為,pi4 sien3 vui2
縫合,fung2 hap6
為人師表,vui2 ngin2 su1 biau3
順水推舟,sun4 sui3 tui1 ziu1
食鬼,sit6 gui3
通便,tung1 pien4
針卡,zim1 kat6
俐落,li4 lok6
兩手揈揈,liong1 siu3 vin4 vin4
無生命,vu2 sang1 min4
適齡,sit5 lin2
勸交,kien4 gau1
惺惺相惜,sen1 sen1 siong1 sit5
醒醒定定,siang3 siang3 tin4 tin4
餅卡,biang3 kat6
桌上,zok5 song4
大咪,tai4 mai4
難逢,lan2 fung2
焗飯,kiuk6 fan4
橫風橫雨,vang2 fung1 vang2 yi3
講緊咩,gong3 gin3 me1
要擊,yau4 git5
太極拳,tai4 kit6 kien2
精於,zin1 yi1
着草,zok5 cau3
不良於行,but5 liong2 yi1 hang2
赴會,fu4 fui4
暗處,am4 cu4
德士,det5 su4
校內,gau3 lui4
嬰兒車,yin1 yi2 ca1
三倍,sam1 pui4
心裏面,sim1 li1 mien4
尖酸刻薄,ziam1 son1 kat5 pok6
一鑊泡,yit5 vok6 pau1
斷六親,ton1 luk5 cin1
當食生菜,dong4 sit6 sang1 coi4
不置可否,but5 zi4 ko3 feu3
難兄難弟,lan2 hiung1 lan2 ti4
天公地道,tien1 gung1 ti4 tau4
係你哋,he4 li3 ti4
勝利球迷,sin4 li4 kiu2 mi2
功德無量,gung1 det5 vu2 liong2
生定,sang1 tin4
環環相扣,van2 van2 siong1 keu4
中信,zung1 sin4
頂撞,din3 cong4
凡士林,fam2 su4 lim2
分數,fun4 su4
現正,hien4 zin4
兩班,liong1 ban1
六九,luk5 giu3
心裏有數,sim1 li1 yiu1 su4
聖靈,sin4 lin2
張國榮,zong1 get5 yin2
轉為,zon3 vui2
第一名,ti4 yit5 min2
反轉豬肚,fan3 zon4 zu1 du3
顏射,ngan2 sa4
數下,su4 ha4
很少,hen3 sau3
三板,sam1 ban3
審結,sim3 giet5
差事,cai1 su4
當更,dong1 gang1
六百,luk5 bak5
蚊怕水,mun1 pa4 sui3
手震,siu3 zin3
轉插,zon4 cap5
背熟,poi4 suk6
吃了,ket5 liau3
樂此不疲,lok6 cu3 but5 pi2
數簿,su4 pu1
平房,pin2 fong2
三項鐵人,sam1 hong4 tiet5 ngin2
雪中送炭,siet5 zung1 sung4 tan4
天長地久,tien1 cong2 ti4 giu3
精妙,zin1 miau4
冠冕堂皇,gon1 men1 tong2 fong2
送命,sung4 min4
揸流攤,za1 liu2 tan1
國鐵,get5 tiet5
旁門左道,pong2 mun2 zo3 tau4
卡關,ka1 gan1
三民主義,sam1 min2 zu3 ngi4
新年快樂,sin1 ngien2 kai4 lok6
誦經,sung4 gin1
花仔,fa1 zai3
兩三個鐘,liong1 sam1 go4 zung1
凹凸不平,ngiap5 tut6 but5 pin2
自行車,cu4 hang2 ca1
坐定粒六,co4 tin4 lip5 luk5
中央政府,zung1 yong1 zin4 fu3
金正恩,gim1 zin4 en1
有色人種,yiu1 set5 ngin2 zung3
錄影機,luk6 yang3 gi1
問題上,mun4 ti2 song4
太上皇,tai4 song4 fong2
馳名,ci2 min2
為害,vui2 hoi4
碗仔翅,von3 zai3 ci4
震耳欲聾,zin3 ngi3 yuk6 lung1
九成九,giu3 sin2 giu3
斂財,liam3 coi2
助興,co4 hin4
抄寫,cau1 sia3
掛斷,ga4 ton1
藉詞,zia4 cu2
繁重,fan2 cung4
后冠,heu4 gon1
難辭其咎,lan2 cu2 ki2 giu4
銀兩,ngiun2 liong3
排卵,pai2 lon3
自甘墮落,cu4 gam1 to4 lok6
霎時間,sap5 si2 gan1
投其所好,teu2 ki2 so3 hau4
交託,gau1 tok5
鬼打,gui3 da3
相看,siong1 kon4
上列,song4 liet6
氣定神閒,hi4 tin4 sin2 han2
傾兩句,kin1 liong1 gi4
為時已晚,vui2 si2 yi3 man1
要臉,yau4 liam3
少校,sau4 gau4
撈家,lau1 ga1
命大,miang4 tai4
三種,sam1 zung3
食波餅,sit6 bo1 biang3
龍仔,lung2 zai3
漫不經心,man4 but5 gin1 sim1
兩百,liong1 bak5
兩三次,liong1 sam1 cu4
牙縫,nga2 fung2
蛇仔,sa2 zai3
需唔需要,si1 m1 si1 yau4
中二病,zung1 ngi4 piang4
轉數快,zon4 su4 kai4
重修,cung2 siu1
度蜜月,tu4 mit6 ngiet6
無影無蹤,vu2 yang3 vu2 zung1
和唱,fo4 cong4
比賽中,bi3 soi4 zung1
水平線,sui3 pin2 sien4
傳真機,con2 zin1 gi1
打電腦,da3 tien4 lau3
然之後,yen2 zu1 heu4
乾咳,gon1 ket5
六千,luk5 cien1
替天行道,tai4 tien1 hang2 tau4
鬱結,vut5 giet5
轉捩,zon3 liet6
善解人意,sen4 gai3 ngin2 yi4
讀過書,tuk6 go4 su1
起名,hi3 min2
生日卡,sang1 ngit5 kat6
堅道,gien1 tau4
死仔,si3 zai3
屈蛇,kiut5 sa2
炸兩,za4 liong3
從影,cung2 yang3
栓塞,san1 set5
不成文,but5 sin2 vun2
捕食,pu3 sit6
死定,si3 tin4
無形中,vu2 hin2 zung1
古今中外,gu3 gim1 zung1 ngoi4
精煉,zin1 lien4
祖傳,zu3 con2
不得其解,but5 det5 ki2 gai3
便攜,pien4 hi1
食古不化,sit6 gu3 but5 fa4
電結他,tien4 giet5 ta1
如釋重負,yi2 sit5 cung1 fu4
喇咩,la2 me1
兩全其美,liong1 cien2 ki2 mui1
咩衫,me1 sam1
急功近利,gip5 gung1 kiun4 li4
樂章,ngok6 zong1
代行,toi4 hang2
交由,gau1 yiu2
變為,bien4 vui2
嬉皮笑臉,hi1 pi2 siau4 liam3
一地兩檢,yit5 ti4 liong1 giam3
三家,sam1 ga1
散買,san3 mai1
填平,tien2 pin2
橫衝直撞,vang2 cung1 cit6 cong4
覺唔覺得,gok5 m1 gok5 det5
海燕,hoi3 yen4
靈光一閃,lin2 gong1 yit5 sam3
仇敵,siu2 tit6
撩我,liau2 ngo1
超強,cau1 kiong2
港交所,gong3 gau1 so3
荷花,ho2 fa1
適者生存,sit5 za3 sang1 sun2
曾有,cen2 yiu1
身首異處,sin1 siu3 yi4 cu3
三級,sam1 kip5
扯線公仔,ca3 sien4 gung1 zai3
罪有應得,cui4 yiu1 yin1 det5
螺旋槳,lo2 sien2 ziong3
滑鐵盧,vat6 tiet5 lu2
頂我,din3 ngo1
估估下,gu3 gu3 ha4
兇惡,hiung1 ok5
交匯,gau1 fui4
鬼臉,gui3 liam3
怨聲載道,yen4 sang1 zoi4 tau4
臨危受命,lim2 ngui2 siu4 min4
五成,ng3 sin2
泡芙,pau4 fu2
紓解,su1 gai3
橫樑,vang2 liong2
包拗頸,bau1 au4 giang3
行天橋,hang2 tien1 kiau2
黑車,het5 ca1
黑箱車,het5 siong1 ca1
啦嘛,la1 ma1
搜尋引擎,seu1 cim2 yin3 kiang2
字畫,su4 fa4
鄧小平,ten4 siau3 pin2
虛驚,hi1 gin1
傳情,con2 cin2
失落感,sit5 lok6 gam3
相讓,siong1 ngiong4
點解依家,diam3 gai3 yi1 ga1
點解而家,diam3 gai3 yi2 ga1
當機立斷,dong1 gi1 lip6 ton4
薰陶,hiun1 tau2
結為,giet5 vui2
腳仔軟,giok5 zai3 ngion1
光明磊落,gong1 min2 lui3 lok6
萬里長城,man4 li1 cong2 sang2
駝背,to2 boi4
讀本,tuk6 bun3
香精,hiong1 zin1
中國經濟,zung1 get5 gin1 zi4
草菅人命,cau3 gan1 ngin2 min4
相比起,siong1 bi3 hi3
弟婦,ti4 fu4
結束後,giet5 suk5 heu4
剛強,gong1 kiong2
食硬,sit6 ngang4
乘數,sin2 su4
攤大手板,tan1 tai4 siu3 ban3
家家户户,ga1 ga1 fu4 fu4
處變不驚,cu3 bien4 but5 gin1
稱兄道弟,cin1 hiung1 tau4 ti4
篤篤車,duk5 duk5 ca1
過三關,go4 sam1 gan1
行街紙,hang2 gai1 zi3
食價,sit6 ga4
最適合,zui4 sit5 hap6
劉德華,liu2 det5 fa2
生命線,sang1 min4 sien4
凳仔,den4 zai3
解籤,gai3 ciam1
紅鑽,fung2 zon4
打網,da3 miong3
騾仔,lo2 zai3
難聞,lan2 vun2
中唔中,zung4 m1 zung4
聽香,tang4 hiong1
巴士迷,ba1 su4 mi2
泡茶,pau4 ca2
被鋪,pi1 pu1
户內,fu4 lui4
坐墊,co4 tiap6
興趣班,hin4 ci4 ban1
朝頭早,zau1 teu2 zau3
九廣鐵路,giu3 gong3 tiet5 lu4
腎虧,sin4 kui1
坐言起行,co4 ngien2 hi3 hang2
交白卷,gau1 pak6 gien3
狗話,geu3 va4
有瓦遮頭,yiu1 nga3 za1 teu2
生命體,sang1 min4 ti3
未滿,vui4 man1
執藥,zip5 yok6
張學友,zong1 hok6 yiu1
姪仔,cit6 zai3
平步青雲,pin2 pu4 ciang1 yun2
扮好人,pan4 hau3 ngin2
右上角,yiu4 song4 gok5
頂手,din3 siu3
禁絕,gim4 ciet6
三道,sam1 tau4
拗手瓜,au3 siu3 ga1
差婆,cai1 po2
兩本,liong1 bun3
小將,siau3 ziong4
縮頭烏龜,suk5 teu2 vu1 gui1
從今以後,cung2 gim1 yi1 heu4
存户,sun2 fu4
上半年,song4 ban4 ngien2
百無聊賴,bak5 vu2 liau2 lai4
打風落雨,da3 fung1 lok6 yi3
好似冇,hau3 su4 mau2
三份,sam1 fun4
斬中,zam3 zung1
千載難逢,cien1 zai3 lan2 fung2
紅玫瑰,fung2 moi2 gui4
優柔寡斷,yiu2 yiu2 ga3 ton4
執死雞,zip5 si3 gai1
執死雞仔,zip5 si3 gai1 zai3
隨着,sui2 cok6
倒果為因,dau3 go3 vui2 yin1
校正,gau4 zin4
身光頸靚,sin1 gong1 giang3 liang4
黃道,vong2 tau4
烏低身,vu1 dai1 sin1
科長,ko1 zong3
乾水,gon1 sui3
一夫當關,yit5 fu1 dong1 gan1
三隊,sam1 dui4
成王敗寇,sin2 vong2 pai4 keu4
焗油,kiuk6 yiu2
鬼五馬六,gui3 ng3 ma1 luk5
一本正經,yit5 bun3 zin4 gin1
收經,siu1 gin1
蛇蟲鼠蟻,sa2 cung2 cu3 li1
栽種,zai1 zung4
查探,ca2 tam4
正室,zin4 sit5
大難臨頭,tai4 lan4 lim2 teu2
四成,si4 sin2
不易,but5 yi4
舊好,kiu4 hau3
器重,hi4 cung4
因間,yin1 gan1
四重奏,si4 cung2 zeu4
吖笨,a1 bun4
博大精深,bok5 tai4 zin1 cim1
行雲流水,hang2 yun2 liu2 sui3
天衣無縫,tien1 yi1 vu2 fung2
中成藥,zung1 sin2 yok6
重疊,cung2 tiap6
多愁善感,do1 siu2 sen4 gam3
經書,gin1 su1
一脈相承,yit5 mak5 siong1 sin2
兩塊,liong1 kai4
音調,yim1 tiau4
兩度,liong1 tu4
心有靈犀,sim1 yiu1 lin2 si1
錯落,co4 lok6
倒行逆施,dau3 hang2 ngiak6 si1
起承轉合,hi3 sin2 zon4 hap6
有婦之夫,yiu1 fu4 zu1 fu1
三層,sam1 cen2
便溺,pien4 lit6
當局者迷,dong1 kiuk6 za3 mi2
咬耳仔,ngau1 ngi3 zai3
拍膊頭,pok5 bok5 teu2
爭逐,zang1 cuk6
伏兵,fuk6 bin1
卡死,ka1 si3
電影票,tien4 yang3 piau4
頂更,din3 gang1
經手人,gin1 siu3 ngin2
校風,gau3 fung1
瑞士法郎,sui4 su4 fap5 long2
曾俊華,zen1 zun4 fa2
胸有成竹,hiung1 yiu1 sin2 zuk5
哀愁,oi1 siu2
散風,san4 fung1
打躉,da3 dun3
打擂台,da3 lui2 toi2
衣食無憂,yi1 sit6 vu2 yiu1
羊咩,yong2 me1
命硬,miang4 ngang4
木結他,muk5 giet5 ta1
打光,da3 gong1
景嶺,gin3 liang1
逐啲,cuk6 tit6
電解,tien4 gai3
吉普車,git5 pu1 ca1
一兩隻,yit5 liong1 zak5
紐卡素,liu3 ka1 su4
你哋係,li3 ti4 he4
少東,sau4 dung1
不相信,but5 siong1 sin4
度縮,tok6 suk5
高處,gau1 cu4
食言,sit6 ngien2
相當之,siong1 dong1 zu1
好少可,hau3 sau3 ko3
甜食,tiam2 sit6
參加者,cam1 ga1 za3
過關斬將,go4 gan1 zam3 ziong4
兩項,liong1 hong4
執屍,zip5 si1
車牌號碼,ca1 pai2 hau4 ma1
車牌號數,ca1 pai2 hau4 su4
打殺,da3 sat5
強健,kiong2 kien4
類推,lui4 tui1
六成,luk5 sin2
三胞胎,sam1 bau1 toi1
三四個,sam1 si4 go4
行話,hong2 va4
好淫,hau3 yim2
約好,yok5 hau3
死不足惜,si3 but5 zuk5 sit5
相公,siong4 gung1
畫蛇添足,vak6 sa2 tiam1 zuk5
珍而重之,zin1 yi2 cung4 zu1
顛倒黑白,dien1 dau3 het5 pak6
客家話,hak5 ga1 va4
會陰,fui4 yim1
打搞,da3 gau3
打攪,da3 gau3
趕喉趕命,gon3 heu2 gon3 miang4
趕頭趕命,gon3 teu2 gon3 miang4
強力部門,kiong2 lit6 pu4 mun2
立正,lip6 zin4
娓娓道來,mui3 mui3 tau4 loi2
怕唔怕,pa4 m1 pa4
碰碰車,pung4 pung4 ca1
層層,cen2 cen2
大惑不解,tai4 fet6 but5 gai3
當風,dong1 fung1
校譽,gau3 yi4
引蛇出洞,yin3 sa2 cut5 tung4
卡利,ka1 li4
散亂,san3 lon4
手作仔,siu3 zok5 zai3
斷了,ton4 liau3
責成,zit5 sin2
重見天日,cung2 gien4 tien1 ngit5
乾洗,gon1 se3
桂冠,gui4 gon1
要不要,yau4 but5 yau4
垂頭喪氣,sui2 teu2 song4 hi4
曾志偉,zen1 zi4 vui3
長孫,zong3 sun1
總經理,zung3 gin1 li1
車工,ca1 gung1
偏食,pien1 sit6
首度,siu3 tu4
重工業,cung1 gung1 ngiap6
腳背,giok5 boi4
很重要,hen3 cung4 yau4
亦曾,yit6 cen2
舟車勞頓,ziu1 gi1 lau2 un4
國畫,get5 fa4
天旋地轉,tien1 sien2 ti4 zon4
易於反掌,yi4 yi1 fan3 zong3
易如翻掌,yi4 yi2 fan1 zong3
易如反掌,yi4 yi2 fan3 zong3
每張,mui1 zong1
卑躬屈膝,bi1 giung1 kiut5 cit5
歡度,fon1 tu4
隨機應變,sui2 gi1 yin4 bien4
高低起伏,gau1 dai1 hi3 fuk6
影線,yang3 sien4
強人所難,kiong3 ngin2 so3 lan2
揀飲擇食,gan3 yim3 cak6 sit6
泣不成聲,kip5 but5 sin2 sang1
落荒而逃,lok6 fong1 yi2 tau2
拗腰,au3 yau1
巴黎鐵塔,ba1 lai2 tiet5 tap5
好使好用,hau3 su3 hau3 yung4
升中,sin1 zung1
為國捐軀,vui2 get5 gien1 ki1
切要,ciet5 yau4
道德感,tau4 det5 gam3
落花流水,lok6 fa1 liu2 sui3
哀樂,oi1 ngok6
將是,ziong1 si4
暴怒,pau4 lu4
半推半就,ban4 tui1 ban4 ciu4
件件,kien4 kien4
成交量,sin2 gau1 liong2
不近人情,but5 kiun4 ngin2 cin2
報案中心,bau4 on4 zung1 sim1
從屬,cung2 suk6
行咇,hang2 bit5
好屎,hau3 si3
尾班車,mui1 ban1 ca1
腥風血雨,siang1 fung1 hiet5 yi3
水處理,sui3 cu3 li1
長凳,cong2 den4
關公災難,gan1 gung1 zai1 lan4
梁朝偉,liong2 cau2 vui3
三下,sam1 ha4
六萬,luk5 man4
勉為其難,mien1 vui2 ki2 lan2
散客,san3 hak5
心甘命抵,sim1 gam1 miang4 dai3
用得着,yung4 det5 cok6
博大霧,bok5 tai4 vu4
張超雄,zong1 cau1 hiung2
糟質,zau1 zit5
後起之秀,heu4 hi3 zu1 siu4
搖擺不定,yau2 bai3 but5 tin4
鐵幕,tiet5 mok5
從一而終,cung2 yit5 yi2 zung1
很容易,hen3 yung2 yi4
易潔鑊,yi4 giet5 vok6
精製,zin1 ze4
廣州話,gong3 ziu1 va4
喊都無謂,ham4 du1 vu2 vui4
生鐵,sang1 tiet5
四名,si4 min2
意中人,yi4 zung1 ngin2
判若兩人,pan4 yok6 liong1 ngin2
壽仔,siu4 zai3
設身處地,siet5 sin1 cu4 ti4
點着,diam3 cok6
小白臉,siau3 pak6 liam3
喂呀,vui3 a3
就地正法,ciu4 ti4 zin4 fap5
迎難而上,ngiang2 lan2 yi2 song4
一言一行,yit5 ngien2 yit5 hang2
兩對,liong1 dui4
攤凍,tan1 dung4
張牙舞爪,zong1 nga2 mu3 zau3
啜泣,zot5 kip5
大户人家,tai4 fu4 ngin2 ga1
鐵筆,tiet5 bit5
爵士樂,ziok5 su4 ngok6
調查後,tiau4 ca2 heu4
近因,kiun4 yin1
兩段,liong1 ton4
兩文三語,liong1 vun2 sam1 ngi1
三隻手,sam1 zak5 siu3
瞭如指掌,liau2 yi2 zi3 zong3
怒火中燒,lu4 fo3 zung1 sau1
生人勿近,sang1 ngin2 vut6 kiun4
英文中學,yin1 vun2 zung1 hok6
要份,yau4 fun4
執念,zip5 ngiam4
滴滴,tit6 tit6
海平面,hoi3 pin2 mien4
難為情,lan2 vui2 cin2
誓不兩立,si4 but5 liong1 lip6
會錯意,fui4 co4 yi4
轉過頭,zon4 go4 teu2
一兩場,yit5 liong1 cong2
要訣,yau4 giet5
轉唔轉,zon4 m1 zon4
電極,tien4 kit6
斷流,ton4 liu2
大興,tai4 hin1
行書,hang2 su1
射線,sa4 sien4
坐立不安,co4 lip6 but5 on1
裏應外合,li1 yin4 ngoi4 hap6
死於非命,si3 yi1 fui1 miang4
不見不散,but5 gien4 but5 san4
救車,giu4 ca1
晚黑,man1 het5
濕平,sip5 pin2
持卡人,ci2 kat6 ngin2
依從,yi1 cung2
修士,siu1 su4
青黃,ciang1 vong2
行下街,hang2 ha4 gai1
以訛傳訛,yi1 ngo2 con2 ngo2
牌簿,pai2 pu4
掉轉頭,tiau4 zon4 teu2
磨爛蓆,mo2 lan4 ciak6
賤精,cien4 zin1
版畫,ban3 fa4
打響頭炮,da3 hiong3 teu2 pau4
得個名,det5 go4 miang2
肉丁,ngiuk5 den1
諗掂,lem3 tiam4
吞吐量,tun1 tu4 liong4
中彩,zung4 cai3
後患無窮,heu4 fam4 vu2 kiung2
兩聲,liong1 sang1
烏合之眾,vu1 hap6 zu1 zung4
執下,zip5 ha4
三頭,sam1 teu2
執達吏,zip5 tat6 li4
茶水間,ca2 sui3 gan1
一頂,yit5 dang3
命水,miang4 sui3
咬文嚼字,ngau1 vun2 ziok5 su4
三十萬,sam1 sip6 man4
挨近,ai1 kiun1
長實,cong2 sit6
結賬,giet5 zong4
搖滾樂,yau2 gun3 ngok6
迄今為止,ngiet5 gim1 vui2 zi3
即日鮮,zit5 ngit5 sien1
煮食爐,zu3 sit6 lu2
一擔擔,yit5 dam4 dam1
牛精,ngiu2 zin1
相勸,siong1 kien4
巴士佬,ba1 si3 lau3
打落水狗,da3 lok6 sui3 geu3
富貴榮華,fu4 gui4 yin2 fa2
磊落,lui3 lok6
量地,liong2 ti4
省卻,sen3 kiok5
榮華富貴,yin2 fa2 fu4 gui4
專精,zon1 zin1
一應俱全,yit5 yin4 ki1 cien2
伊士,yi1 si3
腎虛,sin4 hi1
打字機,da3 su4 gi1
定海神針,tin4 hoi3 sin2 zim1
篤背脊,duk5 boi4 zit5
旗鼓相當,ki2 gu3 siong1 dong1
平民化,pin2 min2 fa4
中碼,zung1 ma1
飯後,fan4 heu4
眷屬,gien4 suk6
字正腔圓,su4 zin4 kiong1 yen2
緊張感,gin3 zong1 gam3
兩格,liong1 gak5
銀行系,ngiun2 hong2 hi4
排水量,pai2 sui3 liong4
墊支,tiap6 zi1
好串,hau3 con4
無名氏,vu2 min2 si4
爭鮮,zang1 sien1
度水,tok6 sui3
臨行,lim2 hang2
不難,but5 lan2
校務處,gau3 vu4 cu4
洋將,yong2 ziong4
搭順風車,dap5 sun4 fung1 ca1
度假屋,tu4 ga3 vuk5
糖衣毒藥,tong2 yi1 tuk6 yok6
襟兄弟,kim1 hiung1 ti4
心散,sim1 san3
侍從,si4 cung2
損兵折將,sun3 bin1 ziet5 ziong4
禍不單行,fo4 but5 dan1 hang2
長治久安,cong2 ci4 giu3 on1
四張,si4 zong1
相對濕度,siong1 dui4 sip5 tu4
左上角,zo3 song4 gok5
轉右,zon4 yiu4
格仔餅,gak5 zai3 biang3
講下笑,gong3 ha4 siau4
好恰,hau3 kap5
六道,luk5 tau4
三首,sam1 siu3
門當户對,mun2 dong1 fu4 dui4
十張,sip6 zong1
弊處,bi4 cu3
陳冠希,cin2 gon4 hi1
降職,gong4 zit5
旅遊巴士,li3 yiu2 ba1 si3
使節,si4 ziet5
走火通道,zeu3 fo3 tung1 tau4
拍打,pok5 da3
太興,tai4 hin1
長襪,cong2 mat5
約為,yok5 vui2
落地簽證,lok6 ti4 ciam1 zin4
晚輩,man1 bui4
慢磨,man4 mo2
電解質,tien4 gai3 zit5
電介質,tien4 gai4 zit5
黑吃黑,het5 ket5 het5
着落,cok6 lok6
便要,pien4 yau4
汗流浹背,hon4 liu2 hiap6 boi4
落後緊,lok6 heu4 gin3
少年人,sau4 ngien2 ngin2
正花,zang4 fa1
鄭中基,cang4 zung1 gi1
旗幟鮮明,ki2 ci4 sien1 min2
設為,siet5 vui2
雞丁,gai1 den1
惡報,ok5 bau4
平郵,pin2 yiu2
食錯藥,sit6 co4 yok6
曾蔭權,zen1 yim4 kien2
更低,gen4 dai1
機會主義,gi1 fui4 zu3 ngi4
一刀兩斷,yit5 dau1 liong1 ton4
寸步難行,cun4 pu4 lan2 hang2
每件,mui1 kien4
三六,sam1 luk5
精工,zin1 gung1
呃食,ak5 sit6
青草,ciang1 cau3
計量,ge4 liong4
校訓,gau3 hiun4
啱食,ngam1 sit6
華田,fa2 tien2
宰相,zai3 siong4
緝毒,cip5 tuk6
長靴,cong2 hio1
番號,fan1 hau4
解渴,gai3 hot5
不適合,but5 sit5 hap6
生意興隆,sang1 yi4 hin1 lung2
震源,zin3 ngien2
種金,zung4 gim1
短處,don3 cu4
愁雲慘霧,siu2 yun2 cam3 vu4
支長,zi1 cong2
暗影,am4 yang3
包生仔,bau1 sang1 zai3
磁鐵,cu2 tiet5
董建華,dung3 gien4 fa2
白種人,pak6 zung3 ngin2
大三巴,tai4 sam1 ba1
兩篇,liong1 pien1
語出驚人,ngi1 cut5 gin1 ngin2
遞解,ti4 gai4
驚豔,gin1 yam4
潑婦罵街,pat5 fu4 ma4 gai1
十名,sip6 min2
成親,sin2 cin1
風雨漂搖,fung1 yi3 piau1 yau2
鐵觀音,tiet5 gon1 yim1
積落,zit5 lok6
暴虐,pau4 ngiok5
情分,cin2 fun4
長相廝守,cong2 siong1 su1 siu3
極刑,kit6 hin2
一鳴驚人,yit5 min2 gin1 ngin2
幽會,yiu1 fui4
反為,fan3 vui2
行水,hang2 sui3
落西,lok6 si1
龍翔道,lung2 siong2 tau4
三心兩意,sam1 sim1 liong1 yi4
射落海,sa4 lok6 hoi3
倒霉,dau3 moi1
乾冰,gon1 ben1
好言相勸,hau3 ngien2 siong1 kien4
太平清醮,tai4 pin2 cin1 ziau4
邊道,bien1 tau4
害處,hoi4 cu4
看好,kon4 hau3
一乾,yit5 gon1
兩杯,liong1 bui1
五更,ng3 gang1
嗚呀,vu1 a3
打工皇帝,da3 gung1 fong2 di4
入土為安,ngip6 tu3 vui2 on1
凝神,ngien2 sin2
留影,liu2 yang3
密探,mit6 tam4
安分,on1 fun4
屈打成招,kiut5 da3 sin2 zau1
精神奕奕,zin1 sin2 yit6 yit6
坐骨神經,co4 gut5 sin2 gin1
腔調,kiong1 tiau4
明屈,min2 kiut5
保定,bau3 tin4
好大雨,hau3 tai4 yi3
一朝得志,yit5 zau1 det5 zi4
車軌,ca1 gui3
出入平安,cut5 ngip6 pin2 on1
打草驚蛇,da3 cau3 gin1 sa2
吃醋,ket5 cu4
滿城風雨,man1 sang2 fung1 yi3
聚精會神,ci4 zin1 fui4 sin2
琢磨,dok5 mo2
梗塞,gang3 set5
自得其樂,cu4 det5 ki2 lok6
呀屌,a3 diau3
機靈,gi1 lin2
公轉,gung1 zon4
漂染,piau4 ngiam4
三億,sam1 yi4
散漫,san3 man4
劏車,tong1 ca1
屈尾十,kiut5 mui1 sip6
會議展覽,fui4 ngi4 zien3 lam4
實不相瞞,sit6 but5 siong1 man2
鮮果,sien1 go3
打蛇餅,da3 sa2 biang3
平仄,pin2 zet5
食力,sit6 lit6
數名,su4 min2
眾志成城,zung4 zi4 sin2 sang2
專有名詞,zon1 yiu1 min2 cu2
滿族,man1 cuk6
三百萬,sam1 bak5 man4
專橫,zon1 vang2
暴富,pau4 fu4
危機四伏,ngui2 gi1 si4 fuk6
使橫手,su3 vang2 siu3
打書釘,da3 su1 dang1
好唔好食,hau3 m1 hau3 sit6
樂於助人,lok6 yi1 co4 ngin2
山道,san1 tau4
散水餅,san4 sui3 biang3
精益求精,zin1 yit5 kiu2 zin1
解款車,gai4 kan3 ca1
姣好,gau3 hau3
惡棍,ok5 gun4
三節,sam1 ziet5
信差,sin4 cai1
著稱,zu4 cin1
處理下,cu3 li1 ha4
從速,cung2 suk5
讀心術,tuk6 sim1 sut6
尾車,mui1 ca1
追仔,zui1 zai3
大小二便,tai4 siau3 ngi4 pien4
形影不離,hin2 yang3 but5 li2
眼定定,ngan3 tin4 tin4
淡奶,tam1 lai1
遊樂園,yiu2 lok6 yen2
相映成趣,siong1 yang3 sin2 ci4
積少成多,zit5 sau3 sin2 do1
被愛,pi4 oi4
觀音兵,gon1 yim1 bin1
省會,sen3 fui4
暴飲暴食,pau4 yim3 pau4 sit6
打緊仗,da3 gin3 zong4
頭頭是道,teu2 teu2 si4 tau4
敬仰,gin4 ngiong1
神經元,sin2 gin1 ngien2
成唔成,sin2 m1 sin2
兩方,liong1 fong1
安道爾,on1 tau4 li3
盤踞,pan2 gi4
唆擺,so1 bai3
冇益,mau2 yit5
陪坐,pui2 co1
疏乎爽,so1 fu2 song3
影劇,yang3 kiak6
縈繞,yin2 ngiau3
閩南話,men2 lam2 va4
三句,sam1 gi4
鐵餅,tiet5 biang3
金華火腿,gim1 fa2 fo3 tui3
落紅,lok6 fung2
那間,la3 gan1
三民,sam1 min2
聽唔聽,tang4 m1 tang4
調製,tiau2 ze4
臭名遠播,ciu4 min2 yen3 bo4
霧燈,vu4 den1
難纏,lan2 cien2
散賣,san3 mai4
捨命,sa3 min4
食下飯,sit6 ha4 fan4
茶道,ca2 tau4
檢定,giam3 tin4
後庭,heu4 tin2
三格,sam1 gak5
薪火相傳,sin1 fo3 siong1 con2
堂弟,tong2 ti4
通處,tung1 cu4
六角匙,luk5 gok5 si2
泡影,pau4 yang3
梳打水,so1 da3 sui3
畫板,fa4 ban3
為己任,vui2 gi3 ngim4
不倒翁,but5 dau4 vung1
千載,cien1 zai3
要件,yau4 kien4
兩可,liong1 ko3
相若,siong1 yok6
迴轉壽司,fui2 zon3 siu4 su1
朝政,cau2 zin4
殺雞取卵,sat5 gai1 ci3 lon3
姐弟戀,zia3 ti4 lien4
姊弟戀,zi3 ti4 lien4
青雲,ciang1 yun2
錯怪,co4 gai4
行政費,hang2 zin4 fui4
一言難盡,yit5 ngien2 lan2 cin4
凝膠,ngien2 gau1
熱淚盈眶,ngiet6 lui4 yin2 kiong1
肉燥,ngiuk5 cau4
馬上風,ma1 song4 fung1
咩水,me1 sui3
旋轉木馬,sien2 zon3 muk5 ma1
嗚咽,vu1 yen1
轉學,zon3 hok6
道破,tau4 po4
顯卡,hien3 kat6
兩億,liong1 yi4
四平八穩,si4 pin2 bat5 vun3
僧多粥少,sen1 do1 zuk5 sau3
部屬,pu4 suk6
難以言喻,lan2 yi1 ngien2 yi4
齊備,ce2 pi4
陳蕾,cin2 lui2
行禮如儀,hang2 li1 yi2 ngi2
屈得就屈,kiut5 det5 ciu4 kiut5
載歌載舞,zoi4 go1 zoi4 mu3
邊件,bien1 kien4
第一間,ti4 yit5 gan1
狗仔式,geu3 zai3 sit5
一中一台,yit5 zung1 yit5 toi2
種姓,zung3 siang4
參詳,cam1 siong2
凝血,ngien2 hiet5
會診,fui4 zin3
點射,diam3 sa4
高踞,gau1 gi4
靈媒,lin2 moi2
中樞神經,zung1 ki1 sin2 gin1
青年旅舍,ciang1 ngien2 li3 sa4
長技,cong2 ki3
打高爾夫,da3 gau1 li3 fu1
有交帶,yiu1 gau1 dai4
無為意,vu2 vui2 yi4
聖誕快樂,sin4 dan4 kai4 lok6
差強人意,ca1 kiong3 ngin2 yi4
前仆後繼,cien2 fu4 heu4 gi4
前赴後繼,cien2 fu4 heu4 gi4
請命,ciang3 min4
各執一詞,gok5 zip5 yit5 cu2
黑白兩道,het5 pak6 liong1 tau4
行宮,hang2 giung1
敬業樂業,gin4 ngiap6 lok6 ngiap6
三套,sam1 tau4
打江山,da3 gong1 san1
以物易物,yi1 vut6 yit6 vut6
買定離手,mai1 tin4 li2 siu3
污濁,vu1 cuk6
執頭執尾,zip5 teu2 zip5 mui1
全壘打,cien2 lui3 da3
棍仔,gun4 zai3
喜惡,hi3 vu4
好來好去,hau3 loi2 hau3 hi4
李克強,li3 ket5 kiong2
食豆腐,sit6 teu4 fu4
從善如流,cung2 sen4 yi2 liu2
打大交,da3 tai4 gau1
不自量,but5 cu4 liong4
唔正,m1 zang4
惡做,ok5 zo4
淡薄,tam4 pok6
監牢,gam1 lau2
三班,sam1 ban1
士卒,su4 zut5
尖酸刻薄,ziam1 son1 ket5 pok6
鏟平,can3 pin2
分母,fun4 mu1
養鬼仔,yong1 gui3 zai3
重臣,cung4 sin2
才使,coi2 su3
獨行,tuk6 hang2
卡板,ka1 ban3
精壯,zin1 zong4
毒辣,tuk6 lat6
孝道,hau4 tau4
引經據典,yin3 gin1 gi4 dien3
鹽焗,yam2 kiuk6
兩餸飯,liong1 sung4 fan4
偽文青,ngui4 vun2 ciang1
煞食,sat5 sit6
適婚,sit5 fun1
傻更更,so2 gang1 gang1
打龍通,da3 lung2 tung1
打同通,da3 tung2 tung1
恩將仇報,en1 ziong1 siu2 bau4
落吧,lok6 ba1
那名,la3 min2
張家輝,zong1 ga1 fui1
張羅,zong1 lo2
調低,tiau4 dai1
中葉,zung1 yap6
半條人命,ban4 tiau2 ngin2 miang4
半條命,ban4 tiau2 miang4
抄底,cau1 dai3
劍拔弩張,giam4 pat6 lu3 zong1
經濟論壇,gin1 zi4 lun4 tan2
精闢,zin1 pit5
便條,pien4 tiau2
傳送門,con2 sung4 mun2
恩怨情仇,en1 yen4 cin2 siu2
迎刃而解,ngiang2 ngiun3 yi2 gai3
識撈,sit5 lau1
中過伏,zung4 go4 fuk6
轉寄,zon3 gi4
質證,zit5 zin4
黑啤,het5 bia1
憐惜,lien2 sit5
三聲,sam1 sang1
坐向,co4 hiong4
逐家逐户,cuk6 ga1 cuk6 fu4
傳熱,con2 ngiet6
淡市,tam4 si1
丁香,den1 hiong1
道觀,tau4 gon4
平底鑊,pin2 dai3 vok6
參見,cam1 gien4
功名,gung1 min2
校際,gau3 zi4
三四年,sam1 si4 ngien2
相親相愛,siong1 cin1 siong1 oi4
屈指,kiut5 zi3
震機,zin3 gi1
好鬼死,hau3 gui3 si3
聞風喪膽,vun2 fung1 song4 dam3
難抵,lan2 dai3
扮上菜,pan4 song4 coi4
方中,fong1 zung1
行人道,hang2 ngin2 tau4
人行道,ngin2 hang2 tau4
票房毒藥,piau4 fong2 tuk6 yok6
莎翁,sa1 vung1
商業行為,song1 ngiap6 hang2 vui2
啜核,zot5 fut6
嘔白泡,iu3 pak6 pau1
白平衡,pak6 pin2 fen2
點石成金,diam3 sak6 sin2 gim1
相隨,siong1 sui2
瞻仰,zam1 ngiong1
轉科,zon3 ko1
千瓦,cien1 nga3
滴血,tit6 hiet5
頂住檔,din3 cu4 dong4
兩行,liong1 hong2
愛屋及烏,oi4 vuk5 kip6 vu1
披頭散髮,pi1 teu2 san3 fat5
緯度,vui3 tu4
駕車,ga4 ca1
來日方長,loi2 ngit5 fong1 cong2
各行各路,gok5 hang2 gok5 lu4
角鐵,gok5 tiet5
喪盡天良,song4 cin4 tien1 liong2
將帥,ziong4 soi4
稠密,ciu2 mit6
傳電,con2 tien4
帶着,dai4 cok6
弟兄姊妹,ti4 hiung1 zi3 moi4
以人為本,yi1 ngin2 vui2 bun3
五名,ng3 min2
我屌你,ngo1 diau3 li3
第二名,ti4 ngi4 min2
六壬,luk5 ngim2
胡作非為,fu2 zok5 fui1 vui2
曾鈺成,zen1 ngiuk6 sin2
執迷不悟,zip5 mi2 but5 ngu4
不為意,but5 vui2 yi4
打功夫,da3 gung1 fu1
大名鼎鼎,tai4 min2 din3 din3
第度,ti4 tu4
鼎鼎大名,din3 din3 tai4 min2
論著,lun4 zu4
內幕交易,lui4 mok5 gau1 yit6
心術不正,sim1 sut6 but5 zin4
登極,den1 kit6
校草,gau3 cau3
氣結,hi4 giet5
易過借火,yi4 go4 zia4 fo3
六神,luk5 sin2
那張,la3 zong1
酸溜溜,son1 liu4 liu4
接更,ziap5 gang1
郁下,yuk5 ha4
兩全,liong1 cien2
食格棍,sit6 gak5 gun4
着力,cok6 lit6
種族滅絕,zung3 cuk6 miet6 ciet6
統計處,tung3 ge4 cu3
叮噹馬頭,den1 dong1 ma1 teu2
解酒,gai3 ziu3
結巴,giet5 ba1
流質,liu2 zit5
擇食,cak6 sit6
涼浸浸,liong2 zim4 zim4
撈偏,lau1 pien1
貿易組織,meu3 yit6 zu3 zit5
食物銀行,sit6 vut6 ngiun2 hong2
推唔推,tui1 m1 tui1
橫行無忌,vang2 hang2 vu2 ki4
搬字過紙,ban1 su4 go4 zi3
朝拜,cau2 bai4
丟淡,diu1 tam1
驚慌失措,gin1 fong1 sit5 cu4
驚惶失措,gin1 fong2 sit5 cu4
行雷閃電,hang2 lui2 sam3 tien4
日落條款,ngit5 lok6 tiau2 kan3
夜裏,ya4 li1
着急,cok6 gip5
變調,bien4 tiau4
應召,yin4 cau4
強差人意,kiong3 ca1 ngin2 yi4
六次,luk5 cu4
身首異處,sin1 siu3 yi4 cu4
死都話,si3 du1 va4
喪權辱國,song4 kien2 yuk6 get5
正唔正常,zin4 m1 zin4 song2
正站,zin4 zam4
尤為,yiu2 vui2
尤為,yiu2 vui4
扭紋,ngiu3 vun2
三項,sam1 hong4
為民除害,vui4 min2 cu2 hoi4
中廚,zung1 cu2
杯水車薪,bui1 sui3 ca1 sin1
乾花,gon1 fa1
掛好,ga4 hau3
中巴士,zung1 ba1 su4
打罵,da3 ma4
冠心病,gon1 sim1 piang4
鹽焗雞,yam2 kiuk6 gai1
撈得掂,lau1 det5 tiam4
為民請命,vui4 min2 ciang3 min4
自命不凡,cu4 min4 but5 fam2
直通巴士,cit6 tung1 ba1 si3
啞仔,a3 zai3
一棵,yit5 ko1
右轉,yiu4 zon3
打突,da3 tut6
打緊機,da3 gin3 gi1
打戰,da3 zien4
蕩婦,tong4 fu4
觀塘區,gon1 tong2 ki1
陽間,yong2 gan1
頂罪,din3 cui4
解夢,gai3 mung4
量入為出,liong4 ngip6 vui2 cut5
年晚,ngien2 man1
平易,pin2 yi4
十間,sip6 gan1
精盡人亡,zin1 cin4 ngin2 mong2
吊臂車,diau4 bi4 ca1
乾淨企理,gon1 ciang4 ki1 li1
應聲蟲,yin4 sang1 cung2
爛命,lan4 miang4
十度,sip6 tu4
處變不驚,cu4 bien4 but5 gin1
六角形,luk5 gok5 hin2
上訴法庭,song4 su4 fap5 tin2
齊章,ce2 zong1
街鋪,gai1 pu1
交響曲,gau1 hiong3 kiuk5
樂譜,ngok6 pu3
死剩種,si3 yin4 zung3
適唔適合,sit5 m1 sit5 hap6
助產士,co4 san3 su4
第二種,ti4 ngi4 zung3
六隻,luk5 zak5
啱使,ngam1 su3
心領神會,sim1 liang1 sin2 fui4
人望高處,ngin2 mong4 gau1 cu3
必不可少,bit5 but5 ko3 sau3
好準時,hau3 zun3 si2
小結,siau3 giet5
震耳,zin3 ngi3
命格,miang4 gak5
命格,min4 gak5
好奸,hau3 gan1
網上商店,miong3 song4 song1 diam4
工字鐵,gung1 su4 tiet5
落更,lok6 gang1
心事重重,sim1 su4 cung2 cung2
識打,sit5 da3
鹹濕仔,ham2 sip5 zai3
橫街窄巷,vang2 gai1 zak5 hong4
從長計議,cung2 cong2 ge4 ngi4
監誓,gam1 si4
三支,sam1 zi1
精深,zin1 cim1
便意,pien4 yi4
二手車,ngi4 siu3 ca1
靈柩,lin2 giu4
落降,lok6 gong4
平衡木,pin2 fen2 muk5
萍水相逢,pin2 sui3 siong1 fung2
莎莎,sa1 sa1
三通,sam1 tung1
喪氣,song4 hi4
橫線,vang2 sien4
浸透,zim4 teu4
重提,cung1 ti2
應診,yin4 zin3
論斷,lun4 ton4
唔經唔覺,m1 gin1 m1 gok5
讀唔讀,tuk6 m1 tuk6
食神,sit6 sin2
鐵證如山,tiet5 zin4 yi2 san1
定量,tin4 liong4
短兵相接,don3 bin1 siong1 ziap5
紙紮公仔,zi3 zat5 gung1 zai3
調高,tiau4 gau1
當歸,dong1 gui1
家長日,ga1 zong3 ngit5
兩立,liong1 lip6
安度,on1 tu4
污漬,vu1 zit5
書記處,su1 gi4 cu3
報更,bau4 gang1
刀背,dau1 boi4
龜背,gui1 boi4
落唔落,lok6 m1 lok6
牛仔布,ngiu2 zai3 bu4
周打,ziu1 da3
精神抖擻,zin1 sin2 deu3 seu3
將功補過,ziong1 gung1 bu3 go4
中拳,zung4 kien2
氣頂,hi4 din3
穴道,hiet6 tau4
兩道,liong1 tau4
惡啲,ok5 tit6
視覺藝術,si4 gok5 ngi4 sut6
聽下歌,tang4 ha4 go1
晏覺,an4 gau4
掟彎,diang4 van1
好頭好尾,hau3 teu2 hau3 mui1
妄為,mong3 vui2
正骨,zin4 gut5
張家朗,zong1 ga1 long3
第一層,ti4 yit5 cen2
解款員,gai4 kan3 yen2
立杆見影,lip6 gon1 gien4 yang3
立竿見影,lip6 gon1 gien4 yang3
無名火起,vu2 min2 fo3 hi3
十仔,sip6 zai3
蛇羹,sa2 gang1
成羣,sin2 kiun2
出前一丁,cut5 cien2 yit5 den1
從簡,cung2 gan3
重修舊好,cung2 siu1 kiu4 hau3
起重機,hi3 cung1 gi1
淪喪,lun2 song4
精舍,zin1 sa4
坐緊監,co1 gin3 gam1
阿華田,o1 fa2 tien2
十下,sip6 ha4
伏唔伏,fuk6 m1 fuk6
倚重,yi3 cung4
三番,sam1 fan1
蛇鼠一窩,sa2 cu3 yit5 vo1
少壯,sau3 zong4
第一行,ti4 yit5 hong2
家道中落,ga1 tau4 zung1 lok6
衣冠,yi1 gon1
門禁,mun2 gim4
同仇敵愾,tung2 siu2 tit6 koi3
精讀,zin1 tuk6
當死,dong4 si3
謹言慎行,giun3 ngien2 sin3 hang2
舉腳贊成,gi3 giok5 zan4 sin2
燥熱,cau4 ngiet6
導讀,tau3 tuk6
一語道破,yit5 ngi1 tau4 po4
翹楚,kiau2 co3
落伍,lok6 ng3
打更,da3 gang1
當其時,dong1 ki2 si2
好不好,hau3 but5 hau3
三段,sam1 ton4
為着,vui4 cok6
打草,da3 cau3
食人族,sit6 ngin2 cuk6
沉浸,cim2 zim4
打鐘,da3 zung1
撳錯,kim4 co4
近住,kiun4 cu4
磨拳擦掌,mo2 kien2 cat5 zong3
推跌,tui1 diet5
華富,fa2 fu4
烏煙,vu1 yen1
主使,zu3 si3
穿鑿附會,con1 cok6 fu4 fui4
打得火熱,da3 det5 fo3 ngiet6
對簿公堂,dui4 pu4 gung1 tong2
該校,goi1 gau3
虛無漂渺,hi1 vu2 piau1 miau3
一兩下,yit5 liong1 ha4
六場,luk5 cong2
舞伴,mu3 pan4
懵仔,mung3 zai3
打退堂鼓,da3 tui4 tong2 gu3
緊張大師,gin3 zong1 tai4 su1
好心機,hau3 sim1 gi1
打耳,da3 ngi3
要屌,yau4 diau3
青森,ciang1 sem1
讀死書,tuk6 si3 su1
江華,gong1 fa2
一兩首,yit5 liong1 siu3
打唔打得,da3 m1 da3 det5
攞着數,lo3 cok6 su4
咩戲,me1 hi4
有度,yiu1 tu4
遠道,yen3 tau4
磨豆腐,mo2 teu4 fu4
惡名昭彰,ok5 min2 zau1 zong1
伴唱,pan4 cong4
傳聲,con2 sang1
乾葱,gon1 cung1
好唔好彩,hau3 m1 hau3 cai3
囊中物,long2 zung1 vut6
取道,ci3 tau4
加減乘除,ga1 gam3 sin2 cu2
乘人之危,sin2 ngin2 zu1 ngui2
提提你,ti2 ti2 li3
天光道,tien1 gong1 tau4
車厘茄,ca1 li2 kio2
電結,tien4 giet5
觀火,gon1 fo3
好唔好做,hau3 m1 hau3 zo4
兇神惡煞,hiung1 sin2 ok5 sat5
凶神惡煞,hiung1 sin2 ok5 sat5
蛇果,sa2 go3
士啤,su4 bia1
鐵膠,tiet5 gau1
廣華,gong3 fa2
胸墊,hiung1 tiap6
命相,min4 siong4
訛傳,ngo2 con2
推油,tui1 yiu2
民航處,min2 hong2 cu3
經合組織,gin1 hap6 zu3 zit5
夷為平地,yi2 vui2 pin2 ti4
潰不成軍,kui4 but5 sin2 giun1
乜歌,mak5 go1
戇居居,ngong4 gi1 gi1
三本,sam1 bun3
烏蘭巴托,vu1 lan2 ba1 tok5
靜脈曲張,cin4 mak5 kiuk5 zong1
張繼聰,zong1 gi4 cung1
電車站,tien4 ca1 zam4
多二錢重,do1 ngi4 cien2 cung1
多兩錢重,do1 liong1 cien2 cung1
五六年,ng3 luk5 ngien2
藕斷絲連,ngiu3 ton4 su1 lien2
上款,song4 kan3
上一頁,song4 yit5 yap6
鐵球,tiet5 kiu2
華佗,fa2 to2
結拜,giet5 bai4
一唔一齊,yit5 m1 yit5 ce2
二十三,ngi4 sip6 sam1
立食,lip6 sit6
旋轉門,sien2 zon3 mun2
替更,tai4 gang1
便士,pien4 si3
鏟車,can3 ca1
觀塘道,gon1 tong2 tau4
廣東道,gong3 dung1 tau4
學下人,hok6 ha4 ngin2
奇難雜症,ki2 lan2 cap6 zin4
爛仔交,lan4 zai3 gau1
名不經傳,min2 but5 gin1 con2
誤中副車,ngu4 zung4 fu4 gi1
排排坐,pai2 pai2 co1
真憑實據,zin1 pin2 sit6 gi4
着住,cok6 cu4
養尊處優,yong1 zun1 cu3 yiu2
科興,ko1 hin1
敢為,gam3 vui2
可唔可行,ko3 m1 ko3 hang2
咪頭,mai4 teu2
受精卵,siu4 zin1 lon3
成日播,sang2 ngit5 bo4
相士,siong4 su4
題解,ti2 gai3
劫難,giap5 lan4
咩冇,me1 mau2
三架,sam1 ga4
着迷,cok6 mi2
踏板,tap6 ban3
龜仔,gui1 zai3
湧上,yung3 song4
冇害,mau2 hoi4
數打,su4 da1
他調,ta1 tiau2
中耳,zung1 ngi3
呀屌你,a3 diau3 li3
傳揚,con2 yong2
科學精神,ko1 hok6 zin1 sin2
好人卡,hau3 ngin2 kat6
暴擊,pau4 git5
杯墊,bui1 tiap6
唱下歌,cong4 ha4 go1
自強不息,cu4 kiong2 but5 sit5
大熱倒灶,tai4 ngiet6 dau3 zau4
豐依足食,fung1 yi1 zuk5 sit6
豐衣粥食,fung1 yi1 zuk5 sit6
豐衣足食,fung1 yi1 zuk5 sit6
邱騰華,hiu1 ten2 fa2
形而上,hin2 yi2 song4
軟皮蛇,ngion1 pi2 sa2
水墨畫,sui3 met6 fa4
相映,siong1 yang3
上賓,song4 bin1
華倫西亞,fa2 lun2 si1 a1
校徽,gau3 fui1
有兩手,yiu1 liong1 siu3
夜長夢多,ya4 cong2 mung4 do1
幕後主腦,mok5 heu4 zu3 lau3
五張,ng3 zong1
深仇大恨,cim1 siu2 tai4 hen4
生死有命,sang1 si3 yiu1 min4
相送,siong1 sung4
打乞嗤,da3 ket5 ci1
大興土木,tai4 hin1 tu3 muk5
瑰麗,gui4 li4
耳背,ngi3 boi4
着實,cok6 sit6
不正常,but5 zin4 song2
大逆不道,tai4 ngiak6 but5 tau4
紅中,fung2 zung1
弱不禁風,ngiok6 but5 gim1 fung1
兩溝,liong1 geu1
狼狽為奸,long2 bui4 vui2 gan1
摩爾多瓦,mo2 li3 do1 nga3
小解,siau3 gai3
華氏,fa2 si4
追更,zui1 gang1
第二層,ti4 ngi4 cen2
禁品,gim4 pin3
跟紅頂白,gen1 fung2 din3 pak6
賀卡,fo4 kat6
龍蛇混雜,lung2 sa2 fun3 cap6
聽清,tang4 cin1
輾轉反側,zien3 zon3 fan3 zet5
榮華,yin2 fa2
大卡士,tai4 ka1 si3
人命關天,ngin2 miang4 gan1 tien1
成唔成功,sin2 m1 sin2 gung1
志趣相投,zi4 ci4 siong1 teu2
傳呼,con2 fu1
打茅波,da3 mau2 bo1
打鐵趁熱,da3 tiet5 cin4 ngiet6
冤屈,yen1 kiut5
三度,sam1 tu4
胡定欣,fu2 tin4 hiun1
席地而坐,cit6 ti4 yi2 co4
斤兩,gin1 liong3
嬉皮士,hi1 pi2 su4
好事近,hau3 su4 kiun4
落降頭,lok6 gong4 teu2
勉勉強強,mien1 mien1 kiong3 kiong3
磨砂,mo2 sa1
唆使,so1 si3
淨重,ciang4 cung1
百上加斤,bak5 song4 ga1 gin1
血海深仇,hiet5 hoi3 cim1 siu2
熟食檔,suk6 sit6 dong4
胖虎,pan4 fu3
余文樂,yi2 vun2 lok6
兩宗,liong1 zung1
瀕臨絕種,pin2 lim2 ciet6 zung3
從容不迫,cung2 yung2 but5 bet5
尊師重道,zun1 su1 cung4 tau4
背信棄義,boi4 sin4 hi4 ngi4
打齋,da3 zai1
一兩條,yit5 liong1 tiau2
二轉,ngi4 zon3
力爭上游,lit6 zang1 song4 yiu2
拍拍屁股,pok5 pok5 pi4 gu3
四腳蛇,si4 giok5 sa2
抽下水,ciu1 ha4 sui3
雞仔餅,gai1 zai3 biang3
結結巴巴,giet5 giet5 ba1 ba1
肉乾,ngiuk5 gon1
五十六,ng3 sip6 luk5
痛經,tung4 gin1
頂班,din3 ban1
當唔當,dong1 m1 dong1
園丁,yen2 den1
強詞奪理,kiong3 cu2 tot6 li1
良莠不齊,liong2 yiu3 but5 ce2
腎氣,sin4 hi4
喪膽,song4 dam3
選讀,sien3 tuk6
弊處,bi4 cu4
扑咪,bok6 mai4
打石膏,da3 sak6 gau1
好得過,hau3 det5 go4
一兩件,yit5 liong1 kien4
曲終人散,kiuk5 zung1 ngin2 san4
三四次,sam1 si4 cu4
烏低,vu1 dai1
寧死不屈,len2 si3 but5 kiut5
拗斷,au3 ton1
交火,gau1 fo3
食肉獸,sit6 ngiuk5 ciu4
推選,tui1 sien3
通經,tung1 gin1
新聞處,sin1 vun2 cu3
長遮,cong2 za1
打個突,da3 go4 tut6
打政府工,da3 zin4 fu3 gung1
掂行掂過,tiam4 hang2 tiam4 go4
解唔解,gai3 m1 gai3
泡飯,pau4 fan4
頂真,din3 zin1
有頂,yiu1 dang3
十成十,sip6 sin2 sip6
長生津,zong3 sang1 zin1
一兩粒,yit5 liong1 lip5
繞路,ngiau3 lu4
爛命一條,lan4 miang4 yit5 tiau2
安非他命,on1 fui1 ta1 min4
傳家,con2 ga1
久經,giu3 gin1
落狗屎,lok6 geu3 si3
每種,mui1 zung3
三千萬,sam1 cien1 man4
食剩,sit6 yin4
白食,pak6 sit6
扑濕,bok6 sip5
近磅,kiun4 pong4
難約,lan2 yok5
諗唔諗,lem3 m1 lem3
破相,po4 siong4
套間,tau4 gan1
當奴,dong1 lu2
古董車,gu3 dung3 ca1
公仔箱,gung1 zai3 siong1
行喇,hang2 la2
禮崩樂壞,li1 ben1 ngok6 fai4
禮樂崩壞,li1 ngok6 ben1 fai4
禮壞樂崩,li1 fai4 ngok6 ben1
命數,min4 su4
冇修,mau2 siu1
探熱針,tam4 ngiet6 zim1
精氣神,zin1 hi4 sin2
計正,ge4 zin4
喊停,ham4 tin2
以身相許,yi1 sin1 siong1 hi3
愚笨,ngi2 bun4
馮盈盈,fung2 yin2 yin2
駭人聽聞,hai4 ngin2 tin4 vun2
好無用,hau3 vu2 yung4
中國大媽,zung1 get5 tai4 ma1
食屎啦,sit6 si3 la1
沉着,cim2 cok6
擔綱,dam1 gong1
監守自盜,gam1 siu3 cu4 tau4
孤丁丁,gu1 den1 den1
易學難精,yi4 hok6 lan2 zin1
那件,la3 kien4
甚囂塵上,sim4 hiau1 cin4 song4
准將,zun3 ziong4
中耳炎,zung1 ngi3 yam2
倒屎,dau3 si3
興風作浪,hin1 fung1 zok5 long4
有牌爛仔,yiu1 pai2 lan4 zai3
墨守成規,met6 siu3 sin2 gui1
週三,ziu1 sam1
進士,zin4 su4
迫地鐵,bet5 ti4 tiet5
交叉點,gau1 ca1 diam3
共享經濟,kiung4 hiong3 gin1 zi4
強酸,kiong2 son1
兩堂,liong1 tong2
那道,la3 tau4
四間,si4 gan1
繩結,sin2 giet5
浸豬籠,zim4 zu1 lung1
啤酒肚,bia1 ziu3 du3
臭氧層,ciu4 yong1 cen2
清理門户,cin1 li1 mun2 fu4
花旗參,fa1 ki2 sem1
過兩招,go4 liong1 zau1
行唔通,hang2 m1 tung1
喝倒采,hot5 dau3 cai3
命懸一線,miang4 hien2 yit5 sien4
五六日,ng3 luk5 ngit5
年畫,ngien2 fa4
四種,si4 zung3
悉隨尊便,sit5 sui2 zun1 pien4
成為事實,sin2 vui2 su4 sit6
着衫,zok5 sam1
從中作梗,cung2 zung1 zok5 gang3
定語,tin4 ngi1
師從,su1 cung2
熟行,suk6 hong2
剩得,yin4 det5
搭緊車,dap5 gin3 ca1
五臟六腑,ng3 cong4 luk5 fu3
三明,sam1 min2
侍仔,si4 zai3
邊個靚,bien1 go4 liang4
卡爾文,ka1 li3 vun2
三把,sam1 ba3
震音,zin3 yim1
抄考,cau1 kau3
腳踏車,giok5 tap6 ca1
引以為戒,yin3 yi1 vui2 gai4
近點,kiun1 diam3
百事可樂,bak5 su4 ko3 lok6
第二件,ti4 ngi4 kien4
度日如年,tu4 ngit5 yi2 ngien2
劉青雲,liu2 ciang1 yun2
被套,pi1 tau4
第二下,ti4 ngi4 ha4
驚起,gin1 hi3
磨時間,mo2 si2 gan4
成色,sin2 set5
滋長,zu1 zong3
出奇制勝,cut5 ki2 zi4 sin4
方唔方便,fong1 m1 fong1 pien4
一兩張,yit5 liong1 zong1
有乘,yiu1 sin4
麗質,li4 zit5
乘虛,sin2 hi1
長途跋涉,cong2 tu2 pat6 siap5
大敵當前,tai4 tit6 dong1 cien2
獨斷,tuk6 ton4
更生人士,gang1 sang1 ngin2 su4
久別重逢,giu3 piet6 cung2 fung2
易啲,yi4 tit6
色士風,set5 su4 fung1
車埋去,ca1 mai2 hi4
大陸話,tai4 luk6 va4
約法三章,yok5 fap5 sam1 zong1
撈油水,lau1 yiu2 sui3
四件,si4 kien4
頹垣敗瓦,tui2 yen2 pai4 nga3
浸濕,zim4 sip5
坐實,co4 sit6
潮州話,cau2 ziu1 va4
打槍,da3 ciong1
大海撈針,tai4 hoi3 leu2 zim1
道台,tau4 toi2
慳番啖氣,han1 fan1 tam4 hi4
兩三隻,liong1 sam1 zak5
無惡不作,vu2 ok5 but5 zok5
十三億,sip6 sam1 yi4
打球,da3 kiu2
麗莎,li4 sa1
普度,pu1 tu4
受屈,siu4 kiut5
不得要領,but5 det5 yau4 liang1
重婚,cung2 fun1
非命,fui1 min4
以卵擊石,yi1 lon3 git5 sak6
應運而生,yin4 yun4 yi2 sang1
蒲精,pu2 zin1
相減,siong1 gam3
坐波監,co1 bo1 gam1
韓國仔,hon2 get5 zai3
一波三折,yit5 bo1 sam1 ziet5
稽查,ki1 ca2
靈犀,lin2 si1
難點,lan2 diam3
四更,si4 gang1
水蛇春,sui3 sa2 cun1
小調,siau3 tiau4
奏樂,zeu4 ngok6
倒灶,dau3 zau4
家婦,ga1 fu4
警探,gin3 tam4
兩三點,liong1 sam1 diam3
三不管,sam1 but5 gon3
山嶺,san1 liang3
擇善固執,cak6 sen4 gu4 zip5
底橫,dai3 vang2
點吖,diam3 a1
幾許,gi1 hi3
高射炮,gau1 sa4 pau4
公交車,gung1 gau1 ca1
兩頭蛇,liong1 teu2 sa2
三生有幸,sam1 sang1 yiu1 hen4
司徒華,su1 tu2 fa2
張曉明,zong1 hiau3 min2
中草藥,zung1 cau3 yok6
出下街,cut5 ha4 gai1
乾爹,gon1 dia1
辣椒仔,lat6 ziau1 zai3
密斗貨車,mit6 deu3 fo4 ca1
十層,sip6 cen2
少少咋,sau3 sau3 za4
三四隻,sam1 si4 zak5
恣意,zu3 yi4
逼巴士,bit5 ba1 si3
六粒,luk5 lip5
耍樂,sa3 lok6
三十一,sam1 sip6 yit5
聽信,tin4 sin4
週六,ziu1 luk5
大使,tai4 su3
扮相,pan4 siong4
重插,cung2 cap5
打石,da3 sak6
雞冠,gai1 gon1
六條,luk5 tiau2
蠻橫,man2 vang2
名門望族,min2 mun2 mong4 cuk6
中原地產,zung1 ngien2 ti4 san3
巴士地,ba1 su4 ti4
點喇,diam3 la2
當災,dong1 zai1
卡介苗,ka1 gai4 miau2
其樂無窮,ki2 lok6 vu2 kiung2
靈通,lin2 tung1
螞蟻搬家,ma1 li1 ban1 ga1
柯士甸,ko1 su4 tien4
食唔食得,sit6 m1 sit6 det5
鴨仔團,ap5 zai3 ton2
煲下,bau1 ha4
拼車,pin4 ca1
華潤,fa2 yun4
集中精神,sip6 zung1 zin1 sin2
中西合璧,zung1 si1 hap6 bit5
轉過身,zon4 go4 sin1
大力士,tai4 lit6 su4
第一種,ti4 yit5 zung3
格仔舖,gak5 zai3 pu4
合而為一,hap6 yi2 vui2 yit5
咩吖,me1 a1
生態平衡,sang1 tai4 pin2 fen2
小食亭,siau3 sit6 tin2
鐵板一塊,tiet5 ban3 yit5 kai4
華而不實,fa2 yi2 but5 sit6
長濱,cong2 bin1
電視觀眾,tien4 si4 gon1 zung4
一路以為,yit5 lu4 yi1 vui2
旅行結婚,li3 hang2 giet5 fun1
三十六,sam1 sip6 luk5
甚為,sim4 vui2
典當,dien3 dong4
倒扣,dau4 keu4
攝政,ngiap5 zin4
執行董事,zip5 hang2 dung3 su4
頂天立地,din3 tien1 lip6 ti4
器量,hi4 liong4
立地頂天,lip6 ti4 din3 tien1
每層,mui1 cen2
聲名大噪,sang1 min2 tai4 cau4
註解,zu4 gai3
名望,min2 mong4
三花,sam1 fa1
散髮,san3 fat5
石敢當,sak6 gam3 dong1
事關重大,su4 gan1 cung4 tai4
從眾,cung2 zung4
打長途,da3 cong2 tu2
道袍,tau4 pau2
降生,gong4 sang1
核融合,het6 yung2 hap6
核聚變,het6 ci4 bien4
兄弟團,hiung1 ti4 ton2
六名,luk5 min2
你副,li3 fu4
鋪草皮,pu1 cau3 pi2
煎釀三寶,zien1 ngiong4 sam1 bau3
大埔道,tai4 bu4 tau4
家傳户曉,ga1 con2 fu4 hiau3
驚濤駭浪,gin1 tau2 hai4 long4
仰卧,ngiong1 ngo4
山水畫,san1 sui3 fa4
天擇,tien1 cak6
拖卡,to1 ka1
膽戰心驚,dam3 zien4 sim1 giang1
膽顫心驚,dam3 zien1 sim1 giang1
縫製,fung2 ze4
一兩間,yit5 liong1 gan1
揚長而去,yong2 cong2 yi2 hi4
曲高和寡,kiuk5 gau1 fo4 ga3
靚唔靚仔,liang4 m1 liang4 zai3
冇制,mau2 zi4
安卡拉,on1 ka1 lai1
抱着,pau1 cok6
心驚膽戰,sim1 giang1 dam3 zien4
心驚膽顫,sim1 giang1 dam3 zien1
爭食,zang1 sit6
精神爽利,zin1 sin2 song3 li4
張柏芝,zong1 pak5 zi1
中湯,zung1 tong1
重唔重要,cung4 m1 cung4 yau4
撮要,cot5 yau4
打天才波,da3 tien1 coi2 bo1
倒及,dau4 kip6
黑旋風,het5 sien2 fung1
未做好,vui4 zo4 hau3
冇得解,mau2 det5 gai3
十件,sip6 kien4
承轉,sin2 zon3
傻下,so2 ha4
保長,bau3 zong3
打友誼波,da3 yiu1 ngi4 bo1
交流電,gau1 liu2 tien4
講過下,gong3 go4 ha4
蓮霧,lien2 vu4
兩滴,liong1 tit6
身懷六甲,sin1 fai2 luk5 gap5
好有米,hau3 yiu1 mi3
兩級,liong1 kip5
石刻,sak6 kat5
傳感,con2 gam3
乾濕褸,gon1 sip5 leu1
以暴制暴,yi1 pau4 zi4 pau4
孖咇,ma1 bit5
霧化器,vu4 fa4 hi4
晨間,sin2 gan1
食咖喱,sit6 ga1 li1
精奇,zin1 ki2
白名單,pak6 min2 dan1
結霜,giet5 song1
移民監,yi2 min2 gam1
靈驗,lin2 ngiam4
南極洲,lam2 kit6 ziu1
乳名,yui3 miang2
三排,sam1 pai2
生靈塗炭,sang1 lin2 tu2 tan4
着時,cok6 si2
點理解,diam3 li1 gai3
倒汗水,dau4 hon4 sui3
家丁,ga1 den1
坎培拉,kam3 pui2 lai1
無線電話,vu2 sien4 tien4 va4
五六個,ng3 luk5 go4
統計處,tung3 ge4 cu4
為虎作倀,vui2 fu3 zok5 cong2
中飽私囊,zung1 bau3 su1 long2
成個,sang2 go4
臭味相投,ciu4 mui4 siong1 teu2
丁屎,den1 si3
喊驚,ham4 giang1
源遠流長,ngien2 yen3 liu2 cong2
每一晚,mui1 yit5 man1
泡沫經濟,pau1 mat6 gin1 zi4
攝太歲,ngiap5 tai4 soi4
小電影,siau3 tien4 yang3
曾祖父,zen1 zu3 fu4
眾生相,zung4 sang1 siong4
暗道,am4 tau4
頂頂,dang3 dang3
搞下笑,gau3 ha4 siau4
三打,sam1 da1
長面,cong2 mien4
後繼無人,heu4 gi4 vu2 ngin2
十月革命,sip6 ngiet6 gak5 min4
自毀長城,cu4 fui3 cong2 sang2
時刻表,si2 kat5 biau3
打數,da3 su4
交點,gau1 diam3
無無聊聊,vu2 vu2 liau2 liau2
旁觀者清,pong2 gon1 za3 cin1
執齊,zip5 ce2
赫赫有名,het5 het5 yiu1 min2
一言九頂,yit5 ngien2 giu3 din3
兩團,liong1 ton2
文質彬彬,vun2 zit5 bin1 bin1
正線,zin4 sien4
重色輕友,cung4 set5 kiang1 yiu1
刻版,kat5 ban3
半斤八兩,ban4 gin1 bat5 liong3
緝毒犬,cip5 tuk6 kien3
當耳邊風,dong4 ngi3 bien1 fung1
舊事重提,kiu4 su4 cung2 ti2
結存,giet5 sun2
行下山,hang2 ha4 san1
任意妄為,ngim4 yi4 mong3 vui2
一齊送,yit5 ce2 sung4
拳頭交,kien2 teu2 gau1
神道,sin2 tau4
不打緊,but5 da3 gin3
塞拉利昂,soi4 lai1 li4 ngong2
風吹雨打,fung1 cui1 yi3 da3
驚異,gin1 yi4
決選名單,giet5 sien3 min2 dan1
諗真啲,lem3 zin1 tit6
外強中乾,ngoi4 kiong2 zung1 gon1
惡運,ok5 yun4
斷掌,ton1 zong3
中文中學,zung1 vun2 zung1 hok6
東歪西倒,dung1 vai1 si1 dau3
傀儡政府,kui3 lui3 zin4 fu3
人望高處,ngin2 mong4 gau1 cu4
摸不着,mo1 but5 cok6
冒名,mau4 min2
夢中情人,mung4 zung1 cin2 ngin2
相聲,siong4 sang1
隕落,yun3 lok6
張怡,zong1 yi2
中山裝,zung1 san1 zong1
侵權行為,cim1 kien2 hang2 vui2
調包,tiau4 bau1
格仔恤,gak5 zai3 sut5
交頭接耳,gau1 teu2 ziap5 ngi3
難倒,lan2 dau3
灣仔區,van1 zai3 ki1
測下,cet5 ha4
有户,yiu1 fu4
意料中,yi4 liau4 zung1
兩三場,liong1 sam1 cong2
晚霞,man1 ha2
滿載而歸,man1 zai3 yi2 gui1
便宜仔,pien2 li2 zai3
三面,sam1 mien4
穩打穩紮,vun3 da3 vun3 zat5
穩扎穩打,vun3 zat5 vun3 da3
穩紮穩打,vun3 zat5 vun3 da3
中國銀行,zung1 get5 ngiun2 hong2
長火,cong2 fo3
打得通,da3 det5 tung1
公報私仇,gung1 bau4 su1 siu2
二十六,ngi4 sip6 luk5
燕梳,yen4 so1
魯蛇,lu1 sa2
麥精,mak6 zin1
懵仔針,mung3 zai3 zim1
治喪,ci4 song1
絕後,ciet6 heu4
傳呼機,con2 fu1 gi1
打家劫舍,da3 ga1 giap5 sa4
定然,tin4 yen2
破落,po4 lok6
鋪張,pu1 zong1
三四點,sam1 si4 diam3
死好過,si3 hau3 go4
四下,si4 ha4
食緊屎,sit6 gin3 si3
禪定,sam2 tin4
半兩,ban4 liong3
參差不齊,cam1 ci1 but5 ce2
狗仔粉,geu3 zai3 fun3
乾爭爭,gon1 zang1 zang1
降服,hong2 fuk6
攞下,lo3 ha4
婆仔鞋,po2 zai3 hai2
三年抱兩,sam1 ngien2 pau1 liong1
上肢,song4 zi1
喪盡,song4 cin4
書記處,su1 gi4 cu4
天靈蓋,tien1 lin2 goi4
中立國,zung1 lip6 get5
前車之鑑,cien2 gi1 zu1 gam4
青衣城,ciang1 yi1 sang2
朝貢,cau2 gung4
重賞,cung1 song3
搞三搞四,gau3 sam1 gau3 si4
攪三攪四,gau3 sam1 gau3 si4
一網成擒,yit5 miong3 sin2 kim2
靈丹,lin2 dan1
謀財害命,meu2 coi2 hoi4 min4
戇直,ngong4 cit6
墊屍底,tiap6 si1 dai3
招供,zau1 giung1
差仔,cai1 zai3
大掣,tai4 zi4
道賀,tau4 fo4
揚名立萬,yong2 min2 lip6 man4
孻仔,lai1 zai3
頭班車,teu2 ban1 ca1
結焦,giet5 ziau1
行客,hang2 hak5
響噹噹,hiong3 dong1 dong1
二傳手,ngi4 con2 siu3
惡有惡報,ok5 yiu1 ok5 bau4
煲電話粥,bau1 tien4 va4 zuk5
切丁,ciet5 den1
葵青區,kui2 ciang1 ki1
兩節,liong1 ziet5
六神無主,luk5 sin2 vu2 zu3
每下,mui1 ha4
三十五,sam1 sip6 ng3
茶舖,ca2 pu4
粵拼,yet6 pin4
冒險樂園,mau4 hiam3 lok6 yen2
五下,ng3 ha4
培正,pui2 zin4
散失,san4 sit5
鮮美,sien1 mui1
乘除,sin2 cu2
蘇彝士,su1 yi2 su4
壯丁,zong4 den1
千斤頂,cien1 gin1 din3
簡便,gan3 pien4
起霧,hi3 vu4
好膽,hau3 dam3
飲飽食醉,yim3 bau3 sit6 zui4
油漬,yiu2 zit5
有泡,yiu1 pau1
煙霧餅,yen1 vu4 biang3
龍馬精神,lung2 ma1 zin1 sin2
三對,sam1 dui4
衰仔紙,soi1 zai3 zi3
識行識走,sit5 hang2 sit5 zeu3
絕處逢生,ciet6 cu3 fung2 sang1
大乘,tai4 sin2
四層,si4 cen2
長生店,cong2 sang1 diam4
重獲新生,cung2 vet6 sin1 sang1
第二行,ti4 ngi4 hong2
見使,gien4 su3
無精打采,vu2 zin1 da3 cai3
中庸之道,zung1 yung2 zu1 tau4
茶仔,ca2 zai3
陳百強,cin2 bak5 kiong2
打奶,da3 lai1
好立克,hau3 lip6 ket5
言之成理,ngien2 zu1 sin2 li1
密使,mit6 si4
三雙,sam1 sung1
三轉,sam1 zon3
齊陰,ce2 yim1
村校,cun1 gau3
禁軍,gim4 giun1
軒尼詩道,hien1 li2 si1 tau4
散紙包,san3 zi3 bau1
散下心,san4 ha4 sim1
省港旗兵,sen3 gong3 ki2 bin1
食粥食飯,sit6 zuk5 sit6 fan4
英文名,yin1 vun2 miang2
吹波仔,cui1 bo1 zai3
搭錯線,dap5 co4 sien4
狹路相逢,kiap6 lu4 siong1 fung2
兩仔爺,liong1 zai3 ya2
無稽之談,vu2 ki1 zu1 tam2
每行,mui1 hong2
食螺絲,sit6 lo2 su1
糖水鋪,tong2 sui3 pu4
華陀,fa2 to2
招降,zau1 hong2
重酬,cung1 ciu2
打門,da3 mun2
飲下酒,yim3 ha4 ziu3
孖公仔,ma1 gung1 zai3
普度眾生,pu1 tu4 zung4 sang1
拖落水,to1 lok6 sui3
將官,ziong4 gon1
婦人之仁,fu4 ngin2 zu1 yin2
家長信,ga1 zong3 sin4
應允,yin1 yun3
量杯,liong4 bui1
民航處,min2 hong2 cu4
名花有主,min2 fa1 yiu1 zu3
三聖,sam1 sin4
相與,siong1 yi1
短少,don3 sau3
射龍門,sa4 lung2 mun2
華埠,fa2 feu4
不求甚解,but5 kiu2 sim4 gai3
不惜工本,but5 sit5 gung1 bun3
韓正,hon2 zin4
養尊處優,yong1 zun1 cu4 yiu2
三原色,sam1 ngien2 set5
愁緒,siu2 si4
烏木,vu1 muk5
將錯就錯,ziong1 co4 ciu4 co4
縱橫交錯,zung1 vang2 gau1 co4
別上,piet6 song4
粉仔,fun3 zai3
急降,gip5 gong4
許冠傑,hi3 gon4 kiet6
直觀,cit6 gon1
亞斯匹靈,a1 su1 pit5 lin2
亞士匹靈,a1 su4 pit5 lin2
嘔心瀝血,iu3 sim1 lak5 hiet5
叉錯腳,ca1 co4 giok5
踩錯腳,cai3 co4 giok5
慘無人道,cam3 vu2 ngin2 tau4
齊射,ce2 sa4
打斧頭,da3 bu3 teu2
定稿,tin4 gau3
刀光劍影,dau1 gong1 giam4 yang3
好嘔心,hau3 iu3 sim1
英皇道,yin1 fong2 tau4
落旗,lok6 ki2
鮮卑,sien1 bi1
張宇人,zong1 yi3 ngin2
邊青,bien1 ciang1
楷書,kai3 su1
劉江華,liu2 gong1 fa2
連着,lien2 cok6
省去,sen3 hi4
聽住歌,tang4 cu4 go1
豬籠車,zu1 lung1 ca1
屌你,diau3 li3
暗物質,am4 vut6 zit5
車條,ca1 tiau2
格下價,gak5 ha4 ga4
好唔好聽,hau3 m1 hau3 tang4
人有三急,ngin2 yiu1 sam1 gip5
二更,ngi4 gang1
預會,yi4 fui4
五件,ng3 kien4
添丁,tiam1 den1
表錯情,biau3 co4 cin2
超連結,cau1 lien2 giet5
打打鬧鬧,da3 da3 lau4 lau4
計下數,ge4 ha4 su4
兩百萬,liong1 bak5 man4
隆重其事,lung2 cung4 ki2 su4
無名火,vu2 min2 fo3
扭虧為盈,ngiu3 kui1 vui2 yin2
乘數表,sin2 su4 biau3
上雜,song4 cap6
輸卵管,su1 lon3 gon3
橫水渡,vang2 sui3 tu4
橫豎,vang2 su4
打喊露,da3 ham4 lu4
閣仔,gok5 zai3
好嫩,hau3 lun4
日內瓦,ngit5 lui4 nga3
兩碗,liong1 von3
太極劍,tai4 kit6 giam4
威靈頓,vui1 lin2 un4
官仔,gon1 zai3
鬼食泥,gui3 sit6 lai2
晾乾,long4 gon1
鐵鈎,tiet5 geu1
自尋煩惱,cu4 cim2 fan2 lau3
自由落體,cu4 yiu2 lok6 ti3
中圈套,zung4 kien1 tau4
穿州過省,con1 ziu1 go4 sen3
飢不擇食,gi1 but5 cak6 sit6
有夫之婦,yiu1 fu1 zu1 fu4
吸食毒品,kip5 sit6 tuk6 pin3
省得,sen3 det5
食雞胸,sit6 gai1 hiung1
推陳出新,tui1 cin2 cut5 sin1
天倫之樂,tien1 lun2 zu1 lok6
聚散,ci4 san4
張達明,zong1 tat6 min2
八下,bat5 ha4
朝陽,cau2 yong2
吊兒郎當,diau4 yi2 long2 dong1
多平台,do1 pin2 toi2
腹大便便,fuk5 tai4 pien4 pien4
儆惡懲奸,gin3 ok5 cin2 gan1
任達華,ngim4 tat6 fa2
元中,ngien2 zung1
三角褲,sam1 gok5 fu4
集散,sip6 san4
載運,zoi4 yun4
打垮,da3 ka1
頂肚,din3 du3
頂肚癮,din3 du3 yin3
紅番,fung2 fan1
音讀,yim1 tuk6
沙暴,sa1 pau4
三缺一,sam1 kiet5 yit5
食滯,sit6 ce4
推辭,tui1 cu2
拔刀相助,pat6 dau1 siong1 co4
薄霧,pok6 vu4
打簿,da3 pu1
道統,tau4 tung3
探求,tam4 kiu2
旺舖,vong4 pu4
財相,coi2 siong4
單刀橫傳,dan1 dau1 vang2 con2
驚駭,gin1 hai4
幸會,hen4 fui4
有前有後,yiu1 cien2 yiu1 heu4
有金執,yiu1 gim1 zip5
李強,li3 kiong2
靈灰,lin2 foi1
兩三下,liong1 sam1 ha4
新聞處,sin1 vun2 cu4
神魂顛倒,sin2 fun2 dien1 dau3
笑到喊,siau4 dau4 ham4
橫衝,vang2 cung1
車公廟,ca1 gung1 miau4
打一身,da3 yit5 sin1
代代相傳,toi4 toi4 siong1 con2
當透明,dong4 teu4 min2
軍民兩用,giun1 min2 liong1 yung4
紅暈,fung2 yun4
兩拳,liong1 kien2
三長兩短,sam1 cong2 liong1 don3
十多名,sip6 do1 min2
水乾,sui3 gon1
推重,tui1 cung4
陶藝,tau2 ngi4
中午飯,zung1 ng3 fan4
打預,da3 yi4
拂袖而去,fut5 ciu4 yi2 hi4
起下底,hi3 ha4 dai3
柳應廷,liu3 yin4 tin2
落湯雞,lok6 tong1 gai1
六百萬,luk5 bak5 man4
拍下拖,pok5 ha4 to1
劏舖,tong1 pu4
銅牆鐵壁,tung2 siong2 tiet5 biak5
逼車,bit5 ca1
打炮,da3 pau4
恩平,en1 pin2
一念之差,yit5 ngiam4 zu1 ca1
名譽掃地,min2 yi4 sau4 ti4
士擔,su4 dam1
透下,teu4 ha4
鐵心,tiet5 sim1
寂寂無名,cit5 cit5 vu2 min2
真心話,zin1 sim1 va4
八載,bat5 zai3
服毒,fuk6 tuk6
管樂,gon3 ngok6
三門,sam1 mun2
中過招,zung4 go4 zau1
八層,bat5 cen2
千分之,cien1 fun4 zu1
打荷包,da3 ho2 bau1
掟煲,diang4 bau1
救傷車,giu4 song1 ca1
好得多,hau3 det5 do1
五金鋪,ng3 gim1 pu4
食住條水,sit6 cu4 tiau2 sui3
蔡少芬,cai4 sau4 fun1
丹青,dan1 ciang1
火拼,fo3 pin4
如影隨形,yi2 yang3 sui2 hin2
兩股,liong1 gu3
冇吖,mau2 a1
陶器,tau2 hi4
七名,cit5 min2
打種,da3 zung3
人定勝天,ngin2 tin4 sin4 tien1
六下,luk5 ha4
澳仔,au4 zai3
户户,fu4 fu4
背默,poi4 met6
都冇乜,du1 mau2 mak5
好盞,hau3 zan3
兩罐,liong1 gon4
平安紙,pin2 on1 zi3
漂書,piau1 su1
三點不露,sam1 diam3 but5 lu4
三點畢露,sam1 diam3 bit5 lu4
三點盡露,sam1 diam3 cin4 lu4
十三張,sip6 sam1 zong1
乘法,sin2 fap5
邊層,bien1 cen2
七情六慾,cit5 cin2 luk5 yuk6
七情六欲,cit5 cin2 luk5 yuk6
擔風險,dam1 fung1 hiam3
花冠,fa1 gon1
簡要,gan3 yau4
兒孫滿堂,yi2 sun1 man1 tong2
仰卧起坐,ngiong1 ngo4 hi3 co1
惡狠狠,ok5 hen3 hen3
平素,pin2 su4
泡泡浴,pau1 pau1 yuk5
三三四,sam1 sam1 si4
探肛,tam4 gong1
攤屍,tan1 si1
張振朗,zong1 zin3 long3
中文堂,zung1 vun2 tong2
人煙稀少,ngin2 yen1 hi1 sau3
一户,yit5 fu4
肉參,ngiuk5 sem1
楷模,kai3 mu2
隧道費,sui4 tau4 fui4
相食,siong1 sit6
中劍,zung4 giam4
差遣,cai1 kien3
反勝,fan3 sin4
見食,gien4 sit6
兩排,liong1 pai2
死死下,si3 si3 ha4
上海街,song4 hoi3 gai1
數十名,su4 sip6 min2
丁蟹效應,den1 hai3 hau4 yin4
慷慨解囊,kong3 koi4 gai3 long2
人滿為患,ngin2 man1 vui2 fam4
六日一,luk5 ngit5 yit5
捱更抵夜,ngai2 gang1 dai3 ya4
水到渠成,sui3 dau4 ki2 sin2
上村,song4 cun1
準備定,zun3 pi4 tin4
車房仔,ca1 fong2 zai3
長沙灣道,cong2 sa1 van1 tau4
大驚失色,tai4 gin1 sit5 set5
頂閘,din3 cap6
見機行事,gien4 gi1 hang2 su4
缸瓦,gong1 nga3
鬼佬話,gui3 lau3 va4
楊屋道,yong2 vuk5 tau4
融會貫通,yung2 fui4 gon4 tung1
無從稽考,vu2 cung2 ki1 kau3
務使,vu4 si3
滿地可,man1 ti4 ko3
安倍晉三,on1 pui4 zin4 sam1
烚熟狗頭,sap6 suk6 geu3 teu2
煠熟狗頭,sap6 suk6 geu3 teu2
上過水,song4 go4 sui3
調解員,tiau2 gai3 yen2
報喪,bau4 song1
陳腔濫調,cin2 kiong1 lam4 tiau4
長貧難顧,cong2 pin2 lan2 gu4
定製,tin4 ze4
候命,heu4 min4
篷車,pung2 ca1
死車,si3 ca1
上海市,song4 hoi3 si1
斷碼,ton1 ma1
打拍,da3 pok5
踏車,tap6 ca1
車水馬龍,gi1 sui3 ma1 lung2
乾笑,gon1 siau4
兩顆,liong1 ko3
落閘放狗,lok6 cap6 fong4 geu3
賣剩蔗,mai4 yin4 za4
眼仔碌碌,ngan3 zai3 luk5 luk5
泡打粉,pau1 da3 fun3
否極泰來,pi3 kit6 tai4 loi2
三十二,sam1 sip6 ngi4
駛車,su3 ca1
獸行,ciu4 hang2
太平門,tai4 pin2 mun2
橫排,vang2 pai2
做咩事,zo4 me1 su4
坐過監,co1 go4 gam1
獨力難支,tuk6 lit6 lan2 zi1
量詞,liong4 cu2
長通粉,cong2 tung1 fun3
紅簿仔,fung2 pu1 zai3
耳仔軟,ngi3 zai3 ngion1
葉公好龍,yap6 gung1 hau4 lung2
淤塞,yi1 set5
月經杯,ngiet6 gin1 bui1
其利斷金,ki2 li4 don4 gim1
迷霧,mi2 vu4
三篇,sam1 pien1
收伏,siu1 fuk6
食奶,sit6 lai1
鮮豔,sien1 yam4
梳打餅,so1 da3 biang3
調理農務,tiau2 li1 lung2 vu4
笨實,bun4 sit6
出下聲,cut5 ha4 sang1
當代中國,dong1 toi4 zung1 get5
家喻户曉,ga1 yi4 fu4 hiau3
健身單車,kien4 sin1 dan1 ca1
厚多士,heu4 do1 su4
應棍,yin4 gun4
魚翅撈飯,ng2 ci4 lau1 fan4
論功行賞,lun4 gung1 hang2 song3
晚禮服,man1 li1 fuk6
卧推,ngo4 tui1
勝瓜,sin4 ga1
消愁,siau1 siu2
策士,cak5 su4
沉落,cim2 lok6
丁圖,den1 tu2
一兩點,yit5 liong1 diam3
六張,luk5 zong1
買兩邊,mai1 liong1 bien1
三頭六臂,sam1 teu2 luk5 bi4
相濡以沫,siong1 yi2 yi1 mat6
八道,bat5 tau4
肺活量,pui4 fat6 liong4
近水樓台,kiun4 sui3 leu2 toi2
巨著,ki4 zu4
客户端,hak5 fu4 don1
襟撈,kim1 lau1
滿江紅,man1 gong1 fung2
惡念,ok5 ngiam4
攝石,ngiap5 sak6
宿命論,suk5 min4 lun4
執唔執,zip5 m1 zip5
打混,da3 fun3
高原反應,gau1 ngien2 fan3 yin4
仰光,ngiong1 gong1
門仔,mun2 zai3
三色堇,sam1 set5 giun3
雙重人格,sung1 cung2 ngin2 gak5
橫屍街頭,vang2 si1 gai1 teu2
執二攤,zip5 ngi4 tan1
不平則鳴,but5 pin2 zet5 min2
塵暴,cin4 pau4
打敗仗,da3 pai4 zong4
腎上腺素,sin4 song4 sien4 su4
攝石人,ngiap5 sak6 ngin2
消解,siau1 gai3
小滿,siau3 man1
遵命,zun1 min4
張寶兒,zong1 bau3 yi2
層層疊,cen2 cen2 tiap6
取樂,ci3 lok6
行距,hong2 ki3
一命嗚呼,yit5 min4 vu1 fu1
兩席,liong1 cit6
咪霸,mai4 ba4
美夢成真,mui1 mung4 sin2 zin1
安樂茶飯,on1 lok6 ca2 fan4
三明治,sam1 min2 ci4
疏爽,so1 song3
為真,vui2 zin1
曾國衞,zen1 get5 vui4
八度,bat5 tu4
必然結果,bit5 yen2 giet5 go3
傳家寶,con2 ga1 bau3
踏正,tap6 zang4
當街當巷,dong1 gai1 dong1 hong4
副食,fu4 sit6
荷蘭人,ho2 lan2 ngin2
連消帶打,lien2 siau1 dai4 da3
落過場,lok6 go4 cong2
六十萬,luk5 sip6 man4
食穀種,sit6 guk5 zung3
墊腳,tiap6 giok5
正極,zin4 kit6
正氣凜然,zin4 hi4 lim3 yen2
將棋,ziong4 ki2
邊下,bien1 ha4
打靶仔,da3 ba3 zai3
石刻,sak6 ket5
思樂冰,su1 lok6 ben1
白只,pak6 zit5
青紅皂白,ciang1 fung2 cau4 pak6
長唔長,cong2 m1 cong2
擔屎,dam1 si3
向量,hiong4 liong4
日全食,ngit5 cien2 sit6
影本,yang3 bun3
拍緊拖,pok5 gin3 to1
橫刀,vang2 dau1
曾江,zen1 gong1
載譽歸來,zoi4 yi4 gui1 loi2
拜讀,bai4 tuk6
改簿,goi3 pu1
公仔佬,gung1 zai3 lau3
印度佬,yin4 tu4 lau3
難以啟齒,lan2 yi1 ki3 ci3
拍馬屁,pok5 ma1 pi4
三思而行,sam4 su1 yi2 hang2
瑞士雞翼,sui4 su4 gai1 yit6
鐵石心腸,tiet5 sak6 sim1 cong2
堂兄弟,tong2 hiung1 ti4
華懋,fa2 meu4
不敢當,but5 gam3 dong1
各為其主,gok5 vui4 ki2 zu3
估歌仔,gu3 go1 zai3
食詐餬,sit6 za4 fu2
烏克蘭人,vu1 ket5 lan2 ngin2
曾樂彤,zen1 lok6 tung2
着眼於,cok6 ngan3 yi1
反守為攻,fan3 siu3 vui2 gung1
放下手,fong4 ha4 siu3
交際花,gau1 zi4 fa1
後底,heu4 dai3
兩副,liong1 fu4
拍卡,pok5 kat6
新冠病毒,sin1 gon1 piang4 tuk6
時刻表,si2 ket5 biau3
護花使者,fu4 fa1 si4 za3
左右為難,zo3 yiu4 vui2 lan2
打油詩,da3 yiu2 si1
花落誰家,fa1 lok6 sui2 ga1
反氣旋,fan3 hi4 sien2
改名換姓,goi3 min2 von4 siang4
乾蒸,gon1 zin1
校本,gau3 bun3
刻版,ket5 ban3
卧鋪,ngo4 pu1
三八線,sam1 bat5 sien4
省城,sen3 sang2
洲仔,ziu1 zai3
大食懶,tai4 sit6 lan1
抵諗,dai3 lem3
滴滴仔,tit6 tit6 zai3
解穢酒,gai3 ve4 ziu3
行公司,hang2 gung1 su1
旅行家,li3 hang2 ga1
樂道,lok6 tau4
免費搭車,men1 fui4 dap5 ca1
三手煙,sam1 siu3 yen1
受降,siu4 hong2
總掣,zung3 zi4
長期飯票,cong2 ki2 fan4 piau4
倒轉頭,dau4 zon4 teu2
交易者,gau1 yit6 za3
辱華,yuk6 fa2
冇種,mau2 zung3
每户,mui1 fu4
三堂,sam1 tong2
山難,san1 lan4
神經衰弱,sin2 gin1 soi1 ngiok6
總監督,zung3 gam1 duk5
主婦手,zu3 fu4 siu3
屏息靜氣,bin3 sit5 cin4 hi4
池中物,ci2 zung1 vut6
坐移民監,co1 yi2 min2 gam1
乾枯,gon1 ku1
過下癮,go4 ha4 yin3
海鮮醬,hoi3 sien1 ziong4
嚴唔嚴重,ngiam2 m1 ngiam2 cung4
燕尾服,yen4 mui1 fuk6
影唔影響,yang3 m1 yang3 hiong3
袁國強,yen2 get5 kiong2
月全食,ngiet6 cien2 sit6
靈寶,lin2 bau3
安分守己,on1 fun4 siu3 gi3
散手,san3 siu3
射龜,sa4 gui1
霜降,song1 gong4
精巧,zin1 kiau3
朝思暮想,zau1 su1 mu4 siong3
擦背,cat5 boi4
侵食,cim1 sit6
頂檔,din3 dong4
頂當,din3 dong4
倒鈎,dau3 geu1
毒資,tuk6 zu1
官仔骨骨,gon1 zai3 gut5 gut5
好好天,hau3 hau3 tien1
稽考,ki1 kau3
三尺,sam1 cak5
審定,sim3 tin4
食色,sit6 set5
即時傳譯,zit5 si2 con2 yit6
掌相,zong3 siong4
中局,zung1 kiuk6
豬肉乾,zu1 ngiuk5 gon1
結義,giet5 ngi4
滿期,man1 ki2
五層,ng3 cen2
五間,ng3 gan1
斷奶,ton1 lai1
張智霖,zong1 zi4 lim2
轉船,zon3 son2
齊頭數,ce2 teu2 su4
重操故業,cung2 cau1 gu4 ngiap6
打下卡,da3 ha4 kat6
言出必行,ngien2 cut5 bit5 hang2
平調,pin2 tiau4
三杯,sam1 bui1
陶大宇,tau2 tai4 yi3
會德豐,fui4 det5 fung1
成班,sang2 ban1
成班,sin2 ban1
青山道,ciang1 san1 tau4
歡樂時光,fon1 lok6 si2 gong1
公唔公平,gung1 m1 gung1 pin2
萬載,man4 zai3
三國誌,sam1 get5 zi4
四大名著,si4 tai4 min2 zu4
太平公主,tai4 pin2 gung1 zu3
圍頭話,vui2 teu2 va4
集腋成裘,sip6 yit6 sin2 kiu2
海事處,hoi3 su4 cu3
八名,bat5 min2
榜上無名,bong3 song4 vu2 min2
車衣,ca1 yi1
麩質,fu1 zit5
副食品,fu4 sit6 pin3
解剖室,gai3 peu3 sit5
易守難攻,yi4 siu3 lan2 gung1
兩台,liong1 toi2
六本,luk5 bun3
平年,pin2 ngien2
三柴,sam1 cai2
笑盈盈,siau4 yin2 yin2
土話,tu3 va4
活靈活現,fat6 lin2 fat6 hien4
曾偉雄,zen1 vui3 hiung2
着眼點,cok6 ngan3 diam3
張德江,zong1 det5 gong1
絕處逢生,ciet6 cu4 fung2 sang1
陳國強,cin2 get5 kiong2
各不相讓,gok5 but5 siong1 ngiong4
惡疾,ok5 cit6
食仔,sit6 zai3
笑喪,siau4 song1
土崩瓦解,tu3 ben1 nga3 gai3
正斗,zang4 deu3
電荷,tien4 ho4
頂頭上司,din3 teu2 song4 su1
多士爐,do1 si3 lu2
舉棋不定,gi3 ki2 but5 tin4
驚濤,gin1 tau2
講鬼話,gong3 gui3 va4
功德圓滿,gung1 det5 yen2 man1
閒適,han2 sit5
乞食科,ket5 sit6 ko1
興亡,hin1 mong2
日偏食,ngit5 pien1 sit6
乳交,yui3 gau1
強有力,kiong2 yiu1 lit6
咩班,me1 ban1
外來物種,ngoi4 loi2 vut6 zung3
拍爛檔,pok5 lan4 dong4
拍硬檔,pok5 ngang4 dong4
三塊,sam1 kai4
深省,cim1 sin3
自食惡果,cu4 sit6 ok5 go3
坐禪,co4 sam2
彈射器,tan2 sa4 hi4
化險為夷,fa4 hiam3 vui2 yi2
非分之想,fui1 fun4 zu1 siong3
沽名釣譽,gu1 min2 diau4 yi4
康華,kong1 fa2
豪強,hau2 kiong2
人強馬壯,ngin2 kiong2 ma1 zong4
拉落水,lai1 lok6 sui3
凹凹凸凸,ngiap5 ngiap5 tut6 tut6
凹凹突突,ngiap5 ngiap5 tut6 tut6
平輩,pin2 bui4
散架,san3 ga4
散下步,san4 ha4 pu4
神經系統,sin2 gin1 hi4 tung3
轉頭見,zon3 teu2 gien4
車衫,ca1 sam1
錢嘉樂,cien2 ga1 lok6
頂證,din3 zin4
港鐵公司,gong3 tiet5 gung1 su1
後真相,heu4 zin1 siong4
聊下,liau2 ha4
落緊雨,lok6 gin3 yi3
扭傷,ngiu3 song1
平聲,pin2 sang1
十種,sip6 zung3
失覺,sit5 gok5
士族,su4 cuk6
橫財就手,vang2 coi2 ciu4 siu3
橫流,vang2 liu2
活道,fat6 tau4
瞻前顧後,zam1 cien2 gu4 heu4
張曦雯,zong1 hi1 vun2
鑽窿,zon4 lung1
並架齊驅,bin4 ga4 ce2 ki1
並駕齊驅,bin4 ga4 ce2 ki1
循道,sun2 tau4
個體户,go4 ti3 fu4
乾鮑,gon1 bau1
飲勝,yim3 sin4
良禽擇木,liong2 kim2 cak6 muk5
食過屎,sit6 go4 si3
數度,su4 tu4
探聽,tam4 tin4
斬下眼就,zam3 ha4 ngan3 ciu4
將隧,ziong1 sui4
啤啤熊,bia1 bia1 yung2
清水灣道,cin1 sui3 van1 tau4
重訓,cung1 hiun4
定乜,tin4 mak5
化敵為友,fa4 tit6 vui2 yiu1
警暴,gin3 pau4
倚仗,yi3 cong4
買餸車,mai1 sung4 ca1
磨刀石,mo2 dau1 sak6
無所作為,vu2 so3 zok5 vui2
三串,sam1 con4
三宗,sam1 zung1
拖下手,to1 ha4 siu3
真咩,zin1 me1
張保仔洞,zong1 bau3 zai3 tung4
黐孖筋,ci1 ma1 gin1
全影,cien2 yang3
搭鐵,dap5 tiet5
忿忿不平,fun3 fun3 but5 pin2
金華,gim1 fa2
兩三粒,liong1 sam1 lip5
拼寫,pin4 sia3
生而平等,sang1 yi2 pin2 den3
墜手,cui4 siu3
次名,cu4 min2
打回原形,da3 fui2 ngien2 hin2
倒及牙,dau4 kip6 nga2
義正詞嚴,ngi4 zin4 cu2 ngiam2
義正辭嚴,ngi4 zin4 cu2 ngiam2
余香凝,yi2 hiong1 ngien2
落過仔,lok6 go4 zai3
六部,luk5 pu4
三點三,sam1 diam3 sam1
太極圖,tai4 kit6 tu2
供股,giung1 gu3
兩題,liong1 ti2
望天打卦,mong4 tien1 da3 ga4
每打,mui1 da1
三角鐵,sam1 gok5 tiet5
三席,sam1 cit6
省鏡,sen3 giang4
水牛芝士,sui3 ngiu2 zi1 si3
上輩,song4 bui4
精忠報國,zin1 zung1 bau4 get5
整整下,zin3 zin3 ha4
做磨心,zo4 mo2 sim1
大張旗鼓,tai4 zong1 ki2 gu3
頂酒,din3 ziu3
防狼噴霧,fong2 long2 pun4 vu4
響尾蛇,hiong3 mui1 sa2
留種,liu2 zung3
兩三條,liong1 sam1 tiau2
五種,ng3 zung3
死仔包,si3 zai3 bau1
坐唔坐,co4 m1 co4
抄書,cau1 su1
出洋相,cut5 yong2 siong4
打鼻鼾,da3 pi4 hon2
底線傳中,dai3 sien4 con2 zung1
急於求成,gip5 yi1 kiu2 sin2
乾煎,gon1 zien1
行事曆,hang2 su4 lak6
悍婦,hon4 fu4
好矇,hau3 mung2
好主意,hau3 zu3 yi4
嫌命長,hiam2 miang4 cong2
面面觀,mien4 mien4 gon1
破涕為笑,po4 ti4 vui2 siau4
四腳朝天,si4 giok5 cau2 tien1
食過飯,sit6 go4 fan4
震旦,zin3 dan4
藏身處,cong2 sin1 cu3
靈魂深處,lin2 fun2 cim1 cu3
本地話,bun3 ti4 va4
抄身,cau1 sin1
陳樂,cin2 lok6
長炮,cong2 pau4
傳家之寶,con2 ga1 zu1 bau3
打下波,da3 ha4 bo1
家傳之寶,ga1 con2 zu1 bau3
隔山打牛,gak5 san1 da3 ngiu2
後媽,heu4 ma1
好眉好貌,hau3 mi2 hau3 mau4
異相,yi4 siong4
兩家茶禮,liong1 ga1 ca2 li1
兩艘,liong1 seu3
兩袖清風,liong1 ciu4 cin1 fung1
孭仔燈,ba2 zai3 den1
三五成羣,sam1 ng3 sin2 kiun2
陀仔,to2 zai3
斷句,ton1 gi4
張天賦,zong1 tien1 fu4
豬柳強,zu1 liu3 kiong2
長久以來,cong2 giu3 yi1 loi2
打得少,da3 det5 sau3
乾手機,gon1 siu3 gi1
公共汽車,gung1 kiung4 ki4 ca1
佚名,yit6 min2
雷厲風行,lui2 li4 fung1 hang2
兩匹,liong1 pit5
滿天神佛,man1 tien1 sin2 fut6
盤坐,pan2 co1
打板,da3 ban3
東角道,dung1 gok5 tau4
艱澀,gan1 sep5
交唔交,gau1 m1 gau1
舉一反三,gi3 yit5 fan3 sam1
二人三足,ngi4 ngin2 sam1 zuk5
用不着,yung4 but5 cok6
如坐針氈,yi2 co4 zim1 zien1
級差,kip5 ca1
靈丹妙藥,lin2 dan1 miau4 yok6
樂極生悲,lok6 kit6 sang1 bui1
唔喇,m1 la2
萌塞,men2 set5
滿門,man1 mun2
三角肌,sam1 gok5 gi1
食蟻獸,sit6 li1 ciu4
鐵東,tiet5 dung1
走極端,zeu3 kit6 don1
作惡多端,zok5 ok5 do1 don1
轉瞬間,zon3 sun4 gan1
刻寫,kat5 sia3
打得慢,da3 det5 man4
打唔打針,da3 m1 da3 zim1
度量衡,tu4 liong4 fen2
感光度,gam3 gong1 tu4
英雄好漢,yin1 hiung2 hau3 hon4
平底鞋,pin2 dai3 hai2
散席,san4 cit6
時代革命,si2 toi4 gak5 min4
着涼,cok6 liong2
搏一鋪,bok5 yit5 pu1
搬弄是非,ban1 lung4 si4 fui1
齊腳,ce2 giok5
取下暖,ci3 ha4 lon1
傳染源,con2 ngiam4 ngien2
揀中,gan3 zung1
紅褲仔,fung2 fu4 zai3
日記簿,ngit5 gi4 pu1
三衰六旺,sam1 soi1 luk5 vong4
早走早着,zau3 zeu3 zau3 cok6
轉堂,zon4 tong2
長驅直入,cong2 ki1 cit6 ngip6
風馳電掣,fung1 ci2 tien4 zi4
康莊大道,kong1 zong1 tai4 tau4
企響度,ki1 hiong3 tu4
兩三倍,liong1 sam1 pui4
六面,luk5 mien4
冇課,mau2 ko4
牛仔裙,ngiu2 zai3 kiun2
相形見絀,siong1 hin2 gien4 zot5
自行了斷,cu4 hang2 liau3 ton4
中港澳,zung1 gong3 au4
轉文,zon3 vun2
繳費處,giau3 fui4 cu3
青醬,ciang1 ziong4
大有作為,tai4 yiu1 zok5 vui2
間封,gan4 fung1
堅定流,gien1 tin4 liu2
一聲不吭,yit5 sang1 but5 hang1
有鋪癮,yiu1 pu1 yin3
留傳,liu2 con2
憑弔,pin2 diau4
失魂落魄,sit5 fun2 lok6 pak5
蛇宴,sa2 yen4
蕭正楠,siau1 zin4 lam2
皇冠頭,fong2 gon1 teu2
七旋斬,cit5 sien2 zam3
調兵遣將,tiau4 bin1 kien3 ziong4
斷魂,don4 fun2
呱呱嘈,va1 va1 cau2
陰陽相隔,yim1 yong2 siong1 gak5
有限度,yiu1 han4 tu4
留下言,liu2 ha4 ngien2
靈塔,lin2 tap5
萬里長征,man4 li1 cong2 zin1
三峽水庫,sam1 hiap6 sui3 ku4
三十四,sam1 sip6 si4
食宵,sit6 siau1
數行,su4 hong2
旺角道,vong4 gok5 tau4
烏紗,vu1 sa1
鑽木取火,zon4 muk5 ci3 fo3
打丁,da3 den1
不中用,but5 zung1 yung4
幫咩,bong1 me1
戴着,dai4 cok6
頂爺,din3 ya2
拉丁字母,lai1 den1 su4 mu1
裏海,li1 hoi3
聊天記錄,liau2 tien1 gi4 luk6
拍案叫絕,pok5 on4 giau4 ciet6
平光鏡,pin2 gong1 giang4
山林道,san1 lim2 tau4
神學士,sin2 hok6 su4
鮮乳,sien1 yui3
塞外,soi4 ngoi4
枯乾,ku1 gon1
伏虎,fuk6 fu3
解元,gai3 ngien2
隔夜仇,gak5 ya4 siu2
核裂變,het6 liet6 bien4
印度神油,yin4 tu4 sin2 yiu2
人靚聲甜,ngin2 liang4 sang1 tiam2
衣冠禽獸,yi1 gon1 kim2 ciu4
冚被,kiem2 pi1
強鹼,kiong2 gan3
劉業強,liu2 ngiap6 kiong2
連道,lien2 tau4
平陰,pin2 yim1
賠命,poi2 miang4
神經毒素,sin2 gin1 tuk6 su4
生命跡象,sang1 min4 zit5 siong4
鐵蓮花,tiet5 lien2 fa1
鐵索,tiet5 sok5
擇使,cak6 su3
粘米粉,zam1 mi3 fun3
中高音,zung1 gau1 yim1
中提琴,zung1 ti2 kim2
中衞,zung1 vui4
傳播媒介,con2 bo4 moi2 gai4
負極,fu4 kit6
孤掌難鳴,gu1 zong3 lan2 min2
焗漆,kiuk6 cit5
行使職權,hang2 su3 zit5 kien2
美不勝收,mui1 but5 sin1 siu1
三催四請,sam1 cui1 si4 ciang3
十成九,sip6 sin2 giu3
挑食,tiau1 sit6
調停者,tiau2 tin2 za3
就以為,ciu4 yi1 vui2
鄭少秋,cang4 sau4 ciu1
坐食山崩,co4 sit6 san1 ben1
張瑪莉,zong1 ma1 li4
叱吒風雲,cit5 za4 fung1 yun2
前震,cien2 zin3
第三聲,ti4 sam1 sang1
獨仔,tuk6 zai3
短命種,don3 miang4 zung3
福建省,fuk5 gien4 sen3
監粗,gam4 cu1
肌肉注射,gi1 ngiuk5 zu4 sa4
廣府話,gong3 fu3 va4
吃水,ket5 sui3
引以為榮,yin3 yi1 vui2 yin2
餘興,yi2 hin4
襟聽,kim1 tang4
立時間,lip6 si2 gan1
兩截色,liong1 ciet6 set5
冇命,mau2 miang4
扭耳仔,ngiu3 ngi3 zai3
年輕有為,ngien2 kiang1 yiu1 vui2
三十八,sam1 sip6 bat5
散渙,san3 fon4
心理陰影,sim1 li1 yim1 yang3
修讀,siu1 tuk6
守喪,siu3 song1
蛇足,sa2 zuk5
成人之美,sin2 ngin2 zu1 mui1
商中,song1 zung1
數百名,su4 bak5 min2
推度,tui1 tok6
華英,fa2 yin1
橫瀾島,vang2 lan2 dau3
張可頤,zong1 ko3 yi2
中上級,zung1 song4 kip5
踩波車,cai3 bo1 ca1
打跑,da3 pau1
廢話少講,fui4 va4 sau3 gong3
一體兩面,yit5 ti3 liong1 mien4
饒命,ngiau2 miang4
孭仔,ba2 zai3
滿唔滿意,man1 m1 man1 yi4
平方公尺,pin2 fong1 gung1 cak5
十三點,sip6 sam1 diam3
捨己為人,sa3 gi3 vui4 ngin2
死賤種,si3 cien4 zung3
上水廣場,song4 sui3 gong3 cong2
終生伴侶,zung1 sang1 pan4 li1
限時限刻,han4 si2 han4 kat5
參看,cam1 kon4
清玩,cin1 van4
當仁不讓,dong1 yin2 but5 ngiong4
火鑽,fo3 zon4
交水費,gau1 sui3 fui4
金鐘道,gim1 zung1 tau4
結過婚,giet5 go4 fun1
一兩樣,yit5 liong1 yong4
耳仔邊,ngi3 zai3 bien1
兩千萬,liong1 cien1 man4
龍精虎猛,lung2 zin1 fu3 mang1
五度,ng3 tu4
奧斯汀,au4 su1 dang1
橫板,vang2 ban3
真道,zin1 tau4
上便有,song4 pien4 yiu1
邊塞,bien1 soi4
長堤,cong2 ti2
打濕,da3 sip5
擔擔抬抬,dam1 dam1 toi2 toi2
斷頸,ton4 giang3
廢寢忘食,fui4 cim3 mong4 sit6
解放組織,gai3 fong4 zu3 zit5
解囊,gai3 long2
工業學校,gung1 ngiap6 hok6 gau3
喜樂,hi3 lok6
一闊三大,yit5 fat5 sam1 tai4
臉皮厚,liam3 pi2 heu4
兩三句,liong1 sam1 gi4
兩箱,liong1 siong1
盲仔,mang2 zai3
美樂,mui1 lok6
扭屎忽花,ngiu3 si3 fut5 fa1
牙冠,nga2 gon1
蛇島,sa2 dau3
士紳,su4 sin1
食塞米,sit6 set5 mi3
正方體,zin4 fong1 ti3
芭樂,ba1 lok6
青苗,ciang1 miau2
傳心術,con2 sim1 sut6
第一滴,ti4 yit5 tit6
火中取栗,fo3 zung1 ci3 lit6
拷打,kau3 da3
好感度,hau3 gam3 tu4
陰核,yim1 het6
兩打,liong1 da1
散花,san4 fa1
煞掣,sat5 zi4
食到盡,sit6 dau4 cin4
攝入去,ngiap5 ngip6 hi4
聽緊歌,tang4 gin3 go1
華御結,fa2 ngi4 giet5
遵行,zun1 hang2
坐井觀天,co4 ziang3 gon1 tien1
豬仔包,zu1 zai3 bau1
長短週,cong2 don3 ziu1
打橫放,da3 vang2 fong4
大眾汽車,tai4 zung4 ki4 ca1
達卡,tat6 ka1
毒龍鑽,tuk6 lung2 zon4
富士蘋果,fu4 su4 pin2 go3
監督人,gam1 duk5 ngin2
監守,gam1 siu3
九名,giu3 min2
嚇驚,hak5 giang1
河豚毒素,ho2 tun2 tuk6 su4
一兩套,yit5 liong1 tau4
擎天,kiang2 tien1
尿震,ngiau4 zin3
泡澡,pau4 cau4
聖三一,sin4 sam1 yit5
湊下,ceu4 ha4
含沙射影,ham2 sa1 sa4 yang3
印尼話,yin4 li2 va4
腰酸背痛,yau1 son1 boi4 tung4
露三點,lu4 sam1 diam3
六億,luk5 yi4
萬事勝意,man4 su4 sin4 yi4
三台,sam1 toi2
太平間,tai4 pin2 gan1
自作主張,cu4 zok5 zu3 zong1
張皇,zong1 fong2
長男,zong3 lam2
扑頭黨,bok6 teu2 dong3
長傾,cong2 kin1
長治,cong2 ci4
化繁為簡,fa4 fan2 vui2 gan3
方中信,fong1 zung1 sin4
國會制,get5 fui4 zi4
一言為定,yit5 ngien2 vui2 tin4
靚抽,liang4 ciu1
憐香惜玉,lien2 hiong1 sit5 ngiuk6
瑞士汁,sui4 su4 zip5
攝電,ngiap5 tien4
燒腩仔,sau1 lam4 zai3
疏肝,so1 gon1
杯中物,bui1 zung1 vut6
恃強凌弱,si4 kiong2 lin2 ngiok6
打錯電話,da3 co4 tien4 va4
風調雨順,fung1 tiau2 yi3 sun4
交過手,gau1 go4 siu3
敢作敢為,gam3 zok5 gam3 vui2
更代,gang1 toi4
公仔書,gung1 zai3 su1
人滿之患,ngin2 man1 zu1 fam4
規正,gui1 zin4
劉少奇,liu2 sau4 ki2
李華明,li3 fa2 min2
撩是鬥非,liau2 si4 deu4 fui1
兩端,liong1 don1
滿漢全席,man1 hon4 cien2 cit6
修行人,siu1 hang2 ngin2
四打,si4 da1
蔣經國,ziong3 gin1 get5
半工讀,ban4 gung1 tuk6
第一道,ti4 yit5 tau4
道姑,tau4 gu1
風度翩翩,fung1 tu4 pien1 pien1
瓦煲,nga3 bau1
帕斯卡,pa4 su1 ka1
生得靚仔,sang1 det5 liang4 zai3
新華日報,sin1 fa2 ngit5 bau4
成雙成對,sin2 sung1 sin2 dui4
熟客仔,suk6 hak5 zai3
退避三捨,tui4 pi4 sam1 sa3
退避三舍,tui4 pi4 sam1 sa4
添美道,tiam1 mui1 tau4
摘名,zak5 miang2
集散地,sip6 san4 ti4
謝天華,cia4 tien1 fa2
八間,bat5 gan1
博茨瓦納,bok5 ci2 nga3 lap6
角鬥士,gok5 deu4 su4
乾柴烈火,gon1 cai2 liet6 fo3
恨錯,hen4 co4
吃到飽,ket5 dau4 bau3
河南省,ho2 lam2 sen3
任重道遠,ngim4 cung4 tau4 yen3
人仰馬翻,ngin2 ngiong1 ma1 fan1
一凹一凸,yit5 ngiap5 yit5 tut6
熱核,ngiet6 het6
肉鋪,ngiuk5 pu4
揭載,giet5 zoi4
曲調,kiuk5 tiau4
列車員,liet6 ca1 yen2
孖襟,ma1 kim1
麥當當,mak6 dong1 dong1
四靈,si4 lin2
梳打埠,so1 da3 feu4
宣道,sien1 tau4
浙江省,ziet5 gong1 sen3
剩係得,yin4 he4 det5
啤殼,bia1 hok5
邊便,bien1 pien4
參悟,cam1 ngu4
菜乾,coi4 gon1
放下負,fong4 ha4 fu4
光量,gong1 liong4
棄車保帥,hi4 gi1 bau3 soi4
海事處,hoi3 su4 cu4
遊手好閒,yiu2 siu3 hau4 han2
姨甥仔,yi2 sang1 zai3
期交所,ki2 gau1 so3
難逃一劫,lan2 tau2 yit5 giap5
洗耳恭聽,se3 ngi3 giung1 tin4
社交距離,sa1 gau1 ki3 li2
喪偶,song4 ngeu3
渾然,fun2 yen2
黃六醫生,vong2 luk5 yi1 sang1
聚沙成塔,ci4 sa1 sin2 tap5
笨手笨腳,bun4 siu3 bun4 giok5
東亞銀行,dung1 a1 ngiun2 hong2
囂張跋扈,hiau1 zong1 pat6 fu4
河鮮,ho2 sien1
荷載,ho4 zoi4
康樂園,kong1 lok6 yen2
兩個轆,liong1 go4 luk6
蒙難,mung2 lan4
五打,ng3 da1
沙嶺,sa1 liang1
歎下,tan4 ha4
黃定光,vong2 tin4 gong1
揸緊車,za1 gin3 ca1
早上好,zau3 song4 hau3
歐陽震華,iu1 yong2 zin3 fa2
差一皮,ca1 yit5 pi2
大小通吃,tai4 siau3 tung1 ket5
鬥牛士,deu4 ngiu2 su4
反人道罪,fan3 ngin2 tau4 cui4
究極,giu4 kit6
京士柏,gin1 su4 pak5
經緯度,gin1 vui3 tu4
鞋鋪,hai2 pu4
咩款,me1 kan3
名廠,min2 cong3
三十七,sam1 sip6 cit5
參孫,sem1 sun1
收下息,siu1 ha4 sit5
瑞士卷,sui4 su4 gien3
瑞士捲,sui4 su4 gien3
勝哥,sin4 go1
誠惶誠恐,sin2 fong2 sin2 kiung3
畫圓,vak6 yen2
橫洲,vang2 ziu1
運命,yun4 min4
蚱蜢,zak5 mang3
仔爺,zai3 ya2
濁親,cuk6 cin1
無以為報,vu2 yi1 vui2 bau4
超經驗,cau1 gin1 ngiam4
長牙,cong2 nga2
大河道,tai4 ho2 tau4
電燈泡,tien4 den1 pau1
頂角,din3 gok5
堵車,du3 ca1
倒戈相向,dau3 go1 siong1 hiong4
放下假,fong4 ha4 ga3
虎背熊腰,fu3 boi4 yung2 yau1
加士居道,ga1 su4 gi1 tau4
講講下,gong3 gong3 ha4
高行,gau1 hang2
公主道,gung1 zu3 tau4
頤指氣使,yi2 zi3 hi4 si3
襤褸,lam2 leu3
兩毫,liong1 hau2
馬六甲,ma1 luk5 gap5
平快,pin2 kai4
垂涎三尺,sui2 yen2 sam1 cak5
相補,siong1 bu3
蘇玉華,su1 ngiuk6 fa2
頭殼頂,teu2 hok5 dang3
斷米路,ton1 mi3 lu4
集中力,sip6 zung1 lit6
準繩度,zun3 sin2 tu4
鑽禧,zon4 hi1
拗直,au3 cit6
百夫長,bak5 fu1 zong3
拔苗助長,pat6 miau2 co4 zong3
變量,bien4 liong4
打地鋪,da3 ti4 pu1
打醒精神,da3 siang3 zin1 sin2
倒背如流,dau4 poi4 yi2 liu2
道貌岸然,tau4 mau4 ngan4 yen2
解綁,gai3 bong3
觀中,gon1 zung1
供果,giung4 go3
行緊街,hang2 gin3 gai1
禁做,gim1 zo4
掠食,liok6 sit6
扭扭粉,ngiu3 ngiu3 fun3
三味線,sam1 mui4 sien4
瑞士軍刀,sui4 su4 giun1 dau1
推估,tui1 gu3
湯盈盈,tong1 yin2 yin2
運鈔車,yun4 cau1 ca1
借酒消愁,zia4 ziu3 siau1 siu2
助成,co4 sin2
掌上明珠,zong3 song4 min2 zu1
做下戲,zo4 ha4 hi4
中褸,zung1 leu1
轉按,zon3 on4
殘暴不仁,can2 pau4 but5 yin2
青龍頭,ciang1 lung2 teu2
大中華膠,tai4 zung1 fa2 gau1
福爾摩莎,fuk5 li3 mo2 sa1
風高物燥,fung1 gau1 vut6 cau4
久仰,giu3 ngiong1
腳頭好,giok5 teu2 hau3
干諾道中,gon1 lok5 tau4 zung1
燕尾蝶,yen4 mui1 tiap6
聊勝於無,liau2 sin4 yi1 vu2
兩碟,liong1 tiap6
六尾,luk5 mui1
咩姐,me1 zia3
尾禡,mui1 nga2
名不副實,min2 but5 fu4 sit6
五六次,ng3 luk5 cu4
拈花惹草,ngiam1 fa1 ngia1 cau3
四度,si4 tu4
水泡科,sui3 pau1 ko1
梳打粉,so1 da3 fun3
酸鹼度,son1 gan3 tu4
太平道,tai4 pin2 tau4
體育精神,ti3 yuk5 zin1 sin2
頭重腳輕,teu2 cung1 giok5 kiang1
頹喪,tui2 song4
拖着,to1 cok6
橫刀奪愛,vang2 dau1 tot6 oi4
浸禮,zim4 li1
中元節,zung1 ngien2 ziet5
背山面海,boi4 san1 mien4 hoi3
打窒,da3 cit6
掟波,diang4 bo1
研擬,ngan3 ngi3
應用科學,yin4 yung4 ko1 hok6
強檢,kiong3 giam3
爛銅爛鐵,lan4 tung2 lan4 tiet5
六千萬,luk5 cien1 man4
亡命之徒,mong2 min4 zu1 tu2
無聊賴,vu2 liau2 lai4
惱人,lau3 ngin2
三六九,sam1 luk5 giu3
散收收,san3 siu1 siu1
塞耳,set5 ngi3
深度遊,cim1 tu4 yiu2
探魚,tam4 ng2
黃貫中,vong2 gon4 zung1
紙上富貴,zi3 song4 fu4 gui4
正巧,zin4 kiau3
催命,cui1 miang4
此言差矣,cu3 ngien2 ca1 yi3
藏身處,cong2 sin1 cu4
打冷顫,da3 lang1 zien1
底線傳底,dai3 sien4 con2 dai3
當票,dong4 piau4
獨斷獨行,tuk6 ton4 tuk6 hang2
花園道,fa1 yen2 tau4
反間計,fan3 gan4 ge4
江蘇省,gong1 su1 sen3
過只,go4 zit5
凱旋歸來,koi3 sien2 gui1 loi2
軟木塞,ngion1 muk5 set5
靈恩,lin2 en1
靈魂深處,lin2 fun2 cim1 cu4
六十五,luk5 sip6 ng3
茂名,meu4 min2
命不該絕,min4 but5 goi1 ciet6
吳啟華,ng2 ki3 fa2
柯士甸道,ko1 su4 tien4 tau4
貧道,pin2 tau4
盆滿缽滿,pun2 man1 bat5 man1
三角龍,sam1 gok5 lung2
三絲,sam1 su1
調一調,tiau2 yit5 tiau2
曾祖母,zen1 zu3 mu1
正式投票,zin4 sit5 teu2 piau4
重症監護,cung1 zin4 gam1 fu4
傳誦,con2 sung4
打藤,da3 ten2
斧山道,bu3 san1 tau4
交易廣場,gau1 yi4 gong3 cong2
搞正,gau3 zang4
廣福道,gong3 fuk5 tau4
厭惡感,yam4 vu4 gam3
兩黨制,liong1 dong3 zi4
哪種,lai4 zung3
修齊,siu1 ce2
薛家燕,siet5 ga1 yen4
熟鐵,suk6 tiet5
為非作歹,vui2 fui1 zok5 dai3
正球,zin4 kiu2
轉瞬即逝,zon3 sun4 zit5 si4
軍機處,giun1 gi1 cu3
刻毒,kat5 tuk6
班頂,ban1 dang3
扁擔,bien3 dam4
波平如鏡,bo1 pin2 yi2 giang4
暴大,pau4 tai4
千層糕,cien1 cen2 gau1
青洲,ciang1 ziu1
花旗銀行,fa1 ki2 ngiun2 hong2
夫倡婦隨,fu1 cong4 fu4 sui2
夫唱婦隨,fu1 cong4 fu4 sui2
伏味,fuk6 mui4
解唔解決,gai3 m1 gai3 giet5
甘道,gam1 tau4
肛探,gong1 tam4
焗汗,kiuk6 hon4
鹹淡水,ham2 tam1 sui3
刻寫,ket5 sia3
恰如其分,kap5 yi2 ki2 fun4
吃重,ket5 cung1
可以唔使,ko3 yi1 m1 su3
印度斯坦,yin4 tu4 su1 tan3
一期一會,yit5 ki2 yit5 fui4
嫌惡,hiam2 vu4
洋車,yong2 ca1
兩河,liong1 ho2
樂而忘返,lok6 yi2 mong4 fan3
樂活道,lok6 fat6 tau4
盲打,mang2 da3
物種起源,vut6 zung3 hi3 ngien2
無脊椎,vu2 zit5 zui1
扭扭樂,ngiu3 ngiu3 lok6
順平,sun4 pin2
斯威士蘭,su1 vui1 su4 lan2
相敬如賓,siong1 gin4 yi2 bin1
送車尾,sung4 ca1 mui1
圖層,tu2 cen2
黃日華,vong2 ngit5 fa2
扼要,ak5 yau4
背脊骨落,boi4 zit5 gut5 lok6
抽象畫,ciu1 siong4 fa4
車大炮,ca1 tai4 pau4
長臂猿,cong2 bi4 yen2
長週,cong2 ziu1
大頸泡,tai4 giang3 pau1
盜亦有道,tau4 yit6 yiu1 tau4
金正日,gim1 zin4 ngit5
經久,gin1 giu3
好飲得,hau3 yim3 det5
六層,luk5 cen2
唔乾,m1 gon1
磨礪,mo2 li4
瓦仔,nga3 zai3
沙田中心,sa1 tien2 zung1 sim1
三扒兩撥,sam1 pa2 liong1 pat5
三爬兩撥,sam1 pa2 liong1 pat5
省略號,sen3 liok6 hau4
十三幺,sip6 sam1 yau1
收買人命,siu1 mai1 ngin2 miang4
少間,sau3 gan1
聽出耳油,tang4 cut5 ngi3 yiu2
倭人,vo1 ngin2
揸大膽車,za1 tai4 dam3 ca1
擇吉,cak6 git5
剩落,yin4 lok6
中旅社,zung1 li3 sa1
轉聲,zon4 sang1
翳焗,ngi4 kiuk6
包被,bau1 pi1
啤水,bia1 sui3
打震,da3 zin3
繳費處,giau3 fui4 cu4
乾電,gon1 tien4
乾熱,gon1 ngiet6
敲擊樂,kau1 git5 ngok6
棄將,hi4 ziong4
好燦爛,hau3 can3 lan4
有啤,yiu1 pia1
擁兵自重,yung3 bin1 cu4 cung4
月球車,ngiet6 kiu2 ca1
藺相如,lin4 siong1 yi2
兩岸四地,liong1 ngan4 si4 ti4
樂善好施,lok6 sen4 hau4 si1
無從入手,vu2 cung2 ngip6 siu3
泡菜仔,pau1 coi4 zai3
三疊紀,sam1 tiap6 gi3
十三萬,sip6 sam1 man4
少少怕,sau3 sau3 pa4
聽診,tang4 zin3
畫地為牢,vak6 ti4 vui2 lau2
遮打道,za1 da3 tau4
借財仔,zia4 coi2 zai3
謝影雪,cia4 yang3 siet5
正化,zin4 fa4
張國鈞,zong1 get5 giun1
剩係識,yin4 he4 sit5
揠苗助長,yet5 miau2 co4 zong3
七層,cit5 cen2
打春,da3 cun1
泛泛之輩,fam4 fam4 zu1 bui4
解送,gai4 sung4
舊相好,kiu4 siong1 hau3
高層建築,gau1 cen2 gien4 zuk5
好運中心,hau3 yun4 zung1 sim1
勸解,kien4 gai3
理學士,li1 hok6 su4
面積少,mien4 zit5 sau3
冇景,mau2 gin3
爬格仔,pa2 gak5 zai3
三十六計,sam1 sip6 luk5 ge4
三支香,sam1 zi1 hiong1
思覺,su1 gok5
紹興酒,sau2 hin4 ziu3
太晚,tai4 man1
聽講過,tang4 gong3 go4
一時半刻,yit5 si2 ban4 kat5
八仙嶺,bat5 sien1 liang1
啤一啤,bia1 yit5 bia1
背脊骨,boi4 zit5 gut5
抄本,cau1 bun3
大腳解圍,tai4 giok5 gai3 vui2
家弟,ga1 ti4
結疤,giet5 ba1
鋼鐵俠,gong4 tiet5 hap6
觀察人士,gon1 cat5 ngin2 su4
行為準則,hang2 vui2 zun3 zet5
核力,het6 lit6
容唔容易,yung2 m1 yung2 yi4
月偏食,ngiet6 pien1 sit6
理解錯,li1 gai3 co4
兩三間,liong1 sam1 gan1
三段論,sam1 ton4 lun4
手抄本,siu3 cau1 bun3
社區中心,sa1 ki1 zung1 sim1
爭凳仔,zang1 den4 zai3
撞臉,cong4 liam3
轉譯,zon3 yit6
呀爸,a2 ba1
陳曉華,cin2 hiau3 fa2
打鑊甘,da3 vok6 gam1
居無定所,gi1 vu2 tin4 so3
乾柴,gon1 cai2
含水量,ham2 sui3 liong4
好好醜醜,hau3 hau3 ciu3 ciu3
有吖,yiu1 a1
二惡英,ngi4 ok5 yin1
李三腳,li3 sam1 giok5
棉褸,mien2 leu1
平行宇宙,pin2 hang2 yi3 ciu4
飄落,piau1 lok6
三亞,sam1 a1
十六強,sip6 luk5 kiong2
死裏逃生,si3 li1 tau2 sang1
橫琴,vang2 kim2
橫掃千軍,vang2 sau4 cien1 giun1
黃成智,vong2 sin2 zi4
走調,zeu3 tiau4
張晉,zong1 zin4
中立區,zung1 lip6 ki1
差役,cai1 yit6
取長補短,ci3 cong2 bu3 don3
登打士街,den1 da3 su4 gai1
地頭蛇,ti4 teu2 sa2
悔不當初,fui4 but5 dong1 co1
繼後香燈,gi4 heu4 hiong1 den1
講就易,gong3 ciu4 yi4
冠病,gon1 piang4
限時限刻,han4 si2 han4 ket5
後味,heu4 mui4
好唔好笑,hau3 m1 hau3 siau4
人丁單薄,ngin2 den1 dan1 pok6
日經平均,ngit5 gin1 pin2 giun1
樂瞳,lok6 tung2
六藝,luk5 ngi4
偽命題,ngui4 min4 ti2
三粒花,sam1 lip5 fa1
四二六,si4 ngi4 luk5
識飲識食,sit5 yim3 sit5 sit6
數張,su4 zong1
算命佬,son4 miang4 lau3
調笑,tiau2 siau4
土質,tu3 zit5
畫匠,fa4 siong4
橫死掂死,vang2 si3 tiam4 si3
嫉惡如仇,cit6 ok5 yi2 siu2
疾惡如仇,cit6 ok5 yi2 siu2
即影即有,zit5 yang3 zit5 yiu1
白菜仔,pak6 coi4 zai3
邊頂,bien1 dang3
長釘,cong2 dang1
淡藍色,tam4 lam2 set5
非物質,fui1 vut6 zit5
寬宏大量,kon1 fen2 tai4 liong4
縫補,fung2 bu3
飢寒交迫,gi1 hon2 gau1 bet5
經度,gin1 tu4
觀察入微,gon1 cat5 ngip6 mi2
過從甚密,go4 cung2 sim4 mit6
行善積德,hang2 sen4 zit5 det5
毫瓦,hau2 nga3
現場觀眾,hien4 cong2 gon1 zung4
仰藥,ngiong1 yok6
肉便器,ngiuk5 pien4 hi4
如非必要,yi2 fui1 bit5 yau4
雨後春筍,yi3 heu4 cun1 sun3
奇人異士,ki2 ngin2 yi4 su4
靈風,lin2 fung1
量測,liong2 cet5
樂湖,lok6 fu2
慕名而來,mu4 min2 yi2 loi2
忤逆仔,ng3 ngiak6 zai3
撲落,pok5 lok6
三次元,sam1 cu4 ngien2
省府,sen3 fu3
西紅柿,si1 fung2 se2
實驗學校,sit6 ngiam4 hok6 gau3
傻更,so2 gang1
喪服,song1 fuk6
委以重任,vui1 yi1 cung4 ngim4
張三李四,zong1 sam1 li3 si4
百密一疏,bak5 mit6 yit5 so1
白吃,pak6 ket5
傳理,con2 li1
點算好呢,diam3 son4 hau3 le1
頂頸,din3 giang3
煩惱絲,fan2 lau3 su1
伽瑪射線,ga1 ma1 sa4 sien4
伽馬射線,ga1 ma1 sa4 sien4
雞嶺,gai1 liang1
禁見,gim4 gien4
僅作參考,giun3 zok5 cam1 kau3
九間,giu3 gan1
學師仔,hok6 su1 zai3
兩串,liong1 con4
落屎,lok6 si3
六隊,luk5 dui4
孖鋪,ma1 pu1
無要,vu2 yau4
難友,lan4 yiu1
安樂椅,on1 lok6 yi3
三白,sam1 pak6
十三太保,sip6 sam1 tai4 bau3
愁腸,siu2 cong2
鐵砂,tiet5 sa1
斷供,ton1 giung1
緩急輕重,fon4 gip5 kiang1 cung1
仔隧,zai3 sui4
精微,zin1 mi2
精華素,zin1 fa2 su4
左後方,zo3 heu4 fong1
張牀,zong1 cong2
張高麗,zong1 gau1 li4
鐫刻,zien1 kat5
俾着,bi1 cok6
測量師,cet5 liong2 su1
曾經滄海,cen2 gin1 cong1 hoi3
坐冷板凳,co1 lang1 ban3 den4
打胎,da3 toi1
大吃大喝,tai4 ket5 tai4 hot5
大蛇屙尿,tai4 sa2 o1 ngiau4
大蛇痾尿,tai4 sa2 o1 ngiau4
德輔道西,det5 pu3 tau4 si1
德輔道中,det5 pu3 tau4 zung1
頂用,din3 yung4
九重天,giu3 cung2 tien1
香蕉仔,hiong1 ziau1 zai3
一舉成名,yit5 gi3 sin2 min2
二重奏,ngi4 cung2 zeu4
搖下搖下,yau2 ha4 yau2 ha4
卡昂,ka1 ngong2
卵生,lon3 sang1
撩你,liau2 li3
孖蒸,ma1 zin1
鋪仔,pu4 zai3
沙煲兄弟,sa1 bau1 hiung1 ti4
砂煲兄弟,sa1 bau1 hiung1 ti4
受浸,siu4 zim4
豉油撈飯,si4 yiu2 lau1 fan4
渾然天成,fun2 yen2 tien1 sin2
張炳良,zong1 biang3 liong2
測量船,cet5 liong2 son2
唱淡,cong4 tam1
長天,cong2 tien1
沖個靚涼,cung1 go4 liang4 liong2
從實招來,cung2 sit6 zau1 loi2
頂燈,dang3 den1
都中意,du1 zung1 yi4
簡慕華,gan3 mu4 fa2
禁夜,gim4 ya4
荷塘,ho2 tong2
好唔好飲,hau3 m1 hau3 yim3
元華,ngien2 fa2
連卡佛,lien2 ka1 fut6
另當別論,lang4 dong4 piet6 lun4
六打,luk5 da1
磨石,mo2 sak6
五六點,ng3 luk5 diam3
臣屬,sin2 suk6
蛇尾,sa2 mui1
水上樂園,sui3 song4 lok6 yen2
食過夜粥,sit6 go4 ya4 zuk5
少見多怪,sau3 gien4 do1 gai4
雜交派對,cap6 gau1 pai4 dui4
質樸,zit5 pok5
飽讀詩書,bau3 tuk6 si1 su1
比時間,bi3 si2 gan4
車蓋,ca1 goi4
青竹蛇,ciang1 zuk5 sa2
大阪燒,tai4 ban3 sau1
大馬士革,tai4 ma1 su4 gak5
地靈人傑,ti4 lin2 ngin2 kiet6
掟煲費,diang4 bau1 fui4
拂曉,fut5 hiau3
交加街,gau1 ga1 gai1
金撈,gim1 lau1
好市多,hau3 si1 do1
人傑地靈,ngin2 kiet6 ti4 lin2
良心話,liong2 sim1 va4
六十四,luk5 sip6 si4
孖指,ma1 zi3
埋便,mai2 pien4
三點水,sam1 diam3 sui3
三十九,sam1 sip6 giu3
三題,sam1 ti2
十字車,sip6 su4 ca1
四川省,si4 con1 sen3
成棚人,sang2 pang2 ngin2
小玩意,siau3 van4 yi4
天打雷劈,tien1 da3 lui2 piak5
聽死,tin4 si3
台山話,toi2 san1 va4
湛江,zam3 gong1
置身其中,zi4 sin1 ki2 zung1
整理下,zin3 li1 ha4
張燈結彩,zong1 den1 giet5 cai3
張燈結綵,zong1 den1 giet5 cai3
嘔電,iu3 tien4
鏟雪車,can3 siet5 ca1
青嶼幹線,ciang1 si4 gon4 sien4
重算,cung2 son4
重武器,cung1 vu1 hi4
重砲,cung1 pau4
忖度,cun3 tok6
打蟲,da3 cung2
當時得令,dong1 si2 det5 lin4
倒夜香,dau3 ya4 hiong1
校驗,gau4 ngiam4
舉鐵,gi3 tiet5
堅尼地道,gien1 li2 ti4 tau4
觀塘繞道,gon1 tong2 ngiau3 tau4
公仔紙,gung1 zai3 zi3
許鞍華,hi3 on1 fa2
學藝未精,hok6 ngi4 vui4 zin1
好大件,hau3 tai4 kien4
好聽點,hau3 tang4 diam3
任賢齊,ngim4 hien2 ce2
人獸交,ngin2 ciu4 gau1
一百三十,yit5 bak5 sam1 sip6
羅冠聰,lo2 gon4 cung1
六件,luk5 kien4
三跪九叩,sam1 kui3 giu3 keu4
三尾,sam1 mui1
十六國,sip6 luk5 get5
垂涎欲滴,sui2 yen2 yuk6 tit6
瑞士人,sui4 su4 ngin2
屎蜢,si3 mang3
鬆泡泡,sung1 pau1 pau1
鐵鏽,tiet5 siu4
圍讀,vui2 tuk6
紫河車,zu3 ho2 ca1
積勞成疾,zit5 lau2 sin2 cit6
將種,ziong4 zung3
做邊行,zo4 bien1 hong2
畢打街,bit5 da3 gai1
不勝其煩,but5 sin1 ki2 fan2
悲觀主義,bui1 gon1 zu3 ngi4
背闊肌,boi4 fat5 gi1
朝鮮人,cau2 sien1 ngin2
彩虹道,cai3 fung2 tau4
傳輸線,con2 su1 sien4
單只,dan1 zit5
狄易達,tit6 yi4 tat6
杜莎夫人,tu4 sa1 fu1 ngin2
蝮蛇,fuk5 sa2
賈伯斯,ga3 bak5 su1
干諾道西,gon1 lok5 tau4 si1
逆命,ngiak6 min4
應采兒,yin4 cai3 yi2
聊賴,liau2 lai4
廖長江,liau4 cong2 gong1
唔塞,m1 set5
晚頭,man1 teu2
咪書,mai4 su1
五雷轟頂,ng3 lui2 gen1 dang3
安華,on1 fa2
三碗,sam1 von3
生死之交,sang1 si3 zu1 gau1
四行,si4 hong2
小氣簿,siau3 hi4 pu1
華約,fa2 yok5
為富不仁,vui2 fu4 but5 yin2
魂靈,fun2 lin2
渣打銀行,za1 da3 ngiun2 hong2
自然選擇,cu4 yen2 sien3 cak6
正唔正確,zin4 m1 zin4 kok5
張震,zong1 zin3
米青,mi3 ciang1
鞭長莫及,bien1 cong2 mok6 kip6
茶漬,ca2 zit5
漆咸道南,cit5 ham2 tau4 lam2
從頭到腳,cung2 teu2 dau4 giok5
彈射出,tan2 sa4 cut5
兼差,giam1 cai1
關咪,gan1 mai4
郭可盈,gok5 ko3 yin2
學行車,hok6 hang2 ca1
役使,yit6 su3
楊樂文,yong2 lok6 vun2
林青霞,lim2 ciang1 ha2
連翹,lien2 kiau2
靈恩派,lin2 en1 pai4
撈味,lau1 mui4
魔影,mo2 yang3
玫瑰露,moi2 gui4 lu4
顏卓靈,ngan2 zok5 lin2
皮影戲,pi2 yang3 hi4
使役,si3 yit6
史傳,su3 con4
華爾茲,fa2 li3 zu1
正街,zin4 gai1
證監,zin4 gam1
張冠李戴,zong1 gon1 li3 dai4
張秀文,zong1 siu4 vun2
被侵害,pi4 cim1 hoi4
巡行,sun2 hang2
讀友,tuk6 yiu1
反射鏡,fan3 sa4 giang4
放射源,fong4 sa4 ngien2
更之,gen4 zu1
結匯,giet5 fui4
剛度,gong1 tu4
江欣燕,gong1 hiun1 yen4
高瘦平,gau1 seu4 pin2
以少勝多,yi1 sau3 sin4 do1
應接不暇,yin4 ziap5 but5 ha4
要唔要好,yau4 m1 yau4 hau3
吸經,kip5 gin1
兩手準備,liong1 siu3 zun3 pi4
勞碌命,lau2 luk5 miang4
六十四卦,luk5 sip6 si4 ga4
孟晚舟,men4 man1 ziu1
眉間,mi2 gan1
滅種,miet6 zung3
扭盡六壬,ngiu3 cin4 luk5 ngim2
惡兆,ok5 cau4
憑據,pin2 gi4
三劃,sam1 vak6
腎小球,sin4 siau3 kiu2
十打,sip6 da1
水浸眼眉,sui3 zim4 ngan3 mi2
是拉差,si4 lai1 cai1
士紳化,su4 sin1 fa4
食食下,sit6 sit6 ha4
少爺仔,sau4 ya2 zai3
相對主義,siong1 dui4 zu3 ngi4
停車位置,tin2 ca1 vui4 zi4
陶笛,tau2 tak6
正當防衞,zin4 dong4 fong2 vui4
捶打,cui2 da3
充好,cung1 hau3
打字快,da3 su4 kai4
打主意,da3 zu3 yi4
大圈仔,tai4 kien1 zai3
對頭車,dui4 teu2 ca1
蜂毒,fung1 tuk6
經綸,gin1 lun2
歸經,gui1 gin1
鹹濕笑話,ham2 sip5 siau4 va4
好好聲,hau3 hau3 sang1
飲得杯落,yim3 det5 bui1 lok6
約會對象,yok5 fui4 dui4 siong4
六間,luk5 gan1
龍匯道,lung2 fui4 tau4
弄下,lung4 ha4
萬象更新,man4 siong4 gang1 sin1
無記名,vu2 gi4 min2
怕醜草,pa4 ciu3 cau3
三陪,sam1 pui2
山地車,san1 ti4 ca1
山東省,san1 dung1 sen3
心血結晶,sim1 hiet5 giet5 zin1
十道,sip6 tau4
守靈,siu3 lin2
水平面,sui3 pin2 mien4
攤攤腰,tan1 tan1 yau1
唐話,tong2 va4
精衞,zin1 vui4
長幼有序,zong3 yiu4 yiu1 si4
賬簿,zong4 pu1
中板,zung1 ban3
公證處,gung1 zin4 cu3
逼良為娼,bit5 liong2 vui2 cong1
茶果嶺,ca2 go3 liang1
坐霸王車,co1 ba4 vong2 ca1
德士古道,det5 su4 gu3 tau4
對仗,dui4 cong4
碟仔,tiap6 zai3
番攤,fan1 tan1
方興未艾,fong1 hin1 vui4 ngioi4
歡樂卡,fon1 lok6 kat6
膠層,gau1 cen2
校色,gau4 set5
結點,giet5 diam3
各適其適,gok5 sit5 ki2 sit5
軍機處,giun1 gi1 cu4
過載,go4 zoi4
廣華街,gong3 fa2 gai1
行後門,hang2 heu4 mun2
刻毒,ket5 tuk6
核戰爭,het6 zien4 zang1
一兩格,yit5 liong1 gak5
企得正,ki1 det5 zang4
林定國,lim2 tin4 get5
柳丁,liu3 den1
六毫,luk5 hau2
忙裏偷閒,mong2 li1 teu1 han2
難捨難離,lan2 sa3 lan2 li2
聖荷西,sin4 ho2 si1
賞心樂事,song3 sim1 lok6 su4
數道,su4 tau4
探奇,tam4 ki2
彈指之間,tan2 zi3 zu1 gan1
通靈板,tung1 lin2 ban3
環保大道,van2 bau3 tai4 tau4
黃臉婆,vong2 liam3 po2
湖南省,fu2 lam2 sen3
震騰騰,zin3 ten2 ten2
執筆忘字,zip5 bit5 mong4 su4
走為上,zeu3 vui2 song4
皺紋膠紙,zeu4 vun2 gau1 zi3
着意,cok6 yi4
竹葉青,zuk5 yap6 ciang1
中挺,zung1 tin3
扯平,ca3 pin2
滴水穿石,tit6 sui3 con1 sak6
高級文憑,gau1 kip5 vun2 pin2
海南省,hoi3 lam2 sen3
好耳,hau3 ngi3
人道危機,ngin2 tau4 ngui2 gi1
以攻為守,yi1 gung1 vui2 siu3
藥石無靈,yok6 sak6 vu2 lin2
玄鐵,hien2 tiet5
林正財,lim2 zin4 coi2
遼寧省,liau2 len2 sen3
兩筆,liong1 bit5
落莊,lok6 zong1
眉宇間,mi2 yi3 gan1
芒種,mong2 zung3
拋射,pau1 sa4
師出有名,su1 cut5 yiu1 min2
食緊飯,sit6 gin3 fan4
食具,sit6 ki3
小瀝源,siau3 lit6 ngien2
疏堂,so1 tong2
相得益彰,siong1 det5 yit5 zong1
剃度,tai4 tu4
拖好,to1 hau3
户頭,fu4 teu2
爭住食,zang1 cu4 sit6
屌打,diau3 da3
包伙食,bau1 fo3 sit6
崩落,ben1 lok6
比畫,bi3 vak6
七張,cit5 zong1
青黛,ciang1 toi4
朝前,cau2 cien2
長生不死,cong2 sang1 but5 si3
重門深鎖,cung2 mun2 cim1 so3
打尿震,da3 ngiau4 zin3
大有可為,tai4 yiu1 ko3 vui2
對簿,dui4 pu4
點講都好,diam3 gong3 du1 hau3
點三八,diam3 sam1 bat5
俯卧撐,fu3 ngo4 cang1
間選,gan4 sien3
驚錯,gin1 co4
經貿辦,gin1 meu3 pan4
功敗垂成,gung1 pai4 sui2 sin2
廣播道,gong3 bo4 tau4
行將就木,hang2 ziong1 ciu4 muk5
喜聞樂見,hi3 vun2 lok6 gien4
許正宇,hi3 zin4 yi3
好逼人,hau3 bit5 ngin2
好人難做,hau3 ngin2 lan2 zo4
胸推,hiung1 tui1
引體上升,yin3 ti3 song4 sin1
一兩部,yit5 liong1 pu4
衣冠楚楚,yi1 gon1 co3 co3
蛇齋,yi4 zai1
應用物理,yin4 yung4 vut6 li1
翹首,kiau2 siu3
靚爆鏡,liang4 bau4 giang4
量角器,liong2 gok5 hi4
咩嘅,me1 e4
滿語,man1 ngi1
難彈,lan2 tan2
拼裝,pin4 zong1
三百六十,sam1 bak5 luk5 sip6
三顆,sam1 ko3
失之交臂,sit5 zu1 gau1 bi4
失諸交臂,sit5 zu1 gau1 bi4
色丁,set5 den1
食牛肉乾,sit6 ngiu2 ngiuk5 gon1
食住等,sit6 cu4 den3
少忽肉,sau3 fut5 ngiuk5
推心,tui1 sim1
華里,fa2 li1
毀譽參半,fui3 yi4 cam1 ban4
譭譽參半,fui3 yi4 cam1 ban4
淨只,ciang4 zit5
朝氣蓬勃,zau1 hi4 pung2 put6
張兆輝,zong1 cau4 fui1
不時不食,but5 si2 but5 sit6
半鹹半淡,ban4 ham2 ban4 tam1
查經,ca2 gin1
抄送,cau1 sung4
抄襲者,cau1 sip6 za3
青年期,ciang1 ngien2 ki2
坐爆,co1 bau4
唱散,cong4 san3
暢散,cong4 san3
打稿,da3 gau3
單撈,dan1 lau1
吊雞車,diau4 gai1 ca1
讀乜,tuk6 mak5
番邦,fan1 bong1
反射光,fan3 sa4 gong1
房中術,fong2 zung1 sut6
基道,gi1 tau4
結唔結婚,giet5 m1 giet5 fun1
驕橫,giau1 vang2
關詠荷,gan1 yun3 ho2
軍火交易,giun1 fo3 gau1 yit6
好吃懶做,hau4 ket5 lan1 zo4
音效卡,yim1 hau4 kat6
一時半刻,yit5 si2 ban4 ket5
養樂多,yong1 lok6 do1
羅樂林,lo2 lok6 lim2
兩婆孫,liong1 po2 sun1
六種,luk5 zung3
孖四,ma1 si4
馬頭圍道,ma1 teu2 vui2 tau4
冇態,mau2 tai4
滿壘,man1 lui3
那行,la3 hong2
三蛇,sam1 sa2
收驚,siu1 giang1
吞雲吐霧,tun1 yun2 tu4 vu4
天青石,tien1 ciang1 sak6
兔仔牙,tu4 zai3 nga2
為時未晚,vui2 si2 vui4 man1
王國興,vong2 get5 hin1
雜差,cap6 cai1
最後審判,zui4 heu4 sim3 pan4
裝備齊全,zong1 pi4 ce2 cien2
著錄,zu4 luk6
從嚴處理,cung2 ngiam2 cu3 li1
保管好,bau3 gon3 hau3
湊仔公,ceu4 zai3 gung1
切結書,ciet5 giet5 su1
長樂,cong2 lok6
倒裝句,dau3 zong1 gi4
番茄汁,fan1 kio2 zip5
間接證據,gan4 ziap5 zin4 gi4
交通銀行,gau1 tung1 ngiun2 hong2
禁行,gim4 hang2
禁止吸煙,gim4 zi3 kip5 yen1
焗親,kiuk6 cin1
共樂,kiung4 lok6
閒着,han2 cok6
響着,hiong3 cok6
好迷惘,hau3 mi2 miong3
二三線,ngi4 sam1 sien4
洋參,yong2 sem1
禁新,gim1 sin1
期中考,ki2 zung1 kau3
佢就要,gi2 ciu4 yau4
兩伙,liong1 fo3
兩三件,liong1 sam1 kien4
面凹,mien4 ngiap5
外交代表,ngoi4 gau1 toi4 biau3
岳華,ngok6 fa2
庖丁解牛,pau2 den1 gai3 ngiu2
平武,pin2 vu1
蒲崗村道,pu2 gong1 cun1 tau4
三團,sam1 ton2
腎石,sin4 sak6
十六萬,sip6 luk5 man4
食瓜,sit6 ga1
善長仁翁,sen4 zong3 yin2 vung1
少雲,sau3 yun2
喪葬,song1 zong4
歎為觀止,tan4 vui2 gon1 zi3
玩遍,van2 bien4
殞命,yun3 min4
烏爾都語,vu1 li3 du1 ngi1
執仔,zip5 zai3
張致恆,zong1 zi4 hen2
轉門,zon4 mun2
心裏邊,sim1 li1 bien1
心裏便,sim1 li1 pien4
躊躇滿志,ciu2 cu2 man1 zi4
辭行,cu2 hang2
青松,ciang1 cung2
請便,ciang3 pien4
睬你都,cai3 li3 du1
重慶市,cung2 kin4 si1
儲户,su2 fu4
傳道書,con2 tau4 su1
打裂,da3 liet6
大使級,tai4 si4 kip5
大種,tai4 zung3
搭橋鋪路,dap5 kiau2 pu1 lu4
第二道,ti4 ngi4 tau4
定型水,tin4 hin2 sui3
當事國,dong1 su4 get5
檔仔,dong4 zai3
道喜,tau4 hi3
灰度,foi1 tu4
解理,gai3 li1
間中都會,gan4 zung1 du1 fui4
建設銀行,gien4 siet5 ngiun2 hong2
高速鐵路,gau1 suk5 tiet5 lu4
姑爺仔,gu1 ya2 zai3
公共電話,gung1 kiung4 tien4 va4
校褲,gau3 fu4
校服褲,gau3 fuk6 fu4
校醫,gau3 yi1
後枕,heu4 zim3
漢華,hon4 fa2
印刷量,yin4 sot5 liong4
印度薄餅,yin4 tu4 pok6 biang3
一百六十,yit5 bak5 luk5 sip6
休旅車,hiu1 li3 ca1
形單影隻,hin2 dan1 yang3 zak5
兩爺孫,liong1 ya2 sun1
六級,luk5 kip5
名賢,min2 hien2
牛仔褸,ngiu2 zai3 leu1
皮件,pi2 kien4
被卧,pi1 ngo4
鋪橋搭路,pu1 kiau2 dap5 lu4
濕度計,sip5 tu4 ge4
四十六,si4 sip6 luk5
水靈靈,sui3 lin2 lin2
食食下飯,sit6 sit6 ha4 fan4
小三元,siau3 sam1 ngien2
添華道,tiam1 fa2 tau4
天滅中共,tien1 miet6 zung1 kiung4
周華健,ziu1 fa2 kien4
正楷,zin4 kai3
中英數,zung1 yin1 su4
中衰,zung1 soi1
轉眼之間,zon3 ngan3 zu1 gan1
訓導處,hiun4 tau3 cu3
七日鮮,cit5 ngit5 sien1
出軌行為,cut5 gui3 hang2 vui2
青金石,ciang1 gim1 sak6
打定主意,da3 tin4 zu3 yi4
點好呢,diam3 hau3 le1
粉嶺公路,fun3 liang1 gung1 lu4
逢場作興,fung2 cong2 zok5 hin4
講閒話,gong3 han2 va4
行梯,hang2 toi1
喉結,heu2 giet5
許冠文,hi3 gon4 vun2
好唔好味,hau3 m1 hau3 mui4
好塞,hau3 set5
一定中,yit5 tin4 zung1
揚長避短,yong2 cong2 pi4 don3
甩車,lot5 ca1
靈實,lin2 sit6
落俗,lok6 suk6
六分儀,luk5 fun4 ngi2
名落孫山,min2 lok6 sun1 san1
滿員,man1 yen2
那番,la3 fan1
外界影響,ngoi4 gai4 yang3 hiong3
三皇五帝,sam1 fong2 ng3 di4
省招牌,sen3 zau1 pai2
勝利道,sin4 li4 tau4
喪家之犬,song4 ga1 zu1 kien3
醍醐灌頂,ti2 fu2 gon4 dang3
透明質酸,teu4 min2 zit5 son1
推己及人,tui1 gi3 kip6 ngin2
彎度,van1 tu4
鐫刻,zien1 ket5
陳腎,cin2 kin1
長平之戰,cong2 pin2 zu1 zien4
單極,dan1 kit6
搭上搭,dap5 song4 dap5
第三隻腳,ti4 sam1 zak5 giok5
頂死,din3 si3
倒豎葱,dau3 su4 cung1
非核化,fui1 het6 fa4
乾嘔,gon1 iu3
乾電池,gon1 tien4 ci2
乾凍,gon1 dung4
高嶺土,gau1 liang3 tu3
國家制度,get5 ga1 zi4 tu4
紅柿,fung2 se2
血腥瑪麗,hiet5 siang1 ma1 li4
一溜煙,yit5 liu4 yen1
一路平安,yit5 lu4 pin2 on1
一線之差,yit5 sien4 zu1 ca1
有味笑話,yiu1 mui4 siau4 va4
易彎,yi4 van1
賢士,hien2 su4
漁夫褸,ng2 fu1 leu1
卡冚卡,kat6 kiem2 kat6
強加於人,kiong2 ga1 yi1 ngin2
撩佢,liau2 gi2
兩宋,liong1 sung4
撈過界,lau1 go4 gai4
撈亂骨頭,lau1 lon4 gut5 teu2
孖埋,ma1 mai2
孖裝,ma1 zong1
未解之謎,vui4 gai3 zu1 mi2
母質,mu1 zit5
勾畫,geu1 vak6
年少有為,ngien2 sau4 yiu1 vui2
婆仔數,po2 zai3 su4
散毒,san4 tuk6
詩情畫意,si1 cin2 fa4 yi4
鮮奶油,sien1 lai1 yiu2
上頜,song4 hap6
艇户,tiang3 fu4
推磨,tui1 mo2
推三推四,tui1 sam1 tui1 si4
紫丁香,zu3 den1 hiong1
精義,zin1 ngi4
張小倫,zong1 siau3 lun2
著述,zu4 sut6
百冇,bak5 mau2
八張,bat5 zong1
不甘後人,but5 gam1 heu4 ngin2
不勝枚舉,but5 sin1 moi2 gi3
便盆,pien4 pun2
差估署,ca1 gu3 su4
錯解,co4 gai3
坐花廳,co1 fa1 tang1
速勝,suk5 sin4
充分考慮,cung1 fun4 kau3 li4
衝量,cung1 liong4
打跛腳,da3 bai1 giok5
搭便車,dap5 pien4 ca1
搭錯車,dap5 co4 ca1
倒落海,dau3 lok6 hoi3
福卡,fuk5 ka1
間歇訓練,gan4 hiet5 hiun4 lien4
交通線,gau1 tung1 sien4
近臣,kiun4 sin2
結繩,giet5 sin2
講極都,gong3 kit6 du1
觀測員,gon1 cet5 yen2
閨中密友,gui1 zung1 mit6 yiu1
行淫,hang2 yim2
紅顏薄命,fung2 ngan2 pok6 min4
右後方,yiu4 heu4 fong1
耳道,ngi3 tau4
異質,yi4 zit5
影音器材,yang3 yim1 hi4 coi2
乳臭未乾,yui3 ciu4 vui4 gon1
林士街,lim2 su4 gai1
領命,liang1 min4
兩枚,liong1 moi2
樂觀主義,lok6 gon1 zu3 ngi4
盧押道,lu2 ap5 tau4
六倍,luk5 pui4
滿面春風,man1 mien4 cun1 fung1
硬核,ngang4 het6
外耳道,ngoi4 ngi3 tau4
三葉蟲,sam1 yap6 cung2
新高度,sin1 gau1 tu4
四十三,si4 sip6 sam1
聖路易,sin4 lu4 yit6
上等兵,song4 den3 bin1
數間,su4 gan1
選種,sien3 zung3
雪糕車,siet5 gau1 ca1
調養,tiau2 yong1
王永平,vong2 yun1 pin2
執拗,zip5 au4
正藍旗,zin4 lam2 ki2
朝三暮四,zau1 sam1 mu4 si4
災情慘重,zai1 cin2 cam3 cung4
作壁上觀,zok5 biak5 song4 gon1
轉臉,zon3 liam3
不結盟,but5 giet5 men2
啤機,bia1 gi1
邪魔外道,sia2 mo2 ngoi4 tau4
初戀感覺,co1 lien4 gam3 gok5
坐不住,co1 but5 cu4
長班,cong2 ban1
長庚,cong2 gang1
長散,cong2 san3
叮叮噹噹,den1 den1 dong1 dong1
道家思想,tau4 ga1 su1 siong3
快過打針,kai4 go4 da3 zim1
翻番,fan1 fan1
監察院長,gam1 cat5 yen4 zong3
間接選舉,gan4 ziap5 sien3 gi3
雞精書,gai1 zin1 su1
九層,giu3 cen2
幾微,gi1 mi2
極超,kit6 cau1
經幡,gin1 fan1
港灣道,gong3 van1 tau4
焗腳,kiuk6 giok5
行色匆匆,hang2 set5 cung1 cung1
後燈,heu4 den1
稀土金屬,hi1 tu3 gim1 suk6
去乜,hi4 mak5
好好飲,hau3 hau3 yim3
一段仔,yit5 ton4 zai3
義烏,ngi4 vu1
凝練,ngien2 lien4
雍容華貴,yung1 yung2 fa2 gui4
礦卡,kang3 kat6
拉掣,lai1 zi4
臉兒,liam3 yi2
連名帶姓,lien2 min2 dai4 siang4
盧冠廷,lu2 gon1 tin2
露兩點,lu4 liong1 diam3
六宗,luk5 zung1
默默耕耘,met6 met6 gang1 yun2
文學士,vun2 hok6 su4
問下人,mun4 ha4 ngin2
未成年者,vui4 sin2 ngien2 za3
名噪一時,min2 cau4 yit5 si2
明升暗降,min2 sin1 am4 gong4
扭扭捏捏,ngiu3 ngiu3 ngiap5 ngiap5
你衰,li3 soi1
五道,ng3 tau4
瓦楞,nga3 lin2
破銅爛鐵,po4 tung2 lan4 tiet5
三從四德,sam1 cung2 si4 det5
三拳,sam1 kien2
四道,si4 tau4
四海為家,si4 hoi3 vui2 ga1
適配,sit5 pui4
太少人,tai4 sau3 ngin2
攤下,tan1 ha4
鐵籠車,tiet5 lung1 ca1
調色板,tiau2 set5 ban3
桃李滿門,tau2 li3 man1 mun2
精華版,zin1 fa2 ban3
正朔,zin4 sok5
濁音,cuk6 yim1
敗絮其中,pai4 si4 ki2 zung1
俾卡,bi1 kat6
叉車,ca1 ca1
炒孖展,cau3 ma1 zien3
瞧你,ziau2 li3
長袖善舞,cong2 ciu4 sen4 mu3
傳代,con2 toi4
傳流,con2 liu2
打道回府,da3 tau4 fui2 fu3
滴灌,tit6 gon4
當紮,dong1 zat5
讀下書,tuk6 ha4 su1
加重語氣,ga1 cung1 ngi1 hi4
交迫,gau1 bet5
更慢,gen4 man4
極西,kit6 si1
警署警長,gin3 su4 gin3 zong3
結塊,giet5 kai4
改一下,goi3 yit5 ha4
古道熱腸,gu3 tau4 ngiet6 cong2
觀測者,gon1 cet5 za3
官立學校,gon1 lip6 hok6 gau3
過山烏,go4 san1 vu1
巧婦,kiau3 fu4
候補名單,heu4 bu3 min2 dan1
後秋,heu4 ciu1
去打機,hi4 da3 gi1
一大部分,yit5 tai4 pu4 fun4
有礙觀瞻,yiu1 ngoi4 gon1 zam1
依家需要,yi1 ga1 si1 yau4
而家需要,yi2 ga1 si1 yau4
卡賓槍,ka1 bin1 ciong1
卡窿,ka1 lung1
靈水,lin2 sui3
兩德,liong1 det5
六尺,luk5 cak5
磨拳,mo2 kien2
牙擦仔,nga2 cat5 zai3
惡狠,ok5 hen3
被尾,pi1 mui1
身材正,sin1 coi2 zang4
神經失常,sin2 gin1 sit5 song2
室樂,sit5 ngok6
仇外,siu2 ngoi4
射出界,sa4 cut5 gai4
死好命,si3 hau3 miang4
淅瀝,sit5 lit6
體重計,ti3 cung1 ge4
鐵齒銅牙,tiet5 ci3 tung2 nga2
渣華道,za1 fa2 tau4
正房,zin4 fong2
張耀揚,zong1 yau4 yong2
莊文強,zong1 vun2 kiong2
莊士敦道,zong1 su4 dun1 tau4
濁酒,cuk6 ziu3
中心人物,zung1 sim1 ngin2 vut6
珠胎暗結,zu1 toi1 am4 giet5
專著,zon1 zu4
轉數錶,zon4 su4 biau1
紹興,sau2 hin1
八户,bat5 fu4
不惜一戰,but5 sit5 yit5 zien4
避火層,pi4 fo3 cen2
綁埋一齊,bong3 mai2 yit5 ce2
補滿,bu3 man1
背字,poi4 su4
陳木勝,cin2 muk5 sin4
七分之一,cit5 fun4 zu1 yit5
青翠,ciang1 cui4
長頸龍,cong2 giang3 lung2
傳問,con2 mun4
打崩頭,da3 ben1 teu2
打韆鞦,da3 cien1 ciu1
打手指模,da3 siu3 zi3 mu2
打算點,da3 son4 diam3
鄧竟成,ten4 gin3 sin2
倒序,dau3 si4
反應器,fan3 yin4 hi4
伏地魔,fuk6 ti4 mo2
服務質量,fuk6 vu4 zit5 liong4
加冠,ga1 gon1
更次,gang1 cu4
交變,gau1 bien4
感質,gam3 zit5
乾巴巴,gon1 ba1 ba1
高精度,gau1 zin1 tu4
公證處,gung1 zin4 cu4
克敵制勝,ket5 tit6 zi4 sin4
好耐好耐,hau3 lai4 hau3 lai4
好想嘔,hau3 siong3 iu3
音拍,yim1 pok5
一盅兩件,yit5 zung1 liong1 kien4
易拉罐,yi4 lai1 gon4
盈喜,yin2 hi3
遠交近攻,yen3 gau1 kiun4 gung1
拉丁語系,lai1 den1 ngi1 hi4
兩錢重,liong1 cien2 cung1
兩三張,liong1 sam1 zong1
咯吱,gok6 zi1
六對,luk5 dui4
亂打亂撞,lon4 da3 lon4 cong4
晚秋,man1 ciu1
文人相輕,vun2 ngin2 siong1 kiang1
問候下,mun4 heu4 ha4
偶然間,ngeu3 yen2 gan1
平安神宮,pin2 on1 sin2 giung1
培道,pui2 tau4
盤錯,pan2 co4
烚下烚下,sap6 ha4 sap6 ha4
煠下煠下,sap6 ha4 sap6 ha4
十下十下,sip6 ha4 sip6 ha4
十四行詩,sip6 si4 hong2 si1
收回成命,siu1 fui2 sin2 min4
寫紙仔,sia3 zi3 zai3
使節團,si3 ziet5 ton2
肆意妄為,si4 yi4 mong3 vui2
醒定定,siang3 tin4 tin4
聖士提反,sin4 su4 ti2 fan3
相襯,siong1 cin4
喪假,song1 ga3
數番,su4 fan1
炭精,tan4 zin1
滕麗名,ten2 li4 min2
舔食,tiam3 sit6
鐵板神數,tiet5 ban3 sin2 su4
鐵版神數,tiet5 ban3 sin2 su4
鐵板神算,tiet5 ban3 sin2 son4
鐵版神算,tiet5 ban3 sin2 son4
威重,vui1 cung4
輜重,zu1 cung1
終端用户,zung1 don1 yung4 fu4
中堅力量,zung1 gien1 lit6 liong4
中聖,zung1 sin4
不三不四,but5 sam1 but5 si4
表裏不一,biau3 li1 but5 yit5
博士班,bok5 su4 ban1
七種,cit5 zung3
車鈴,ca1 lang2
扯後腿,ca3 heu4 tui3
赤道儀,cak5 tau4 ngi2
前車主,cien2 ca1 zu3
青山灣,ciang1 san1 van1
重錘出擊,cung1 cui2 cut5 git5
重鎚出擊,cung1 cui2 cut5 git5
廚師長,cu2 su1 zong3
儲藏量,su2 cong2 liong4
打火石,da3 fo3 sak6
嘟嚕,du1 lu1
讀書機,tuk6 su1 gi1
輻射冷卻,fuk5 sa4 lang1 kiok5
福至心靈,fuk5 zi4 sim1 lin2
格仔紙,gak5 zai3 zi3
交椅洲,gau1 yi3 ziu1
急中生智,gip5 zung1 sang1 zi4
肝腸寸斷,gon1 cong2 cun4 ton4
故地重遊,gu4 ti4 cung2 yiu2
公兩,gung1 liong1
工商銀行,gung1 song1 ngiun2 hong2
哈瓦那,hap6 nga3 la3
吃着,ket5 cok6
虛度,hi1 tu4
好緊火,hau3 gin3 fo3
好唔好人,hau3 m1 hau3 ngin2
有棵,yiu1 ko1
二仔底,ngi4 zai3 dai3
應敵,yin4 tit6
應用層,yin4 yung4 cen2
應諾,yin4 lok5
融合為一,yung2 hap6 vui2 yit5
啟鑽苑,ki3 zon4 yen4
溝通下,geu1 tung1 ha4
兩尺,liong1 cak5
樂山,lok6 san1
六十六,luk5 sip6 luk5
冇譜,mau2 pu3
諗唔諗住,lem3 m1 lem3 cu4
吳家樂,ng2 ga1 lok6
諾定咸,lok5 tin4 ham2
平均速度,pin2 giun1 suk5 tu4
三人成虎,sam1 ngin2 sin2 fu3
三四日,sam1 si4 ngit5
三焦,sam1 ziau1
卸載,sia4 zoi4
蘇打粉,su1 da3 fun3
吞吃,tun1 ket5
偷腥,teu1 siang1
天華路,tien1 fa2 lu4
橫隔,vang2 gak5
烏燈黑火,vu1 den1 het5 fo3
走讀,zeu3 tuk6
張家界,zong1 ga1 gai4
做鬼臉,zo4 gui3 liam3
中意人,zung1 yi4 ngin2
鑽牆,zon4 siong2
白裏透紅,pak6 li1 teu4 fung2
八種,bat5 zung3
薄荷油,pok6 ho2 yiu2
部落客,pu4 lok6 hak5
賊過興兵,cet6 go4 hin1 bin1
參禪,cam1 sam2
撐共,cang1 kiung4
赤鐵礦,cak5 tiet5 kang3
錯有錯着,co4 yiu1 co4 cok6
長生果,cong2 sang1 go3
財經演員,coi2 gin1 yen1 yen2
得閒咪,det5 han2 mai4
度頸,tok6 giang3
毒力,tuk6 lit6
番書仔,fan1 su1 zai3
慌慌張張,fong1 fong1 zong1 zong1
間奏,gan4 zeu4
金燕玲,gim1 yen4 lin2
金馬倫道,gim1 ma1 lun2 tau4
糾錯,giu3 co4
驚鴻,gin1 fung2
關正傑,gan1 zin4 kiet6
後生可畏,heu4 sang1 ko3 vui4
後會無期,heu4 fui4 vu2 ki2
康寧道,kong1 len2 tau4
好命水,hau3 miang4 sui3
疑難雜症,ngi2 lan2 cap6 zin4
縈迴,yin2 fui2
卡債,kat6 zai4
禁使,gim1 su3
區間車,ki1 gan1 ca1
冷知識,lang1 zi4 sit5
兩棵,liong1 ko1
兩門,liong1 mun2
兩雙,liong1 sung1
六字真言,luk5 su4 zin1 ngien2
馬到成功,ma1 dau4 sin2 gung1
晚禱,man1 dau3
木頭公仔,muk5 teu2 gung1 zai3
凹凸有致,ngiap5 tut6 yiu1 zi4
安徽省,on1 fui1 sen3
拍散拖,pok5 san3 to1
拍手稱快,pok5 siu3 cin1 kai4
辟腥,pit5 siang1
培正道,pui2 zin4 tau4
三頂,sam1 dang3
三廢,sam1 fui4
三音,sam1 yim1
修道士,siu1 tau4 su4
蛇紋石,sa2 vun2 sak6
陝西省,sam3 si1 sen3
上合組織,song4 hap6 zu3 zit5
上智,song4 zi4
旋回,sien2 fui2
頭伏,teu2 fuk6
餞行,zien4 hang2
整食,zin3 sit6
朝露,zau1 lu4
張文慈,zong1 vun2 cu2
張志剛,zong1 zi4 gong1
中英街,zung1 yin1 gai1
中蛇,zung4 sa2
拗氣,au4 hi4
不錯不錯,but5 co4 but5 co4
俾電話,bi1 tien4 va4
弁言,pien4 ngien2
冰風暴,ben1 fung1 pau4
背黑鍋,boi4 het5 vo1
背城借一,boi4 sang2 zia4 yit5
酬載,ciu2 zoi4
前舖後居,cien2 pu4 heu4 gi1
打蘭,da3 lan2
汀角,dang1 gok5
釣魚執法,diau4 ng2 zip5 fap5
副相,fu4 siong4
見賢思齊,gien4 hien2 su1 ce2
經典案例,gin1 dien3 on4 li4
薑啤,giong1 bia1
觀音借庫,gon1 yim1 zia4 ku4
過三爆四,go4 sam1 bau4 si4
行政署,hang2 zin4 su4
後勤區,heu4 kiun2 ki1
好少玩,hau3 sau3 van2
有機結合,yiu1 gi1 giet5 hap6
現磨,hien4 mo2
傾乜,kin1 mak5
翹首以待,kiau2 siu3 yi1 toi4
鯉魚門道,li1 ng2 mun2 tau4
六項,luk5 hong4
孖八,ma1 bat5
碼仔,ma1 zai3
摩頂,mo2 dang3
網路平台,miong3 lu4 pin2 toi2
諗錯,lem3 co4
咬長糧,ngau1 cong2 liong2
奀仔,ngan1 zai3
跑下步,pau1 ha4 pu4
便宜莫貪,pien2 li2 mok6 tam1
撲滿,pok5 man1
莎車,sa1 ca1
三毫,sam1 hau2
山凹,san1 au4
散叫,san3 giau4
成唔成熟,sin2 m1 sin2 suk6
推唔推薦,tui1 m1 tui1 zien4
鐵鍬,tiet5 ciau1
拖下拖下,to1 ha4 to1 ha4
華人置業,fa2 ngin2 zi4 ngiap6
畫餅充飢,vak6 biang3 cung1 gi1
玩陣,van2 cin4
為時過早,vui2 si2 go4 zau3
烏卒卒,vu1 zut5 zut5
護長,fu4 zong3
曾慶紅,zen1 kin4 fung2
遭難,zau1 lan4
中資集團,zung1 zu1 sip6 ton2
專名,zon1 min2
大交合,tai4 gau1 hap6
好撚煩,hau3 ngien3 fan2
係難,he4 lan2
係難,he4 lan4
悲愁,bui1 siu2
扁食,bien3 sit6
僕從,puk6 cung2
般咸道,ban1 ham2 tau4
參考文獻,cam1 kau3 vun2 hien4
參考消息,cam1 kau3 siau1 sit5
齊眉,ce2 mi2
層層疊疊,cen2 cen2 tiap6 tiap6
長青隧道,cong2 ciang1 sui4 tau4
曹參,cau2 sem1
調倉,tiau4 cong1
當代史,dong1 toi4 su3
都會廣場,du1 fui4 gong3 cong2
訓導處,hiun4 tau3 cu4
貨卡,fo4 ka1
家鄉話,ga1 hiong1 va4
加茲尼省,ga1 zu1 li2 sen3
解決爭端,gai3 giet5 zang1 don1
交遊廣闊,gau1 yiu2 gong3 fat5
禁受,gim4 siu4
吉林省,git5 lim2 sen3
九件,giu3 kien4
驚疑,gin1 ngi2
結數,giet5 su4
降落地點,gong4 lok6 ti4 diam3
高士威道,gau1 su4 vui1 tau4
拐下拐下,gai3 ha4 gai3 ha4
黑龍江省,het5 lung2 gong1 sen3
核國家,het6 get5 ga1
氣凝膠,hi4 ngien2 gau1
海防道,hoi3 fong2 tau4
好耐下,hau3 lai4 ha4
陰極,yim1 kit6
一哄而散,yit5 fung3 yi2 san4
一兩隊,yit5 liong1 dui4
卡邦尼,ka1 bong1 li2
林柿,lim2 se2
餾分,liu4 fun4
蕾絲邊,lui2 su1 bien1
浪茄,long4 kio2
馬到功成,ma1 dau4 gung1 sin2
眉精眼企,mi2 zin1 ngan3 ki1
銀行擔保,ngiun2 hong2 dam1 bau3
偶一為之,ngeu3 yit5 vui2 zu1
黏結,ngiam2 giet5
惡貫滿盈,ok5 gon4 man1 yin2
惡劣天氣,ok5 lot5 tien1 hi4
拍長拖,pok5 cong2 to1
三箱,sam1 siong1
省力,sen3 lit6
薩拉丁,sat5 lai1 den1
深痛惡絕,cim1 tung4 vu4 ciet6
身負重傷,sin1 fu4 cung1 song1
神經網,sin2 gin1 miong3
施瓦布,si1 nga3 bu4
思想交流,su1 siong3 gau1 liu2
禪心,sam2 sim1
成夜,sin2 ya4
小楷,siau3 kai3
商品經濟,song1 pin3 gin1 zi4
掃黃打非,sau4 vong2 da3 fui1
宿分,suk5 fun4
縮時攝影,suk5 si2 ngiap5 yang3
貪威識食,tam1 vui1 sit5 sit6
體積重,ti3 zit5 cung1
痛深惡絕,tung4 cim1 vu4 ciet6
穩唔穩定,vun3 m1 vun3 tin4
混凝土車,fun3 ngien2 tu3 ca1
黃梅調,vong2 moi2 tiau4
走為上策,zeu3 vui2 song4 cak5
走為上計,zeu3 vui2 song4 ge4
走為上着,zeu3 vui2 song4 cok6
資質平庸,zu1 zit5 pin2 yung2
直呼其名,cit6 fu1 ki2 min2
直角三角,cit6 gok5 sam1 gok5
朝歌,zau1 go1
載客車,zoi4 hak5 ca1
鑽心,zon1 sim1
轉引,zon3 yin3
差派,cai1 pai4
陳家強,cin2 ga1 kiong2
潛烏龜,ciam2 vu1 gui1
前仰後合,cien2 ngiong1 heu4 hap6
坐無影凳,co1 vu2 yang3 den4
重秤,cung1 cin4
傳道人,con2 tau4 ngin2
傳旨,con2 zi3
打飯,da3 fan4
搭公車,dap5 gung1 ca1
點都應該,diam3 du1 yin1 goi1
顛倒眾生,dien1 dau3 zung4 sang1
頂瓜瓜,din3 ga1 ga1
定下驚,tin4 ha4 gin1
倒手,dau3 siu3
道岔,tau4 ca4
蕃茄醬,fan1 kio2 ziong4
翻山越嶺,fan1 san1 yet6 liang1
縫衣針,fung2 yi1 zim1
監督者,gam1 duk5 za3
減震器,gam3 zin3 hi4
甲仔,gap5 zai3
交臂,gau1 bi4
交尾,gau1 mui1
交朋結友,gau1 pen2 giet5 yiu1
計下條數,ge4 ha4 tiau2 su4
禁漁,gim4 ng2
舊調重彈,kiu4 tiau4 cung2 tan2
舉重若輕,gi3 cung2 yok6 kiang1
古明華,gu3 min2 fa2
焗盅,kiuk6 zung1
寒蟬效應,hon2 sam2 hau4 yin4
人體解剖,ngin2 ti3 gai3 peu3
日夜顛倒,ngit5 ya4 dien1 dau3
凝眸,ngien2 meu2
腰椎間盤,yau1 zui1 gan1 pan2
遠近馳名,yen3 kiun4 ci2 min2
月華街,ngiet6 fa2 gai1
窮奢極侈,kiung2 ca1 kit6 ci3
煉鐵,lien4 tiet5
螺旋體,lo2 sien2 ti3
良種,liong2 zung3
劣種,lot5 zung3
問題少年,mun4 ti2 sau4 ngien2
磨薑,mo2 giong1
門坎,mun2 kam3
勾三搭四,geu1 sam1 dap5 si4
牛頭角道,ngiu2 teu2 gok5 tau4
昂平,ngong2 pin2
攀山越嶺,pan1 san1 yet6 liang1
炮仔,pau4 zai3
平角,pin2 gok5
三重奏,sam1 cung2 zeu4
三個骨褲,sam1 go4 gut5 fu4
省心,sen3 sim1
洗盡鉛華,se3 cin4 yen2 fa2
生長素,sang1 zong3 su4
實況轉播,sit6 kong3 zon3 bo4
羞羞臉,siu1 siu1 liam3
守車,siu3 ca1
手鑽,siu3 zon4
賒數,ca1 su4
上映期間,song4 yang3 ki2 gan1
探頭探腦,tam4 teu2 tam4 lau3
攤直,tan1 cit6
推委,tui1 vui1
推薦書,tui1 zien4 su1
聽頭,tin4 teu2
斷線風箏,ton1 sien4 fung1 zen1
橫穿,vang2 con1
橫頭磡,vang2 teu2 ham4
往灣仔,vong1 van1 zai3
雜貨攤,cap6 fo4 tan1
積攢,zit5 zon1
戰略伙伴,zien4 liok6 fo3 pan4
精英主義,zin1 yin1 zu3 ngi4
張景淳,zong1 gin3 sun2
蔣中正,ziong3 zung1 zin4
轉背,zon3 boi4
轉遞,zon3 ti4
大驚小怪,tai4 giang1 siau3 gai4
大驚小怪,tai4 gin1 siau3 gai4
擺定,bai3 tin4
被乘數,pi4 sin2 su4
保姆車,bau3 mu1 ca1
撐艇,cang1 tiang3
齊步,ce2 pu4
設攤,siet5 tan1
錯角,co4 gok5
擔挑,dam4 tiau1
啄食,dok5 sit6
當無數,dong4 vu2 su4
賭啤,du3 pia1
倒掛金鈎,dau4 ga4 gim1 geu1
道唔道德,tau4 m1 tau4 det5
搞不定,gau3 but5 tin4
近體詩,kiun4 ti3 si1
急難,gip5 lan4
驚恐症,gin1 kiung3 zin4
乾巴,gon1 ba1
講打講殺,gong3 da3 gong3 sat5
高超道,gau1 cau1 tau4
鼓起泡腮,gu3 hi3 pau1 soi1
鼓埋泡腮,gu3 mai2 pau1 soi1
觀瞻,gon1 zam1
怪相,gai4 siong4
喊到豬頭,ham4 dau4 zu1 teu2
後視鏡,heu4 si4 giang4
汽車維修,ki4 ca1 vui2 siu1
海上鮮,hoi3 song4 sien1
漢坦病毒,hon4 tan3 piang4 tuk6
好難解釋,hau3 lan2 gai3 sit5
盈警,yin2 gin3
熱解,ngiet6 gai3
躍然紙上,yok5 yen2 zi3 song4
令弟,lin4 ti4
兩厘,liong1 li2
兩盞,liong1 zan3
魯平,lu1 pin2
聯合道,lien2 hap6 tau4
味噌湯,mui4 zen1 tong1
幕間,mok5 gan1
忙中有錯,mong2 zung1 yiu1 co4
每度,mui1 tu4
木馬病毒,muk5 ma1 piang4 tuk6
滿月酒,man1 ngiet6 ziu3
奶量,lai1 liong4
牙籤仔,nga2 ciam1 zai3
瓦通紙,nga3 tung1 zi3
岩層,ngam2 cen2
安達臣道,on1 tat6 sin2 tau4
平等主義,pin2 den3 zu3 ngi4
三吋,sam1 cun4
山西省,san1 si1 sen3
手工啤,siu3 gung1 bia1
水乳交融,sui3 yui3 gau1 yung2
惜肉如金,sit5 ngiuk5 yi2 gim1
食品衞生,sit6 pin3 vui4 sang1
食長糧,sit6 cong2 liong2
食菌,sit6 kiun3
鮮明對比,sien1 min2 dui4 bi3
小滴,siau3 tit6
蘇打水,su1 da3 sui3
聽曲,tang4 kiuk5
推導,tui1 tau3
畫鬼腳,vak6 gui3 giok5
為善最樂,vui2 sen4 zui4 lok6
瘟仔,vun1 zai3
枕藉,zim3 cit6
皺巴巴,zeu4 ba1 ba1
正菜,zang4 coi4
張廷玉,zong1 tin2 ngiuk6
轉危為安,zon3 ngui2 vui2 on1
滿月,man1 ngiet6
處暑,cu3 cu3
獨到之處,tuk6 dau4 zu1 cu3
原處,ngien2 cu3
衞生處,vui4 sang1 cu3
好撚廢,hau3 ngien3 fui4
拗彎,au3 van1
拗數,au4 su4
不孝有三,but5 hau4 yiu1 sam1
半路上,ban4 lu4 song4
半唐番,ban4 tong2 fan1
撥電話,pat5 tien4 va4
尋歡作樂,cim2 fon1 zok5 lok6
塵拂,cin4 fut5
車天車地,ca1 tien1 ca1 ti4
青海省,ciang1 hoi3 sen3
娼婦,cong1 fu4
串供,con4 giung1
單眼仔,dan1 ngan3 zai3
登六,den1 luk5
顛三倒四,dien1 sam1 dau3 si4
汀角路,dang1 gok5 lu4
頂讓,din3 ngiong4
度稿,tok6 gau3
反差萌,fan3 ca1 men2
雞包仔,gai1 bau1 zai3
禁唔禁,gim4 m1 gim4
禁條,gim4 tiau2
基道中學,gi1 tau4 zung1 hok6
見鑊打鑊,gien4 vok6 da3 vok6
結親,giet5 cin1
肝膽相照,gon1 dam3 siong1 zau4
江西省,gong1 si1 sen3
鋼鐵工業,gong4 tiet5 gung1 ngiap6
焗蟹,kiuk6 hai3
官差,gon1 cai1
觀音坐蓮,gon1 yim1 co1 lien2
光溜溜,gong1 liu4 liu4
考研,kau3 ngan3
後唔後悔,heu4 m1 heu4 fui4
後嗣,heu4 su4
喜盈盈,hi3 yin2 yin2
海平線,hoi3 pin2 sien4
一技傍身,yit5 ki3 pong2 sin1
有卡士,yiu1 ka1 si3
育種,yuk5 zung3
如詩如畫,yi2 si1 yi2 fa4
與人為善,yi1 ngin2 vui2 sen4
規行矩步,gui1 hang2 gi3 pu4
理屈詞窮,li1 kiut5 cu2 kiung2
羅便臣道,lo2 pien4 sin2 tau4
梁繼平,liong2 gi4 pin2
咯咯笑,gok6 gok6 siau4
六月雪,luk5 ngiet6 siet5
磨碌,mo4 luk5
難喝,lan2 hot5
難以名狀,lan2 yi1 min2 cong4
銀行假,ngiun2 hong2 ga3
外國話,ngoi4 get5 va4
安名,on1 miang2
平喉,pin2 heu2
三副,sam1 fu4
三斤,sam1 gin1
三綱五常,sam1 gong1 ng3 song2
薩拉曼卡,sat5 lai1 man4 ka1
心中無數,sim1 zung1 vu2 su4
十載,sip6 zai3
蛇都死,sa2 du1 si3
蛇佬,sa2 lau3
四便,si4 pien4
成頭汗,sang2 teu2 hon4
水泥車,sui3 lai2 ca1
信仰者,sin4 ngiong1 za3
使用價值,si3 yung4 ga4 cit6
侍衞長,si4 vui4 zong3
識轉彎,sit5 zon3 van1
相見恨晚,siong1 gien4 hen4 man1
舒適堡,su1 sit5 bau3
褪後,tun4 heu4
艇仔粥,tiang3 zai3 zuk5
推牆,tui1 siong2
塘尾道,tong2 mui1 tau4
華界,fa2 gai4
灣仔道,van1 zai3 tau4
最塞,zui4 set5
自乾五,cu4 gon1 ng3
精瘦,zin1 seu4
張偉文,zong1 vui3 vun2
珠被,zu1 pi1
著用,zu4 yung4
尊長,zun1 zong3
啜飲,zot5 yim3
驚西,giang1 si1
全權處理,cien2 kien2 cu3 li1
刻舟求劍,kat5 ziu1 kiu2 giam4
凹頭,au4 teu2
敗者為寇,pai4 za3 vui2 keu4
迫上梁山,bet5 song4 liong2 san1
逼上梁山,bit5 song4 liong2 san1
差失,ca1 sit5
柴灣道,cai2 van1 tau4
參政權,cam1 zin4 kien2
車前草,ca1 cien2 cau3
千層蛋糕,cien1 cen2 tan4 gau1
清拆户,cin1 cak5 fu4
坐去,co1 hi4
暢運道,cong4 yun4 tau4
長此以往,cong2 cu3 yi1 vong1
粗茶淡飯,cu1 ca2 tam4 fan4
衝要,cung1 yau4
從左到右,cung2 zo3 dau4 yiu4
打呼嚕,da3 fu1 lu1
大坑道,tai4 hang1 tau4
掂當,tiam4 dong4
電氣道,tien4 hi4 tau4
佃户,tien4 fu4
讀研,tuk6 ngan3
東拼西湊,dung1 pin4 si1 ceu4
非盈利,fui1 yin2 li4
復讀,fuk6 tuk6
今日好凍,gim1 ngit5 hau3 dung4
極值,kit6 cit6
閨中,gui1 zung1
黑户,het5 fu4
行李員,hang2 li3 yen2
喜靈洲,hi3 lin2 ziu1
興辦,hin1 pan4
音名,yim1 min2
一兩班,yit5 liong1 ban1
一兩股,yit5 liong1 gu3
一兩支,yit5 liong1 zi1
遊戲人間,yiu2 hi4 ngin2 gan1
二百三十,ngi4 bak5 sam1 sip6
賢弟,hien2 ti4
卡爾加里,ka1 li3 ga1 li1
卡梅倫,ka1 moi2 lun2
抗精神病,kong4 zin1 sin2 piang4
禮頓道,li1 un4 tau4
廉正,liam2 zin4
量器,liong2 hi4
兩粒花,liong1 lip5 fa1
落廚,lok6 cu2
樂捐,lok6 gien1
文法學校,vun2 fap5 hok6 gau3
外交使節,ngoi4 gau1 si4 ziet5
內線交易,lui4 sien4 gau1 yit6
三次方,sam1 cu4 fong1
三號波,sam1 hau4 bo1
三號風球,sam1 hau4 fung1 kiu2
三令五申,sam1 lin4 ng3 sin1
三盞,sam1 zan3
水舞間,sui3 mu3 gan1
純素食,sun2 su4 sit6
司徒拔道,su1 tu2 pat6 tau4
承應,sin2 yin1
相對速度,siong1 dui4 suk5 tu4
相反詞,siong1 fan3 cu2
相圖,siong4 tu2
書攤,su1 tan1
騰雲駕霧,ten2 yun2 ga4 vu4
推搡,tui1 song3
天人交戰,tien1 ngin2 gau1 zien4
套結,tau4 giet5
為食鬼,vui4 sit6 gui3
雲南省,yun2 lam2 sen3
攢錢,zon1 cien2
皺著,zeu4 zu4
就中意,ciu4 zung1 yi4
謝斐道,cia4 fui3 tau4
褶皺,zap5 zeu4
張文光,zong1 vun2 gong1
作嘔作悶,zok5 iu3 zok5 mun4
做場好戲,zo4 cong2 hau3 hi4
中央廣場,zung1 yong1 gong3 cong2
尊唔尊重,zun1 m1 zun1 cung4
屌呀,diau3 a2
品質管理,pin3 zit5 gon3 li1
不可戰勝,but5 ko3 zien4 sin4
邊户,bien1 fu4
冰墊,ben1 tiap6
寢食不安,cim3 sit6 but5 on1
七間,cit5 gan1
車親,ca1 cin1
出橫手,cut5 vang2 siu3
痴心錯付,ci1 sim1 co4 fu4
呈祥道,cin2 siong2 tau4
打毒針,da3 tuk6 zim1
膽大妄為,dam3 tai4 mong3 vui2
第一打,ti4 yit5 da1
電力機車,tien4 lit6 gi1 ca1
頂心杉,din3 sim1 cam3
附屬法例,fu4 suk6 fap5 li4
解甲歸田,gai3 gap5 gui1 tien2
解唔解釋,gai3 m1 gai3 sit5
近地點,kiun4 ti4 diam3
高唔高質,gau1 m1 gau1 zit5
焗熱,kiuk6 ngiet6
觀乎,gon1 fu2
均衡飲食,giun1 fen2 yim3 sit6
光復上水,gong1 fuk6 song4 sui3
黑道中人,het5 tau4 zung1 ngin2
衡平,fen2 pin2
行跡,hang2 zit5
好大條,hau3 tai4 tiau2
好聲音,hau3 sang1 yim1
驛傳,yit6 con2
卡美洛,ka1 mui1 lok6
雷雨交加,lui2 yi3 gau1 ga1
寥落,liau2 lok6
兩具,liong1 ki3
六架,luk5 ga4
密質質,mit6 zit5 zit5
咩毛,me1 mau1
磨鏡,mo2 giang4
莫逆之交,mok6 ngiak6 zu1 gau1
無以為生,vu2 yi1 vui2 sang1
每道,mui1 tau4
滿門抄斬,man1 mun2 cau1 zam3
哪樣,lai4 yong4
難以為繼,lan2 yi1 vui2 gi4
五覺,ng3 gok5
囊泡,long2 pau1
啤啤夫,pia1 pia1 fu1
披散,pi1 san3
屁精,pi4 zin1
拼錯,pin4 co4
三棵,sam1 ko1
三服,sam1 fuk6
三權鼎立,sam1 kien2 din3 lip6
三色台,sam1 set5 toi2
心律不正,sim1 lut6 but5 zin4
神經外科,sin2 gin1 ngoi4 ko1
十行,sip6 hong2
瘦蜢蜢,seu4 mang3 mang3
施匡翹,si1 kiong1 kiau2
禪林,sam2 lim2
爽呢,song3 le1
素昧平生,su4 mui3 pin2 sang1
縮成一團,suk5 sin2 yit5 ton2
天差地別,tien1 ca1 ti4 piet6
亭長,tin2 zong3
鐵價不二,tiet5 ga4 but5 ngi4
托運行李,tok5 yun4 hang2 li3
斷水斷糧,ton1 sui3 ton1 liong2
華國鋒,fa4 get5 fung1
烏拉爾山,vu1 lai1 li3 san1
緩降,fon4 gong4
玩弄感情,van4 lung4 gam3 cin2
翟威廉,cak6 vui1 liam2
側重點,zet5 cung4 diam3
正歌,zin4 go1
正義黨,zin4 ngi4 dong3
正確路線,zin4 kok5 lu4 sien4
着邊,cok6 bien1
張艾嘉,zong1 ngioi4 ga1
張祝珊,zong1 zuk5 san1
做廳長,zo4 tang1 zong3
轉注,zon3 zu4
落腳處,lok6 giok5 cu3
總務處,zung3 vu4 cu3
百勝角,bak5 sin4 gok5
飽經風霜,bau3 gin1 fung1 song1
筆供,bit5 giung1
不足為怪,but5 zuk5 vui2 gai4
慘勝,cam3 sin4
剷泥車,can3 lai2 ca1
擦錯鞋,cat5 co4 hai2
趁熱食,cin4 ngiet6 sit6
七道,cit5 tau4
七橫八豎,cit5 vang2 bat5 su4
青州,ciang1 ziu1
重九,cung2 giu3
重九節,cung2 giu3 ziet5
單車館,dan1 ca1 gon3
電解電容,tien4 gai3 tien4 yung2
調啦,tiau4 la1
到死死下,dau4 si3 si3 ha4
道唔道歉,tau4 m1 tau4 kiap5
斷代,ton4 toi4
拂塵,fut5 cin4
科技成果,ko1 ki3 sin2 go3
房祖名,fong2 zu3 min2
伏地挺身,fuk6 ti4 tin3 sin1
嘉興,ga1 hin1
交底,gau1 dai3
急呀,gip5 a2
結為夫妻,giet5 vui2 fu1 ci1
乾瘦,gon1 seu4
廣結善緣,gong3 giet5 sen4 yen2
孝經,hau4 gin1
好高難度,hau3 gau1 lan2 tu4
任君選擇,ngim4 giun1 sien3 cak6
一人少句,yit5 ngin2 sau3 gi4
一式兩份,yit5 sit5 liong1 fun4
有滴,yiu1 tit6
二百六十,ngi4 bak5 luk5 sip6
洋話,yong2 va4
養虎為患,yong1 fu3 vui2 fam4
預防接種,yi4 fong2 ziap5 zung3
乙狀結腸,yet5 cong4 giet5 cong2
棋差一着,ki2 ca1 yit5 cok6
拉幫結派,lai1 bong1 giet5 pai4
離地中產,li2 ti4 zung1 san3
靈牙利齒,lin2 nga2 li4 ci3
瞭然,liau3 yen2
兩吋,liong1 cun4
六度,luk5 tu4
六支,luk5 zi1
默坐,met6 co4
文種,vun2 zung3
無縫連接,vu2 pung4 lien2 ziap5
門户之見,mun2 fu4 zu1 gien4
滿潮,man1 cau2
扭着,ngiu3 cok6
你位,li3 vui4
伍樂怡,ng3 lok6 yi2
五十三,ng3 sip6 sam1
平沽,piang2 gu1
平洲,pin2 ziu1
三家村,sam1 ga1 cun1
三匹,sam1 pit5
十二經,sip6 ngi4 gin1
舍弟,sa4 ti4
射流,sa4 liu2
水過鴨背,sui3 go4 ap5 boi4
適唔適應,sit5 m1 sit5 yin4
食皇家飯,sit6 fong2 ga1 fan4
成業街,sin2 ngiap6 gai1
上眼皮,song4 ngan3 pi2
數千名,su4 cien1 min2
推心置腹,tui1 sim1 zi4 fuk5
調準,tiau2 zun3
通便藥,tung1 pien4 yok6
橫七豎八,vang2 cit5 su4 bat5
回電話,fui2 tien4 va4
習非成是,sip6 fui1 sin2 si4
真好吃,zin1 hau3 ket5
汁都撈埋,zip5 du1 lau1 mai2
就裏,ciu4 li1
滋悠淡定,zu1 yiu2 tam4 tin4
滋油淡定,zu1 yiu2 tam4 tin4
蒸焗爐,zin1 kiuk6 lu2
正經八百,zin4 gin1 bat5 bak5
着名牌,zok5 min2 pai2
再好不過,zai4 hau3 but5 go4
中港城,zung1 gong3 sang2
中信銀行,zung1 sin4 ngiun2 hong2
縱橫遊,zung1 vang2 yiu2
重文輕武,cung4 vun2 kiang1 vu1
轉移安置,zon3 yi2 on1 zi4
轉移支付,zon3 yi2 zi1 fu4
處理包,cu3 li1 bau1
雕刻品,diau1 kat5 pin3
文字處理,vun2 su4 cu3 li1
即刻射,zit5 kat5 sa4
挨年近晚,ai1 ngien2 kiun4 man1
白加道,pak6 ga1 tau4
白沙瓦,pak6 sa1 nga3
白紙一張,pak6 zi3 yit5 zong1
八件,bat5 kien4
閉會,bi4 fui4
不可限量,but5 ko3 han4 liong4
不識好歹,but5 sit5 hau3 dai3
祕書長,bi4 su1 zong3
保安仔,bau3 on1 zai3
杯盤狼藉,bui1 pan2 long2 cit6
沉魚落雁,cim2 ng2 lok6 ngan4
七度,cit5 tu4
七下,cit5 ha4
坐包廂,co1 bau1 siong1
粗重工夫,cu1 cung1 gung1 fu1
燥火,cau4 fo3
傳達員,con2 tat6 yen2
傳聲器,con2 sang1 hi4
打擊手,da3 git5 siu3
打亂種,da3 lon4 zung3
打醮,da3 ziau4
大篷車,tai4 pung2 ca1
擔天望地,dam1 tien1 mong4 ti4
單刀赴會,dan1 dau1 fu4 fui4
第五縱隊,ti4 ng3 zung1 dui4
道德品質,tau4 det5 pin3 zit5
道號,tau4 hau4
繁榮富強,fan2 yin2 fu4 kiong2
泛泛之交,fam4 fam4 zu1 gau1
複讀,fuk5 tuk6
監測器,gam1 cet5 hi4
交通車,gau1 tung1 ca1
校啱,gau4 ngam1
激打,git5 da3
見下面,gien4 ha4 mien4
驚叫聲,gin1 giau4 sang1
敬業精神,gin4 ngiap6 zin1 sin2
乾草堆,gon1 cau3 doi1
江湖道義,gong1 fu2 tau4 ngi4
講下講下,gong3 ha4 gong3 ha4
供事,giung4 su4
鬼話連篇,gui3 va4 lien2 pien1
行蠱惑,hang2 gu3 fet6
行軍禮,hang2 giun1 li1
行蹤飄忽,hang2 zung1 piau1 fut5
吃布,ket5 bu4
吃裏扒外,ket5 li1 pa2 ngoi4
吃裏爬外,ket5 li1 pa2 ngoi4
去中大,hi4 zung1 tai4
汗漬,hon4 zit5
血栓形成,hiet5 san1 hin2 sin2
因父之名,yin1 fu4 zu1 min2
一齊過陣,yit5 ce2 go4 cin4
一定有鬼,yit5 tin4 yiu1 gui3
一兩層,yit5 liong1 cen2
油層,yiu2 cen2
潤腸通便,yun4 cong2 tung1 pien4
驗定,ngiam4 tin4
月長石,ngiet6 cong2 sak6
月份會議,ngiet6 fun4 fui4 ngi4
月下貨,ngiet6 ha4 fo4
翹課,kiau2 ko4
靈糧堂,lin2 liong2 tong2
量具,liong2 ki3
兩頭騰,liong1 teu2 ten2
樂悠居,lok6 yiu2 gi1
馬師道,ma1 su1 tau4
萬年青,man4 ngien2 ciang1
妙趣橫生,miau4 ci4 vang2 sang1
麼地道,mo1 ti4 tau4
亡命天涯,mong2 min4 tien1 ngai2
毛重,mau1 cung1
慕尤丁,mu4 yiu2 den1
冒名頂替,mau4 min2 din3 tai4
夢幻泡影,mung4 fam4 pau1 yang3
鬧革命,lau4 gak5 min4
瓦德西,nga3 det5 si1
外交系,ngoi4 gau1 hi4
尿毒症,ngiau4 tuk6 zin4
安好心,on1 hau3 sim1
排憂解難,pai2 yiu1 gai3 lan2
拍攝者,pok5 ngiap5 za3
皰疹病毒,piau4 zin3 piang4 tuk6
鋪蓋,pu1 goi4
三句不離,sam1 gi4 but5 li2
三公消費,sam1 gung1 siau1 fui4
三合土,sam1 hap6 tu3
西頂,si1 din3
洗臉盆,se3 liam3 pun2
生物質能,sang1 vut6 zit5 len2
思潮起伏,su1 cau2 hi3 fuk6
食用鹽,sit6 yung4 yam2
鮮竹卷,sien1 zuk5 gien3
成人班,sin2 ngin2 ban1
成唔成立,sin2 m1 sin2 lip6
城門隧道,sang2 mun2 sui4 tau4
小打小鬧,siau3 da3 siau3 lau4
小人蛇,siau3 ngin2 sa2
疏忽大意,so1 fut5 tai4 yi4
探路者,tam4 lu4 za3
推擋,tui1 dong3
鐵面無私,tiet5 mien4 vu2 su1
躺倒,tong3 dau3
討吃,tau3 ket5
通信協定,tung1 sin4 hiap6 tin4
通訊協定,tung1 sin4 hiap6 tin4
同卵雙生,tung2 lon3 sung1 sang1
同撈同煲,tung2 lau1 tung2 bau1
斷水電,ton1 sui3 tien4
斷水斷電,ton1 sui3 ton1 tien4
遺傳學家,vui2 con2 hok6 ga1
屈光度,kiut5 gong1 tu4
屈水,kiut5 sui3
胡春華,fu2 cun1 fa2
集體強姦,sip6 ti3 kiong2 gan1
曾偉權,zen1 vui3 kien2
只欠東風,zit5 kiam4 dung1 fung1
嗣後,su4 heu4
戰略要點,zien4 liok6 yau4 diam3
張欣宇,zong1 hiun1 yi3
張彥博,zong1 ngien4 bok5
專業户,zon1 ngiap6 fu4
爆陰毒,bau4 yim1 tuk6
幫下眼,bong1 ha4 ngan3
寶雲道,bau3 yun2 tau4
臭腥,ciu4 siang1
車士打,ca1 su4 da3
隨緣樂助,sui2 yen2 lok6 co4
磁通量,cu2 tung1 liong4
青原,ciang1 ngien2
青黴素,ciang1 mi2 su4
情深義重,cin2 cim1 ngi4 cung4
切成絲,ciet5 sin2 su1
錯落有致,co4 lok6 yiu1 zi4
衝打,cung1 da3
從頭做起,cung2 teu2 zo4 hi3
打漿,da3 ziong1
大件抵食,tai4 kien4 dai3 sit6
大客車,tai4 hak5 ca1
擔唔擔心,dam1 m1 dam1 sim1
淡菜,tam4 coi4
低八度,dai1 bat5 tu4
丁酉,den1 yiu1
丁醇,den1 sun2
頂數,din3 su4
定個台油,tin4 go4 toi2 yiu2
定過抬油,tin4 go4 toi2 yiu2
道德家,tau4 det5 ga1
獨到之處,tuk6 dau4 zu1 cu4
番薯糖水,fan1 su2 tong2 sui3
浮光掠影,feu2 gong1 liok6 yang3
坊間傳言,fong2 gan1 con2 ngien2
富有柿,fu4 yiu1 se2
加德滿都,ga1 det5 man1 du1
假正經,ga3 zin4 gin1
解饞,gai3 cam2
更練,gang1 lien4
急剎車,gip5 sat5 ca1
九道,giu3 tau4
久仰大名,giu3 ngiong1 tai4 min2
機關車,gi1 gan1 ca1
撿便宜,giam3 pien2 li2
驚喜交集,gin1 hi3 gau1 sip6
各打五十,gok5 da3 ng3 sip6
各打五十大板,gok5 da3 ng3 sip6 tai4 ban3
谷住度氣,guk5 cu4 tu4 hi4
焗茶,kiuk6 ca2
工筆畫,gung1 bit5 fa4
公主嶺,gung1 zu3 liang3
鬼頭仔,gui3 teu2 zai3
限定詞,han4 tin4 cu2
興沖沖,hin4 cung1 cung1
可塞,ko3 set5
寒毒,hon2 tuk6
好傷身,hau3 song1 sin1
好賤格,hau3 cien4 gak5
血中毒,hiet5 zung4 tuk6
音質好,yim1 zit5 hau3
人間喜劇,ngin2 gan1 hi3 kiak6
人心難測,ngin2 sim1 lan2 cet5
一兩堂,yit5 liong1 tong2
一啤,yit5 pia1
郵車,yiu2 ca1
仰泳,ngiong1 yun3
原處,ngien2 cu4
懸浮列車,hien2 feu2 liet6 ca1
拉米夫定,lai1 mi3 fu1 tin4
黎明時分,lai2 min2 si2 fun4
旅行支票,li3 hang2 zi1 piau4
兩碼事,liong1 ma1 su4
兩面三刀,liong1 mien4 sam1 dau1
落簿,lok6 pu1
落形,lok6 hin2
六十二,luk5 sip6 ngi4
六首,luk5 siu3
六席,luk5 cit6
綿裏藏針,mien2 li1 cong2 zim1
霧裏看花,vu4 li1 kon4 fa1
扭結,ngiu3 giet5
牛仔衫,ngiu2 zai3 sam1
三百五十,sam1 bak5 ng3 sip6
三不五時,sam1 but5 ng3 si2
三顧草廬,sam1 gu4 cau3 lu2
三顧茅廬,sam1 gu4 mau2 lu2
三顧茅蘆,sam1 gu4 mau2 lu2
三號線,sam1 hau4 sien4
三陪小姐,sam1 pui2 siau3 zia3
三廂,sam1 siong1
山頂道,san1 dang3 tau4
西洋參,si1 yong2 sem1
深旺道,cim1 vong4 tau4
新青年,sin1 ciang1 ngien2
神經膠質,sin2 gin1 gau1 zit5
碩士班,sak6 su4 ban1
水瓜打狗,sui3 ga1 da3 geu3
水上人家,sui3 song4 ngin2 ga1
斯文淡定,su1 vun2 tam4 tin4
釋經,sit5 gin1
色胺酸,set5 on1 son1
食物纖維,sit6 vut6 siam1 vui2
食四方飯,sit6 si4 fong1 fan4
食井水,sit6 ziang3 sui3
雙射,sung1 sa4
商住兩用,song1 cu4 liong1 yung4
上等貨,song4 den3 fo4
喪叫,song4 giau4
崇山峻嶺,cung2 san1 zun4 liang3
提倡者,ti2 cong4 za3
調速,tiau2 suk5
陶冶,tau2 ya3
屯赤隧道,tun2 cak5 sui4 tau4
畫外音,fa4 ngoi4 yim1
環保鬥士,van2 bau3 deu4 su4
渾然一體,fun2 yen2 yit5 ti3
鑊仔,vok6 zai3
烏克麗麗,vu1 ket5 li4 li4
互為因果,fu4 vui2 yin1 go3
援助交際,yen1 co4 gau1 zi4
玩忽,van4 fut5
爭番啖氣,zang1 fan1 tam4 hi4
震天價響,zin3 tien1 ga4 hiong3
爭風吃醋,zang1 fung1 ket5 cu4
醉酒駕車,zui4 ziu3 ga4 ca1
致死量,zi4 si3 liong4
將功贖罪,ziong1 gung1 suk6 cui4
將軍澳道,ziong1 giun1 au4 tau4
逐鹿中原,cuk6 luk6 zung1 ngien2
鍾士元,zung1 su4 ngien2
中上階層,zung1 song4 gai1 cen2
專橫跋扈,zon1 vang2 pat6 fu4
轉診,zon3 zin3
情報處,cin2 bau4 cu3
藏身之處,cong2 sin1 zu1 cu3
刻意為之,kat5 yi4 vui2 zu1
行逛,hang2 kong3
熱處理,ngiet6 cu3 li1
食屎大,sit6 si3 tai4
七下七下,cit5 ha4 cit5 ha4
拗不過,au4 but5 go4
嘔氣,iu3 hi4
把持不定,ba3 ci2 but5 tin4
敗興而歸,pai4 hin4 yi2 gui1
不打自招,but5 da3 cu4 zau1
不可名狀,but5 ko3 min2 cong4
不明就裏,but5 min2 ciu4 li1
邊際成本,bien1 zi4 sin2 bun3
扑瓜,bok6 ga1
炒更,cau3 gang1
齊書,ce2 su1
七號差館,cit5 hau4 cai1 gon3
車婉婉,ca1 von3 von3
巡更,sun2 gang1
前三甲,cien2 sam1 gap5
青沙公路,ciang1 sa1 gung1 lu4
清皇朝,cin1 fong2 cau2
切合需要,ciet5 hap6 si1 yau4
俏皮話,ciau4 pi2 va4
長相思,cong2 siong1 su1
重查,cung2 ca2
儲備量,su2 pi4 liong4
傳為佳話,con2 vui2 ga1 va4
打雞血,da3 gai1 hiet5
打緊字,da3 gin3 su4
打九九九,da3 giu3 giu3 giu3
打鼾,da3 hon2
打住家工,da3 cu4 ga1 gung1
踏青,tap6 ciang1
顛倒過來,dien1 dau3 go4 loi2
疊層,tiap6 cen2
吊銷執照,diau4 siau1 zip5 zau4
讀默,tuk6 met6
讀壞書,tuk6 fai4 su1
毒爪,tuk6 zau3
番鬼佬,fan1 gui3 lau3
番茄紅素,fan1 kio2 fung2 su4
非平衡,fui1 pin2 fen2
火上澆油,fo3 song4 hiau1 yiu2
霍震霆,kok5 zin3 tin2
敷衍塞責,fu1 yen3 set5 zit5
風乾機,fung1 gon1 gi1
佳偶天成,ga1 ngeu3 tien1 sin2
革命委員,gak5 min4 vui1 yen2
間中都有,gan4 zung1 du1 yiu1
交困,gau1 kun4
校勘,gau4 kam4
錦衣夜行,gim3 yi1 ya4 hang2
禁演,gim4 yen1
近親交配,kiun4 cin1 gau1 pui4
急需解決,gip5 si1 gai3 giet5
極低價,kit6 dai1 ga4
蓋棺論定,goi4 gon1 lun4 tin4
乾包,gon1 bau1
貴婦犬,gui4 fu4 kien3
貴州省,gui4 ziu1 sen3
呷乾醋,hap5 gon1 cu4
黑色金屬,het5 set5 gim1 suk6
刻舟求劍,ket5 ziu1 kiu2 giam4
後壁,heu4 biak5
氣塞,hi4 set5
吃不上,ket5 but5 song4
吃軟飯,ket5 ngion1 fan4
虛應故事,hi1 yin4 gu4 su4
香島中學,hiong1 dau3 zung1 hok6
害人精,hoi4 ngin2 zin1
學業有成,hok6 ngiap6 yiu1 sin2
好景不長,hau3 gin3 but5 cong2
好手氣,hau3 siu3 hi4
哭喪着臉,kuk5 song1 cok6 liam3
音樂團體,yim1 ngok6 ton2 ti3
人工受精,ngin2 gung1 siu4 zin1
一齊時,yit5 ce2 si2
油艇仔,yiu2 tiang3 zai3
衣食父母,yi1 sit6 fu4 mu1
異食癖,yi4 sit6 pit5
逆向行駛,ngiak6 hiong4 hang2 su3
應付裕如,yin4 fu4 yi4 yi2
熱啤,ngiet6 bia1
楊永強,yong2 yun1 kiong2
仰人鼻息,ngiong1 ngin2 pi4 sit5
毓華街,yuk5 fa2 gai1
用手掣,yung4 siu3 zi4
如法泡製,yi2 fap5 pau4 ze4
漁婦,ng2 fu4
遠渡重洋,yen3 tu4 cung2 yong2
及弟粥,kip6 ti4 zuk5
強忍悲痛,kiong3 ngiun1 bui1 tung4
勵精圖治,li4 zin1 tu2 ci4
林燕妮,lim2 yen4 li2
李成昌,li3 sin2 cong1
兩面派,liong1 mien4 pai4
六十八,luk5 sip6 bat5
六十三,luk5 sip6 sam1
孖釘,ma1 dang1
文抄公,vun2 cau1 gung1
民主監督,min2 zu3 gam1 duk5
未便,vui4 pien4
無從談起,vu2 cung2 tam2 hi3
毛絨玩具,mau1 yung2 van4 ki3
無精症,vu2 zin1 zin4
霧靄,vu4 oi3
煤層,moi2 cen2
玫瑰崗,moi2 gui4 gong1
滿記,man1 gi4
男中音,lam2 zung1 yim1
啱唔啱聽,ngam1 m1 ngam1 tang4
奧陶紀,au4 tau2 gi3
拼鬥,pin4 deu4
盤結,pan2 giet5
碰倒,pung4 dau3
沙丁胺醇,sa1 den1 on1 sun2
三角巾,sam1 gok5 gin1
三股,sam1 gu3
三罐,sam1 gon4
三圈,sam1 kien1
三聯書店,sam1 lien2 su1 diam4
三足鼎立,sam1 zuk5 din3 lip6
散粉,san3 fun3
生結,sang1 giet5
神經管,sin2 gin1 gon3
晨褸,sin2 leu1
十番,sip6 fan1
修道人,siu1 tau4 ngin2
手指拗出,siu3 zi3 au3 cut5
社經地位,sa1 gin1 ti4 vui4
水磨石,sui3 mo4 sak6
水上芭蕾,sui3 song4 ba1 lui2
瑞士刀,sui4 su4 dau1
善後事宜,sen4 heu4 su4 li2
成都市,sin2 du1 si1
傻話,so2 va4
相差不多,siong1 ca1 but5 do1
相離,siong1 li2
雙螺旋,sung1 lo2 sien2
上呼吸,song4 fu1 kip5
上頜骨,song4 hap6 gut5
上諭,song4 yi4
旋水髮,sien2 sui3 fat5
雪裏紅,siet5 li1 fung2
探家,tam4 ga1
探囊取物,tam4 long2 ci3 vut6
體外受精,ti3 ngoi4 siu4 zin1
陶瓷器,tau2 cu2 hi4
銅皮鐵骨,tung2 pi2 tiet5 gut5
華苑,fa2 yen4
威靈頓街,vui1 lin2 un4 gai1
魂牽夢縈,fun2 kien1 mung4 yin2
混打,fun3 da3
烏海,vu1 hoi3
浸鹹水,zim4 ham2 sui3
曾德成,zen1 det5 sin2
志大才疏,zi4 tai4 coi2 so1
志士仁人,zi4 su4 yin2 ngin2
知識庫,zi4 sit5 ku4
輾平,zien3 pin2
精密儀器,zin1 mit6 ngi2 hi4
精囊,zin1 long2
精疲力盡,zin1 pi2 lit6 cin4
正書,zin4 su1
節拍器,ziet5 pok5 hi4
照單執藥,zau4 dan1 zip5 yok6
助人為樂,co4 ngin2 vui2 lok6
張雁宜,zong1 ngan4 li2
長尾巴,zong3 mui1 ba1
早死早着,zau3 si3 zau3 cok6
逐字逐句,cuk6 su4 cuk6 gi4
中換,zung1 von4
豬橫脷,zu1 vang2 li4
打柒佢,da3 cit5 gi2
時刻準備,si2 kat5 zun3 pi4
擺結婚酒,bai3 giet5 fun1 ziu3
白吃白喝,pak6 ket5 pak6 hot5
辦身後事,pan4 sin1 heu4 su4
不可勝數,but5 ko3 sin1 su4
不吭一聲,but5 hong2 yit5 sang1
不明覺厲,but5 min2 gok5 li4
不成體統,but5 sin2 ti3 tung3
不中不西,but5 zung1 but5 si1
邊度得,bien1 tu4 det5
邊度讀,bien1 tu4 tuk6
邊番,bien1 fan1
表裏如一,biau3 li1 yi2 yit5
博覽道,bok5 lam4 tau4
寶覺,bau3 gok5
暴熱,pau4 ngiet6
差誤,ca1 ngu4
差使,cai1 su3
襯墊,cin4 tiap6
層理,cen2 li1
七件,cit5 kien4
車奴,ca1 lu2
催經,cui1 gin1
娶媳婦,ci3 sit5 fu4
春宮畫,cun1 giung1 fa4
似水年華,su4 sui3 ngien2 fa2
青囊,ciang1 long2
朝門,cau2 mun2
彩漂,cai3 piau4
牀墊,cong2 tiap6
儲電量,su2 tien4 liong4
打巢,da3 cau2
大聲喊叫,tai4 sang1 ham4 giau4
擔帶,dam1 dai4
擔幡買水,dam1 fan1 mai1 sui3
膽正命平,dam3 zang4 miang4 piang2
逗樂,teu4 lok6
頂戴,din3 dai4
都落雨,du1 lok6 yi3
倒數緊,dau4 su4 gin3
斷滅,ton4 miet6
課外讀物,ko4 ngoi4 tuk6 vut6
方頂,fong1 dang3
富商巨賈,fu4 song1 ki4 gu3
恢復名譽,foi1 fuk6 min2 yi4
福建中學,fuk5 gien4 zung1 hok6
解放日,gai3 fong4 ngit5
交際舞,gau1 zi4 mu3
九張,giu3 zong1
激靈,git5 lin2
經濟落後,gin1 zi4 lok6 heu4
結幕,giet5 mok5
乾癟,gon1 piet6
乾貝,gon1 bui4
干德道,gon1 det5 tau4
降調,gong4 tiau4
降罪,gong4 cui4
顧客至上,gu4 hak5 zi4 song4
顧影自憐,gu4 yang3 cu4 lien2
顧命,gu4 miang4
鬼都怕,gui3 du1 pa4
國家興亡,get5 ga1 hin1 mong2
涓滴,gien1 tit6
核糖,het6 tong2
後輟,heu4 dot5
吃大虧,ket5 tai4 kui1
輕重緩急,kiang1 cung1 fon4 gip5
可道,ko3 tau4
荷李活道,ho2 li3 fat6 tau4
鄉中,hiong1 zung1
海鮮卷,hoi3 sien1 gien3
翰林學士,hon4 lim2 hok6 su4
好耐之後,hau3 lai4 zu1 heu4
好逸惡勞,hau4 yit6 vu4 lau2
哭聲震天,kuk5 sang1 zin3 tien1
紅光滿面,fung2 gong1 man1 mien4
引着,yin3 cok6
一兩份,yit5 liong1 fun4
一拍拖,yit5 pok5 to1
一乘,yit5 sin4
油腔滑調,yiu2 kiong1 vat6 tiau4
有冇折,yiu1 mau2 ziet5
醃肉,yam1 ngiuk5
燕雀,yen4 ziok5
業餘愛好,ngiap6 yi2 oi4 hau4
溶解度,yung2 gai3 tu4
儒士,yi2 su4
語音合成,ngi1 yim1 hap6 sin2
原平,ngien2 pin2
卡哇依,ka1 va1 yi1
卡哇兒,ka1 va1 yi2
窮於應付,kiung2 yi1 yin4 fu4
例行工作,li4 hang2 gung1 zok5
厲行節約,li4 hang2 ziet5 yok5
嶺南畫派,liang3 lam2 fa4 pai4
蘿蔔仔,lo2 pet6 zai3
略讀,liok6 tuk6
糧食作物,liong2 sit6 zok5 vut6
兩脅插刀,liong1 hiap5 cap5 dau1
落腳處,lok6 giok5 cu4
六段,luk5 ton4
六行,luk5 hong2
弄瓦,lung4 nga3
孖芝,ma1 zi1
晚香玉,man1 hiong1 ngiuk6
麥長青,mak6 cong2 ciang1
微影,mi2 yang3
明十三陵,min2 sip6 sam1 lin2
忘年交,mong4 ngien2 gau1
滿園春色,man1 yen2 cun1 set5
難辦,lan2 pan4
危重病人,ngui2 cung4 piang4 ngin2
拍賣商,pok5 mai4 song1
拍紙簿,pok5 zi3 pu1
便宜點,pien2 li2 diam3
平房區,pin2 fong2 ki1
平月,pin2 ngiet6
平卧,pin2 ngo4
漂洗,piau4 se3
鋪底,pu4 dai3
三寸,sam1 cun4
三角債,sam1 gok5 zai4
三農問題,sam1 lung2 mun4 ti2
三艘,sam1 seu3
散檔,san4 dong4
身體部分,sin1 ti3 pu4 fun4
手疏,siu3 so1
賒賬,ca1 zong4
蛇車,sa2 ca1
腥氣,siang1 hi4
嘶喊,su1 ham4
撕破臉,su1 po4 liam3
撕破臉皮,su1 po4 liam3 pi2
蕭乾,siau1 kien2
相斥,siong1 cit5
商業應用,song1 ngiap6 yin4 yung4
相生相剋,siong1 sang1 siong1 ket5
賞臉,song3 liam3
常樂街,song2 lok6 gai1
上級領導,song4 kip5 liang1 tau3
貪吃,tam1 ket5
貪着數,tam1 cok6 su4
天影路,tien1 yang3 lu4
田埂,tien2 gen3
聽之任之,tin4 zu1 ngim4 zu1
挑燈夜讀,tiau1 den1 ya4 tuk6
劏蛇,tong1 sa2
燙平,tong4 pin2
圖畫書,tu2 fa4 su1
榮成,yin2 sin2
黃狗射尿,vong2 geu3 sa4 ngiau4
揸頸就命,za1 giang3 ciu4 miang4
曾咀,zen1 zu3
執身彩,zip5 sin1 cai3
質量管理,zit5 liong4 gon3 li1
酒精燈,ziu3 zin1 den1
皺紙,zeu4 zi3
縐褶,ziu4 zap5
鄭經翰,cang4 gin1 hon4
志得意滿,zi4 det5 yi4 man1
直通火車,cit6 tung1 fo3 ca1
佔為己有,zam4 vui2 gi3 yiu1
精疲力竭,zin1 pi2 lit6 kiet5
精神衰弱,zin1 sin2 soi1 ngiok6
正號,zin4 hau4
正啱,zin4 ngam1
將藍隧道,ziong1 lam2 sui4 tau4
張振興,zong1 zin3 hin1
張治中,zong1 ci4 zung1
長孫無忌,zong3 sun1 vu2 ki4
仗火,zong4 fo3
仗義疏財,cong4 ngi4 so1 coi2
做齣好戲,zo4 cut5 hau3 hi4
中心內容,zung1 sim1 lui4 yung2
中途轉機,zung1 tu2 zon4 gi1
中華煤氣,zung1 fa2 moi2 hi4
總務處,zung3 vu4 cu4
主觀主義,zu3 gon1 zu3 ngi4
穩操勝券,vun3 cau1 sin4 kien4
移風易俗,yi2 fung1 yi4 suk6
移風易俗,yi2 fung1 yit6 suk6
白板車,pak6 ban3 ca1
飽學之士,bau3 hok6 zu1 su4
跛手,bai1 siu3
不解風情,but5 gai3 fung1 cin2
俾咩,bi1 me1
並行不悖,bin4 hang2 but5 poi4
暴力法,pau4 lit6 fap5
搬搬抬抬,ban1 ban1 toi2 toi2
產道,san3 tau4
撐杆,cang1 gon1
出喪,cut5 song1
千家萬户,cien1 ga1 man4 fu4
青春不再,ciang1 cun1 but5 zai4
青瓷,ciang1 cu2
唱高調,cong4 gau1 tiau4
長足進步,cong2 zuk5 zin4 pu4
才華出眾,coi2 fa2 cut5 zung4
粗着,cu1 zok5
充少少,cung1 sau3 sau3
從優,cung2 yiu2
傳道者,con2 tau4 za3
打街波,da3 gai1 bo1
打耳光,da3 ngi3 gong1
打唔打機,da3 m1 da3 gi1
大懶蛇,tai4 lan1 sa2
大新銀行,tai4 sin1 ngiun2 hong2
擔梯,dam1 toi1
蜑家話,tan4 ga1 va4
地震區,ti4 zin3 ki1
頂格,din3 gak5
定期儲蓄,tin4 ki2 su2 cuk5
雕刻品,diau1 ket5 pin3
丟命,diu1 min4
調休,tiau4 hiu1
多少有些,do1 sau3 yiu1 sia1
嘟噥,du1 lung2
倒賠,dau3 poi2
翻抄,fan1 cau1
翻風落雨,fan1 fung1 lok6 yi3
法網難逃,fap5 miong3 lan2 tau2
昏頭轉向,fun1 teu2 zon3 hiong4
非金屬,fui1 gim1 suk6
房產中介,fong2 san3 zung1 gai4
枯燥無味,ku1 cau4 vu2 mui4
呼嚕嚕,fu1 lu1 lu1
俯仰,fu3 ngiong1
父執輩,fu4 zip5 bui4
輻射計,fuk5 sa4 ge4
加工成本,ga1 gung1 sin2 bun3
解纜,gai3 lam4
革命意志,gak5 min4 yi4 zi4
交情匪淺,gau1 cin2 fui3 cien3
雞公嶺,gai1 gung1 liang1
禁快,gim4 kai4
禁戒,gim4 gai4
禁止外出,gim4 zi3 ngoi4 cut5
急行軍,gip5 hang2 giun1
久經考驗,giu3 gin1 kau3 ngiam4
極辣,kit6 lat6
驚惶失色,gin1 fong2 sit5 set5
棺材仔,gon1 coi2 zai3
公司會議,gung1 su1 fui4 ngi4
光影效,gong1 yang3 hau4
行下行下,hang2 ha4 hang2 ha4
吃得消,ket5 det5 siau1
吃喝嫖賭,ket5 hot5 piau2 du3
好到極,hau3 dau4 kit6
豪華型,hau2 fa2 hin2
酷刑折磨,kuk6 hin2 ziet5 mo2
血肉相連,hiet5 ngiuk5 siong1 lien2
一場兄弟,yit5 cong2 hiung1 ti4
一舉成功,yit5 gi3 sin2 gung1
一兩篇,yit5 liong1 pien1
耳鬢廝磨,ngi3 bin4 su1 mo2
耳鼻咽喉,ngi3 pi4 yen1 heu2
耳提面命,ngi3 ti2 mien4 min4
宴樂,yen4 lok6
應不應該,yin1 but5 yin1 goi1
櫻木花道,yin1 muk5 fa1 tau4
妖你,yau1 li3
要端,yau4 don1
餘毒,yi2 tuk6
如喪考妣,yi2 song4 kau3 bi3
預校錄影,yi4 gau4 luk6 yang3
茄瓜,kio2 ga1
驅逐令,ki1 cuk6 lin4
懶蛇,lan1 sa2
屢禁不絕,li1 gim4 but5 ciet6
濾泡,li4 pau1
連翔道,lien2 siong2 tau4
另行安排,lang4 hang2 on1 pai2
量體重,liong2 ti3 cung1
兩斤,liong1 gin1
兩肋插刀,liong1 lak6 cap5 dau1
兩列,liong1 liet6
樂呵呵,lok6 ho1 ho1
落雨濕濕,lok6 yi3 sip5 sip5
落雨絲濕,lok6 yi3 su1 sip5
撈汁,lau1 zip5
祿命,luk5 min4
晚期癌症,man1 ki2 ngam2 zin4
萬應靈丹,man4 yin4 lin2 dan1
萬元户,man4 ngien2 fu4
迷你裙,mi2 li3 kiun2
民間習俗,min2 gan1 sip6 suk6
物質文明,vut6 zit5 vun2 min2
明斷,min2 ton4
名揚四海,min2 yong2 si4 hoi3
名垂青史,min2 sui2 ciang1 su3
摩士公園,mo2 su4 gung1 yen2
無所不為,vu2 so3 but5 vui2
木質素,muk5 zit5 su4
滿腔熱情,man1 kiong1 ngiet6 cin2
那層,la3 cen2
難於登天,lan2 yi1 den1 tien1
鬧別扭,lau4 piet6 ngiu3
凹坑,ngiap5 hang1
眼乾症,ngan3 gon1 zin4
外交史,ngoi4 gau1 su3
惱恨,lau3 hen4
拍案而起,pok5 on4 yi2 hi3
被頭,pi1 teu2
拼搶,pin4 ciong3
拼命三郎,pin4 min4 sam1 long2
平淡無奇,pin2 tam4 vu2 ki2
平庸之輩,pin2 yung2 zu1 bui4
平鍋,pin2 vo1
鋪張浪費,pu1 zong1 long4 fui4
陪聊,pui2 liau2
沙田正街,sa1 tien2 zin4 gai1
三百二十,sam1 bak5 ngi4 sip6
三百三十,sam1 bak5 sam1 sip6
三度板斧,sam1 tu4 ban3 bu3
三道板斧,sam1 tau4 ban3 bu3
三稜鏡,sam1 lin2 giang4
三天兩頭,sam1 tien1 liong1 teu2
生搬硬套,sang1 ban1 ngang4 tau4
洗髮精,se3 fat5 zin1
塞豆窿,set5 teu4 lung1
深灣道,cim1 van1 tau4
沈國放,sim3 get5 fong4
薪傳,sin1 con2
生財之道,sang1 coi2 zu1 tau4
捨近求遠,sa3 kiun4 kiu2 yen3
射埋去,sa4 mai2 hi4
腥悶,siang1 mun4
水滾茶靚,sui3 gun3 ca2 liang4
筍乾,sun3 gon1
脣齒相依,sun2 ci3 siong1 yi1
順當,sun4 dong4
嗜酒如命,si4 ziu3 yi2 miang4
時來運轉,si2 loi2 yun4 zon4
食品工業,sit6 pin3 gung1 ngiap6
禪機,sam2 gi1
鮮彩,sien1 cai3
聲名遠播,sang1 min2 yen3 bo4
成家立業,sin2 ga1 lip6 ngiap6
承啟道,sin2 ki3 tau4
成為泡影,sin2 vui2 pau1 yang3
少林拳,sau4 lim2 kien2
相惡,siong1 vu4
相貌堂堂,siong4 mau4 tong2 tong2
上低音號,song4 dai1 yim1 hau4
上上之策,song4 song4 zu1 cak5
從容就義,cung2 yung2 ciu4 ngi4
探視權,tam4 si4 kien2
踢踏舞,tiak5 tap6 mu3
推進機,tui1 zin4 gi1
天花病毒,tien1 fa1 piang4 tuk6
鐵則,tiet5 zet5
同樂街,tung2 lok6 gai1
斷癮,ton1 yin3
華潤堂,fa2 yun4 tong2
橫間衫,vang2 gan4 sam1
挖肉,vat5 ngiuk5
禍從天降,fo4 cung2 tien1 gong4
烏蛟騰,vu1 gau1 ten2
烏眉恰睡,vu1 mi2 kap5 soi4
烏眉瞌睡,vu1 mi2 kap5 soi4
會議道,fui4 ngi4 tau4
活力四射,fat6 lit6 si4 sa4
窄縫,zak5 pung4
集合名詞,sip6 hap6 min2 cu2
浸染,zim4 ngiam4
震慄,zin3 lut6
執雜,zip5 cap6
執字粒,zip5 su4 lip5
樽裝啤酒,zun1 zong1 bia1 ziu3
即刻射,zit5 ket5 sa4
輾轉流傳,zien3 zon3 liu2 con2
精神百倍,zin1 sin2 bak5 pui4
朝行晚拆,zau1 hang2 man1 cak5
朝朝暮暮,zau1 zau1 mu4 mu4
張美妮,zong1 mui1 li2
將信將疑,ziong1 sin4 ziong1 ngi2
竹升仔,zuk5 sin1 zai3
逐水,cuk6 sui3
中藥舖,zung1 yok6 pu4
中灣,zung1 van1
總經銷,zung3 gin1 siau1
朱成竹,zu1 sin2 zuk5
諸相,zu1 siong4
棲息處,ci1 sit5 cu3
寄存處,gi4 sun2 cu3
泰然處之,tai4 yen2 cu3 zu1
通訊處,tung1 sin4 cu3
專案處理,zon1 on4 cu3 li1
奇靈里,ki2 lin2 li1
丫烏,a1 vu1
白話詩,pak6 va4 si1
包產到户,bau1 san3 dau4 fu4
不可估量,but5 ko3 gu3 liong4
不吭聲,but5 hong2 sang1
不平常,but5 pin2 song2
碧海青天,bit5 hoi3 ciang1 tien1
便池,pien4 ci2
必勝客,bit5 sin4 hak5
扑落去,bok6 lok6 hi4
駁倒,bok5 dau3
暴露狂,pau4 lu4 kong2
背井離鄉,boi4 ziang3 li2 hiong1
背轉,boi4 zon3
豺狼當道,sai2 long2 dong1 tau4
親密無間,cin1 mit6 vu2 gan4
出唔出名,cut5 m1 cut5 miang2
似核,su4 het6
潛影,ciam2 yang3
前車之鑒,cien2 ca1 zu1 gam4
情報處,cin2 bau4 cu4
楚漢相爭,co3 hon4 siong1 zang1
倡言,cong4 ngien2
長夜漫漫,cong2 ya4 man4 man4
藏身之處,cong2 sin1 zu1 cu4
速遞車,suk5 ti4 ca1
促膝長談,cuk5 cit5 cong2 tam2
充值卡,cung1 cit6 kat6
重載,cung1 zoi4
傳述,con2 sut6
傳送服務,con2 sung4 fuk6 vu4
打撲克,da3 pok5 ket5
打踭,da3 zang1
打側身,da3 zet5 sin1
大後天,tai4 heu4 tien1
淡泊名利,tam4 pok6 min2 li4
踏歌,tap6 go1
底朝天,dai3 cau2 tien1
地震預報,ti4 zin3 yi4 bau4
笛卡爾,tak6 ka1 li3
滴流,tit6 liu2
癲番晚,dien1 fan1 man1
丁二醇,den1 ngi4 sun2
凋落,diau1 lok6
調查核實,tiau4 ca2 het6 sit6
當駕,dong1 ga4
倒放,dau3 fong4
化學成分,fa4 hok6 sin2 fun4
翻江倒海,fan1 gong1 dau3 hoi3
蕃茄仔,fan1 kio2 zai3
反射作用,fan3 sa4 zok5 yung4
悔之已晚,fui4 zu1 yi3 man1
鳳德道,fung4 det5 tau4
家長制,ga1 zong3 zi4
解毒藥,gai3 tuk6 yok6
解吸,gai3 kip5
解嘲,gai3 zau1
奸惡,gan1 ok5
鹼度,gan3 tu4
交拜,gau1 bai4
金絲燕,gim1 su1 yen4
感覺點,gam3 gok5 diam3
錦衣玉食,gim3 yi1 ngiuk6 sit6
禁慾主義,gim4 yuk6 zu3 ngi4
禁運令,gim4 yun4 lin4
近郊區,kiun4 gau1 ki1
近義詞,kiun4 ngi4 cu2
久病成醫,giu3 piang4 sin2 yi1
經歷風雨,gin1 lit6 fung1 yi3
驚歎不已,gin1 tan4 but5 yi3
腳後跟,giok5 heu4 gen1
乾薑,gon1 giong1
乾一杯,gon1 yit5 bui1
高村正彥,gau1 cun1 zin4 ngien4
固定點,gu4 tin4 diam3
焗餅,kiuk6 biang3
功成名就,gung1 sin2 min2 ciu4
瓜熟蒂落,ga1 suk6 di4 lok6
鬼使神差,gui3 si3 sin2 cai1
跪伏,kui3 fuk6
敲山震虎,kau1 san1 zin3 fu3
刻意為之,ket5 yi4 vui2 zu1
核大國,het6 tai4 get5
核桃仁,het6 tau2 yin2
後賬,heu4 zong4
輕食,kiang1 sit6
好牽強,hau3 kien1 kiong3
好相與,hau3 siong1 yi1
淫樂,yim2 lok6
恩斷義絕,en1 ton4 ngi4 ciet6
印度音樂,yin4 tu4 yim1 ngok6
仁人志士,yin2 ngin2 zi4 su4
一兩度,yit5 liong1 tu4
一馬平川,yit5 ma1 pin2 con1
優勝劣汰,yiu2 sin4 lot5 tai4
夜不閉户,ya4 but5 bi4 fu4
衣冠不整,yi1 gon1 but5 zin3
驗核,ngiam4 het6
延經,yen2 gin1
應仁之亂,yin4 yin2 zu1 lon4
形成層,hin2 sin2 cen2
要趁手,yau4 cin4 siu3
陽極,yong2 kit6
仰躺,ngiong1 tong3
欲經,yuk6 gin1
卡式機,ka1 sit5 gi1
祈使句,ki2 si3 gi4
企一齊,ki1 yit5 ce2
傾下傾下,kin1 ha4 kin1 ha4
卻為,kiok5 vui2
爛好人,lan4 hau3 ngin2
留言簿,liu2 ngien2 pu1
溜狗,liu4 geu3
臉皮薄,liam3 pi2 pok6
羅定邦,lo2 tin4 bong1
兩三層,liong1 sam1 cen2
兩頭走,liong1 teu2 zeu3
兩則,liong1 zet5
來行去,loi2 hang2 hi4
落雨收柴,lok6 yi3 siu1 cai2
碌人情卡,luk5 ngin2 cin2 kat6
六方,luk5 fong1
六格,luk5 gak5
六厘,luk5 li2
六台,luk5 toi2
龍山隧道,lung2 san1 sui4 tau4
弄瓦之喜,lung4 nga3 zu1 hi3
唔等使,m1 den3 su3
乜劇,mak5 kiak6
微觀經濟,mi2 gon1 gin1 zi4
未行過,vui4 hang2 go4
味同嚼蠟,mui4 tung2 ziok5 lap6
面臨困難,mien4 lim2 kun4 lan2
名人錄,min2 ngin2 luk6
滅絕種族,miet6 ciet6 zung3 cuk6
秒差距,miau3 ca1 ki3
武藝高強,vu1 ngi4 gau1 kiong2
滿負荷,man1 fu4 ho4
滿腹經綸,man1 fuk5 gin1 lun2
哪次,lai4 cu4
扭紋柴,ngiu3 vun2 cai2
五番,ng3 fan1
五行欠水,ng3 hang2 kiam4 sui3
五行缺水,ng3 hang2 kiet5 sui3
五蛇羹,ng3 sa2 gang1
眼核,ngan3 fut6
呆笨,ngoi2 bun4
外交團,ngoi4 gau1 ton2
膿泡,lung2 pau1
安步當車,on1 pu4 dong4 gi1
安安樂樂,on1 on1 lok6 lok6
拍爛手,pok5 lan4 siu3
貧病交迫,pin2 piang4 gau1 bet5
拼圖遊戲,pin4 tu2 yiu2 hi4
旁遮普省,pong2 za1 pu1 sen3
鋪板,pu1 ban3
三鞭酒,sam1 bien1 ziu3
三寸釘,sam1 cun4 dang1
三九天,sam1 giu3 tien1
三角測量,sam1 gok5 cet5 liong2
三角戀愛,sam1 gok5 lien4 oi4
三角錐,sam1 gok5 zui1
三十億,sam1 sip6 yi4
三手辮,sam1 siu3 bien1
山村道,san1 cun1 tau4
山巒起伏,san1 lan2 hi3 fuk6
深更半夜,cim1 gang1 ban4 ya4
腎盂,sin4 yi2
生命徵象,sang1 min4 zin1 siong4
成日都做,sang2 ngit5 du1 zo4
水車館,sui3 ca1 gon3
水蛇腰,sui3 sa2 yau1
廝打,su1 da3
適意,sit5 yi4
食飽未,sit6 bau3 vui4
食到應,sit6 dau4 yin4
食狗屎,sit6 geu3 si3
線速度,sien4 suk5 tu4
聖三一堂,sin4 sam1 yit5 tong2
乘便,sin2 pien4
乘興而來,sin2 hin4 yi2 loi2
攝高枕頭,ngiap5 gau1 zim3 teu2
攝牙罅,ngiap5 nga2 la4
疏肝理氣,so1 gon1 li1 hi4
削平,siok5 pin2
想作嘔,siong3 zok5 iu3
上一步,song4 yit5 pu4
上水鄉,song4 sui3 hiong1
數三聲,su4 sam1 sang1
書名號,su1 min2 hau4
貪吃鬼,tam1 ket5 gui3
推托,tui1 tok5
推託,tui1 tok5
天然毒素,tien1 yen2 tuk6 su4
天理難容,tien1 li1 lan2 yung2
鐵杖,tiet5 cong4
吐魯番,tu4 lu1 fan1
陶樂,tau2 lok6
圖瓦盧,tu2 nga3 lu2
斷擔挑,ton1 dam4 tiau1
畫押,vak6 ap5
灣仔峽,van1 zai3 hiap6
患難之交,fam4 lan4 zu1 gau1
橫邊,vang2 bien1
橫台山,vang2 toi2 san1
遺傳物質,vui2 con2 vut6 zit5
遺命,vui2 min4
惠更斯,fui4 gang1 su1
為人作嫁,vui4 ngin2 zok5 ga4
衞理道,vui4 li1 tau4
運行狀況,yun4 hang2 cong4 kong3
黃家強,vong2 ga1 kiong2
旺丁,vong4 den1
互相監督,fu4 siong1 gam1 duk5
聚變反應,ci4 bien4 fan3 yin4
自學成才,cu4 hok6 sin2 coi2
煎炸食品,zien1 za4 sit6 pin3
墊背,tiap6 boi4
正唔正宗,zin4 m1 zin4 zung1
正中要害,zin4 zung4 yau4 hoi4
張量,zong1 liong4
贓車,zong1 ca1
做臉,zo4 liam3
逐走,cuk6 zeu3
縱隔,zung1 gak5
中古車,zung1 gu3 ca1
中式英語,zung1 sit5 yin1 ngi1
主持正義,zu3 ci2 zin4 ngi4
鑽眼,zon1 ngan3
轉眼即逝,zon3 ngan3 zit5 si4
轉悠,zon4 yiu2
刻薄寡恩,kat5 pok6 ga3 en1
檳榔嶼,bin1 long2 si4
不當得利,but5 dong4 det5 li4
不雅觀,but5 nga3 gon1
不畏強暴,but5 vui4 kiong2 pau4
不足為訓,but5 zuk5 vui2 hiun4
避惡,pi4 ok5
病歷卡,piang4 lit6 kat6
便覽,pien4 lam4
保安道,bau3 on1 tau4
背手,boi4 siu3
撐破,cang1 po4
齊奏,ce2 zeu4
趁高興,cin4 gau1 hin4
陳松青,cin2 cung2 ciang1
層層加碼,cen2 cen2 ga1 ma1
取消禁令,ci3 siau1 gim4 lin4
出難題,cut5 lan2 ti2
黐飲黐食,ci1 yim3 ci1 sit6
磁卡,cu2 kat6
暹邏,siam1 lo3
千差萬別,cien1 ca1 man4 piet6
淺水灣道,cien3 sui3 van1 tau4
前途無量,cien2 tu2 vu2 liong4
卓有成效,zok5 yiu1 sin2 hau4
長鬚鯨,cong2 si1 kin1
松仔園,cung2 zai3 yen2
寸斷,cun4 ton4
傳抄,con2 cau1
存摺簿,sun2 zap5 pu1
打岔,da3 ca4
打秋風,da3 ciu1 fung1
打電報,da3 tien4 bau4
打倒褪,da3 dau4 tun4
打估,da3 gu3
打躬作揖,da3 giung1 zok5 yip5
打拱作揖,da3 giung3 zok5 yip5
打手語,da3 siu3 ngi1
打算盤,da3 son4 pan2
打旋,da3 sien2
帶兩梳蕉,dai4 liong1 so1 ziau1
大喊十,tai4 ham4 sip6
滴溜溜,tit6 liu4 liu4
電解液,tien4 gai3 yit6
電焗爐,tien4 kiuk6 lu2
嘟嘟車,du1 du1 ca1
倒把,dau3 ba3
倒懸,dau4 hien2
道牙,tau4 nga2
斷搶,don4 ciong3
花心大少,fa1 sim1 tai4 sau3
化為泡影,fa4 vui2 pau4 yang3
呼朋引伴,fu1 pen2 yin3 pan4
輻射線,fuk5 sa4 sien4
福華街,fuk5 fa2 gai1
縫起,fung2 hi3
街市仔,gai1 si1 zai3
監察官,gam1 cat5 gon1
監管體制,gam1 gon3 ti3 zi4
簡單明瞭,gan3 dan1 min2 liau3
交淺言深,gau1 cien3 ngien2 cim1
交接班,gau1 ziap5 ban1
狡兔三窟,gau3 tu4 sam1 fut5
今晚黑,gim1 man1 het5
禁止停車,gim4 zi3 tin2 ca1
近廚得食,kiun4 cu2 det5 sit6
舉案齊眉,gi3 on4 ce2 mi2
驚歎號,gin1 tan4 hau4
結束工作,giet5 suk5 gung1 zok5
結夥,giet5 fo3
趕鴨仔,gon3 ap5 zai3
古文觀止,gu3 vun2 gon1 zi3
觀光區,gon1 gong1 ki1
公正不阿,gung1 zin4 but5 o1
寡淡,ga3 tam4
骨肉相連,gut5 ngiuk5 siong1 lien2
喊生喊死,ham4 sang1 ham4 si3
坎坎,kam3 kam3
吃奶之力,ket5 lai1 zu1 lit6
牽強附會,kien1 kiong3 fu4 fui4
輕巧方便,kiang1 kiau3 fong1 pien4
輕省,kiang1 sen3
興盡,hin4 cin4
香港卡,hiong1 gong3 kat6
韓國話,hon2 get5 va4
汗青,hon4 ciang1
康樂路,kong1 lok6 lu4
好氣色,hau3 hi4 set5
好唔好過,hau3 m1 hau3 go4
好削,hau3 siok5
好為人師,hau4 vui2 ngin2 su1
哭靈,kuk5 lin2
陰錯陽差,yim1 co4 yong2 ca1
人地生疏,ngin2 ti4 sang1 so1
人參果,ngin2 sem1 go3
一般貿易,yit5 ban1 meu3 yit6
一兩架,yit5 liong1 ga4
一脈相傳,yit5 mak5 siong1 con2
一線之間,yit5 sien4 zu1 gan1
一字不差,yit5 su4 but5 ca1
溢出效應,yit5 cut5 hau4 yin4
邱士縉,hiu1 su4 zin4
有咩功能,yiu1 me1 gung1 len2
有載,yiu1 zai3
依山傍水,yi1 san1 pong4 sui3
意氣相投,yi4 hi4 siong1 teu2
宜興,li2 hin1
二等車,ngi4 den3 ca1
嚴守中立,ngiam2 siu3 zung1 lip6
葉聖陶,yap6 sin4 tau2
搖電話,yau2 tien4 va4
藥師經,yok6 su1 gin1
仰觀,ngiong1 gon1
玉成其事,ngiuk6 sin2 ki2 su4
奇解,ki2 gai3
其樂融融,ki2 lok6 yung2 yung2
羣落,kiun2 lok6
懶懶散散,lan1 lan1 san3 san3
撈一把,leu2 yit5 ba3
儷影,li4 yang3
李少光,li3 sau4 gong1
驢打滾,li2 da3 gun3
領取行李,liang1 ci3 hang2 li3
聊以自慰,liau2 yi1 cu4 vui3
量地官,liong2 ti4 gon1
兩頂,liong1 dang3
兩梳蕉,liong1 so1 ziau1
樂清,lok6 cin1
落花生,lok6 fa1 sang1
六門,luk5 mun2
龍兄虎弟,lung2 hiung1 fu3 ti4
麥齊光,mak6 ce2 gong1
物華街,vut6 fa2 gai1
棉乾絮濕,mien2 gon1 si4 sip5
莫少聰,mok6 sau4 cung1
網絡成癮,miong3 lok6 sin2 yin3
無心裝載,vu2 sim1 zong1 zoi4
媒質,moi2 zit5
那棵,la3 ko1
南番順,lam2 pan1 sun4
泥公仔,lai2 gung1 zai3
伍樂城,ng3 lok6 sang2
眼見為實,ngan3 gien4 vui2 sit6
咬嚼,ngau1 ziok5
牛背鷺,ngiu2 boi4 lu4
耐中,lai4 zung1
惡德,ok5 det5
拼到底,pin4 dau4 dai3
平板手機,pin2 ban3 siu3 gi1
鋪展,pu1 zien3
三百一十,sam1 bak5 yit5 sip6
三重唱,sam1 cung2 cong4
三等艙,sam1 den3 cong1
三角眼,sam1 gok5 ngan3
三厘,sam1 li2
三枚,sam1 moi2
散文詩,san3 vun2 si1
使不得,su3 but5 det5
審度,sim3 tok6
新港中心,sin1 gong3 zung1 sim1
神經學家,sin2 gin1 hok6 ga1
失道寡助,sit5 tau4 ga3 co4
死結難解,si3 giet5 lan2 gai3
死於安樂,si3 yi1 on1 lok6
四散奔逃,si4 san4 bun1 tau2
瑞士制,sui4 su4 zi4
純素食者,sun2 su4 sit6 za3
絲毫不差,su1 hau2 but5 ca1
時刻準備,si2 ket5 zun3 pi4
時斷時續,si2 ton1 si2 suk6
士農工商,su4 lung2 gung1 song1
適配器,sit5 pui4 hi4
食欲不振,sit6 yuk6 but5 zin3
鮮芋仙,sien1 vu3 sien1
成熟點,sin2 suk6 diam3
削足適履,siok5 zuk5 sit5 li1
上半葉,song4 ban4 yap6
上竹園,song4 zuk5 yen2
喪葬費,song1 zong4 fui4
探馬,tam4 ma1
塔羅卡,tap5 lo2 kat6
頭重重,teu2 cung1 cung1
投降書,teu2 hong2 su1
頭禡,teu2 nga2
推故,tui1 gu4
停當,tin2 dong4
唾面自乾,to4 mien4 cu4 gon1
桃園結義,tau2 yen2 giet5 ngi4
橫軸,vang2 cuk6
委屈求全,vui1 kiut5 kiu2 cien2
雲浩影,yun2 hau3 yang3
屈氣,kiut5 hi4
屈質,kiut5 zit5
王震,vong2 zin3
胡樂,fu2 ngok6
詐降,za4 hong2
集郵簿,sip6 yiu2 pu1
浸沉,zim4 cim2
執媽,zip5 ma1
置之度外,zi4 zu1 tu4 ngoi4
即使間,zit5 si3 gan1
積習難改,zit5 sip6 lan2 goi3
直達車,cit6 tat6 ca1
徵調,zin1 tiau4
精幹,zin1 gon4
精氨酸,zin1 on1 son1
精衞填海,zin1 vui4 tien2 hoi3
正義道,zin4 ngi4 tau4
政治避難,zin4 ci4 pi4 lan4
摺皺,zap5 zeu4
朝秦暮楚,zau1 cin2 mu4 co3
坐立難安,co4 lip6 lan2 on1
嚼蠟,ziok5 lap6
張佳添,zong1 ga1 tiam1
作個故仔,zok5 go4 gu4 zai3
中間名,zung1 gan1 miang2
綜上所述,zung4 song4 so3 sut6
種植業,zung4 cit6 ngiap6
著名人物,zu4 min2 ngin2 vut6
鑽法律罅,zon1 fap5 lut6 la4
專名號,zon1 min2 hau4
轉學生,zon3 hok6 sang1
轉置,zon3 zi4
啜入,zot5 ngip6
絕命書,ciet6 min4 su1
打爛齋缽,da3 lan4 zai1 bat5
拐彎處,gai3 van1 cu3
刻意求工,kat5 yi4 kiu2 gung1
凹處,ngiap5 cu3
即刻扯,zit5 kat5 ca3
百屌成材,bak5 diau3 sin2 coi2
暗轉,am4 zon3
百般刁難,bak5 ban1 diau1 lan2
白加士街,pak6 ga1 su4 gai1
白陶,pak6 tau2
包頂頸,bau1 din3 giang3
飽食終日,bau3 sit6 zung1 ngit5
爆震,bau4 zin3
崩倒,ben1 dau3
不經濟,but5 gin1 zi4
不合規定,but5 hap6 gui1 tin4
不安分,but5 on1 fun4
不足為慮,but5 zuk5 vui2 li4
邊架車,bien1 ga4 ca1
邊卡,bien1 ka1
表面張力,biau3 mien4 zong1 lit6
博聞強記,bok5 vun2 kiong2 gi4
背時,poi4 si2
搬箱,ban1 siong1
參照系,cam1 zau4 hi4
棲息處,ci1 sit5 cu4
齊刷刷,ce2 sot5 sot5
寢食,cim3 sit6
七十二行,cit5 sip6 ngi4 hong2
隨時待命,sui2 si2 toi4 min4
黐仔,ci1 zai3
淺源地震,cien3 ngien2 ti4 zin3
前倨後恭,cien2 gi4 heu4 giung1
前四後六,cien2 si4 heu4 luk5
青釉,ciang1 yiu4
切中要害,ciet5 zung4 yau4 hoi4
坐失良機,co1 sit5 liong2 gi1
醋精,cu4 zin1
重抄,cung2 cau1
重荷,cung1 ho4
全副精力,cien2 fu4 zin1 lit6
全內反射,cien2 lui4 fan3 sa4
打邊鼓,da3 bien1 gu3
打衝鋒,da3 cung1 fung1
打定底,da3 tin4 dai3
打哈欠,da3 hap6 kiam4
打孔機,da3 kung3 gi1
打唔打風,da3 m1 da3 fung1
打牙祭,da3 nga2 zi4
大人大量,tai4 ngin2 tai4 liong4
大人有大量,tai4 ngin2 yiu1 tai4 liong4
大成街,tai4 sin2 gai1
大相公,tai4 siong4 gung1
擔保信,dam1 bau3 sin4
淡月,tam4 ngiet6
單身寡仔,dan1 sin1 ga3 zai3
得道多助,det5 tau4 do1 co4
地震儀,ti4 zin3 ngi2
掟球,diang4 kiu2
丁巳,den1 su4
倒彩,dau3 cai3
倒尿,dau3 ngiau4
倒運,dau3 yun4
讀寫能力,tuk6 sia3 len2 lit6
東便,dung1 pien4
番木瓜,fan1 muk5 ga1
葷腥,fun1 siang1
訓讀,hiun4 tuk6
荒淫無度,fong1 yim2 vu2 tu4
慌怕,fong1 pa4
放射病,fong4 sa4 piang4
放射療法,fong4 sa4 liau2 fap5
防衞過當,fong2 vui4 go4 dong4
灰溜溜,foi1 liu4 liu4
輻射儀,fuk5 sa4 ngi2
服滿,fuk6 man1
風中殘燭,fung1 zung1 can2 zuk5
監國,gam1 get5
交換器,gau1 von4 hi4
交帳,gau1 zong4
搞埋一齊,gau3 mai2 yit5 ce2
雞冠花,gai1 gon1 fa1
金巴利道,gim1 ba1 li4 tau4
感應線圈,gam3 yin4 sien4 kien1
禁止駛入,gim4 zi3 su3 ngip6
近鄉情怯,kiun4 hiong1 cin2 kiap5
急風暴雨,gip5 fung1 pau4 yi3
九種,giu3 zung3
寄存處,gi4 sun2 cu4
極為龐大,kit6 vui2 pong2 tai4
經不住,gin1 but5 cu4
驚怖,gin1 bu4
驚悸,gin1 gui4
經濟前途,gin1 zi4 cien2 tu2
結草,giet5 cau3
結婚典禮,giet5 fun1 dien3 li1
結合能,giet5 hap6 len2
結業典禮,giet5 ngiap6 dien3 li1
結縭,giet5 li2
結算方式,giet5 son4 fong1 sit5
腳踏板,giok5 tap6 ban3
乾娘,gon1 ngiong2
缸瓦甫,gong1 nga3 pu3
焗烤,kiuk6 kau3
觀風,gon1 fung1
觀音山,gon1 yim1 san1
公用電話,gung1 yung4 tien4 va4
骨肉相殘,gut5 ngiuk5 siong1 can2
國內貿易,get5 lui4 meu3 yit6
國中之國,get5 zung1 zu1 get5
客户機,hak5 fu4 gi1
黑種人,het5 zung3 ngin2
行獵,hang2 liap6
行政區劃,hang2 zin4 ki1 vak6
後翅,heu4 ci4
汽水車,ki4 sui3 ca1
吃香喝辣,ket5 hiong1 hot5 lat6
輕車簡從,kiang1 ca1 gan3 cung2
河間,ho2 gan1
香精油,hiong1 zin1 yiu2
向巴平措,hiong4 ba1 pin2 cu4
好多蚊,hau3 do1 mun1
好鬼衰,hau3 gui3 soi1
好手尾,hau3 siu3 mui1
好哇,hau3 va1
鴻圖道,fung2 tu2 tau4
血氧量,hiet5 yong1 liong4
印度豹,yin4 tu4 bau4
人慾橫流,ngin2 yuk6 vang2 liu2
一般規定,yit5 ban1 gui1 tin4
一決勝負,yit5 giet5 sin4 fu4
一泡,yit5 pau1
一時半會,yit5 si2 ban4 fui4
優質鋼,yiu2 zit5 gong4
遊伴,yiu2 pan4
有架咩,yiu1 ga4 me1
誘供,yiu3 giung1
友好訪問,yiu1 hau3 fong3 mun4
夜幕降臨,ya4 mok5 gong4 lim2
譯著,yit6 zu4
煙士,yen1 si3
燕麥粥,yen4 mak6 zuk5
現金流轉,hien4 gim1 liu2 zon3
影響健康,yang3 hiong3 kien4 kong1
盈月,yin2 ngiet6
盈滿,yin2 man1
縈懷,yin2 fai2
凝集素,ngien2 sip6 su4
饒舌音樂,ngiau2 siet6 yim1 ngok6
肉毒素,ngiuk5 tuk6 su4
擁塞,yung3 set5
用結果,yung4 giet5 go3
寓意深長,ngi4 yi4 cim1 cong2
月桂冠,ngiet6 gui4 gon1
強似,kiong2 su4
窮山惡水,kiung2 san1 ok5 sui3
拳腳相向,kien2 giok5 siong1 hiong4
拉丁風情,lai1 den1 fung1 cin2
蘿蔔乾,lo2 pet6 gon1
兩棲作戰,liong1 ci1 zok5 zien4
兩虎相爭,liong1 fu3 siong1 zang1
兩個包,liong1 go4 bau1
樂滋滋,lok6 zu1 zu1
盧吉道,lu2 git5 tau4
六塊,luk5 kai4
六腳,luk5 giok5
龍運巴士,lung2 yun4 ba1 si3
戀母情結,lien4 mu1 cin2 giet5
唔卡,m1 ka1
馬伯樂,ma1 bak5 lok6
猛吃,mang1 ket5
墨翟,met6 tit6
美容覺,mui1 yung2 gau4
網絡應用,miong3 lok6 yin4 yung4
煤儲量,moi2 su2 liong4
滿盤落索,man1 pan2 lok6 sok5
末梢神經,mat6 sau1 sin2 gin1
雅淡,nga3 tam4
扲荷包,lem2 ho2 bau1
奀挑鬼命,ngan1 tiau1 gui3 miang4
尿泡,ngiau4 pau1
囊中羞澀,long2 zung1 siu1 sep5
愛漂亮,oi4 piau4 liong4
扒艇仔,pa2 tiang3 zai3
拍胸脯,pok5 hiung1 pu3
平又靚,piang2 yiu4 liang4
拼爭,pin4 zang1
平方英尺,pin2 fong1 yin1 cak5
平裝本,pin2 zong1 bun3
漂流者,piau1 liu2 za3
蚌精,pong1 zin1
沙煲罌撐,sa1 bau1 ang1 cang1
灑水車,sa3 sui3 ca1
三百七十,sam1 bak5 cit5 sip6
三百四十,sam1 bak5 si4 sip6
三腳凳,sam1 giok5 den4
三公經費,sam1 gung1 gin1 fui4
三索線,sam1 sok5 sien4
三途川,sam1 tu2 con1
散春,san4 cun1
生唔生仔,sang1 m1 sang1 zai3
心肝脾肺腎,sim1 gon1 pi2 pui4 sin4
審讀,sim3 tuk6
沈貞巧,sim3 zin1 kiau3
身強力壯,sin1 kiong2 lit6 zong4
慎重其事,sin3 cung4 ki2 su4
生物降解,sang1 vut6 gong4 gai3
生平事跡,sang1 pin2 su4 zit5
實屬不易,sit6 suk6 but5 yi4
首倡,siu3 cong4
壽山村道,siu4 san1 cun1 tau4
死蛇爛鱔,si3 sa2 lan4 sien1
石頂,sak6 din3
成身大汗,sang2 sin1 tai4 hon4
信用觀察,sin4 yung4 gon1 cat5
順溜,sun4 liu4
順寧道,sun4 len2 tau4
司法院長,su1 fap5 yen4 zong3
屍體解剖,si1 ti3 gai3 peu3
屎波架撐多,si3 bo1 ga4 cang1 do1
色中餓鬼,set5 zung1 ngo4 gui3
食祿,sit6 luk5
食物油,sit6 vut6 yiu2
禪堂,sam2 tong2
省察,sin3 cat5
乘龍快婿,sin2 lung2 kai4 se4
城鐵,sang2 tiet5
攝影術,ngiap5 yang3 sut6
攝灶罅,ngiap5 zau4 la4
消毒碗櫃,siau1 tuk6 von3 kui4
少管閒事,sau3 gon3 han2 su4
少食多滋味,sau3 sit6 do1 zu1 mui4
笑臉相迎,siau4 liam3 siong1 ngiang2
疏附縣,so1 fu4 yen4
相交數,siong1 gau1 su4
上髀,song4 bi3
上杭,song4 hong2
喪亂,song1 lon4
喪失殆盡,song4 sit5 tai4 cin4
屬象,suk6 siong4
旋踵,sien2 zung3
太陽輻射,tai4 yong2 fuk5 sa4
探照燈,tam4 zau4 den1
推服,tui1 fuk6
推問,tui1 mun4
天人感應,tien1 ngin2 gam3 yin4
天樂里,tien1 lok6 li1
停火協定,tin2 fo3 hiap6 tin4
鐵公雞,tiet5 gung1 gai1
挑三揀四,tiau1 sam1 gan3 si4
調羹,tiau2 gang1
調酒器,tiau2 ziu3 hi4
陀鐵,to2 tiet5
吐瓦魯,tu4 nga3 lu1
通訊處,tung1 sin4 cu4
同道者,tung2 tau4 za3
畫屏,fa4 bin3
歪打正着,vai1 da3 zin4 cok6
壞結局,fai4 giet5 kiuk6
壞種,fai4 zung3
遺著,vui2 zu4
位極人臣,vui4 kit6 ngin2 sin2
穩如鐵塔,vun3 yi2 tiet5 tap5
雲裏霧裏,yun2 li1 vu4 li1
屈膝禮,kiut5 cit5 li1
永隆銀行,yun1 lung2 ngiun2 hong2
黃道吉日,vong2 tau4 git5 ngit5
王馨平,vong2 hin1 pin2
黃嶺,vong2 liang1
回執,fui2 zip5
會澤,fui4 cak6
揸住支咪,za1 cu4 zi1 mai4
雜架攤,cap6 ga4 tan1
真好彩,zin1 hau3 cai3
真名實姓,zin1 min2 sit6 siang4
曾綺婷,zen1 yi3 tin2
爭名奪利,zang1 min2 tot6 li4
曾外祖父,zen1 ngoi4 zu3 fu4
曾祖父母,zen1 zu3 fu4 mu1
執碟,zip5 tiap6
姪媳婦,cit6 sit5 fu4
周打魚湯,ziu1 da3 ng2 tong1
酒後失言,ziu3 heu4 sit5 ngien2
酒興,ziu3 hin4
謝絕參觀,cia4 ciet6 cam1 gon1
紫質症,zu3 zit5 zin4
自行車賽,cu4 hang2 ca1 soi4
自立自強,cu4 lip6 cu4 kiong2
正月初二,zang1 ngiet6 co1 ngi4
整齊劃一,zin3 ce2 vak6 yit5
正鋒,zin4 fung1
正誤,zin4 ngu4
阻難,zo3 lan4
坐席,co4 cit6
雀食,ziok5 sit6
栽倒,zai1 dau4
縱貫,zung1 gon4
中號,zung1 hau4
中華基金,zung1 fa2 gi1 gim1
主打品牌,zu3 da3 pin3 pai2
專線電話,zon1 sien4 tien4 va4
轉產,zon3 san3
鑽卡,zon4 ka1
巴塞爾,ba1 soi4 li3
敗家精,pai4 ga1 zin1
百思莫解,bak5 su1 mok6 gai3
白板仔,pak6 ban3 zai3
板長壽司,ban3 zong3 siu4 su1
品質管制,pin3 zit5 gon3 zi4
笨鈍,bun4 tun4
不結果,but5 giet5 go3
不成文法,but5 sin2 vun2 fap5
鼻影,pi4 yang3
便宜行事,pien4 li2 hang2 su4
兵強馬壯,bin1 kiong2 ma1 zong4
波瀾起伏,bo1 lan2 hi3 fuk6
薄層,pok6 cen2
保不定,bau3 but5 tin4
步行區,pu4 hang2 ki1
暴洪,pau4 fung2
背包遊,boi4 bau1 yiu2
背逆,boi4 ngiak6
勃興,put6 hin4
撥正,pat5 zin4
茶果嶺道,ca2 go3 liang1 tau4
差旅費,cai1 li3 fui4
殘羹剩飯,can2 gang1 sin4 fan4
撐持,cang1 ci2
齊頭並進,ce2 teu2 bin4 zin4
齊聚一堂,ce2 ci4 yit5 tong2
陳潔靈,cin2 giet5 lin2
七拼八湊,cit5 pin4 bat5 ceu4
七十三,cit5 sip6 sam1
抽後腳,ciu1 heu4 giok5
秋茄,ciu1 kio2
車公廟路,ca1 gung1 miau4 lu4
扯落水,ca3 lok6 sui3
邪不勝正,sia2 but5 sin4 zin4
簽名簿,ciam1 miang2 pu1
青面獠牙,ciang1 mien4 liau2 nga2
潮州音樂,cau2 ziu1 yim1 ngok6
雛燕,co1 yen4
錯層,co4 cen2
唱白臉,cong4 pak6 liam3
長春籐,cong2 cun1 ten2
長蟲,cong2 cung2
長江實業,cong2 gong1 sit6 ngiap6
長沙市,cong2 sa1 si1
長洲區,cong2 ziu1 ki1
採食,cai3 sit6
倉惶,cong1 fong2
牀鋪,cong2 pu1
重操舊業,cung2 cau1 kiu4 ngiap6
重辣,cung1 lat6
重量訓練,cung1 liong4 hiun4 lien4
穿着打扮,con1 zok5 da3 pan4
傳報,con2 bau4
傳燈,con2 den1
傳聞證據,con2 vun2 zin4 gi4
打暗號,da3 am4 hau4
打翻身仗,da3 fan1 sin1 zong4
打個折,da3 go4 ziet5
打輸數,da3 su1 su4
打針雞,da3 zim1 gai1
大白話,tai4 pak6 va4
大飲大食,tai4 yim3 tai4 sit6
擔沙塞海,dam1 sa1 set5 hoi3
遞降,ti4 gong4
等一會兒,den3 yit5 fui4 yi2
地縫,ti4 fung2
對酒當歌,dui4 ziu3 dong1 go1
滴管,tit6 gon3
定賢,tin4 hien2
跌打損傷,diet5 da3 sun3 song1
弔喪,diau4 song1
多除少補,do1 cu2 sau3 bu3
刀耕火種,dau1 gang1 fo3 zung4
倒糞,dau3 bun4
道德困境,tau4 det5 kun4 gin3
稻荷壽司,tau1 ho2 siu4 su1
讀唔讀書,tuk6 m1 tuk6 su1
讀成點,tuk6 sin2 diam3
短波長,don3 bo1 cong2
斷語,don4 ngi1
斷層線,ton4 cen2 sien4
廢話連篇,fui4 va4 lien2 pien1
婚喪喜慶,fun1 song1 hi3 kin4
粉嶺圍,fun3 liang1 vui2
否決票,feu3 giet5 piau4
科學館道,ko1 hok6 gon3 tau4
副廠長,fu4 cong3 zong3
輻射能,fuk5 sa4 len2
瘋話,fung1 va4
介紹錯,gai4 sau2 co4
隔行掃描,gak5 hong2 sau4 miau2
艱難險阻,gan1 lan2 hiam3 zo3
甘肅省,gam1 suk5 sen3
感覺器官,gam3 gok5 hi4 gon1
更遞,gang1 ti4
更正錯誤,gang1 zin4 co4 ngu4
急凍食物,gip5 dung4 sit6 vut6
九户,giu3 fu4
舊山頂道,kiu4 san1 dang3 tau4
堅強不屈,gien1 kiong2 but5 kiut5
健康飲食,kien4 kong1 yim3 sit6
經濟作物,gin1 zi4 zok5 vut6
結束語,giet5 suk5 ngi1
潔身自好,giet5 sin1 cu4 hau3
結紮術,giet5 zat5 sut6
改良品種,goi3 liong2 pin3 zung3
各執己見,gok5 zip5 gi3 gien4
乾瞪眼,gon1 cin2 ngan3
乾渴,gon1 hot5
乾酪,gon1 lok5
降旨,gong4 zi3
高清晰度,gau1 cin1 sit5 tu4
古董舖,gu3 dung3 pu4
古為今用,gu3 vui2 gim1 yung4
管道運輸,gon3 tau4 yun4 su1
公共道德,gung1 kiung4 tau4 det5
供欣賞,giung1 hiun1 song3
寡廉鮮恥,ga3 liam2 sien1 ci3
怪裏怪氣,gai4 li1 gai4 hi4
行得累,hang2 det5 lui4
敲喪鐘,kau1 song1 zung1
刻薄寡恩,ket5 pok6 ga3 en1
黑命貴,het5 min4 gui4
很卡,hen3 ka1
行有餘力,hang2 yiu1 yi2 lit6
合成代謝,hap6 sin2 toi4 cia4
核爆炸,het6 bau4 za4
核裝置,het6 zong1 zi4
厚德載物,heu4 det5 zoi4 vut6
後天免疫,heu4 tien1 men1 yit6
後照鏡,heu4 zau4 giang4
氣鑽,hi4 zon4
吃螺絲,ket5 lo2 su1
吃皇糧,ket5 fong2 liong2
去吖,hi4 a1
海濱道,hoi3 bin1 tau4
學成歸國,hok6 sin2 gui1 get5
好趁手,hau3 cin4 siu3
好醜怪,hau3 ciu3 gai4
好多晚,hau3 do1 man1
好熱氣,hau3 ngiet6 hi4
洪福齊天,fung2 fuk5 ce2 tien1
鴻福齊天,fung2 fuk5 ce2 tien1
血液凝結,hiet5 yit6 ngien2 giet5
血氧含量,hiet5 yong1 ham2 liong4
血仇,hiet5 siu2
陰險毒辣,yim1 hiam3 tuk6 lat6
音樂感,yim1 ngok6 gam3
音樂之聲,yim1 ngok6 zu1 sang1
印度文,yin4 tu4 vun2
引體向上,yin3 ti3 hiong4 song4
一皇兩后,yit5 fong2 liong1 heu4
醫療經驗,yi1 liau2 gin1 ngiam4
以強凌弱,yi1 kiong2 lin2 ngiok6
咽炎,yen1 yam2
言行合一,ngien2 hang2 hap6 yit5
應用文,yin4 yung4 vun2
業精於勤,ngiap6 zin1 yi1 kiun2
遙控車,yau2 kung4 ca1
肉墊,ngiuk5 tiap6
喁喁,yung2 yung2
冤仇,yen1 siu2
怨命,yen4 min4
玄參,hien2 sem1
卡拉卡斯,ka1 lai1 ka1 su1
禽獸行為,kim2 ciu4 hang2 vui2
棋高一着,ki2 gau1 yit5 cok6
葵盛西,kui2 sin2 si1
礦層,kang3 cen2
決勝千里,giet5 sin4 cien1 li1
臨朝,lim2 cau2
林奮強,lim2 fun3 kiong2
立著,lip6 zu4
褸裙,leu1 kiun2
流量計,liu2 liong4 ge4
溜鬚拍馬,liu4 si1 pok5 ma1
裏脊,li1 zit5
聊齋志異,liau2 zai1 zi4 yi4
兩邊倒,liong1 bien1 dau3
兩朵,liong1 do3
兩瓶,liong1 pin2
落草為寇,lok6 cau3 vui2 keu4
狼毒,long2 tuk6
狼過華秀,long2 go4 fa2 siu4
爐頂,lu2 dang3
六把,luk5 ba3
六百三十,luk5 bak5 sam1 sip6
六份,luk5 fun4
六淫,luk5 yim2
龍眼乾,lung2 ngan3 gon1
戀人未滿,lien4 ngin2 vui4 man1
賣小強,mai4 siau3 kiong2
賣斷市,mai4 ton1 si1
文山會海,vun2 san1 fui4 hoi3
未受精,vui4 siu4 zin1
未置可否,vui4 zi4 ko3 feu3
面帶愁容,mien4 dai4 siu2 yung2
名門閨秀,min2 mun2 gui1 siu4
摩西五經,mo2 si1 ng3 gin1
磨盤,mo2 pan2
妄斷,mong3 don4
望洋興歎,mong4 yong2 hin1 tan4
無機可乘,vu2 gi1 ko3 sin2
凹進,ngiap5 zin4
彌散,li2 san4
五二三,ng3 ngi4 sam1
芽菜仔,nga2 coi4 zai3
捱時間,ngai2 si2 gan4
外甥仔,ngoi4 sang1 zai3
年富力強,ngien2 fu4 lit6 kiong2
腦閉塞,lau3 bi4 set5
惡搞文化,ok5 gau3 vun2 fa4
鞍前馬後,on1 cien2 ma1 heu4
憑照,pin2 zau4
劈頭蓋臉,piak5 teu2 goi4 liam3
編結,bien1 giet5
偏執型,pien1 zip5 hin2
平方公分,pin2 fong1 gung1 fun4
平攤,pin2 tan1
盤繞,pan2 ngiau3
三百八十,sam1 bak5 bat5 sip6
三層肉,sam1 cen2 ngiuk5
三角尺,sam1 gok5 cak5
三年五載,sam1 ngien2 ng3 zai3
三四倍,sam1 si4 pui4
三四條,sam1 si4 tiau2
三所,sam1 so3
三餸飯,sam1 sung4 fan4
三振出局,sam1 zin3 cut5 kiuk6
三貞九烈,sam1 zin1 giu3 liet6
三朝兩日,sam1 zau1 liong1 ngit5
三足金烏,sam1 zuk5 gim1 vu1
山卡拉,san1 ka1 lai1
山棯,san1 lem3
散兵坑,san3 bin1 hang1
散戲,san4 hi4
生啤酒,sang1 bia1 ziu3
省儉,sen3 kiam4
省縣,sen3 yen4
筲箕灣道,sau1 gi1 van1 tau4
使牛,su3 ngiu2
心靈手巧,sim1 lin2 siu3 kiau3
審核權,sim3 het6 kien2
神差鬼使,sin2 cai1 gui3 si3
神推鬼使,sin2 tui1 gui3 si3
膝上舞,cit5 song4 mu3
首腦會晤,siu3 lau3 fui4 ngu4
蛇頭鼠眼,sa2 teu2 cu3 ngan3
四四六六,si4 si4 luk5 luk5
腥臊,siang1 sau1
水平儀,sui3 pin2 ngi2
使唔使用,si3 m1 si3 yung4
時間廊,si2 gan4 long2
食不果腹,sit6 but5 go3 fuk5
食唔食飯,sit6 m1 sit6 fan4
食物櫃,sit6 vut6 kui4
食粥水,sit6 zuk5 sui3
禪理,sam2 li1
乘鶴,sin2 hok6
乘其不備,sin2 ki2 but5 pi4
少一條毛,sau3 yit5 tiau2 mau1
少條毛,sau3 tiau2 mau1
疏淡,so1 tam4
疏窿,so1 lung1
疏疏,so1 so1
鎖掣,so3 zi4
相對而坐,siong1 dui4 yi2 co1
相契,siong1 ke4
相同名字,siong1 tung2 min2 su4
相命,siong4 min4
上頁,song4 yap6
上皮組織,song4 pi2 zu3 zit5
素質差,su4 zit5 ca1
宿霧,suk5 vu4
贖命,suk6 min4
樹碑立傳,su4 bi1 lip6 con4
旋梯,sien2 toi1
旋轉台,sien2 zon3 toi2
太平山街,tai4 pin2 san1 gai1
探察,tam4 cat5
探究式,tam4 giu4 sit5
淡茂茂,tam1 meu4 meu4
攤長,tan1 cong2
涕淚交流,ti4 lui4 gau1 liu2
投機倒把,teu2 gi1 dau3 ba3
推進艙,tui1 zin4 cong1
天差地遠,tien1 ca1 ti4 yen3
天后廟道,tien1 heu4 miau4 tau4
填塞物,tien2 set5 vut6
鐵血宰相,tiet5 hiet5 zai3 siong4
土裏土氣,tu3 li1 tu3 hi4
討便宜,tau3 pien2 li2
圖名,tu2 min2
通俗易懂,tung1 suk6 yi4 dung3
同胞兄弟,tung2 bau1 hiung1 ti4
華德中,fa2 det5 zung1
橫膈,vang2 gak5
橫征暴斂,vang2 zin1 pau4 liam3
橫徵暴斂,vang2 zin1 pau4 liam3
橫正暴斂,vang2 zin4 pau4 liam3
違禁藥品,vui2 gim4 yok6 pin3
渾河,fun2 ho2
運行方式,yun4 hang2 fong1 sit5
鬱鬱不樂,vut5 vut5 but5 lok6
黃格仔,vong2 gak5 zai3
烏骨雞,vu1 gut5 gai1
烏蘭察布,vu1 lan2 cat5 bu4
護士室,fu4 su4 sit5
互相連接,fu4 siong1 lien2 ziap5
玩具站,van4 ki3 zam4
砸鍋賣鐵,zap5 vo1 mai4 tiet5
擠落,zi4 lok6
震駭,zin3 hai4
震聾,zin3 lung1
執政方式,zip5 zin4 fong1 sit5
質量檢查,zit5 liong4 giam3 ca2
質譜,zit5 pu3
質譜儀,zit5 pu3 ngi2
窒下窒下,cit6 ha4 cit6 ha4
走馬觀花,zeu3 ma1 gon1 fa1
借讀,zia4 tuk6
進度表,zin4 tu4 biau3
支使,zi1 su3
知識寶庫,zi4 sit5 bau3 ku4
自由散漫,cu4 yiu2 san3 man4
自拍模式,cu4 pok5 mu2 sit5
墊肩,tiap6 gien1
精當,zin1 dong4
精神財富,zin1 sin2 coi2 fu4
正當時,zin4 dong1 si2
靜脈點滴,cin4 mak5 diam3 tit6
坐收漁利,co4 siu1 ng2 li4
張崇德,zong1 cung2 det5
張永森,zong1 yun1 sem1
張震遠,zong1 zin3 yen3
中法戰爭,zung1 fap5 zien4 zang1
中間界,zung1 gan1 gai4
中港關係,zung1 gong3 gan1 he4
中大伏,zung4 tai4 fuk6
中箭落馬,zung4 zien4 lok6 ma1
專案經理,zon1 on4 gin1 li1
轉駁,zon3 bok5
惡死能登,ok5 si3 len2 den1
惡屎能登,ok5 si3 len2 den1
逛下,kong3 ha4
百裏挑一,bak5 li1 tiau1 yit5
八番,bat5 fan1
包種,bau1 zung3
弊喇,bi4 la2
不當事,but5 dong4 su4
比量,bi3 liong2
被保人,pi4 bau3 ngin2
餅乾盒,biang3 gon1 hap6
別着急,piet6 cok6 gip5
薄荷腦,pok6 ho2 lau3
報仇雪恥,bau4 siu2 siet5 ci3
暴冷暴熱,pau4 lang1 pau4 ngiet6
暴走漫畫,pau4 zeu3 man4 fa4
背倚,boi4 yi3
背語,boi4 ngi1
貝卡谷地,bui4 ka1 guk5 ti4
背簍,boi4 leu3
焙乾,poi4 gon1
茶點時間,ca2 diam3 si2 gan4
抄查,cau1 ca2
抄網,cau1 miong3
炒一丁,cau3 yit5 den1
齊膝,ce2 cit5
趁便,cin4 pien4
七打,cit5 da1
七十六,cit5 sip6 luk5
醜相,ciu3 siong4
青工,ciang1 gung1
青紅幫,ciang1 fung2 bong1
切近,ciet5 kiun4
坐穩船,co1 vun3 son2
唱紅臉,cong4 fung2 liam3
倡儀,cong4 ngi2
長板凳,cong2 ban3 den4
長短句,cong2 don3 gi4
長期共存,cong2 ki2 kiung4 sun2
長袍馬褂,cong2 pau2 ma1 ga4
長山,cong2 san1
長壽香,cong2 siu4 hiong1
曹達華,cau2 tat6 fa2
速讀法,suk5 tuk6 fap5
重樣,cung2 yong4
重孫,cung2 sun1
傳布,con2 bu4
傳輸服務,con2 su1 fuk6 vu4
傳頌千古,con2 sung4 cien1 gu3
打爆缸,da3 bau4 gong1
打爆油缸,da3 bau4 yiu2 gong1
打唔打算,da3 m1 da3 son4
打霧,da3 vu4
打死無怨,da3 si3 vu2 yen4
打颱風,da3 toi2 fung1
大網仔,tai4 miong3 zai3
單相思,dan1 siong1 su1
低產量,dai1 san3 liong4
第三街,ti4 sam1 gai1
遞質,ti4 zit5
德望學校,det5 mong4 hok6 gau3
抌落,dem3 lok6
鄧中華,ten4 zung1 fa2
頂板,dang3 ban3
滴答聲,tit6 dap5 sang1
電話信號,tien4 va4 sin4 hau4
叮噹響,den1 dong1 hiong3
頂艇,din3 tiang3
頂針,din3 zim1
頂趾,din3 zi3
頂住條氣,din3 cu4 tiau2 hi4
度街,tok6 gai1
度身做衫,tok6 sin1 zo4 sam1
當吉,dong1 git5
刀光血影,dau1 gong1 hiet5 yang3
倒打一耙,dau3 da3 yit5 pa2
讀脣,tuk6 sun2
洞若觀火,tung4 yok6 gon1 fo3
傀儡戲,kui3 lui3 hi4
快樂幸福,kai4 lok6 hen4 fuk5
番客,fan1 hak5
反轉錄,fan3 zon4 luk6
否定詞,feu3 tin4 cu2
菲律賓話,fui1 lut6 bin1 va4
科研小組,ko1 ngan3 siau3 zu3
孵卵,fu1 lon3
斧正,bu3 zin4
附屬物,fu4 suk6 vut6
灰心喪氣,foi1 sim1 song4 hi4
輻射強度,fuk5 sa4 kiong2 tu4
復興時代,fuk6 hin1 si2 toi4
賈炳達道,ga3 biang3 tat6 tau4
賈第蟲,ga3 ti4 cung2
解頤,gai3 yi2
解悟,gai3 ngu4
間腦,gan1 lau3
甲胺,gap5 on1
交杯酒,gau1 bui1 ziu3
今日打風,gim1 ngit5 da3 fung1
九代單傳,giu3 toi4 dan1 con2
九分之一,giu3 fun4 zu1 yit5
狗經,geu3 gin1
亟待解決,git5 toi4 gai3 giet5
經濟週期,gin1 zi4 ziu1 ki2
改轉,goi3 zon4
講實話,gong3 sit6 va4
高層雲,gau1 cen2 yun2
供花,giung1 fa1
供油系統,giung1 yiu2 hi4 tung3
供神,giung4 sin2
掛冠求去,ga4 gon1 kiu2 hi4
拐彎處,gai3 van1 cu4
歸納推理,gui1 lap6 tui1 li1
貴婦狗,gui4 fu4 geu3
貴婦人,gui4 fu4 ngin2
郭少芸,gok5 sau4 yun2
捐褲襠,gien1 fu4 long4
閒聊天,han2 liau2 tien1
敲敲打打,kau1 kau1 da3 da3
刻意求工,ket5 yi4 kiu2 gung1
行李票,hang2 li3 piau4
核鹼基,het6 gan3 gi1
後驗,heu4 ngiam4
喜不自禁,hi3 but5 cu4 gim4
氣味相投,hi4 mui4 siong1 teu2
牽引車,kien1 yin3 ca1
可見度,ko3 gien4 tu4
向後翻騰,hiong4 heu4 fan1 ten2
海泓道,hoi3 fen2 tau4
看街上,kon4 gai1 song4
邯鄲學步,hon2 dan1 hok6 pu4
好大數,hau3 tai4 su4
好言好語,hau3 ngien2 hau3 ngi1
哭臉,kuk5 liam3
哭喪臉,kuk5 song1 liam3
犬牙交錯,kien3 nga2 gau1 co4
血淚交織,hiet5 lui4 gau1 zit5
人文景觀,ngin2 vun2 gin3 gon1
一兩本,yit5 liong1 bun3
一兩晚,yit5 liong1 man1
優勝隊,yiu2 sin4 dui4
游乾水,yiu2 gon1 sui3
耶青,ya2 ciang1
已經愛,yi3 gin1 oi4
易逝,yi4 si4
易志明,yit6 zi4 min2
燕窩湯,yen4 vo1 tong1
英明果斷,yin1 min2 go3 don4
應考生,yin4 kau3 sang1
應用平台,yin4 yung4 pin2 toi2
熱輻射,ngiet6 fuk5 sa4
要做就做,yau4 zo4 ciu4 zo4
揚名四海,yong2 min2 si4 hoi3
愚夫愚婦,ngi2 fu1 ngi2 fu4
遠隔重洋,yen3 gak5 cung2 yong2
稽查人員,ki1 ca2 ngin2 yen2
禁熱,gim1 ngiet6
禁諗,gim1 lem3
襟諗,kim1 lem3
茄科,kio2 ko1
喬裝打扮,kiau2 zong1 da3 pan4
強烈願望,kiong2 liet6 ngien4 mong4
強猛,kiong2 mang1
強作用力,kiong2 zok5 yung4 lit6
權利要求,kien2 li4 yau1 kiu2
濫好人,lam4 hau3 ngin2
肋間肌,lak6 gan1 gi1
溜滑,liu4 vat6
溜滑梯,liu4 vat6 toi1
蕾絲花邊,lui2 su1 fa1 bien1
旅行裝備,li3 hang2 zong1 pi4
歷史觀點,lit6 su3 gon1 diam3
拎便當,lang2 pien4 dong1
靈山,lin2 san1
靈舍,lin2 sa4
領便當,liang1 pien4 dong1
攞便宜,lo3 pien2 li2
羅冠蘭,lo2 gon4 lan2
兩棲部隊,liong1 ci1 pu4 dui4
兩當,liong1 dong1
兩番,liong1 fan1
兩路人馬,liong1 lu4 ngin2 ma1
兩廂情願,liong1 siong1 cin2 ngien4
兩相情願,liong1 siong1 cin2 ngien4
落地燈,lok6 ti4 den1
樂富廣場,lok6 fu4 gong3 cong2
落足工夫,lok6 zuk5 gung1 fu1
六百二十,luk5 bak5 ngi4 sip6
六百四十,luk5 bak5 si4 sip6
六氟化鈾,luk5 fut5 fa4 yiu2
六篇,luk5 pien1
六十七,luk5 sip6 cit5
六十九,luk5 sip6 giu3
六書,luk5 su1
慢慢啜,man4 man4 zot5
米仔蘭,mi3 zai3 lan2
文華里,vun2 fa2 li1
民族平等,min2 cuk6 pin2 den3
謀食,meu2 sit6
眉宇之間,mi2 yi3 zu1 gan1
美利道,mui1 li4 tau4
未冠,vui4 gon4
命薄,miang4 pok6
明媒正娶,min2 moi2 zin4 ci3
名諱,min2 vui3
秒傳,miau3 con2
摩度,mo2 tu4
摸爬滾打,mo1 pa2 gun3 da3
磨折,mo2 ziet5
舞台音樂,mu3 toi2 yim1 ngok6
霉菌毒素,moi1 kiun3 tuk6 su4
木已成舟,muk5 yi3 sin2 ziu1
滿腔熱忱,man1 kiong1 ngiet6 sim2
哪方,lai4 fong1
納霍德卡,lap6 kok5 det5 ka1
泥質,lai2 zit5
凹處,ngiap5 cu4
岩石層,ngam2 sak6 cen2
卧倒,ngo4 dau3
年度之歌,ngien2 tu4 zu1 go1
濃墨重彩,ngiung2 met6 cung1 cai3
安平區,on1 pin2 ki1
啪斷,pak5 ton1
貧病交加,pin2 piang4 gau1 ga1
憑準,pin2 zun3
拼讀,pin4 tuk6
平淡無味,pin2 tam4 vu2 mui4
平等互惠,pin2 den3 fu4 fui4
平撫,pin2 fu3
平型關,pin2 hin2 gan1
平水尺,pin2 sui3 cak5
平頭百姓,pin2 teu2 bak5 siang4
平津戰役,pin2 zin1 zien4 yit6
鋪户,pu4 fu4
葡萄適,pu2 tau2 sit5
配接卡,pui4 ziap5 kat6
培僑中學,pui2 kiau2 zung1 hok6
判讀,pan4 tuk6
三百九十,sam1 bak5 giu3 sip6
三板斧,sam1 ban3 bu3
三茶兩飯,sam1 ca2 liong1 fan4
三番五次,sam1 fan1 ng3 cu4
三角帆,sam1 gok5 fam2
三缸,sam1 gong1
三項全能,sam1 hong4 cien2 len2
三育,sam1 yuk5
三門仔,sam1 mun2 zai3
三十二相,sam1 sip6 ngi4 siong4
三四場,sam1 si4 cong2
三司會審,sam1 su1 fui4 sim3
傘降,san4 gong4
省議員,sen3 ngi4 yen2
使頸,su3 giang3
誓死不從,si4 si3 but5 cung2
心存不滿,sim1 sun2 but5 man1
參薯,sem1 su2
沈殿霞,sim3 tien4 ha2
沈復,sim3 fuk6
身量,sin1 liong4
腎部,kin1 pu4
生物量,sang1 vut6 liong4
生平簡介,sang1 pin2 gan3 gai4
十冤九仇,sip6 yen1 giu3 siu2
十户,sip6 fu4
手刃仇人,siu3 ngiun3 siu2 ngin2
守正不阿,siu3 zin4 but5 o1
蛇喱眼,sa2 li1 ngan3
射喱眼,sa4 li1 ngan3
四百六十,si4 bak5 luk5 sip6
四百三十,si4 bak5 sam1 sip6
衰相,soi1 siong4
綏中,sui1 zung1
水車館街,sui3 ca1 gon3 gai1
水平尺,sui3 pin2 cak5
水上新娘,sui3 song4 sin1 ngiong2
歲月靜好,soi4 ngiet6 cin4 hau3
歲歲平安,soi4 soi4 pin2 on1
摔打,sut5 da3
師出無名,su1 cut5 vu2 min2
施食,si1 sit6
惜力,sit5 lit6
食晏晝,sit6 an4 ziu4
食醋,sit6 cu4
食蟲植物,sit6 cung2 cit6 vut6
禪杖,sam2 cong4
勝任能力,sin1 ngim4 len2 lit6
聲卡,sang1 kat6
聖安當,sin4 on1 dong1
承前啟後,sin2 cien2 ki3 heu4
成圈,sin2 kien1
攝鐵,ngiap5 tiet5
燒結,sau1 giet5
小便器,siau3 pien4 hi4
疏財仗義,so1 coi2 cong4 ngi4
雙生兄弟,sung1 sang1 hiung1 ti4
常勝軍,song2 sin4 giun1
上半部分,song4 ban4 pu4 fun4
貪食蛇,tam1 sit6 sa2
探風,tam4 fung1
體藝中學,ti3 ngi4 zung1 hok6
推戴,tui1 dai4
推拖,tui1 to1
推助,tui1 co4
添磚加瓦,tiam1 zon1 ga1 nga3
天命難違,tien1 min4 lan2 vui2
聽憑,tin4 pin2
鐵板牛肉,tiet5 ban3 ngiu2 ngiuk5
鐵箍,tiet5 ku1
倘使,tong3 si3
套近乎,tau4 kiun4 fu2
徒有虛名,tu2 yiu1 hi1 min2
圖畫紙,tu2 fa4 zi3
屠户,tu2 fu4
通俗讀物,tung1 suk6 tuk6 vut6
銅管樂,tung2 gon3 ngok6
同聲傳譯,tung2 sang1 con2 yit6
娃娃車,va1 va1 ca1
畫軸,fa4 cuk6
歪歪扭扭,vai1 vai1 ngiu3 ngiu3
彎腰駝背,van1 yau1 to2 boi4
綰結,gon3 giet5
橫暴,vang2 pau4
橫肉,vang2 ngiuk5
滑車,vat6 ca1
畏難,vui4 lan2
違命,vui2 min4
位高權重,vui4 gau1 kien2 cung4
鑊撈,vok6 lau1
黃六,vong2 luk5
黃鐵礦,vong2 tiet5 kang3
旺角中心,vong4 gok5 zung1 sim1
烏桕,vu1 kiu1
糊精,fu2 zin1
會展頭,fui4 zien3 teu2
玩器,van4 hi4
摘抄,zak5 cau1
宅度假,cak6 tu4 ga3
贊唔贊成,zan4 m1 zan4 sin2
仔薑,zai3 giong1
執葬,zip5 zong4
周打蜆湯,ziu1 da3 han3 tong1
酒後失態,ziu3 heu4 sit5 tai4
罪惡滔天,cui4 ok5 tau1 tien1
紫花地丁,zu3 fa1 ti4 den1
自治省,cu4 ci4 sen3
積極反應,zit5 kit6 fan3 yin4
即刻扯,zit5 ket5 ca3
精巢,zin1 cau2
折轉,ziet5 zon3
朝陽產業,zau1 yong2 san3 ngiap6
嚼不爛,ziok5 but5 lan4
着棋,cok6 ki2
做好做醜,zo4 hau3 zo4 ciu3
祝君好,zuk5 giun1 hau3
足量,zuk5 liong4
中間道,zung1 gan1 tau4
中繼器,zung1 gi4 hi4
縱橫家,zung1 vang2 ga1
種牙,zung4 nga2
轉敗為勝,zon3 pai4 vui2 sin4
轉下眼,zon3 ha4 ngan3
轉念之間,zon3 ngiam4 zu1 gan1
轉禍為福,zon3 fo4 vui2 fuk5
哎呦,ai1 yiu4
厄難,ak5 lan4
從嚴懲處,cung2 ngiam2 cin2 cu3
處事原則,cu3 su4 ngien2 zet5
地檢處,ti4 giam3 cu3
掛號處,ga4 hau4 cu3
刻錄,kat5 luk6
滿處,man1 cu3
矮凳仔,ai3 den4 zai3
暗度陳倉,am4 tu4 cin2 cong1
百讀不厭,bak5 tuk6 but5 yam4
白相人,pak6 siong4 ngin2
板上釘釘,ban3 song4 dang1 dang1
飽經滄桑,bau3 gin1 cong1 song1
飽經憂患,bau3 gin1 yiu1 fam4
飽食遠颺,bau3 sit6 yen3 yong2
品種改良,pin3 zung3 goi3 liong2
不為已甚,but5 vui2 yi3 sim4
便桶,pien4 tung3
冰上表演,ben1 song4 biau3 yen1
屏氣凝神,bin3 hi4 ngien2 sin2
表定,biau3 tin4
駁腳經紀,bok5 giok5 gin1 gi3
步調一致,pu4 tiau4 yit5 zi4
簿記員,pu4 gi4 yen2
暴斂,pau4 liam3
背約,boi4 yok5
半金屬,ban4 gim1 suk6
半途中,ban4 tu2 zung1
參唔參加,cam1 m1 cam1 ga1
慘綠少年,cam3 luk6 sau4 ngien2
撐艇仔,cang1 tiang3 zai3
齊葺葺,ce2 cip5 cip5
齊民要術,ce2 min2 yau4 sut6
陳震夏,cin2 zin3 ha4
層巒,cen2 lan2
層狀,cen2 cong4
車裂,ca1 liet6
車載斗量,ca1 zoi4 deu3 liong2
吹牛拍馬,cui1 ngiu2 pok5 ma1
隨伴,sui2 pan4
隨聲附和,sui2 sang1 fu4 fo4
蠢笨,cun3 bun4
此伏彼起,cu3 fuk6 bi3 hi3
青衣西路,ciang1 yi1 si1 lu4
青羊,ciang1 yong2
切身經驗,ciet5 sin1 gin1 ngiam4
初高中,co1 gau1 zung1
長槍短炮,cong2 ciong1 don3 pau4
長腳蜢,cong2 giok5 mang3
長沙街,cong2 sa1 gai1
錯雜,cok5 cap6
蒼蠅拍,cong1 yin2 pok5
松嶺,cung2 liang1
重新統一,cung2 sin1 tung3 yit5
重核,cung1 het6
存儲卡,sun2 su2 kat6
傳語,con2 ngi1
全權大使,cien2 kien2 tai4 si4
打錶,da3 biau1
打長工,da3 cong2 gung1
打旋風,da3 sien2 fung1
打雪仗,da3 siet5 zong4
大旗嶺,tai4 ki2 liang1
大食積,tai4 sit6 zit5
大潭道,tai4 tam2 tau4
單打一,dan1 da3 yit5
單人間,dan1 ngin2 gan1
彈冠相慶,tan2 gon4 siong1 kin4
搭背,dap5 boi4
搭食,dap5 sit6
踏墊,tap6 tiap6
德信學校,det5 sin4 hok6 gau3
地方停車,ti4 fong1 tin2 ca1
掟死狗,diang4 si3 geu3
滴點,tit6 diam3
顛鸞倒鳳,dien1 lan2 dau3 fung4
丁未,den1 vui4
頂拜,din3 bai4
頂冒,din3 mau4
定音鼓,tin4 yim1 gu3
刁婦,diau1 fu4
丟三落四,diu1 sam1 lok6 si4
多重國籍,do1 cung2 get5 cit6
當前流,dong1 cien2 liu2
當掉,dong4 tiau4
都未決定,du1 vui4 giet5 tin4
都會大學,du1 fui4 tai4 hok6
道風山,tau4 fung1 san1
毒腺,tuk6 sien4
冬青樹,dung1 ciang1 su4
東頭村道,dung1 teu2 cun1 tau4
短命鬼,don3 miang4 gui3
番瓜,fan1 ga1
反臉無情,fan3 liam3 vu2 cin2
飯後服用,fan4 heu4 fuk6 yung4
廢銅爛鐵,fui4 tung2 lan4 tiet5
婚姻調解,fun1 yin1 tiau2 gai3
訓民正音,hiun4 min2 zin4 yim1
荒誕無稽,fong1 dan4 vu2 ki1
荒謬無稽,fong1 meu3 vu2 ki1
放馬後炮,fong4 ma1 heu4 pau4
婦德,fu4 det5
伏流,fuk6 liu2
服喪,fuk6 song1
寬大為懷,kon1 tai4 vui2 fai2
風油精,fung1 yiu2 zin1
風流雲散,fung1 liu2 yun2 san4
伽馬輻射,ga1 ma1 fuk5 sa4
革命化,gak5 min4 fa4
隔三叉五,gak5 sam1 ca1 ng3
隔三岔五,gak5 sam1 ca4 ng3
鑑定人,gam4 tin4 ngin2
交個波俾,gau1 go4 bo1 bi1
膠原質,gau1 ngien2 zit5
交相輝映,gau1 siong1 fui1 yang3
禁閉室,gim4 bi4 sit5
禁衞,gim4 vui4
近日點,kiun4 ngit5 diam3
更始,gang1 ci3
狗吃屎,geu3 ket5 si3
九十三,giu3 sip6 sam1
激光中,git5 gong1 zung1
激濁揚清,git5 cuk6 yong2 cin1
驚奇不已,gin1 ki2 but5 yi3
警車燈,gin3 ca1 den1
景嶺路,gin3 liang1 lu4
結業證書,giet5 ngiap6 zin4 su1
結晶狀,giet5 zin1 cong4
乾燥機,gon1 cau4 gi1
高矮胖瘦,gau1 ai3 pan4 seu4
高調支持,gau1 tiau4 zi1 ci2
孤寒種,gu1 hon2 zung3
故伎重演,gu4 ki3 cung2 yen1
故技重演,gu4 ki3 cung2 yen1
固體物質,gu4 ti3 vut6 zit5
觀象台,gon1 siong4 toi2
灌滿,gon4 man1
工作過度,gung1 zok5 go4 tu4
怪形怪相,gai4 hin2 gai4 siong4
歸屬權,gui1 suk6 kien2
軌道車,gui3 tau4 ca1
郭得勝,gok5 det5 sin4
國定假日,get5 tin4 ga3 ngit5
國家至上,get5 ga1 zi4 song4
鹹濕相,ham2 sip5 siong1
行得埋,hang2 det5 mai2
行酒令,hang2 ziu3 lin4
敲打鑼鼓,kau1 da3 lo2 gu3
勘探隊,kam4 tam4 dui4
狠命,hen3 min4
行兇殺人,hang2 hiung1 sat5 ngin2
行文流暢,hang2 vun2 liu2 cong4
行為主義,hang2 vui2 zu3 ngi4
核軍備,het6 giun1 pi4
核仁,het6 yin2
後備箱,heu4 pi4 siong1
後期聖徒,heu4 ki2 sin4 tu2
稀裏糊塗,hi1 li1 fu2 tu2
喜從天降,hi3 cung2 tien1 gong4
起後腳,hi3 heu4 giok5
起泡沫,hi3 pau1 mat6
氣焰囂張,hi4 yam4 hiau1 zong1
許冠英,hi3 gon4 yin1
牽掣,kien1 zi4
顯影液,hien3 yang3 yit6
輕金屬,kiang1 gim1 suk6
可多可少,ko3 do1 ko3 sau3
褐翅燕鷗,hot5 ci4 yen4 iu1
豪興,hau2 hin4
皓首窮經,hau3 siu3 kiung2 gin1
兇相畢露,hiung1 siong4 bit5 lu4
紅磡道,fung2 ham4 tau4
血凝素,hiet5 ngien2 su4
人為刀俎,ngin2 vui2 dau1 zo3
引種,yin3 zung3
一下兒,yit5 ha4 yi2
一言興邦,yit5 ngien2 hin1 bong1
一兩聲,yit5 liong1 sang1
一文不名,yit5 vun2 but5 min2
一息間,yit5 sit5 gan1
移山倒海,yi2 san1 dau3 hoi3
二八年華,ngi4 bat5 ngien2 fa2
驛道,yit6 tau4
嚴絲合縫,ngiam2 su1 hap6 fung2
煙精,yen1 zin1
應付帳款,yin4 fu4 zong4 kan3
應邀赴會,yin4 yau1 fu4 fui4
盈虧自負,yin2 kui1 cu4 fu4
凝縮,ngien2 suk5
熱傳導,ngiet6 con2 tau3
要死要活,yau4 si3 yau4 fat6
饒有興趣,ngiau2 yiu1 hin4 ci4
藥食同源,yok6 sit6 tung2 ngien2
玉荷包,ngiuk6 ho2 bau1
畸士,ki1 si3
企管碩士,ki1 gon3 sak6 su4
翹曲,kiau2 kiuk5
強買強賣,kiong3 mai1 kiong3 mai4
強使,kiong3 si3
窮愁,kiung2 siu2
喇沙小學,la2 sa1 siau3 hok6
拉長臉,lai1 cong2 liam3
拉客仔,lai1 hak5 zai3
溜達,liu4 tat6
李尚正,li3 song4 zin4
旅遊集散,li3 yiu2 sip6 san4
磊落大方,lui3 lok6 tai4 fong1
類金屬,lui4 gim1 suk6
歷史成本,lit6 su3 sin2 bun3
力透紙背,lit6 teu4 zi3 boi4
煉金術士,lien4 gim1 sut6 su4
令行禁止,lin4 hang2 gim4 zi3
另一度,lang4 yit5 tu4
烈士陵,liet6 su4 lin2
僚屬,liau2 suk6
兩不相欠,liong1 but5 siong1 kiam4
兩清,liong1 cin1
兩堆,liong1 doi1
兩點水,liong1 diam3 sui3
兩記,liong1 gi4
兩毛,liong1 mau1
兩三班,liong1 sam1 ban1
兩所,liong1 so3
落入法網,lok6 ngip6 fap5 miong3
樂以忘憂,lok6 yi1 mong4 yiu1
樂羊羊,lok6 yong2 yong2
落山道,lok6 san1 tau4
撈本,lau1 bun3
勞逸結合,lau2 yit6 giet5 hap6
六班,luk5 ban1
六吋,luk5 cun4
陸軍中尉,luk6 giun1 zung1 vui3
六十一,luk5 sip6 yit5
六團,luk5 ton2
亂抄,lon4 cau1
亂車,lon4 ca1
馬命,ma1 miang4
馬頭角道,ma1 teu2 gok5 tau4
禡牙,ma4 nga2
晚婚晚育,man1 fun1 man1 yuk5
萬惡之首,man4 ok5 zu1 siu3
默讀,met6 tuk6
文輝道,vun2 fui1 tau4
問鼎中原,mun4 din3 zung1 ngien2
乜菜,mak5 coi4
乜滯,mak5 ce4
物質財富,vut6 zit5 coi2 fu4
物質需要,vut6 zit5 si1 yau4
面上無光,mien4 song4 vu2 gong1
明火執仗,min2 fo3 zip5 zong4
名義價值,min2 ngi4 ga4 cit6
名聞中外,min2 vun2 zung1 ngoi4
明華大廈,min2 fa2 tai4 ha4
命不久已,min4 but5 giu3 yi3
命名日,min4 min2 ngit5
霧狀,vu4 cong4
玫瑰念珠,moi2 gui4 ngiam4 zu1
滿盤皆輸,man1 pan2 gai1 su1
哪家,lai4 ga1
鬧中取靜,lau4 zung1 ci3 cin4
凹鏡,ngiap5 giang4
凹形,ngiap5 hin2
扭擺,ngiu3 bai3
五百六十,ng3 bak5 luk5 sip6
五百三十,ng3 bak5 sam1 sip6
瓦釜雷鳴,nga3 fu3 lui2 min2
瓦工,nga3 gung1
銀包仔,ngiun2 bau1 zai3
牛津道,ngiu2 zin1 tau4
外胚層,ngoi4 poi1 cen2
外籍華人,ngoi4 cit6 fa2 ngin2
黏稠度,ngiam2 ciu2 tu4
碾磨,ngien3 mo2
內弟,lui4 ti4
暖調,lon1 tiau4
柯布連道,ko1 bu4 lien2 tau4
哀兵必勝,oi1 bin1 bit5 sin4
惡騰騰,ok5 ten2 ten2
安家落户,on1 ga1 lok6 fu4
安適,on1 sit5
怕癢,pa4 yong1
拍拖報,pok5 to1 bau4
拍磚,pok5 zon1
跑調,pau1 tiau4
拼火,pin4 fo3
拼圖玩具,pin4 tu2 van4 ki3
平劇,pin2 kiak6
平平常常,pin2 pin2 song2 song2
鋪擺,pu1 bai3
鋪軌,pu1 gui3
普通名詞,pu1 tung1 min2 cu2
匍伏,pu2 fuk6
抱成一團,pau1 sin2 yit5 ton2
沙宣道,sa1 sien1 tau4
衫長褲短,sam1 cong2 fu4 don3
三滴,sam1 tit6
三碟,sam1 tiap6
三記,sam1 gi4
三瓶,sam1 pin2
三四粒,sam1 si4 lip5
山頂洞人,san1 dang3 tung4 ngin2
山頂廣場,san1 din3 gong3 cong2
山光道,san1 gong1 tau4
山核桃,san1 het6 tau2
散曲,san3 kiuk5
散伙,san4 fo3
生日賀卡,sang1 ngit5 fo4 kat6
省便,sen3 pien4
省稱,sen3 cin1
霎戇,sap5 ngong4
沈約,sim3 yok5
神龍汽車,sin2 lung2 ki4 ca1
濕水欖核,sip5 sui3 lam3 fut6
失魂車,sit5 fun2 ca1
愁悶,siu2 mun4
壽命不長,siu4 min4 but5 cong2
受命於天,siu4 min4 yi1 tien1
死翹翹,si3 kiau2 kiau2
四重唱,si4 cung2 cong4
四番,si4 fan1
石澳道,sak6 au4 tau4
水氣掣,sui3 hi4 zi4
水上鄉,sui3 song4 hiong1
遂平,sui4 pin2
私定終身,su1 tin4 zung1 sin1
使人信服,si3 ngin2 sin4 fuk6
時好時差,si2 hau3 si2 ca1
乘號,sin2 hau4
乘人不備,sin2 ngin2 but5 pi4
少安毋躁,sau3 on1 vu1 cau4
相切,siong1 ciet5
相機行事,siong4 gi1 hang2 su4
上臂骨,song4 bi4 gut5
上唔上進,song4 m1 song4 zin4
喪亡,song1 mong2
數頂,su4 dang3
數據挖掘,su4 gi4 vat5 kiut6
數十道,su4 sip6 tau4
從從容容,cung2 cung2 yung2 yung2
船户,son2 fu4
旋轉力,sien2 zon3 lit6
偷食禁果,teu1 sit6 gim4 go3
艇仔邊,tiang3 zai3 bien1
推拒,tui1 ki3
推牌九,tui1 pai2 giu3
天兵天將,tien1 bin1 tien1 ziong4
天地更,tien1 ti4 gang1
停板制度,tin2 ban3 zi4 tu4
鐵嶺,tiet5 liang3
調諧,tiau2 hai2
調焦,tiau2 ziau1
胎便,toi1 pien4
徒有其名,tu2 yiu1 ki2 min2
同類相殘,tung2 lui4 siong1 can2
畫評家,fa4 pin2 ga1
華僑報,fa2 kiau2 bau4
華為技術,fa2 vui2 ki3 sut6
畫等號,vak6 den3 hau4
畫龜,vak6 gui1
橫壆街,vang2 bok5 gai1
挖牆腳,vat5 siong2 giok5
渾球,fun2 kiu2
渾天儀,fun2 tien1 ngi2
韻調,yun4 tiau4
屈尊,kiut5 zun1
鍋墊,vo1 tiap6
王侯將相,vong2 heu2 ziong4 siong4
黃華,vong2 fa2
烏欖,vu1 lam3
烏喱單刀,vu1 li1 dan1 dau1
烏利單刀,vu1 li4 dan1 dau1
污泥濁水,vu1 lai2 cuk6 sui3
胡椒薄荷,fu2 ziau1 pok6 ho2
活結,fat6 giet5
揸攤,za1 tan1
擇善而從,cak6 sen4 yi2 cung2
爭交,zang1 gau1
集體經濟,sip6 ti3 gin1 zi4
制服呢,zi4 fuk6 li2
針車,zim1 ca1
針頂,zim1 din3
震下震下,zin3 ha4 zin3 ha4
震響,zin3 hiong3
執翻條命,zip5 fan1 tiau2 miang4
執翻條命仔,zip5 fan1 tiau2 miang4 zai3
執牛耳,zip5 ngiu2 ngi3
質樸無華,zit5 pok5 vu2 fa2
鄒平,zeu1 pin2
借轉,zia4 zon4
盡歡而散,cin4 fon1 yi2 san4
資興,zu1 hin1
脂質體,zi1 zit5 ti3
置信水平,zi4 sin4 sui3 pin2
自有主張,cu4 yiu1 zu3 zong1
即興之作,zit5 hin4 zu1 zok5
積惡,zit5 ok5
直接貿易,cit6 ziap5 meu3 yit6
佔為,zam4 vui2
墊被,tiap6 pi1
精神學家,zin1 sin2 hok6 ga1
趙樂際,cau4 lok6 zi4
着褸,zok5 leu1
張雲正,zong1 yun2 zin4
將將就就,ziong1 ziong1 ciu4 ciu4
仗恃,cong4 si4
載波,zoi4 bo1
作風正派,zok5 fung1 zin4 pai4
做吖,zo4 a1
做好做歹,zo4 hau3 zo4 dai3
中央凹,zung1 yong1 ngiap5
中樞系統,zung1 ki1 hi4 tung3
縱橫捭闔,zung1 vang2 bai3 hap6
縱橫馳騁,zung1 vang2 ci2 pin4
中脊,zung1 zit5
種羣,zung3 kiun2
中頭馬,zung4 teu2 ma1
種禾,zung4 vo2
種植體,zung4 cit6 ti3
仲齊,cung4 ce2
重孝,cung4 hau4
諸事丁,zu1 su4 den1
鑽圈,zon1 kien1
轉步,zon3 pu4
轉眼便忘,zon3 ngan3 pien4 mong4
轉鼓,zon4 gu3
轉唔轉工,zon4 m1 zon4 gung1
倒春寒,dau3 cun1 hon2
倒春寒,dau4 cun1 hon2
敦刻爾克,dun1 kat5 li3 ket5
雕刻家,diau1 kat5 ga1
學務處,hok6 vu4 cu3
外事處,ngoi4 su4 cu3
水務處,sui3 vu4 cu3
宿處,suk5 cu3
即刻收聲,zit5 kat5 siu1 sang1
暗探,am4 tam4
擺橫,bai3 vang2
白粉仔,pak6 fun3 zai3
白沙道,pak6 sa1 tau4
白滑長腿,pak6 vat6 cong2 tui3
八婆仔,bat5 po2 zai3
蹦極,ben1 kit6
俾人使,bi1 ngin2 su3
被剝削者,pi4 bok5 siok5 za3
碧雲道,bit5 yun2 tau4
背底,boi4 dai3
背花,boi4 fa1
背頭,boi4 teu2
搬鋪,ban1 pu4
胖了,pan4 liau3
茶青,ca2 ciang1
茶果嶺村,ca2 go3 liang1 cun1
踩剎車,cai3 sat5 ca1
參謁,cam1 yet5
參酌,cam1 zok5
產後檢查,san3 heu4 giam3 ca2
殘垣斷壁,can2 yen2 ton4 biak5
淒惶,ci1 fong2
測量工具,cet5 liong2 gung1 ki3
趁熱打鐵,cin4 ngiet6 da3 tiet5
塵霧,cin4 vu4
陳湛文,cin2 zam3 vun2
七顛八倒,cit5 dien1 bat5 dau3
秋後扇,ciu1 heu4 sien4
抽壯丁,ciu1 zong4 den1
翠青蛇,cui4 ciang1 sa2
出伏,cut5 fuk6
出爐鐵,cut5 lu2 tiet5
痴長,ci1 zong3
淺顯易懂,cien3 hien3 yi4 dung3
前思後想,cien2 su1 heu4 siong3
青春永駐,ciang1 cun1 yun1 zu4
清風兩袖,cin1 fung1 liong1 ciu4
青雲路,ciang1 yun2 lu4
青棗,ciang1 zau3
請諒解,ciang3 liong4 gai3
暢通易達,cong4 tung1 yi4 tat6
長圓,cong2 yen2
長尾鸚鵡,cong2 mui1 yin1 vu1
長生祿位,cong2 sang1 luk5 vui4
長索,cong2 sok5
長旺道,cong2 vong4 tau4
藏經洞,cong2 gin1 tung4
充分就業,cung1 fun4 ciu4 ngiap6
充內行,cung1 lui4 hong2
重櫃,cung1 kui4
儲蓄帳户,su2 cuk5 zong4 fu4
傳遞者,con2 ti4 za3
傳導體,con2 tau3 ti3
傳見,con2 gien4
傳觀,con2 gon1
傳略,con2 liok6
打赤腳,da3 cak5 giok5
打單泡,da3 dan1 pau1
打對頭,da3 dui4 teu2
打擊樂器,da3 git5 ngok6 hi4
打穀機,da3 guk5 gi1
打響名號,da3 hiong3 min2 hau4
打卡鐘,da3 kat6 zung1
打窿機,da3 lung1 gi1
打勾,da3 geu1
打鐵工,da3 tiet5 gung1
帶調,dai4 tiau4
大阪地,tai4 ban3 ti4
大笨狗,tai4 bun4 geu3
大腹便便,tai4 fuk5 pien4 pien4
大頭嶺,tai4 teu2 liang1
大眾銀行,tai4 zung4 ngiun2 hong2
擔承,dam1 sin2
蛋糕仔,tan4 gau1 zai3
搭當,dap5 dong1
搭上身,dap5 song4 sin1
蒂華納,di4 fa2 lap6
德信中學,det5 sin4 zung1 hok6
豆寇年華,teu4 keu4 ngien2 fa2
地檢處,ti4 giam3 cu4
滴石,tit6 sak6
顛來倒去,dien1 loi2 dau3 hi4
電感應,tien4 gam3 yin4
叮噹聲,den1 dong1 sang1
頂缸,din3 gong1
定鼎,tin4 din3
定冠詞,tin4 gon4 cu2
定編,tin4 bien1
跌交,diet5 gau1
當年後生,dong1 ngien2 heu4 sang1
倒買倒賣,dau3 mai1 dau3 mai4
杜絕後患,tu4 ciet6 heu4 fam4
獨立門户,tuk6 lip6 mun2 fu4
讀譜,tuk6 pu3
斷袖之癖,ton4 ciu4 zu1 pit5
反應式,fan3 yin4 sit5
粉嶺樓,fun3 liang1 leu2
火燭車,fo3 zuk5 ca1
課間,ko4 gan1
房屋中介,fong2 vuk5 zung1 gai4
俯仰由人,fu3 ngiong1 yiu2 ngin2
婦道人家,fu4 tau4 ngin2 ga1
負擔者,fu4 dam1 za3
輻射防護,fuk5 sa4 fong2 fu4
加深理解,ga1 cim1 li1 gai3
解放中,gai3 fong4 zung1
監人乃後,gam1 ngin2 lai3 heu4
減核,gam3 het6
間充質,gan1 cung1 zit5
簡轉繁,gan3 zon3 fan2
間隔號,gan4 gak5 hau4
更夫,gang1 fu1
敢作敢當,gam3 zok5 gam3 dong1
緊唔緊張,gin3 m1 gin3 zong1
更加之,gen4 ga1 zu1
九度,giu3 tu4
九龍道,giu3 lung2 tau4
久聞大名,giu3 vun2 tai4 min2
狗牙嶺,geu3 nga2 liang1
九十六,giu3 sip6 luk5
舊惡,kiu4 ok5
舉不勝舉,gi3 but5 sin1 gi3
驚悟,gin1 ngu4
警覺心,gin3 gok5 sim1
結束時間,giet5 suk5 si2 gan4
結合點,giet5 hap6 diam3
結業式,giet5 ngiap6 sit5
結納,giet5 lap6
叫餸食飯,giau4 sung4 sit6 fan4
乾菜,gon1 coi4
剛柔相濟,gong1 yiu2 siong1 zi4
肛塞,gong1 set5
割袍斷義,got5 pau2 ton4 ngi4
高雷中學,gau1 lui2 zung1 hok6
孤身隻影,gu1 sin1 zak5 yang3
古交,gu3 gau1
觀音竹,gon1 yim1 zuk5
觀奇洋服,gon1 ki2 yong2 fuk6
冠脈,gon1 mak5
功過相抵,gung1 go4 siong1 dai3
功樂道,gung1 lok6 tau4
掛號處,ga4 hau4 cu4
骨縫,gut5 fung2
光暗掣,gong1 am4 zi4
光溜,gong1 liu4
廣結良緣,gong3 giet5 liong2 yen2
刻錄,ket5 luk6
黑孖孖,het5 ma1 ma1
黑枕燕鷗,het5 zim3 yen4 iu1
行政員,hang2 zin4 yen2
合成詞,hap6 sin2 cu2
核驗,het6 ngiam4
後半葉,heu4 ban4 yap6
後繼乏人,heu4 gi4 fat6 ngin2
後力不繼,heu4 lit6 but5 gi4
喜結連理,hi3 giet5 lien2 li1
起皺紋,hi3 zeu4 vun2
棄惡從善,hi4 ok5 cung2 sen4
氣頭上,hi4 teu2 song4
吃刀,ket5 dau1
吃閒飯,ket5 han2 fan4
吃牢飯,ket5 lau2 fan4
輕重倒置,kiang1 cung1 dau3 zi4
興仁街,hin1 yin2 gai1
協同中學,hiap6 tung2 zung1 hok6
可共患難,ko3 kiung4 fam4 lan4
可望有成,ko3 mong4 yiu1 sin2
河背,ho2 boi4
香車街,hiong1 ca1 gai1
香島道,hiong1 dau3 tau4
海盜行為,hoi3 tau4 hang2 vui2
海量汪涵,hoi3 liong4 vong1 ham2
好多瓣,hau3 do1 pan4
好厭倦,hau3 yam4 kien4
耗散,hau4 san4
陰極射線,yim1 kit6 sa4 sien4
音樂卡,yim1 ngok6 kat6
仁人義士,yin2 ngin2 ngi4 su4
人力車夫,ngin2 lit6 ca1 fu1
入境問禁,ngip6 gin3 mun4 gim4
入拍,ngip6 pok5
一千三百,yit5 cien1 sam1 bak5
一人一件,yit5 ngin2 yit5 kien4
一兩級,yit5 liong1 kip5
一兩倍,yit5 liong1 pui4
一兩席,yit5 liong1 cit6
一無所長,yit5 vu2 so3 cong2
一吐為快,yit5 tu4 vui2 kai4
游移不定,yiu2 yi2 but5 tin4
油脂仔,yiu2 zi1 zai3
油粘米,yiu2 zam1 mi3
有為有守,yiu1 vui2 yiu1 siu3
有志竟成,yiu1 zi4 gin3 sin2
醫療疏失,yi1 liau2 so1 sit5
耳後見腮,ngi3 heu4 gien4 soi1
以華制華,yi1 fa2 zi4 fa2
易到極,yi4 dau4 kit6
逆斷層,ngiak6 ton4 cen2
煙仔餅,yen1 zai3 biang3
研定,ngan3 tin4
現場會議,hien4 cong2 fui4 ngi4
應對如流,yin4 dui4 yi2 liu2
凝血素,ngien2 hiet5 su4
盈溢,yin2 yit5
形影相隨,hin2 yang3 siong1 sui2
形勝,hin2 sin4
業務水平,ngiap6 vu4 sui3 pin2
要出貨,yau4 cut5 fo4
要賬,yau4 zong4
乳房攝影,yui3 fong2 ngiap5 yang3
羽翼豐滿,yi3 yit6 fung1 man1
遇難船,ngi4 lan4 son2
月經到,ngiet6 gin1 dau4
月暈,ngiet6 yun4
卡尺,ka1 cak5
楷字,kai3 su4
吸毒成癮,kip5 tuk6 sin2 yin3
叩應,keu4 yin4
寇仇,keu4 siu2
區畫,ki1 vak6
翹翹板,kiau2 kiau2 ban3
翹尾巴,kiau2 mui1 ba1
翹足,kiau2 zuk5
概觀,kai3 gon1
抗毒素,kong4 tuk6 su4
規定價格,gui1 tin4 ga4 gak5
喇沙利道,la2 sa1 li4 tau4
拉大便,lai1 tai4 pien4
拉丁文字,lai1 den1 vun2 su4
拉後腿,lai1 heu4 tui3
癩皮狗,lai4 pi2 geu3
藍塘道,lam2 tong2 tau4
爛食,lan4 sit6
禮頓中心,li1 un4 zung1 sim1
林智樂,lim2 zi4 lok6
離行離捺,li2 hong2 li2 lat6
利園山道,li4 yen2 san1 tau4
歷經滄桑,lit6 gin1 cong1 song1
歷盡艱難,lit6 cin4 gan1 lan2
臉盲症,liam3 mang2 zin4
臉罩,liam3 zau4
烈火乾柴,liet6 fo3 gon1 cai2
量尺寸,liong2 cak5 cun4
梁舜燕,liong2 sun4 yen4
量天尺,liong2 tien1 cak5
兩度散手,liong1 tu4 san3 siu3
兩道散手,liong1 tau4 san3 siu3
兩個文明,liong1 go4 vun2 min2
兩下散手,liong1 ha4 san3 siu3
兩三度,liong1 sam1 tu4
兩三架,liong1 sam1 ga4
兩三首,liong1 sam1 siu3
兩張表,liong1 zong1 biau3
落潮,lok6 cau2
落錯格,lok6 co4 gak5
落日條款,lok6 ngit5 tiau2 kan3
落葉松,lok6 yap6 cung2
落落寡歡,lok6 lok6 ga3 fon1
落石級,lok6 sak6 kip5
勞永樂,lau2 yun1 lok6
魯莽行事,lu1 mong3 hang2 su4
錄供,luk6 giung1
六十億,luk5 sip6 yi4
六節,luk5 ziet5
龍背,lung2 boi4
龍崗道,lung2 gong1 tau4
馬太效應,ma1 tai4 hau4 yin4
買藥食,mai1 yok6 sit6
萬能博士,man4 len2 bok5 su4
麥當勞道,mak6 dong1 lau2 tau4
民間舞蹈,min2 gan1 mu3 tau4
敏華冰廳,men3 fa2 ben1 tang1
密度計,mit6 tu4 ge4
物質獎勵,vut6 zit5 ziong3 li4
勉力而為,mien1 lit6 yi2 vui2
名帖,min2 tiap5
妙探尋兇,miau4 tam4 cim2 hiung1
磨耗,mo2 hau4
無驚無險,vu2 gin1 vu2 hiam3
武勝,vu1 sin4
霧茫茫,vu4 mong2 mong2
門墊,mun2 tiap6
滿處,man1 cu4
滿服,man1 fuk6
難以抹去,lan2 yi1 mat5 hi4
難混,lan2 fun3
能量代謝,len2 liong4 toi4 cia4
凹紋,ngiap5 vun2
扭角羚,ngiu3 gok5 lin2
扭實,ngiu3 sit6
五毒俱全,ng3 tuk6 ki1 cien2
五行欠炳,ng3 hang2 kiam4 biang3
五行欠打,ng3 hang2 kiam4 da3
瓦通紙盒,nga3 tung1 zi3 hap6
啱啱要,ngam1 ngam1 yau4
硬頂跑車,ngang4 dang3 pau1 ca1
牛孖筋,ngiu2 ma1 gin1
偶聯反應,ngeu3 lien2 fan3 yin4
怒髮衝冠,lu4 fat5 cung1 gon1
阿附,o1 fu4
愛奧華,oi4 au4 fa2
惡癖,ok5 pit5
拍拖未,pok5 to1 vui4
憑恃,pin2 si4
憑條,pin2 tiau2
琵琶仔,pi2 pa2 zai3
辟魚腥,pit5 ng2 siang1
拼板,pin4 ban3
拼版,pin4 ban3
拼音字母,pin4 yim1 su4 mu1
平陸,pin2 luk6
平面角,pin2 mien4 gok5
漂流瓶,piau1 liu2 pin2
配屬,pui4 suk6
沙利度胺,sa1 li4 tu4 on1
沙田嶺,sa1 tien2 liang1
三伙,sam1 fo3
三腳雞,sam1 giok5 gai1
三角琴,sam1 gok5 kim2
三掛,sam1 ga4
三元及第,sam1 ngien2 kip6 ti4
三羣,sam1 kiun2
三書六禮,sam1 su1 luk5 li1
山高水長,san1 gau1 sui3 cong2
散列,san3 liet6
散體,san3 ti3
洗澡間,se3 cau4 gan1
使眼色,su3 ngan3 set5
心塞,sim1 set5
甚為不解,sim4 vui2 but5 gai3
身心交瘁,sin1 sim1 gau1 cui4
薪盡火傳,sin1 cin4 fo3 con2
神經突,sin2 gin1 tut6
腎囊,kin1 long2
十二經脈,sip6 ngi4 gin1 mak5
失打,sit5 da3
收支相抵,siu1 zi1 siong1 dai3
守分,siu3 fun4
首影禮,siu3 yang3 li1
仇隙,siu2 hit5
蛇皮果,sa2 pi2 go3
四平八正,si4 pin2 bat5 zang4
水柿,sui3 se2
水喉掣,sui3 heu2 zi4
水中撈月,sui3 zung1 leu2 ngiet6
順應天時,sun4 yin4 tien1 si2
使用數量,si3 yung4 su4 liong4
視為畏途,si4 vui2 vui4 tu2
釋讀,sit5 tuk6
食人鯊,sit6 ngin2 sa1
食煙仔,sit6 yen1 zai3
食慾不佳,sit6 yuk6 but5 ga1
食鐘,sit6 zung1
鮮卑族,sien1 bi1 cuk6
勝杯,sin4 bui1
聖朝,sin4 cau2
乘隙,sin2 hit5
成語典故,sin2 ngi1 dien3 gu4
成羣結隊,sin2 kiun2 giet5 dui4
涉外經濟,siap5 ngoi4 gin1 zi4
笑笑下,siau4 siau4 ha4
疏通費,so1 tung1 fui4
削髮為僧,siok5 fat5 vui2 sen1
削鐵如泥,siok5 tiet5 yi2 lai2
相別,siong1 piet6
相商,siong1 song1
上半夜,song4 ban4 ya4
上游工業,song4 yiu2 gung1 ngiap6
旋轉角,sien2 zon3 gok5
旋轉球,sien2 zon3 kiu2
旋轉軸,sien2 zon3 cuk6
彈撥樂,tan2 pat5 ngok6
彈撥樂器,tan2 pat5 ngok6 hi4
塌棵菜,tap5 ko1 coi4
透視度,teu4 si4 tu4
頭頂出煙,teu2 dang3 cut5 yen1
推派,tui1 pai4
天長日久,tien1 cong2 ngit5 giu3
聽衰,tin4 soi1
鐵甲車,tiet5 gap5 ca1
鐵力,tiet5 lit6
糖水道,tong2 sui3 tau4
荼毒生靈,tu2 tuk6 sang1 lin2
陶工,tau2 gung1
陶宗儀,tau2 zung1 ngi2
僮僕,tung2 puk6
同類相食,tung2 lui4 siong1 sit6
斷莊,ton1 zong1
華洋轇轕,fa2 yong2 gau1 got5
壞車燈,fai4 ca1 den1
灣仔峽道,van1 zai3 hiap6 tau4
玩吖,van2 a1
橫加指責,vang2 ga1 zi3 zit5
橫脷,vang2 li4
橫眼,vang2 ngan3
橫截面,vang2 ciet6 mien4
挖掘機械,vat5 kiut6 gi1 hai4
挖肉補瘡,vat5 ngiuk5 bu3 cong1
滑鼠蛇,vat6 cu3 sa2
威武不屈,vui1 vu1 but5 kiut5
為得人,vui4 det5 ngin2
蕙質蘭心,fui4 zit5 lan2 sim1
穩便,vun3 pien4
允當,yun3 dong4
屈親,kiut5 cin1
潁上縣,yin3 song4 yen4
湟中縣,fong2 zung1 yen4
往來帳户,vong1 loi2 zong4 fu4
烏七八糟,vu1 cit5 bat5 zau1
護士鞋,fu4 su4 hai2
匯民道,fui4 min2 tau4
揸緊時間,za1 gin3 si2 gan4
雜拌,cap6 pan4
雜差房,cap6 cai1 fong2
掣電,zi4 tien4
振華道,zin3 fa2 tau4
曾航生,zen1 hong2 sang1
執得正,zip5 det5 zang4
就寢時間,ciu4 cim3 si2 gan4
最後祝福,zui4 heu4 zuk5 fuk5
置之腦後,zi4 zu1 lau3 heu4
自不量力,cu4 but5 liong4 lit6
自由降落,cu4 yiu2 gong4 lok6
職分,zit5 fun4
剪刀差,zien3 dau1 ca1
墊平,tiap6 pin2
精讀課,zin1 tuk6 ko4
偵聽,zin1 tang4
整成點,zin3 sin2 diam3
正誕,zin4 dan4
正德街,zin4 det5 gai1
正宮娘娘,zin4 giung1 ngiong2 ngiong2
靜坐罷工,cin4 co4 pa4 gung1
照映,zau4 yang3
左上方,zo3 song4 fong1
坐化,co4 fa4
坐一望二,co4 yit5 mong4 ngi4
酌定,zok5 tin4
張馳豪,zong1 ci2 hau2
將軍澳村,ziong1 giun1 au4 cun1
張祖光,zong1 zu3 gong1
獎掖,ziong3 yit6
長守,zong3 siu3
漲滿,zong4 man1
早中晚,zau3 zung1 man1
中層階級,zung1 cen2 gai1 kip5
中共九大,zung1 kiung4 giu3 tai4
中立國家,zung1 lip6 get5 ga1
重得了,cung4 det5 liau3
煮重米,zu3 cung1 mi3
煮豆燃萁,zu3 teu4 yen2 ki2
轉速錶,zon4 suk5 biau1
轉爐,zon4 lu2
墊住,tiap6 cu4
唱名,cong4 miang2
唱名,cong4 min2
押車,ap5 ca1
百度一下,bak5 tok6 yit5 ha4
白色人種,pak6 set5 ngin2 zung3
八重奏,bat5 cung2 zeu4
八行,bat5 hong2
八十三,bat5 sip6 sam1
包層,bau1 cen2
包使,bau1 su3
包食住,bau1 sit6 cu4
賓客盈門,bin1 hak5 yin2 mun2
不定量,but5 tin4 liong4
不惜血本,but5 sit5 hiet5 bun3
筆畫數,bit5 vak6 su4
不長眼睛,but5 zong3 ngan3 zin1
不足為憑,but5 zuk5 vui2 pin2
便民利民,pien4 min2 li4 min2
兵連禍結,bin1 lien2 fo4 giet5
兵精糧足,bin1 zin1 liong2 zuk5
薄荷煙,pok6 ho2 yen1
幫寶適,bong1 bau3 sit5
補充量,bu3 cung1 liong4
寶路華,bau3 lu4 fa2
寶珊道,bau3 san1 tau4
暴冷,pau4 lang1
背陰,boi4 yim1
背着手,boi4 cok6 siu3
拌蒜,pan4 son4
差館里,ca1 gon3 li1
猜着,cai1 cok6
慘相,cam3 siong4
蠶食鯨吞,cam2 sit6 kin1 tun1
撐龍舟,cang1 lung2 ziu1
撐門面,cang1 mun2 mien4
尋烏,cim2 vu1
層層包圍,cen2 cen2 bau1 vui2
層流,cen2 liu2
七行,cit5 hong2
吹拍,cui1 pok5
取其精華,ci3 ki2 zin1 fa2
春風一度,cun1 fung1 yit5 tu4
出將入相,cut5 ziong4 ngip6 siong4
黐總掣,ci1 zung3 zi4
次重量級,cu4 cung1 liong4 kip5
淺近,cien3 kiun4
前俯後仰,cien2 fu3 heu4 ngiong1
前後文,cien2 heu4 vun2
青春頌,ciang1 cun1 sung4
青朗公路,ciang1 long3 gung1 lu4
清華街,cin1 fa2 gai1
懲前毖後,cin2 cien2 bi4 heu4
超敏反應,cau1 men3 fan3 yin4
朝天椒,cau2 tien1 ziau1
錯包,co4 bau1
錯蕩,co4 tong4
長青公路,cong2 ciang1 gung1 lu4
長康街,cong2 kong1 gai1
長樂街,cong2 lok6 gai1
賽車選手,soi4 ca1 sien3 siu3
敞篷車,cong3 pung2 ca1
創興銀行,cong3 hin1 ngiun2 hong2
衝擊鑽,cung1 git5 zon4
從緩,cung2 fon4
詮解,cien2 gai3
傳輸設備,con2 su1 siet5 pi4
傳輸距離,con2 su1 ki3 li2
打啞謎,da3 a3 mi2
打大赤腳,da3 tai4 cak5 giok5
打個響指,da3 go4 hiong3 zi3
打光棍,da3 gong1 gun4
打橫來講,da3 vang2 loi2 gong3
打橫寫,da3 vang2 sia3
打折頭,da3 ziet5 teu2
大埔仔,tai4 bu4 zai3
大廈將傾,tai4 ha4 ziong1 kin1
大嶺,tai4 liang1
大蛇灣,tai4 sa2 van1
淡光,tam4 gong1
單車泵,dan1 ca1 bam1
丹毒,dan1 tuk6
單行線,dan1 hang2 sien4
抵命,dai3 miang4
爹核士街,dia1 het6 su4 gai1
對流層頂,dui4 liu2 cen2 dang3
敦刻爾克,dun1 ket5 li3 ket5
點金成鐵,diam3 gim1 sin2 tiet5
典下典下,dien3 ha4 dien3 ha4
捵下捵下,dien3 ha4 dien3 ha4
電震,tien4 zin3
丁字形,den1 su4 hin2
鼎食,din3 sit6
頂肚餓,din3 du3 ngo4
定襄,tin4 siong1
雕刻家,diau1 ket5 ga1
吊車尾,diau4 ca1 mui1
多愁多病,do1 siu2 do1 piang4
啄尾,dok5 mui1
都應當,du1 yin1 dong1
都市傳奇,du1 si1 con4 ki2
賭番攤,du3 fan1 tan1
倒奶,dau3 lai1
倒帳,dau3 zong4
倒栽葱,dau3 zai1 cung1
讀破,tuk6 po4
斷代史,ton4 toi4 su3
奪命四式,tot6 min4 si4 sit5
番麥,fan1 mak6
反共宣傳,fan3 kiung4 sien1 con2
反射療法,fan3 sa4 liau2 fap5
拂掃,fut5 sau4
剖解,peu3 gai3
浮漂,feu2 piau1
非黨人士,fui1 dong3 ngin2 su4
科士街,ko1 su4 gai1
火暴,fo3 pau4
方解石,fong1 gai3 sak6
防血凝,fong2 hiet5 ngien2
夫妻臉,fu1 ci1 liam3
桴鼓相應,fu1 gu3 siong1 yin4
虎踞龍蟠,fu3 gi4 lung2 pan2
俯仰之間,fu3 ngiong1 zu1 gan1
富邦銀行,fu4 bong1 ngiun2 hong2
負重擔,fu4 cung1 dam4
附屬學校,fu4 suk6 hok6 gau3
傅自應,fu4 cu4 yin4
伏罪,fuk6 cui4
復轉,fuk6 zon3
封頂儀式,fung1 dang3 ngi2 sit5
解乏,gai3 fat6
監門,gam1 mun2
監平監賤,gam4 piang2 gam4 cien4
交通擁擠,gau1 tung1 yung3 zi4
交通圖,gau1 tung1 tu2
交換價值,gau1 von4 ga4 cit6
校驗碼,gau4 ngiam4 ma1
金戈鐵馬,gim1 go1 tiet5 ma1
撳鐘仔,kim4 zung1 zai3
近乎同步,kiun4 fu2 tung2 pu4
急救知識,gip5 giu4 zi4 sit5
九下,giu3 ha4
基新中學,gi1 sin1 zung1 hok6
舉着,gi3 cok6
兼讀制,giam1 tuk6 zi4
堅貞不屈,gien1 zin1 but5 kiut5
驚喜若狂,gin1 hi3 yok6 kong2
驚恐萬狀,gin1 kiung3 man4 cong4
京士頓,gin1 su4 un4
警備車,gin3 pi4 ca1
結構體,giet5 geu4 ti3
結為一體,giet5 vui2 yit5 ti3
傑西卡,kiet6 si1 ka1
個體經濟,go4 ti3 gin1 zi4
高山道,gau1 san1 tau4
孤獨精,gu1 tuk6 zin1
顧美華,gu4 mui1 fa2
觀塘泳池,gon1 tong2 yun3 ci2
關東地震,gan1 dung1 ti4 zin3
貴姓名,gui4 siang4 min2
均攤,giun1 tan1
國富兵強,get5 fu4 bin1 kiong2
光波長,gong1 bo1 cong2
光瓦,gong1 nga3
喊濕,ham4 sip5
坑仔,hang1 zai3
校章,gau3 zong1
吭氣,hang1 hi4
行政部長,hang2 zin4 pu4 zong3
合成數,hap6 sin2 su4
乞降,ket5 gong4
核轟炸,het6 gen1 za4
核轟炸機,het6 gen1 za4 gi1
核能源,het6 len2 ngien2
核黃素,het6 vong2 su4
後端,heu4 don1
後搖滾,heu4 yau2 gun3
後涼,heu4 liong2
後魏,heu4 ngui4
后羿射日,heu4 ngi4 sa4 ngit5
後生遙遙,heu4 sang1 yau2 yau2
喜見樂聞,hi3 gien4 lok6 vun2
氣貫長虹,hi4 gon4 cong2 fung2
氣體擴散,hi4 ti3 kok5 san4
吃啞巴虧,ket5 a3 ba1 kui1
吃大户,ket5 tai4 fu4
虛應了事,hi1 yin4 liau3 su4
險遭毒手,hiam3 zau1 tuk6 siu3
興義,hin1 ngi4
興利除弊,hin1 li4 cu2 bi4
興華街,hin1 fa2 gai1
可馬陶,ko3 ma1 tau2
可視電話,ko3 si4 tien4 va4
荷重,ho4 cung1
香草精,hiong1 cau3 zin1
香葉道,hiong1 yap6 tau4
學有所成,hok6 yiu1 so3 sin2
學務處,hok6 vu4 cu4
看風使舵,kon4 fung1 su3 to4
項上人頭,hong4 song4 ngin2 teu2
好彩數,hau3 cai3 su4
好頸,hau3 giang3
好人士,hau3 ngin2 su4
好宜家,hau3 li2 ga1
好飲好食,hau4 yim3 hau4 sit6
紅磡繞道,fung2 ham4 ngiau3 tau4
紅心番薯,fung2 sim1 fan1 su2
血塞,hiet5 set5
人頭蛇身,ngin2 teu2 sa2 sin1
入屋鋪,ngip6 vuk5 pu4
一兩滴,yit5 liong1 tit6
一兩段,yit5 liong1 ton4
一兩塊,yit5 liong1 kai4
一炮打響,yit5 pau4 da3 hiong3
一身腥,yit5 sin1 siang1
日租卡,ngit5 zu1 ka1
幽魂不散,yiu1 fun2 but5 san4
由近而遠,yiu2 kiun4 yi2 yen3
有部車,yiu1 pu4 ca1
又靚又叻,yiu4 liang4 yiu4 liak6
右上方,yiu4 song4 fong1
釉陶,yiu4 tau2
意中事,yi4 zung1 su4
疑難問題,ngi2 lan2 mun4 ti2
以心為心,yi1 sim1 vui2 sim1
易受攻擊,yi4 siu4 gung1 git5
易接近,yi4 ziap5 kiun4
驗證下,ngiam4 zin4 ha4
研缽,ngan3 bat5
言行如一,ngien2 hang2 yi2 yit5
映山紅,yang3 san1 fung2
熱核反應,ngiet6 het6 fan3 yin4
熱核武器,ngiet6 het6 vu1 hi4
腰間盤,yau1 gan1 pan2
繞彎,ngiau3 van1
要言不煩,yau4 ngien2 but5 fan2
遙觀,yau2 gon1
仰韶,ngiong1 sau2
毓華里,yuk5 fa2 li1
雍容大度,yung1 yung2 tai4 tu4
用户羣,yung4 fu4 kiun2
俞正聲,yi2 zin4 sang1
軟坐,ngion1 co4
卡拉奇,ka1 lai1 ki2
靠背椅,kau4 boi4 yi3
襟度,kim1 tu4
奇能異士,ki2 len2 yi4 su4
乾陵,kien2 lin2
瓊結,kiun2 giet5
翹望,kiau2 mong4
強制令,kiong3 zi4 lin4
窮奢極欲,kiung2 ca1 kit6 yuk6
窘相,kiun3 siong4
困惑不解,kun4 fet6 but5 gai3
狂頂,kong2 din3
狂飲暴食,kong2 yim3 pau4 sit6
拉車邊,lai1 ca1 bien1
癩皮,lai4 pi2
林新強,lim2 sin1 kiong2
林偉強,lim2 vui3 kiong2
褸幽,leu1 yiu1
嘍打,leu4 da3
硫胺素,liu2 on1 su4
李鐵拐,li3 tiet5 gai3
利興街,li4 hin1 gai1
利樂包,li4 lok6 bau1
旅行裝,li3 hang2 zong1
卵圓形,lon3 yen2 hin2
臉都綠了,liam3 du1 luk6 liau3
臉厚,liam3 heu4
聊表寸心,liau2 biau3 cun4 sim1
螺絲鑽,lo2 su1 zon4
梁省德,liong2 sin3 det5
兩對鞋,liong1 dui4 hai2
兩虎相鬥,liong1 fu3 siong1 deu4
兩公孫,liong1 gung1 sun1
兩撇鬚,liong1 piet5 si1
兩三套,liong1 sam1 tau4
兩兆,liong1 cau4
兩户,liong1 fu4
落膊,lok6 bok5
浪茄灣,long4 kio2 van1
撈雞,lau1 gai1
撈一票,lau1 yit5 piau4
盧瓦爾河,lu2 nga3 li3 ho2
碌下碌下,luk5 ha4 luk5 ha4
六百八十,luk5 bak5 bat5 sip6
六百一十,luk5 bak5 yit5 sip6
氯丁橡膠,luk6 den1 siong4 gau1
六顆,luk5 ko3
六掛,luk5 ga4
六艘,luk5 seu3
六扇,luk5 sien4
六套,luk5 tau4
孖吉,ma1 git5
漫應,man4 yin4
敏感物質,men3 gam3 vut6 zit5
味覺遲鈍,mui4 gok5 ci2 tun4
鳴冤叫屈,min2 yen1 giau4 kiut5
名聲遠播,min2 sang1 yen3 bo4
摩爾門經,mo2 li3 mun2 gin1
望而興歎,mong4 yi2 hin1 tan4
無核區,vu2 het6 ki1
摹畫,mo2 vak6
母難日,mu1 lan4 ngit5
木瓜鮮奶,muk5 ga1 sien1 lai1
滿滿當當,man1 man1 dong1 dong1
滿州鄉,man1 ziu1 hiong1
哪間,lai4 gan1
南角道,lam2 gok5 tau4
泥瓦匠,lai2 nga3 siong4
凹凸形,ngiap5 tut6 hin2
凹面鏡,ngiap5 mien4 giang4
彌縫,li2 fung2
五嶺,ng3 liang1
牙釉質,nga2 yiu4 zit5
雅翔道,nga3 siong2 tau4
鵝仔,ngo2 zai3
外事處,ngoi4 su4 cu4
戇居佬,ngong4 gi1 lau3
拈香,ngiam1 hiong1
惡意代碼,ok5 yi4 toi4 ma1
惡神,ok5 sin2
惡濁,ok5 cuk6
拋倒,pau1 dau3
披肝瀝膽,pi1 gon1 lit6 dam3
拼死拼活,pin4 si3 pin4 fat6
破讀,po4 tuk6
鋪首,pu1 siu3
潘兆平,pan1 cau4 pin2
三茶六飯,sam1 ca2 luk5 fan4
三角板,sam1 gok5 ban3
三両,sam1 liong3
三心二意,sam1 sim1 ngi4 yi4
三十六萬,sam1 sip6 luk5 man4
三頭兩日,sam1 teu2 liong1 ngit5
三維電影,sam1 vui2 tien4 yang3
山水相連,san1 sui3 siong1 lien2
散逸,san4 yit6
薩斯卡通,sat5 su1 ka1 tung1
西摩道,si1 mo2 tau4
洗滌靈,se3 tit6 lin2
心電感應,sim1 tien4 gam3 yin4
新愁舊恨,sin1 siu2 kiu4 hen4
晨昏定省,sin2 fun1 tin4 sin3
神經大條,sin2 gin1 tai4 tiau2
濕毒,sip5 tuk6
十六億,sip6 luk5 yi4
十字轉門,sip6 su4 zon4 mun2
失墜,sit5 cui4
收斂鋒芒,siu1 liam3 fung1 mong2
首尾相接,siu3 mui1 siong1 ziap5
秀明道,siu4 min2 tau4
仇外心理,siu2 ngoi4 sim1 li1
寫意畫,sia3 yi4 fa4
卸磨殺驢,sia4 mo2 sat5 li2
蛇鵰,sa2 diau1
社交語言,sa1 gau1 ngi1 ngien2
射釘槍,sa4 dang1 ciong1
死不要臉,si3 but5 yau4 liam3
四格漫畫,si4 gak5 man4 fa4
四三八,si4 sam1 bat5
水上摩托,sui3 song4 mo2 tok5
瞬息之間,sun4 sit5 zu1 gan1
史納莎,su3 lap6 sa1
史瓦帝尼,su3 nga3 di4 li2
士敏土,su4 men3 tu3
視神經盤,si4 sin2 gin1 pan2
食肉寢皮,sit6 ngiuk5 cim3 pi2
食物網,sit6 vut6 miong3
食評家,sit6 pin2 ga1
食屎屙飯,sit6 si3 o1 fan4
食屎痾飯,sit6 si3 o1 fan4
鮮啤酒,sien1 bia1 ziu3
成千成萬,sin2 cien1 sin2 man4
乘方,sin2 fong1
成身蟻,sin2 sin1 li1
蕭偉強,siau1 vui3 kiong2
小道新聞,siau3 tau4 sin1 vun2
小瀝源路,siau3 lit6 ngien2 lu4
小相公,siau3 siong4 gung1
小蘇打粉,siau3 su1 da3 fun3
疏散措施,so1 san4 cu4 si1
常青藤,song2 ciang1 ten2
上齒,song4 ci3
上鄉道,song4 hiong1 tau4
上饒,song4 ngiau2
塑膠車,su4 gau1 ca1
數件,su4 kien4
數量詞,su4 liong4 cu2
數量級,su4 liong4 kip5
素面朝天,su4 mien4 cau2 tien1
數載,su4 zai3
宿處,suk5 cu4
縮番條槓,suk5 fan1 tiau2 gong4
損耗量,sun3 hau4 liong4
旋流,sien2 liu2
旋轉燈,sien2 zon3 den1
雪地車,siet5 ti4 ca1
譚公道,tam2 gung1 tau4
譚臣道,tam2 sin2 tau4
攤黃菜,tan1 vong2 coi4
碳排放量,tan4 pai2 fong4 liong2
歎惜,tan4 sit5
褪車,tun4 ca1
透視畫,teu4 si4 fa4
投影儀,teu2 yang3 ngi2
投影圖,teu2 yang3 tu2
推究,tui1 giu4
推挽,tui1 van3
天庭飽滿,tien1 tin2 bau3 man1
鐵板牛柳,tiet5 ban3 ngiu2 liu3
調訓,tiau2 hiun4
調弄,tiau2 lung4
湯武革命,tong1 vu1 gak5 min4
唐中宗,tong2 zung1 zung1
討平,tau3 pin2
徒手畫,tu2 siu3 fa4
肚皮打鼓,du3 pi2 da3 gu3
通用拼音,tung1 yung4 pin4 yim1
銅鑼灣道,tung2 lo2 van1 tau4
華翰,fa2 hon4
華英中學,fa2 yin1 zung1 hok6
畫地自限,vak6 ti4 cu4 han4
橫結腸,vang2 giet5 cong2
挖穴,vat5 hiet6
為之一新,vui2 zu1 yit5 sin1
宏照道,fen2 zau4 tau4
屈地街,kiut5 ti4 gai1
永樂街,yun1 lok6 gai1
黃大仙道,vong2 tai4 sien1 tau4
王士禛,vong2 su4 zin1
黃紙兄弟,vong2 zi3 hiung1 ti4
黃朝百晏,vong2 zau1 bak5 an4
黃朝八晏,vong2 zau1 bat5 an4
烏語,vu1 ngi1
怙惡不悛,fu4 ok5 but5 cien1
偎傍,voi1 pong4
匯差,fui4 ca1
彙總,fui4 zung3
活便,fat6 pien4
齋校,zai1 gau3
債户,zai4 fu4
擇交,cak6 gau1
翟理斯,cak6 li1 su1
集中器,sip6 zung1 hi4
針鼻削鐵,zim1 pi4 siok5 tiet5
震旦鴉雀,zin3 dan4 a1 ziok5
震悚,zin3 sung3
曾大屋,zen1 tai4 vuk5
爭強好勝,zang1 kiong2 hau4 sin4
曾肇添,zen1 sau4 tiam1
執行令,zip5 hang2 lin4
質低個價,zit5 dai1 go4 ga4
質難,zit5 lan2
晝短夜長,ziu4 don3 ya4 cong2
追車尾,zui1 ca1 mui1
椎心泣血,zui1 sim1 kip5 hiet5
聚齊,ci4 ce2
墜火,cui4 fo3
恣情,zu3 cin2
自覺自願,cu4 gok5 cu4 ngien4
自強自立,cu4 kiong2 cu4 lip6
即刻收聲,zit5 ket5 siu1 sang1
精密陶瓷,zin1 mit6 tau2 cu2
精辟,zin1 pit5
正然,zin4 yen2
正六邊形,zin4 luk5 bien1 hin2
正三角形,zin4 sam1 gok5 hin2
政委會,zin4 vui1 fui4
褶曲,zap5 kiuk5
趙中,cau4 zung1
左右兩難,zo3 yiu4 liong1 lan2
着紅鞋,zok5 fung2 hai2
着手於,cok6 siu3 yi1
着重點,cok6 cung4 diam3
載重能力,zoi4 cung1 len2 lit6
再三再四,zai4 sam1 zai4 si4
裝載量,zong1 zoi4 liong4
竹園道,zuk5 yen2 tau4
粥少僧多,zuk5 sau3 sen1 do1
中古史,zung1 gu3 su3
中國文明,zung1 get5 vun2 min2
中印半島,zung1 yin4 ban4 dau3
縱紋,zung1 vun2
中上等,zung1 song4 den3
中上階級,zung1 song4 gai1 kip5
中體西用,zung1 ti3 si1 yung4
中圍,zung1 vui2
中中挺挺,zung1 zung1 tin3 tin3
諸事精,zu1 su4 zin1
轉向燈,zon3 hiong4 den1
轉車台,zon4 ca1 toi2
啜面珠,zot5 mien4 zu1
攝親,ngiap5 cin1
版刻,ban3 kat5
避風處,pi4 fung1 cu3
補處,bu3 cu3
補票處,bu3 piau4 cu3
處理垃圾,cu3 li1 lap5 sap5
廢物處理,fui4 vut6 cu3 li1
經銷處,gin1 siau1 cu3
刻骨相思,kat5 gut5 siong1 su1
與人相處,yi1 ngin2 siong4 cu3
信號處理,sin4 hau4 cu3 li1
少刻,sau3 kat5
蹲伏,cun2 fuk6
朋比為奸,pen2 bi3 vui2 gan1
捐褲襠,gien1 fu4 dong1
坐蓮,co1 lien2
坐蓮,co4 lien2
押當,ap5 dong4
拗橫,au3 vang2
矮小精悍,ai3 siau3 zin1 hon4
暗經,am4 gin1
暗香疏影,am4 hiong1 so1 yang3
百分制,bak5 fun4 zi4
百煉成鋼,bak5 lien4 sin2 gong4
白行簡,pak6 hang2 gan3
版刻,ban3 ket5
八打,bat5 da1
八十六,bat5 sip6 luk5
飽到嘔,bau3 dau4 iu3
跛腳了哥,bai1 giok5 liau3 go1
閉結,bi4 giet5
笨雞,bun4 gai1
不定冠詞,but5 tin4 gon4 cu2
不定式,but5 tin4 sit5
不經一事,but5 gin1 yit5 su4
避風處,pi4 fung1 cu4
邊界層,bien1 gai4 cen2
貶降,bien3 gong4
便祕,pien4 bi4
便門,pien4 mun2
冰消瓦解,ben1 siau1 nga3 gai3
冰磧,ben1 zit5
必有重謝,bit5 yiu1 cung1 cia4
扑傻瓜,bok6 so2 ga1
博興縣,bok5 hin1 yen4
博覽道東,bok5 lam4 tau4 dung1
博聞強識,bok5 vun2 kiong2 sit5
駁正,bok5 zin4
補處,bu3 cu4
寶靈街,bau3 lin2 gai1
補票處,bu3 piau4 cu4
寶湖道,bau3 fu2 tau4
保真度,bau3 zin1 tu4
布格仔路,bu4 gak5 zai3 lu4
步話機,pu4 va4 gi1
搬用,ban1 yung4
半驚半喜,ban4 gin1 ban4 hi3
胖墩墩,pan4 dun1 dun1
伴熱,pan4 ngiet6
撥轉,pat5 zon3
叉滿電,ca1 man1 tien4
茶餘酒後,ca2 yi2 ziu3 heu4
參觀團體,cam1 gon1 ton2 ti3
慘毒,cam3 tuk6
慘遭毒害,cam3 zau1 tuk6 hoi4
殘兵敗將,can2 bin1 pai4 ziong4
撐拒,cang4 ki3
齊齊哈爾,ce2 ce2 hap6 li3
齊大非偶,ce2 tai4 fui1 ngeu3
齊家文化,ce2 ga1 vun2 fa4
襯家兩免,cin4 ga1 liong1 men1
趁興,cin4 hin4
層巒疊嶂,cen2 lan2 tiap6 zong4
七重奏,cit5 cung2 zeu4
酬應,ciu2 yin4
隨風倒,sui2 fung1 dau3
除惡務盡,cu2 ok5 vu4 cin4
春花落,cun1 fa1 lok6
持平之論,ci2 pin2 zu1 lun4
似到極,su4 dau4 kit6
千多名,cien1 do1 min2
千金要方,cien1 gim1 yau4 fong1
千載一時,cien1 zai3 yit5 si2
前兩晚,cien2 liong1 man1
青蛙公主,ciang1 va1 gung1 zu3
青酒,ciang1 ziu3
懲惡揚善,cin2 ok5 yong2 sen4
切磋琢磨,ciet5 co1 dok5 mo2
超過限度,cau1 go4 han4 tu4
瞧着辦,ziau2 cok6 pan4
坐穩車,co1 vun3 ca1
長春市,cong2 cun1 si1
長吁短歎,cong2 hi1 don3 tan4
長命雨,cong2 miang4 yi3
長命富貴,cong2 min4 fu4 gui4
長洲警署,cong2 ziu1 gin3 su4
長咀,cong2 zu3
彩興路,cai3 hin1 lu4
採種,cai3 zung4
創興廣場,cong3 hin1 gong3 cong2
牀上用品,cong2 song4 yung4 pin3
草墊,cau3 tiap6
充車,cung1 ca1
沖積層,cung1 zit5 cen2
從諫如流,cung2 gan4 yi2 liu2
從句,cung2 gi4
從有到無,cung2 yiu1 dau4 vu2
從嚴辦理,cung2 ngiam2 pan4 li1
重華路,cung2 fa2 lu4
重音節,cung1 yim1 ziet5
重晶石,cung1 zin1 sak6
穿着講究,con1 zok5 gong3 giu4
傳寄,con2 gi4
傳輸模式,con2 su1 mu2 sit5
泉華,can2 fa2
打地氣,da3 ti4 hi4
打孔器,da3 kung3 hi4
打嚏噴,da3 ti4 pun4
打剔,da3 tit5
打通關,da3 tung1 gan1
打橫打掂,da3 vang2 da3 tiam4
打側坐,da3 zet5 co1
大家好做,tai4 ga1 hau3 zo4
大角咀道,tai4 gok5 zu3 tau4
大齡青年,tai4 lin2 ciang1 ngien2
大撈家,tai4 lau1 ga1
大陸漂移,tai4 luk6 piau1 yi2
大西庇阿,tai4 si1 bi4 o1
大圍道,tai4 vui2 tau4
大烏鴉,tai4 vu1 a1
擔幡,dam1 fan1
擔高頭,dam1 gau1 teu2
淡泊明志,tam4 pok6 min2 zi4
搭伴,dap5 pan4
搭坐,dap5 co4
踏腳板,tap6 giok5 ban3
踏勘,tap6 kam4
低波行駛,dai1 bo1 hang2 su3
第六感覺,ti4 luk5 gam3 gok5
第三張圖,ti4 sam1 zong1 tu2
弟嫂,ti4 sau3
德興街,det5 hin1 gai1
登革病毒,den1 gak5 piang4 tuk6
戥番勻,ten4 fan1 yun2
兜車,deu1 ca1
地祇,ti4 ki2
釘上釘,dang1 song4 dang1
滴蟲病,tit6 cung2 piang4
滴水成冰,tit6 sui3 sin2 ben1
點名羞辱,diam3 miang2 siu1 yuk6
點心車,diam3 sim1 ca1
丁亥,den1 hoi4
丁型肝炎,den1 hin2 gon1 yam2
丁薛祥,den1 siet5 siong2
頂補,din3 bu3
頂擋,din3 dong3
頂謝,din3 cia4
頂趾鞋,din3 zi3 hai2
定高一點,tin4 gau1 yit5 diam3
多邊協定,do1 bien1 hiap6 tin4
多重選擇,do1 cung2 sien3 cak6
多退少補,do1 tui4 sau3 bu3
躲難,do3 lan4
蕩平,tong4 pin2
嘟嘟響,du1 du1 hiong3
倒換,dau3 von4
倒褪,dau4 tun4
道光帝,tau4 gong1 di4
毒蕈,tuk6 cim3
讀音錯誤,tuk6 yim1 co4 ngu4
斷乎,ton4 fu2
斷瓦殘垣,ton4 nga3 can2 yen2
花墟道,fa1 hi1 tau4
番鬼仔,fan1 gui3 zai3
反正一樣,fan3 zin4 yit5 yong4
樊少皇,fan2 sau4 fong2
繁華街,fan2 fa2 gai1
琺琅質,fap5 long2 zit5
法相宗,fap5 siong4 zung1
佛要金裝,fut6 yau4 gim1 zong1
非核國家,fui1 het6 get5 ga1
科爾多瓦,ko1 li3 do1 nga3
棵棵,ko1 ko1
荒唐無稽,fong1 tong2 vu2 ki1
副腎,fu4 sin4
赴難,fu4 lan4
附屬小學,fu4 suk6 siau3 hok6
輻射熱,fuk5 sa4 ngiet6
輻射狀,fuk5 sa4 cong4
鋒芒內斂,fung1 mong2 lui4 liam3
縫住,fung2 cu4
家僮,ga1 tung2
街邊小食,gai1 bien1 siau3 sit6
街頭小食,gai1 teu2 siau3 sit6
減低速度,gam3 dai1 suk5 tu4
監粗來,gam4 cu1 loi2
監平賣,gam4 piang2 mai4
簡易棚,gan3 yi4 pang2
簡要介紹,gan3 yau4 gai4 sau2
間壁,gan4 biak5
交叉運球,gau1 ca1 yun4 kiu2
交契,gau1 ke4
交換技術,gau1 von4 ki3 sut6
雞心柿,gai1 sim1 se2
金朝陽,gim1 cau2 yong2
甘油三脂,gam1 yiu2 sam1 zi1
金牌打仔,gim1 pai2 da3 zai3
金屬鍵,gim1 suk6 kien4
感荷,gam3 ho4
更番,gang1 fan1
更唔更新,gang1 m1 gang1 sin1
急人之難,gip5 ngin2 zu1 lan2
九九乘法,giu3 giu3 sin2 fap5
九行,giu3 hong2
九龍城道,giu3 lung2 sang2 tau4
救命圈,giu4 miang4 kien1
基本詞彙,gi1 bun3 cu2 fui4
寄名,gi4 miang2
芰荷,ki3 ho2
居合道,gi1 hap6 tau4
極簡主義,kit6 gan3 zu3 ngi4
極晝,kit6 ziu4
極軸,kit6 cuk6
儉省,kiam4 sen3
經久不衰,gin1 giu3 but5 soi1
驚怯,gin1 kiap5
經信委,gin1 sin4 vui1
京士頓街,gin1 su4 un4 gai1
經銷處,gin1 siau1 cu4
經緯儀,gin1 vui3 ngi2
結恭,giet5 giung1
結核菌素,giet5 het6 kiun3 su4
結繩記事,giet5 sin2 gi4 su4
叫唆,giau4 so1
哥打巴魯,go1 da3 ba1 lu1
蓋層,goi4 cen2
乾蒸牛肉,gon1 zin1 ngiu2 ngiuk5
缸瓦甫路,gong1 nga3 pu3 lu4
割荷包,got5 ho2 bau1
高麗王朝,gau1 li4 vong2 cau2
固定詞組,gu4 tin4 cu2 zu3
焗油機,kiuk6 yiu2 gi1
局中局,kiuk6 zung1 kiuk6
觀選,gon1 sien3
宮調,giung1 tiau4
功成不居,gung1 sin2 but5 gi1
供狀,giung1 cong4
怪誕不經,gai4 dan4 but5 gin1
龜背灣,gui1 boi4 van1
貴遠賤近,gui4 yen3 cien4 kiun4
櫃桶仔,kui4 tung3 zai3
過渡金屬,go4 tu4 gim1 suk6
光感應,gong1 gam3 yin4
光二極管,gong1 ngi4 kit6 gon3
卷層雲,gien3 cen2 yun2
霞霧,ha2 vu4
客觀真理,hak5 gon1 zin1 li1
客户應用,hak5 fu4 yin4 yung4
鹹澀,ham2 sep5
鹹乾花生,ham2 gon1 fa1 sang1
涵攝,ham2 ngiap5
限載人數,han4 zoi4 ngin2 su4
黑不溜秋,het5 but5 liu4 ciu1
刻骨相思,ket5 gut5 siong1 su1
坎肩,kam3 gien1
崁頂,kam4 din3
恨海難填,hen4 hoi3 lan2 tien2
合唔合適,hap6 m1 hap6 sit5
合成法,hap6 sin2 fap5
合成體,hap6 sin2 ti3
核對峙,het6 dui4 si4
核工業部,het6 gung1 ngiap6 pu4
核型,het6 hin2
核熱,het6 ngiet6
核物理,het6 vut6 li1
核門檻,het6 mun2 kiam1
侯王道,heu2 vong2 tau4
後車軸,heu4 ca1 cuk6
後擋板,heu4 dong3 ban3
後鑊,heu4 vok6
氣度恢宏,hi4 tu4 foi1 fen2
氣質佳,hi4 zit5 ga1
氣象巴打,hi4 siong4 ba1 da3
吃不住,ket5 but5 cu4
興滅繼絕,hin1 miet6 gi4 ciet6
興城,hin1 sang2
囂張氣焰,hiau1 zong1 hi4 yam4
荷包仔,ho2 bau1 zai3
河內道,ho2 lui4 tau4
海底撈針,hoi3 dai3 leu2 zim1
海庭道,hoi3 tin2 tau4
看不中,kon4 but5 zung1
看得中,kon4 det5 zung1
慷慨輸將,kong3 koi4 su1 ziong1
行輩,hong2 bui4
好辯駁,hau3 pien4 bok5
好當家,hau3 dong1 ga1
好衣食,hau3 yi1 sit6
好茅,hau3 mau2
好眼界,hau3 ngan3 gai4
紅豆相思,fung2 teu4 siong1 su1
熊腰虎背,yung2 yau1 fu3 boi4
鴻雁傳書,fung2 ngan4 con2 su1
血親復仇,hiet5 cin1 fuk6 siu2
血流漂杵,hiet5 liu2 piau1 cu3
淫畫,yim2 fa4
因人成事,yin1 ngin2 sin2 su4
印度鬼椒,yin4 tu4 gui3 ziau1
人為土,ngin2 vui2 tu3
一驚一乍,yit5 gin1 yit5 za4
一貫道,yit5 gon4 tau4
一日三秋,yit5 ngit5 sam1 ciu1
一雨成秋,yit5 yi3 sin2 ciu1
一兩杯,yit5 liong1 bui1
一兩拳,yit5 liong1 kien2
一面之交,yit5 mien4 zu1 gau1
一命歸西,yit5 min4 gui1 si1
一心向上,yit5 sim1 hiong4 song4
幽咽,yiu1 yet5
優勝獎,yiu2 sin4 ziong3
由表及裏,yiu2 biau3 kip6 li1
游興,yiu2 hin4
由天而降,yiu2 tien1 yi2 gong4
有緊要事,yiu1 gin3 yau4 su4
有隙可乘,yiu1 hit5 ko3 sin2
有兩道,yiu1 liong1 tau4
有聲讀物,yiu1 sang1 tuk6 vut6
夜行軍,ya4 hang2 giun1
衣食無虞,yi1 sit6 vu2 ngi2
怡成坊,yi2 sin2 fong2
以本人名,yi1 bun3 ngin2 min2
以後大把,yi1 heu4 tai4 ba3
耳仔郁,ngi3 zai3 yuk5
逆行倒施,ngiak6 hang2 dau3 si1
驛馬車,yit6 ma1 ca1
煙霧彌漫,yen1 vu4 li2 man4
演藝道,yen1 ngi4 tau4
應邀赴宴,yin4 yau1 fu4 yen4
應用軟體,yin4 yung4 ngion1 ti3
凝膠體,ngien2 gau1 ti3
形質,hin2 zit5
凝聚態,ngien2 ci4 tai4
腰果雞丁,yau1 go3 gai1 den1
要講道理,yau4 gong3 tau4 li1
要攞去,yau4 lo3 hi4
旭龢道,hiuk5 fo2 tau4
用心險惡,yung4 sim1 hiam3 ok5
用户定義,yung4 fu4 tin4 ngi4
餘音繞梁,yi2 yim1 ngiau3 liong2
盂蘭勝會,yi2 lan2 sin4 fui4
輿論調查,yi2 lun4 tiau4 ca2
余振強,yi2 zin3 kiong2
羽冠,yi3 gon1
宇宙速度,yi3 ciu4 suk5 tu4
預讀,yi4 tuk6
鴛鴦蛇,yen1 yong1 sa2
婉言相勸,von3 ngien2 siong1 kien4
遠未解決,yen3 vui4 gai3 giet5
月經週期,ngiet6 gin1 ziu1 ki2
月圓花好,ngiet6 yen2 fa1 hau3
卡板車,ka1 ban3 ca1
卡加利,ka1 ga1 li4
卡墊,ka1 tiap6
靠背壟道,kau4 boi4 lung1 tau4
靠打工,kau4 da3 gung1
啟田道,ki3 tien2 tau4
禁死,gim1 si3
襟食,kim1 sit6
扱印,kip5 yin4
拘執,ki1 zip5
翹二郎腿,kiau2 ngi4 long2 tui3
強姦藥,kiong2 gan1 yok6
抗組胺,kong4 zu3 on1
缺衣少食,kiet5 yi1 sau3 sit6
拉交情,lai1 gau1 cin2
林沈,lim2 sim3
流肛華,liu2 gong1 fa2
流落江湖,liu2 lok6 gong1 fu2
溜圓,liu4 yen2
溜溜球,liu4 liu4 kiu2
履帶車,li1 dai4 ca1
利南道,li4 lam2 tau4
蒞會,li4 fui4
靚到爆燈,liang4 dau4 bau4 den1
靚佬,liang4 lau3
領當,liang1 dong4
旅居車,li3 gi1 ca1
旅行巴士,li3 hang2 ba1 si3
類毒素,lui4 tuk6 su4
力不勝任,lit6 but5 sin1 ngim4
力傳遞,lit6 con2 ti4
力行雞,lit6 hong2 gai1
瀝源街,lit6 ngien2 gai1
蓮荷,lien2 ho2
靈犀相通,lin2 si1 siong1 tung1
嶺南衡怡,liang3 lam2 fen2 yi2
聊且,liau2 cia3
聊城,liau2 sang2
了唔了解,liau3 m1 liau3 gai3
螺旋鉗,lo2 sien2 kiam2
兩腳書櫥,liong3 giok5 su1 cu2
兩條褲,liong3 tiau2 fu4
兩噸,liong1 dun1
兩三部,liong1 sam1 pu4
兩三份,liong1 sam1 fun4
兩三碗,liong1 sam1 von3
兩尊,liong1 zun1
量販式,liong4 fan4 sit5
落葉樹,lok6 yap6 su4
落葉植物,lok6 yap6 cit6 vut6
樂禮街,lok6 li1 gai1
落聘,lok6 pin4
狼多肉少,long2 do1 ngiuk5 sau3
撈邊瓣,lau1 bien1 pan4
撈生意,lau1 sang1 yi4
六百六十,luk5 bak5 luk5 sip6
六杯,luk5 bui1
六邪,luk5 sia2
六寸,luk5 cun4
六氟化硫,luk5 fut5 fa4 liu2
六両,luk5 liong3
六枚,luk5 moi2
六排,luk5 pai2
六聲,luk5 sang1
六頭,luk5 teu2
六堂,luk5 tong2
聯福道,lien2 fuk5 tau4
買單車,mai1 dan1 ca1
萬古長青,man4 gu3 cong2 ciang1
萬里長江,man4 li1 cong2 gong1
茅屋頂,mau2 vuk5 dang3
文科學士,vun2 ko1 hok6 su4
文福道,vun2 fuk5 tau4
文興里,vun2 hin1 li1
密切相連,mit6 ciet5 siong1 lien2
密爾瓦基,mit6 li3 nga3 gi1
牟定縣,meu2 tin4 yen4
明朝體,min2 cau2 ti3
名韁利鎖,min2 giong1 li4 so3
明降暗升,min2 gong4 am4 sin1
名門貴族,min2 mun2 gui4 cuk6
命運註定,min4 yun4 zu4 tin4
磨穿蓆,mo2 con1 ciak6
磨洋工,mo2 yong2 gung1
亡國滅種,mong2 get5 miet6 zung3
亡命徒,mong2 min4 tu2
網舖,miong3 pu4
望風捕影,mong4 fung1 pu3 yang3
無量壽,vu2 liong4 siu4
無憑無證,vu2 pin2 vu2 zin4
武警戰士,vu1 gin3 zien4 su4
霧化機,vu4 fa4 gi1
霧水夫妻,vu4 sui3 fu1 ci1
木管樂,muk5 gon3 ngok6
木瓦,muk5 nga3
木吒,muk5 za1
木質部,muk5 zit5 pu4
滿帆,man1 fam2
滿身塵埃,man1 sin1 cin4 ai1
滿洲語,man1 ziu1 ngi1
滿州話,man1 ziu1 va4
南灣隧道,lam2 van1 sui4 tau4
難以自已,lan2 yi1 cu4 yi3
難離難捨,lan2 li2 lan2 sa3
難相與,lan2 siong1 yi1
納降,lap6 hong2
凹透鏡,ngiap5 teu4 giang4
紐幾內亞,liu3 gi1 lui4 a1
扭數,ngiu3 su4
你瞧,li3 ziau2
你編,li3 bien1
五大名山,ng3 tai4 min2 san1
瓦坑,nga3 hang1
瓦器,nga3 hi4
瓦硯,nga3 yen4
艾滋病毒,ngioi4 zu1 piang4 tuk6
偶然之間,ngeu3 yen2 zu1 gan1
外交庇護,ngoi4 gau1 bi4 fu4
礙難,ngoi4 lan2
樂府詩集,ngok6 fu3 si1 sip6
戇佬,ngong4 lau3
黏着力,ngiam2 zok5 lit6
內存卡,lui4 sun2 ka1
內質網,lui4 zit5 miong3
囊中取物,long2 zung1 ci3 vut6
腦卒中,lau3 zut5 zung1
怒容滿面,lu4 yung2 man1 mien4
柯士甸路,ko1 su4 tien4 lu4
愛財如命,oi4 coi2 yi2 min4
安土重遷,on1 tu3 cung2 cien1
怕死鬼,pa4 si3 gui3
排列名次,pai2 liet6 min2 cu4
拍手無塵,pok5 siu3 vu2 cin4
炮台山道,pau4 toi2 san1 tau4
瀕近,pin2 kiun4
貧窮潦倒,pin2 kiung2 lau3 dau3
披莎,pi1 sa1
皮臉,pi2 liam3
被胎,pi1 toi1
偏極,pien1 kit6
偏將,pien1 ziong4
偏轉,pien1 zon4
騙供,pien4 giung1
拼花地板,pin4 fa1 ti4 ban3
拼攏,pin4 lung3
平旦,pin2 dan4
平印,pin2 yin4
平安福音,pin2 on1 fuk5 yim1
鋪襯,pu1 cin4
鋪牀,pu1 cong2
胚泡,poi1 pau1
盤倒,pan2 dau3
三筆,sam1 bit5
三貂角,sam1 diau1 gok5
三極管,sam1 kit6 gon3
三角法,sam1 gok5 fap5
三列,sam1 liet6
三氯化磷,sam1 luk6 fa4 lin2
三盤兩勝,sam1 pan2 liong1 sin4
三十五萬,sam1 sip6 ng3 man4
三蛇羹,sam1 sa2 gang1
三四張,sam1 si4 zong1
三態,sam1 tai4
三彎,sam1 van1
三足烏,sam1 zuk5 vu1
散板,san3 ban3
西洋仔,si1 yong2 zai3
西樹泡芙,si1 su4 pau4 fu2
洗臉台,se3 liam3 toi2
使媽,su3 ma1
洗碗精,se3 von3 zin1
塞牙,set5 nga2
心寬體胖,sim1 kon1 ti3 pan4
心平如鏡,sim1 pin2 yi2 giang4
心神不屬,sim1 sin2 but5 suk6
心適,sim1 sit5
心中有屎,sim1 zung1 yiu1 si3
神經元網,sin2 gin1 ngien2 miong3
十滴,sip6 tit6
十棵,sip6 ko1
失錯,sit5 co4
失身分,sit5 sin1 fun4
羞惱,siu1 lau3
手到拈來,siu3 dau4 ngiam1 loi2
手風好順,siu3 fung1 hau3 sun4
首映典禮,siu3 yang3 dien3 li1
首映式,siu3 yang3 sit5
愁腸百結,siu2 cong2 bak5 giet5
受難紀念,siu4 lan4 gi3 ngiam4
受精囊,siu4 zin1 long2
賒欠,ca1 kiam4
蛇龍珠,sa2 lung2 zu1
水刑逼供,sui3 hin2 bit5 giung1
純量,sun2 liong4
順安道,sun4 on1 tau4
使習慣,si3 sip6 gan4
市場監督,si1 cong2 gam1 duk5
適唔適用,sit5 m1 sit5 yung4
食大煙,sit6 tai4 yen1
食無求飽,sit6 vu2 kiu2 bau3
食純,sit6 sun2
鮮烈,sien1 liet6
跣落去,sien3 lok6 hi4
聖經典故,sin4 gin1 dien3 gu4
成丁,sin2 den1
成仁取義,sin2 yin2 ci3 ngi4
成年累月,sin2 ngien2 lui4 ngiet6
成安街,sin2 on1 gai1
成肚氣,sin2 du3 hi4
宵衣旰食,siau1 yi1 gon4 sit6
小家種,siau3 ga1 zung3
少刻,sau3 ket5
少兒不宜,sau3 yi2 but5 li2
疏放,so1 fong4
傻傻更更,so2 so2 gang1 gang1
傻傻戇戇,so2 so2 ngong4 ngong4
雙人間,sung1 ngin2 gan1
雙眼視覺,sung1 ngan3 si4 gok5
相互兼容,siong1 fu4 giam1 yung2
上白泥,song4 pak6 lai2
上半晝,song4 ban4 ziu4
上方寶劍,song4 fong1 bau3 giam4
上校軍官,song4 gau4 giun1 gon1
上意識,song4 yi4 sit5
數見不鮮,su4 gien4 but5 sien1
掃雪車,sau4 siet5 ca1
夙興夜寐,suk5 hin1 ya4 mui4
選士,sien3 su4
算度,son4 tok6
算命者,son4 miang4 za3
旋風腳,sien2 fung1 giok5
旋乾轉坤,sien2 kien2 zon3 kun1
旋里,sien2 li1
旋舞,sien2 mu3
雪茄屁股,siet5 ga1 pi4 gu3
太平梯,tai4 pin2 toi1
探見,tam4 gien4
探雷,tam4 lui2
探摸,tam4 mo1
淡水大鱷,tam1 sui3 tai4 ngok6
提掖,ti2 yit6
投射幕,teu2 sa4 mok5
推三阻四,tui1 sam1 zo3 si4
推託之詞,tui1 tok5 zu1 cu2
天平山村,tien1 pin2 san1 cun1
聽鬧,tin4 lau4
聽訟,tin4 sung4
停車燈,tin2 ca1 den1
鐵漢柔情,tiet5 hon4 yiu2 cin2
土著人,tu3 zu4 ngin2
套中人,tau4 zung1 ngin2
陶硯,tau2 yen4
陶源酒家,tau2 ngien2 ziu3 ga1
銅管樂器,tung2 gon3 ngok6 hi4
同類相吸,tung2 lui4 siong1 kip5
華胄,fa2 ciu4
華建,fa4 gien4
淮上,fai2 song4
畫虎類犬,vak6 fu3 lui4 kien3
環暈,van2 yun4
橫斷山脈,vang2 ton4 san1 mak5
橫截,vang2 ciet6
威震八方,vui1 zin3 bat5 fong1
毀家紓難,fui3 ga1 su1 lan2
委委屈屈,vui1 vui1 kiut5 kiut5
衞道士,vui4 tau4 su4
渾如,fun2 yi2
混交,fun3 gau1
混交林,fun3 gau1 lim2
混名,fun3 miang2
屈原祠,kiut5 ngien2 cu2
屈尊俯就,kiut5 zun1 fu3 ciu4
永久磁鐵,yun1 giu3 cu2 tiet5
黃品冠,vong2 pin3 gon4
往心裏去,vong1 sim1 li1 hi4
烏鵰,vu1 diau1
烏都語,vu1 du1 ngi1
烏龜殼,vu1 gui1 hok5
烏黑色,vu1 het5 set5
烏拉圭人,vu1 lai1 gui1 ngin2
户部尚書,fu4 pu4 song4 su1
户限,fu4 han4
互相扯皮,fu4 siong1 ca3 pi2
户籍謄本,fu4 cit6 ten2 bun3
回魂覺,fui2 fun2 gau4
會意字,fui4 yi4 su4
玩人喪德,van4 ngin2 song4 det5
澤安道,cak6 on1 tau4
撰著,con4 zu4
集市貿易,sip6 si1 meu3 yit6
集體户,sip6 ti3 fu4
雜種仔,cap6 zung3 zai3
側便,zet5 pien4
斟下,zim1 ha4
浸過鹹水,zim4 go4 ham2 sui3
浸浸涼,zim4 zim4 liong2
鴆毒,cim4 tuk6
曾外祖母,zen1 ngoi4 zu3 mu1
執茶,zip5 ca2
執齊行李,zip5 ce2 hang2 li3
執書包,zip5 su1 bau1
周年旺相,ziu1 ngien2 vong4 siong4
週年旺相,ziu1 ngien2 vong4 siong4
周成王,ziu1 sin2 vong2
周轉金,ziu1 zon3 gim1
皺折,zeu4 ziet5
就晚了,ciu4 man1 liau3
借命,zia4 min4
謝頂,cia4 dang3
支質,zi1 zit5
指東打西,zi3 dung1 da3 si1
自然經濟,cu4 yen2 gin1 zi4
自拍器,cu4 pok5 hi4
尖山隧道,ziam1 san1 sui4 tau4
箭毒蛙,zien4 tuk6 va1
精明消費,zin1 min2 siau1 fui4
精神權利,zin1 sin2 kien2 li4
精神療法,zin1 sin2 liau2 fap5
整體觀念,zin3 ti3 gon1 ngiam4
正步走,zin4 pu4 zeu3
靜電感應,cin4 tien4 gam3 yin4
靜脈吸毒,cin4 mak5 kip5 tuk6
招賢納士,zau1 hien2 lap6 su4
坐銀望金,co4 ngiun2 mong4 gim1
坐卧不寧,co4 ngo4 but5 len2
着草鞋,zok5 cau3 hai2
着然,cok6 yen2
張春帆,zong1 cun1 fam2
張敞,zong1 cong3
將臨期,ziong1 lim2 ki2
張崇基,zong1 cung2 gi1
擢髮難數,cok6 fat5 lan2 su4
糟溜黃魚,zau1 liu4 vong2 ng2
祖傳祕方,zu3 con2 bi4 fong1
中間件,zung1 gan1 kien4
中國代理,zung1 get5 toi4 li1
中胚層,zung1 poi1 cen2
中心語,zung1 sim1 ngi1
中隧,zung1 sui4
縱線,zung1 sien4
終成泡影,zung1 sin2 pau4 yang3
盅仔飯,zung1 zai3 fan4
總供給,zung3 giung1 gip5
眾安銀行,zung4 on1 ngiun2 hong2
重情重義,cung4 cin2 cung4 ngi4
重利輕義,cung4 li4 kiang1 ngi4
珠海橫琴,zu1 hoi3 vang2 kim2
豬頭三,zu1 teu2 sam1
駐留時間,zu4 liu2 si2 gan4
尊姓大名,zun1 siang4 tai4 min2
轉悲為喜,zon3 bui1 vui2 hi3
轉托,zon3 tok5
轉賬卡,zon3 zong4 kat6
鑽粉,zon4 fun3
絕對高度,ciet6 dui4 gau1 tu4
刻度盤,kat5 tu4 pan2
依法查處,yi1 fap5 ca2 cu3
無處可尋,vu2 cu3 ko3 cim2
會合處,fui4 hap6 cu3
酌處,zok5 cu3
酌處權,zok5 cu3 kien2
觸處,cuk5 cu3
亞伯丁,a1 bak5 den1
拗實,au4 sit6
暗中摸索,am4 zung1 mo1 sok5
巴丙頓道,ba1 biang3 un4 tau4
擺供,bai3 giung4
百廢俱興,bak5 fui4 ki1 hin1
百分數,bak5 fun4 su4
百福道,bak5 fuk5 tau4
白鶴汀街,pak6 hok6 dang1 gai1
白撈,pak6 lau1
白額燕鷗,pak6 ngiak5 yen4 iu1
八行書,bat5 hang2 su1
包探,bau1 tam4
賓州仔,bin1 ziu1 zai3
不加選擇,but5 ga1 sien3 cak6
不夠質素,but5 geu4 zit5 su4
不日放映,but5 ngit5 fong4 yang3
不中意,but5 zung1 yi4
跋前躓後,pat6 cien2 zi4 heu4
拔頂,pat6 dang3
拔毒,pat6 tuk6
卑利士道,bi1 li4 su4 tau4
俾差人拉,bi1 cai1 ngin2 lai1
祕撈,bi4 lau1
被爆者,pi4 bau4 za3
逼供信,bit5 giung1 sin4
邊防戰士,bien1 fong2 zien4 su4
變態反應,bien4 tai4 fan3 yin4
冰塞,ben1 set5
博士茶,bok5 su4 ca2
保平路,bau3 pin2 lu4
保障監督,bau3 zong4 gam1 duk5
步人後塵,pu4 ngin2 heu4 cin4
暴露癖,pau4 lu4 pit5
暴龍屬,pau4 lung2 suk6
背包袱,boi4 bau1 fuk6
貝葉經,bui4 yap6 gin1
搬兵,ban1 bin1
搬位,ban1 vui4
拌食堂,pan4 sit6 tong2
差館上街,ca1 gon3 song4 gai1
參差錯落,cam1 ci1 co4 lok6
參考室,cam1 kau3 sit5
蠶種,cam2 zung3
殘毒,can2 tuk6
察察為明,cat5 cat5 vui2 min2
抄近,cau1 kiun4
抄獲,cau1 vet6
齊次,ce2 cu4
齊頭齊尾,ce2 teu2 ce2 mui1
尋晚黑,cim2 man1 het5
尋晚夜,cim2 man1 ya4
七百三十,cit5 bak5 sam1 sip6
七扭八歪,cit5 ngiu3 bat5 vai1
抽唔抽中,ciu1 m1 ciu1 zung4
車把式,ca1 ba3 sit5
車後箱,ca1 heu4 siong1
催命鬼,cui1 miang4 gui3
春核,cun1 fut6
雌三醇,cu1 sam1 sun2
黐線仔,ci1 sien4 zai3
持家有道,ci2 ga1 yiu1 tau4
青松觀路,ciang1 cung2 gon4 lu4
青海圍,ciang1 hoi3 vui2
青囊經,ciang1 long2 gin1
青檀樹,ciang1 tan2 su4
青田路,ciang1 tien2 lu4
清正廉明,cin1 zin4 liam2 min2
青磚圍,ciang1 zon1 vui2
請吖,ciang3 a1
懲一儆百,cin2 yit5 gin3 bak5
懲惡勸善,cin2 ok5 kien4 sen4
朝堂,cau2 tong2
坐得住,co1 det5 cu4
坐倒頭車,co1 dau4 teu2 ca1
卓永興,zok5 yun1 hin1
槍烏賊,ciong1 vu1 cet6
暢散紙,cong4 san3 zi3
腸毒素,cong2 tuk6 su4
長喙,cong2 vui3
長唔長久,cong2 m1 cong2 giu3
長生久視,cong2 sang1 giu3 si4
長順街,cong2 sun4 gai1
財政監督,coi2 zin4 gam1 duk5
敞篷汽車,cong3 pung2 ki4 ca1
藏掖,cong2 yit6
粗笨,cu1 bun4
操縱杆,cau1 zung1 gon1
嘈兩嘈,cau2 liong1 cau2
充分保障,cung1 fun4 bau3 zong4
重複法,cung2 fuk5 fap5
重起爐灶,cung2 hi3 lu2 zau4
蟲媒病毒,cung2 moi2 piang4 tuk6
重午,cung2 ng3
重氫,cung1 hin1
重力異常,cung1 lit6 yi4 song2
傳呼電話,con2 fu1 tien4 va4
傳審,con2 sim3
傳輸媒體,con2 su1 moi2 ti3
傳種,con2 zung3
打八爪,da3 bat5 zau3
打包單,da3 bau1 dan1
打單信,da3 dan1 sin4
打風球,da3 fung1 kiu2
打嗝兒,da3 gak5 yi2
打機室,da3 gi1 sit5
打鼓邊,da3 gu3 bien1
打拱,da3 giung3
打鞋碼,da3 hai2 ma1
打魚佬,da3 ng2 lau3
打棚,da3 pang2
打睡,da3 soi4
打信號,da3 sin4 hau4
打漿機,da3 ziong1 gi1
大便乾燥,tai4 pien4 gon1 cau4
大坑東道,tai4 hang1 dung1 tau4
大興街,tai4 hin1 gai1
大孖瘡,tai4 ma1 cong1
大澳道,tai4 au4 tau4
大鋪癮,tai4 pu1 yin3
大三度,tai4 sam1 tu4
大棠山道,tai4 tong2 san1 tau4
擔沙填海,dam1 sa1 tien2 hoi3
單車鎖匙,dan1 ca1 so3 si2
單車掣,dan1 ca1 zi4
單速車,dan1 suk5 ca1
單方決定,dan1 fong1 giet5 tin4
單色畫,dan1 set5 fa4
搭倒頭車,dap5 dau4 teu2 ca1
第二棵,ti4 ngi4 ko1
第晚,ti4 man1
德定街,det5 tin4 gai1
得失參半,det5 sit5 cam1 ban4
德華街,det5 fa2 gai1
等差數列,den3 ca1 su4 liet6
鬥頂,deu4 din3
地鐵族,ti4 tiet5 cuk6
地鐵總部,ti4 tiet5 zung3 pu4
掟石仔,diang4 sak6 zai3
電量表,tien4 liong4 biau3
電話區碼,tien4 va4 ki1 ma1
丁香油,den1 hiong1 yiu2
丁憂,den1 yiu1
汀太路,dang1 tai4 lu4
定直線,tin4 cit6 sien4
丟疏,diu1 so1
丟卒保車,diu1 zut5 bau3 ca1
調赴,tiau4 fu4
多層材,do1 cen2 coi2
多層複,do1 cen2 fuk5
多錢善賈,do1 cien2 sen4 gu3
多財善賈,do1 coi2 sen4 gu3
噹噹車,dong1 dong1 ca1
當斷則斷,dong1 don4 zet5 don4
當行出色,dong1 hong2 cut5 set5
都會道,du1 fui4 tau4
倒倉,dau3 cong1
倒海翻江,dau3 hoi3 fan1 gong1
倒弄,dau3 lung4
倒屎塔,dau3 si3 tap5
倒位,dau3 vui4
倒嚼,dau3 ziok5
倒休,dau4 hiu1
倒懸之急,dau4 hien2 zu1 gip5
道不拾遺,tau4 but5 sip6 vui2
稻成,tau1 sin2
讀贏,tuk6 yang2
獨擅勝場,tuk6 sien4 sin4 cong2
東勝道,dung1 sin4 tau4
東成里,dung1 sin2 li1
東頭灣道,dung1 teu2 van1 tau4
短中取長,don3 zung1 ci3 cong2
斷簡殘章,ton4 gan3 can2 zong1
花鐵,fa1 tiet5
花朝節,fa1 zau1 ziet5
化學平衡,fa4 hok6 pin2 fen2
快掣,kai4 zi4
番刀,fan1 dau1
反攻為守,fan3 gung1 vui2 siu3
反映論,fan3 yang3 lun4
反射弧,fan3 sa4 fu2
反脣相譏,fan3 sun2 siong1 gi1
繁難,fan2 lan2
帆船仔,fam2 son2 zai3
法爾卡什,fap5 li3 ka1 sip6
暉映,fui1 yang3
拂士,fut5 su4
浮質,feu2 zit5
非常會議,fui1 song2 fui4 ngi4
扉畫,fui1 fa4
火三角,fo3 sam1 gok5
貨運卡車,fo4 yun4 ka1 ca1
霍亂毒素,kok5 lon4 tuk6 su4
方興未已,fong1 hin1 vui4 yi3
放熱反應,fong4 ngiet6 fan3 yin4
富融銀行,fu4 yung2 ngiun2 hong2
附着物,fu4 cok6 vut6
福佬村道,fuk5 lau3 cun1 tau4
輻射波,fuk5 sa4 bo1
復興區,fuk6 hin1 ki1
復命,fuk6 min4
寬廣度,kon1 gong3 tu4
寬宏大度,kon1 fen2 tai4 tu4
風塵中人,fung1 cin4 zung1 ngin2
逢人便講,fung2 ngin2 pien4 gong3
縫衣工人,fung2 yi1 gung1 ngin2
加多樂,ga1 do1 lok6
嘉道理道,ga1 tau4 li1 tau4
加列山道,ga1 liet6 san1 tau4
假道伐虢,ga3 tau4 fat6 get5
楷簿,gai1 pu1
街簿,gai1 pu1
階級成分,gai1 kip5 sin2 fun4
解釦,gai3 keu4
解民倒懸,gai3 min2 dau3 hien2
解釋器,gai3 sit5 hi4
監押,gam1 ap5
監視孔,gam1 si4 kung3
甲醇中毒,gap5 sun2 zung4 tuk6
交保釋放,gau1 bau3 sit5 fong4
交叉學科,gau1 ca1 hok6 ko1
雞伯嶺路,gai1 bak5 liang1 lu4
金華街,gim1 fa2 gai1
感應線,gam3 yin4 sien4
禁忌語,gim4 ki4 ngi1
贛劇,gam4 kiak6
贛州,gam4 ziu1
斤斤較量,gin1 gin1 gau4 liong4
緊唔緊要,gin3 m1 gin3 yau4
急驚,gip5 giang1
九九重陽,giu3 giu3 cung2 yong2
九校聯盟,giu3 gau3 lien2 men2
狗話連篇,geu3 va4 lien2 pien1
夠不着,geu4 but5 cok6
夠得着,geu4 det5 cok6
紀傳體,gi3 con4 ti3
極盡能事,kit6 cin4 len2 su4
見縫就鑽,gien4 pung4 ciu4 zon4
驚風駭浪,gin1 fung1 hai4 long4
驚怪,gin1 gai4
經濟倉,gin1 zi4 cong1
結彩,giet5 cai3
結志街,giet5 zi4 gai1
歌劇魅影,go1 kiak6 mui4 yang3
腳瓜瓤,giok5 ga1 lang2
覺不覺得,gok5 but5 gok5 det5
覺光,gok5 gong1
各顯所長,gok5 hien3 so3 cong2
乾草叉,gon1 cau3 ca1
乾打壘,gon1 da3 lui3
崗背街,gong1 boi4 gai1
崗棯,gong1 lem3
降結腸,gong4 giet5 cong2
固有名詞,gu4 yiu1 min2 cu2
焗雨,kiuk6 yi3
焗悶,kiuk6 mun4
觀官,gon1 gon1
工學士,gung1 hok6 su4
供燃氣,giung1 yen2 hi4
供應室,giung1 yin4 sit5
貢士,gung4 su4
關德興,gan1 det5 hin1
龜背竹,gui1 boi4 zuk5
桂平,gui4 pin2
桂華山,gui4 fa2 san1
軍事素質,giun1 su4 su4 zit5
光照度,gong1 zau4 tu4
廣州火車,gong3 ziu1 fo3 ca1
行得起,hang2 det5 hi3
行地方,hang2 ti4 fong1
行多轉,hang2 do1 zon3
行東行西,hang2 dung1 hang2 si1
敲背,kau1 boi4
克頓道,ket5 un4 tau4
黑道家族,het5 tau4 ga1 cuk6
刻度盤,ket5 tu4 pan2
黑山頂,het5 san1 dang3
黑體輻射,het5 ti3 fuk5 sa4
衡量制,fen2 liong4 zi4
行政救濟,hang2 zin4 giu4 zi4
幸運道,hen4 yun4 tau4
合縫,hap6 fung2
合成語音,hap6 sin2 ngi1 yim1
合眾為一,hap6 zung4 vui2 yit5
核地雷,het6 ti4 lui2
核廢物,het6 fui4 vut6
核推進,het6 tui1 zin4
後鼻音,heu4 pi4 yim1
後甲板,heu4 gap5 ban3
後兩首,heu4 liong1 siu3
後西遊記,heu4 si1 yiu2 gi4
喜車,hi3 ca1
起落貨,hi3 lok6 fo4
氣不平,hi4 but5 pin2
汽車號牌,ki4 ca1 hau4 pai2
吃不來,ket5 but5 loi2
吃乾飯,ket5 gon1 fan4
吃後悔藥,ket5 heu4 fui4 yok6
去長隆,hi4 cong2 lung2
去粗取精,hi4 cu1 ci3 zin1
去淡水,hi4 tam4 sui3
興奮高潮,hin1 fun3 gau1 cau2
興芳路,hin1 fong1 lu4
興賢街,hin1 hien2 gai1
輕鐵車廠,kiang1 tiet5 ca1 cong3
輕質石油,kiang1 zit5 sak6 yiu2
興味無窮,hin4 mui4 vu2 kiung2
脅從,hiap5 cung2
僥倖獲勝,hiau1 hen4 vet6 sin4
可供軍用,ko3 giung1 giun1 yung4
河背街,ho2 boi4 gai1
荷塘區,ho2 tong2 ki1
香車寶馬,hiong1 ca1 bau3 ma1
海帆道,hoi3 fam2 tau4
殼質,hok5 zit5
學校設施,hok6 gau3 siet5 si1
學生行為,hok6 sang1 hang2 vui2
漢華中學,hon4 fa2 zung1 hok6
邯鄲縣,hon2 dan1 yen4
邯山,hon2 san1
康樂廣場,kong1 lok6 gong3 cong2
康莊道,kong1 zong1 tau4
褐河烏,hot5 ho2 vu1
好得滯,hau3 det5 ce4
好家伙,hau3 ga1 fo3
好命公,hau3 miang4 gung1
好命佬,hau3 miang4 lau3
好夢難成,hau3 mung4 lan2 sin2
好手腳,hau3 siu3 giok5
紅鸞道,fung2 lan2 tau4
欽仰,kim1 ngiong1
飲食療養,yim3 sit6 liau2 yong1
壬辰倭亂,ngim2 sin2 vo1 lon4
恁般,ngim4 ban1
欣澳道,hiun1 au4 tau4
仁弟,yin2 ti4
人結人緣,ngin2 giet5 ngin2 yen2
仁濟二中,yin2 zi4 ngi4 zung1
一把好手,yit5 ba3 hau3 siu3
一千六百,yit5 cien1 luk5 bak5
一級士官,yit5 kip5 su4 gon1
一兩毫,yit5 liong1 hau2
一兩排,yit5 liong1 pai2
一兩歲,yit5 liong1 soi4
一木難支,yit5 muk5 lan2 zi1
一字不落,yit5 su4 but5 lok6
日月食,ngit5 ngiet6 sit6
憂勞成疾,yiu1 lau2 sin2 cit6
游行示威,yiu2 hang2 si4 vui1
友翔道,yiu1 siong2 tau4
有冇假放,yiu1 mau2 ga3 fong4
耶魯拼音,ya2 lu1 pin4 yim1
依法查處,yi1 fap5 ca2 cu4
衣冠文物,yi1 gon1 vun2 vut6
咦點解,yi2 diam3 gai3
疑難解答,ngi2 lan2 gai3 dap5
已修正,yi3 siu1 zin4
耳仔窿,ngi3 zai3 lung1
異讀詞,yi4 tuk6 cu2
二伏,ngi4 fuk6
二級士官,ngi4 kip5 su4 gon1
驛使,yit6 si4
研考,ngan3 kau3
研求,ngan3 kiu2
延時攝影,yen2 si2 ngiap5 yang3
影醜,yang3 ciu3
應答如流,yin4 dap5 yi2 liu2
應徵稿,yin4 zin1 gau3
凝固點,ngien2 gu4 diam3
凝液,ngien2 yit6
熱層,ngiet6 cen2
要不要求,yau1 but5 yau1 kiu2
要死不活,yau4 si3 but5 fat6
若有所喪,yok6 yiu1 so3 song4
楊凝式,yong2 ngien2 sit5
肉嘟嘟,ngiuk5 du1 du1
肉中毒,ngiuk5 zung4 tuk6
用户線,yung4 fu4 sien4
瑜伽墊,yi2 ga1 tiap6
漁光道,ng2 gong1 tau4
如蠅逐臭,yi2 yin2 cuk6 ciu4
魚漂,ng2 piau1
雨褸怪客,yi3 leu1 gai4 hak5
御弟,ngi4 ti4
預防為主,yi4 fong2 vui2 zu3
元惡,ngien2 ok5
圓屋頂,yen2 vuk5 dang3
遠端轉移,yen3 don1 zon3 yi2
月經墊,ngiet6 gin1 tiap6
卡布其諾,ka1 bu4 ki2 lok5
卡爾紮伊,ka1 li3 zat5 yi1
卡盤,ka1 pan2
楷書體,kai3 su1 ti3
啟德隧道,ki3 det5 sui4 tau4
啟福道,ki3 fuk5 tau4
禁磨,gim1 mo2
琴調,kim2 tiau4
琴晚黑,kim2 man1 het5
吸熱反應,kip5 ngiet6 fan3 yin4
扱手,kip5 siu3
扣賬卡,keu4 zong4 kat6
翹鼻麻鴨,kiau2 pi4 ma2 ap5
強迫觀念,kiong2 bet5 gon1 ngiam4
強幹,kiong2 gon4
窮凶極惡,kiung2 hiung1 kit6 ok5
誇張失實,ka1 zong1 sit5 sit6
葵定路,kui2 tin4 lu4
喇合,la1 hap6
癩皮病,lai4 pi2 piang4
覽勝,lam4 sin4
懶過條蛇,lan1 go4 tiau2 sa2
冷戰以後,lang1 zien4 yi1 heu4
麗景道,li4 gin3 tau4
臨界質量,lim2 gai4 zit5 liong4
林健華,lim2 kien4 fa2
臨興街,lim2 hin1 gai1
硫酸鐵,liu2 son1 tiet5
理科學士,li1 ko1 hok6 su4
理平頭,li1 pin2 teu2
里氏震級,li1 si4 zin3 kip5
靚溜,liang4 liu4
裏底,li1 dai3
卵圓窗,lon3 yen2 cung1
力量均衡,lit6 liong4 giun1 fen2
臉薄,liam3 pok6
連德道,lien2 det5 tau4
連汁撈埋,lien2 zip5 lau1 mai2
靈快,lin2 kai4
靈氣療法,lin2 hi4 liau2 fap5
聊以解悶,liau2 yi1 gai3 mun4
邏輯演算,lo3 cip5 yen1 son4
騾馬大車,lo2 ma1 tai4 ca1
羅織罪名,lo2 zit5 cui4 min2
梁文燕,liong2 vun2 yen4
兩寸,liong1 cun4
兩粵,liong1 yet6
兩撇雞,liong1 piet5 gai1
兩三隊,liong1 sam1 dui4
兩三股,liong1 sam1 gu3
兩三級,liong1 sam1 kip5
兩三席,liong1 sam1 cit6
兩扇,liong1 sien4
兩節棍,liong1 ziet5 gun4
落地扇,lok6 ti4 sien4
落唔落後,lok6 m1 lok6 heu4
落馬洲路,lok6 ma1 ziu1 lu4
樂民新村,lok6 min2 sin1 cun1
落水管,lok6 sui3 gon3
狼命,long2 miang4
顱頂骨,lu2 din3 gut5
六百七十,luk5 bak5 cit5 sip6
六百九十,luk5 bak5 giu3 sip6
六百五十,luk5 bak5 ng3 sip6
六八九,luk5 bat5 giu3
六朵,luk5 do3
六列,luk5 liet6
六面體,luk5 mien4 ti3
亂作決定,lon4 zok5 giet5 tin4
唔曾,m1 cen2
媽橫路,ma1 vang2 lu4
麻臉,ma2 liam3
螞蟻銀行,ma1 li1 ngiun2 hong2
馬莎百貨,ma1 sa1 bak5 fo4
馬適路,ma1 sit5 lu4
馬頭壩道,ma1 teu2 ba4 tau4
萬夫不當,man4 fu1 but5 dong1
萬靈節,man4 lin2 ziet5
迷惑不解,mi2 fet6 but5 gai3
默書簿,met6 su1 pu1
墨暈,met6 yun4
文白異讀,vun2 pak6 yi4 tuk6
民樂街,min2 lok6 gai1
文成武德,vun2 sin2 vu1 det5
閩僑中學,men2 kiau2 zung1 hok6
問責局長,mun4 zit5 kiuk6 zong3
乜款,mak5 kan3
物理層,vut6 li1 cen2
密密層層,mit6 mit6 cen2 cen2
謀臣武將,meu2 sin2 vu1 ziong4
謬種,meu3 zung3
孭鐵,ba2 tiet5
眉眼傳情,mi2 ngan3 con2 cin2
美差事,mui1 cai1 su4
覓食行為,met5 sit6 hang2 vui2
面惡心善,mien4 ok5 sim1 sen4
名義賬户,min2 ngi4 zong4 fu4
明若觀火,min2 yok6 gon1 fo3
命歸黃泉,min4 gui1 vong2 can2
命令句,min4 lin4 gi4
命令式,min4 lin4 sit5
命名系統,min4 min2 hi4 tung3
忙中有失,mong2 zung1 yiu1 sit5
無處可尋,vu2 cu4 ko3 cim2
巫士,mu2 su4
模式種,mu2 sit5 zung3
無線咪,vu2 sien4 mai4
模糊邏輯,mu2 fu2 lo3 cip5
冇記得,mau2 gi4 det5
武經總要,vu1 gin1 zung3 yau4
冇術,mau2 sut6
梅核氣,moi2 fut6 hi4
木管樂器,muk5 gon3 ngok6 hi4
滿打滿算,man1 da3 man1 son4
滿地找牙,man1 ti4 zau3 nga2
滿當當,man1 dong1 dong1
矇眼仔,mung2 ngan3 zai3
那頂,la3 dang3
哪顆,lai4 ko3
南奧塞梯,lam2 au4 soi4 toi1
難於接近,lan2 yi1 ziap5 kiun4
難聽到死,lan2 tang4 dau4 si3
凹凸印,ngiap5 tut6 yin4
凹雕,ngiap5 diau1
彌滿,li2 man1
五苓散,ng3 lin2 san3
五十六萬,ng3 sip6 luk5 man4
五黃六月,ng3 vong2 luk5 ngiet6
衙前塱道,nga2 cien2 long3 tau4
瓦渣,nga3 za1
額定值,ngiak5 tin4 cit6
眼公仔,ngan3 gung1 zai3
硬打硬,ngang4 da3 ngang4
偽朝,ngui4 cau2
鈎稽,geu1 ki1
偶極,ngeu3 kit6
鵝行鴨步,ngo2 hang2 ap5 pu4
外甥媳婦,ngoi4 sang1 sit5 fu4
外照射,ngoi4 zau4 sa4
戇頭戇腦,ngong4 teu2 ngong4 lau3
腦後見腮,lau3 heu4 gien4 soi1
農夫車,lung2 fu1 ca1
愛港力量,oi4 gong3 lit6 liong4
愛遊玩,oi4 yiu2 van4
惡恨,ok5 hen4
惡語傷人,ok5 ngi1 song1 ngin2
拍門收數,pok5 mun2 siu1 su4
拋臉,pau1 liam3
憑靠,pin2 kau4
裨補,pi2 bu3
平衡態,pin2 fen2 tai4
平原河,pin2 ngien2 ho2
平安茶,pin2 on1 ca2
平靖,pin2 cin4
飄拂,piau1 fut5
漂礫,piau1 lit6
普通道,pu1 tung1 tau4
泡騰,pau1 ten2
配給量,pui4 gip5 liong4
蓬頭散髮,pung2 teu2 san4 fat5
潑水難收,pat5 sui3 lan2 siu1
沙地話,sa1 ti4 va4
沙磧,sa1 zit5
三寶樹,sam1 bau3 su4
三親六故,sam1 cin1 luk5 gu4
三朵,sam1 do3
三刀六洞,sam1 dau1 luk5 tung4
三刀六眼,sam1 dau1 luk5 ngan3
三角底褲,sam1 gok5 dai3 fu4
三日兩頭,sam1 ngit5 liong1 teu2
三言兩句,sam1 ngien2 liong1 gi4
三萬五千,sam1 man4 ng3 cien1
三面體,sam1 mien4 ti3
三秒膠,sam1 miau3 gau1
三門峽,sam1 mun2 hiap6
三山區,sam1 san1 ki1
三四名,sam1 si4 min2
三四排,sam1 si4 pai2
三四節,sam1 si4 ziet5
三扇,sam1 sien4
三户,sam1 fu4
三則,sam1 zet5
山道年,san1 tau4 ngien2
山谷道,san1 guk5 tau4
山裏紅,san1 li1 fung2
散散收收,san3 san3 siu1 siu1
散心解悶,san4 sim1 gai3 mun4
使脾氣,su3 pi2 hi4
心裏有譜,sim1 li1 yiu1 pu3
心裏癢癢,sim1 li1 yong1 yong1
深水灣道,cim1 sui3 van1 tau4
深屈,cim1 kiut5
沈河,sim3 ho2
沈威,sim3 vui1
新山道,sin1 san1 tau4
新成路,sin1 sin2 lu4
新中華,sin1 zung1 fa2
神神經經,sin2 sin2 gin1 gin1
腎盂炎,sin4 yi2 yam2
生物測定,sang1 vut6 cet5 tin4
十多層,sip6 do1 cen2
十多道,sip6 do1 tau4
實際困難,sit6 zi4 kun4 lan2
收簿,siu1 pu1
受降儀式,siu4 hong2 ngi2 sit5
賒銷,ca1 siau1
捨正從邪,sa3 zin4 cung2 sia2
蛇殼,sa2 hok5
死吖,si3 a1
成個彈起,sang2 go4 tan2 hi3
成朝早,sang2 zau1 zau3
水滸全傳,sui3 fu3 cien2 con4
水滸後傳,sui3 fu3 heu4 con4
信息靈通,sin4 sit5 lin2 tung1
使受傷,si3 siu4 song1
嗜痂成癖,si4 ga1 sin2 pit5
市長盃,si1 zong3 bui1
士丹頓街,su4 dan1 un4 gai1
士丹利街,su4 dan1 li4 gai1
事乾,su4 gon1
色度計,set5 tu4 ge4
適格,sit5 gak5
淅瀝瀝,sit5 lak5 lak5
食霸王飯,sit6 ba4 vong2 fan4
食啖,sit6 tam4
食管癌,sit6 gon3 ngam2
食果果,sit6 go3 go3
食人隻車,sit6 ngin2 zak5 gi1
食懵你,sit6 mung3 li3
鮮油包,sien1 yiu2 bau1
鮮選壽司,sien1 sien3 siu4 su1
線上音樂,sien4 song4 yim1 ngok6
聲名大震,sang1 min2 tai4 zin3
聖道迦南,sin4 tau4 ga1 lam2
聖神降臨,sin4 sin2 gong4 lim2
乘法表,sin2 fap5 biau3
乘火打劫,sin2 fo3 da3 giap5
成語接龍,sin2 ngi1 ziap5 lung2
成雙作對,sin2 sung1 zok5 dui4
消愁解悶,siau1 siu2 gai3 mun4
小便斗,siau3 pien4 deu3
少塊肉,sau3 kai4 ngiuk5
笑不可仰,siau4 but5 ko3 ngiong1
少府,sau4 fu3
疏挖,so1 vat5
相對密度,siong1 dui4 mit6 tu4
上齶,song4 ngok6
上尉軍官,song4 vui3 giun1 gon1
上中農,song4 zung1 lung2
桑間濮上,song1 gan1 puk6 song4
喪家之狗,song4 ga1 zu1 geu3
蘇打餅乾,su1 da3 biang3 gon1
蘇瓦,su1 nga3
數層,su4 cen2
數十張,su4 sip6 zong1
縮衣節食,suk5 yi1 ziet5 sit6
熟啤酒,suk6 bia1 ziu3
宋平,sung4 pin2
樹仔頭,su4 zai3 teu2
算命家,son4 miang4 ga1
算術平均,son4 sut6 pin2 giun1
旋轉極,sien2 zon3 kit6
雪仗,siet5 zong4
探祕,tam4 bi4
探驪得珠,tam4 li2 det5 zu1
探悉,tam4 sit5
潭影,tam2 yang3
談判制度,tam2 pan4 zi4 tu4
談吐之間,tam2 tu4 zu1 gan1
攤頭,tan1 teu2
塔木德經,tap5 muk5 det5 gin1
體大思精,ti3 tai4 su1 zin1
體內平衡,ti3 lui4 pin2 fen2
透視畫法,teu4 si4 fa4 fap5
投影面,teu2 yang3 mien4
踢着腳,tiak5 cok6 giok5
聽下聽下,tang4 ha4 tang4 ha4
推拉門,tui1 lai1 mun2
推剪,tui1 zien3
推薦表,tui1 zien4 biau3
頹然喪氣,tui2 yen2 song4 hi4
天搖地轉,tien1 yau2 ti4 zon3
天平商場,tien1 pin2 song1 cong2
停經期,tin2 gin1 ki2
鐵杉,tiet5 cam3
鐵牀,tiet5 cong2
調測,tiau2 cet5
調謔,tiau2 ngiok5
調唆,tiau2 so1
拖吊車,to1 diau4 ca1
通過事後,tung1 go4 su4 heu4
通行本,tung1 hang2 bun3
華景山路,fa2 gin3 san1 lu4
華蘭路,fa2 lan2 lu4
歪七扭八,vai1 cit5 ngiu3 bat5
玩卧底,van2 ngo4 dai3
環仔,van2 zai3
橫步,vang2 pu4
橫惦,vang2 diam4
橫檔,vang2 dong4
橫剖面,vang2 peu3 mien4
橫龍街,vang2 lung2 gai1
橫眉豎眼,vang2 mi2 su4 ngan3
遺傳信息,vui2 con2 sin4 sit5
維園道,vui2 yen2 tau4
為時不晚,vui2 si2 but5 man1
圍城打援,vui2 sang2 da3 yen1
偉觀,vui3 gon1
偉光正,vui3 gong1 zin4
為得朋友,vui4 det5 pen2 yiu1
衞生陶瓷,vui4 sang1 tau2 cu2
衞城道,vui4 sang2 tau4
雲景道,yun2 gin3 tau4
雲消霧散,yun2 siau1 vu4 san4
渾頭渾腦,fun2 teu2 fun2 lau3
耘田,yun2 tien2
屈親隻腳,kiut5 cin1 zak5 giok5
屈節,kiut5 ziet5
屈折語,kiut5 ziet5 ngi1
永泰道,yun1 tai4 tau4
倭軍,vo1 giun1
黃熱病毒,vong2 ngiet6 piang4 tuk6
王少清,vong2 sau4 cin1
王華湘,vong2 fa2 siong1
皇皇巨著,fong2 fong2 ki4 zu4
烏得勒支,vu1 det5 let5 zi1
烏燕鷗,vu1 yen4 iu1
烏蘭夫,vu1 lan2 fu1
烏魯汝,vu1 lu1 li3
弧長,fu2 cong2
胡克定律,fu2 ket5 tin4 lut6
胡吃海喝,fu2 ket5 hoi3 hot5
回車鍵,fui2 ca1 kien4
回籠覺,fui2 lung1 gau4
回旋餘地,fui2 sien2 yi2 ti4
會合處,fui4 hap6 cu4
援交小姐,yen1 gau1 siau3 zia3
揸鐵筆,za1 tiet5 bit5
擇菜,cak6 coi4
扎啤,zat5 bia1
掣板,zi4 ban3
震旦紀,zin3 dan4 gi3
執法如山,zip5 fap5 yi2 san1
執金吾,zip5 gim1 ng2
執贏,zip5 yang2
執蘇州屎,zip5 su1 ziu1 si3
質量保障,zit5 liong4 bau3 zong4
質量數,zit5 liong4 su4
鄒家華,zeu1 ga1 fa2
鄭健樂,cang4 kien4 lok6
鄭易里,cang4 yit6 li1
嶼南道,si4 lam2 tau4
芝麻仔,zi1 ma2 zai3
恣行無忌,zu3 hang2 vu2 ki4
自卸車,cu4 sia4 ca1
巳蛇,su4 sa2
即映即有,zit5 yang3 zit5 yiu1
職業素質,zit5 ngiap6 su4 zit5
尖頭倒腳,ziam1 teu2 dau4 giok5
櫼頭倒腳,ziam1 teu2 dau4 giok5
精彩人生,zin1 cai3 ngin2 sang1
正龜公,zang1 gui1 gung1
精唔精神,zin1 m1 zin1 sin2
精密化,zin1 mit6 fa4
精明強幹,zin1 min2 kiong2 gon4
精神狂亂,zin1 sin2 kong2 lon4
正電極,zin4 tien4 kit6
正斷層,zin4 ton4 cen2
正義鬥爭,zin4 ngi4 deu4 zang1
正常包,zin4 song2 bau1
正太控,zin4 tai4 kung4
浙贛,ziet5 gam4
截長補短,ciet6 cong2 bu3 don3
蕉蕾,ziau1 lui2
朝拍晚播,zau1 pok5 man1 bo4
照約定,zau4 yok5 tin4
坐不垂堂,co4 but5 sui2 tong2
坐便器,co4 pien4 hi4
坐觀成敗,co4 gon1 sin2 pai4
坐視無睹,co4 si4 vu2 du3
着人舊鞋,zok5 ngin2 kiu4 hai2
斫喪,zok5 song4
着火點,cok6 fo3 diam3
着慌,cok6 fong1
張國強,zong1 get5 kiong2
張學明,zong1 hok6 min2
張若虛,zong1 yok6 hi1
張美儀,zong1 mui1 ngi2
張屋,zong1 vuk5
張進偉,zong1 zin4 vui3
長西裝,zong3 si1 zong1
掌中戲,zong3 zung1 hi4
觸處,cuk5 cu4
竹葉青蛇,zuk5 yap6 ciang1 sa2
中前衞,zung1 cien2 vui4
中短債,zung1 don3 zai4
中景道,zung1 gin3 tau4
終結句,zung1 giet5 gi4
舂下舂下,zung1 ha4 zung1 ha4
中峽,zung1 hiap6
中峽道,zung1 hiap6 tau4
舂坎角,zung1 kam3 gok5
舂磡角道,zung1 ham4 gok5 tau4
中控面板,zung1 kung4 mien4 ban3
中立地帶,zung1 lip6 ti4 dai4
縱裂,zung1 liet6
舂落去,zung1 lok6 hi4
中文數字,zung1 vun2 su4 su4
中山服,zung1 san1 fuk6
中轉倉,zung1 zon3 cong1
重義輕利,cung4 ngi4 kiang1 li4
煮好飯,zu3 hau3 fan4
尊賢使能,zun1 hien2 si3 len2
尊命,zun1 min4
轉帆,zon3 fam2
轉義,zon3 ngi4
轉戰千里,zon3 zien4 cien1 li1
轉矩,zon4 gi3
轉唔轉行,zon4 m1 zon4 hong2
轉紐,zon4 liu3
塞拉耶佛,soi4 lai1 ya2 fut6
祕書處,bi4 su1 cu3
交易處理,gau1 yit6 cu3 li1
刻鵠類鶩,kat5 fuk5 lui4 vu4
票務處,piau4 vu4 cu3
善後處理,sen4 heu4 cu3 li1
恩重如山,en1 cung1 yi2 san1
恩重如山,en1 cung4 yi2 san1
亞瑟士,a1 set5 su4
巴巴結結,ba1 ba1 giet5 giet5
八拜之交,bat5 bai4 zu1 gau1
八仔機,bat5 zai3 gi1
鮑參翅肚,bau1 sem1 ci4 du3
包華士道,bau1 fa2 su4 tau4
不前不後,but5 cien2 but5 heu4
不易之論,but5 yit6 zu1 lun4
不落痕跡,but5 lok6 hen2 zit5
不問好歹,but5 mun4 hau3 dai3
不平而鳴,but5 pin2 yi2 min2
啤把,bia1 ba3
卑躬屈節,bi1 giung1 kiut5 ziet5
彼得後書,bi3 det5 heu4 su1
祕書處,bi4 su1 cu4
被加數,pi4 ga1 su4
被上訴人,pi4 song4 su4 ngin2
邊防要塞,bien1 fong2 yau4 soi4
邊夠時間,bien1 geu4 si2 gan4
便函,pien4 ham2
便衣兵,pien4 yi1 bin1
屏退,bin3 tui4
炳着,biang3 cok6
並行計算,bin4 hang2 ge4 son4
表示層,biau3 si4 cen2
波美度,bo1 mui1 tu4
扑親,bok6 cin1
博覽道中,bok5 lam4 tau4 zung1
薄油層,pok6 yiu2 cen2
保甲制度,bau3 gap5 zi4 tu4
寶覺小學,bau3 gok5 siau3 hok6
報錯價,bau4 co4 ga4
布鞋仔,bu4 hai2 zai3
報紙攤,bau4 zi3 tan1
部分值,pu4 fun4 cit6
步行蟲,pu4 hang2 cung2
暴龍科,pau4 lung2 ko1
簿籍,pu4 cit6
背脊厚,boi4 zit5 heu4
搬遷户,ban1 cien1 fu4
搬翻,ban1 fan1
搬磚砸腳,ban1 zon1 zap5 giok5
本底調查,bun3 dai3 tiau4 ca2
本壘打,bun3 lui3 da3
差不離,ca1 but5 li2
擦鞋墊,cat5 hai2 tiap6
抄化,cau1 fa4
妻妾成羣,ci1 ciap5 sin2 kiun2
測量學,cet5 liong2 hok6
侵略擴張,cim1 liok6 kok5 zong1
沉凝,cim2 ngien2
陳樂頤,cin2 lok6 yi2
七番,cit5 fan1
七窮六絕,cit5 kiung2 luk5 ciet6
七種武器,cit5 zung3 vu1 hi4
醜甩耳仔,ciu3 lot5 ngi3 zai3
車牀,ca1 cong2
請食凍柑,ciang3 sit6 dung4 gam1
巡邏箱,sun2 lo3 siong1
出溜,cut5 liu4
恃強欺弱,si4 kiong2 ki1 ngiok6
敕命,cit5 min4
簽埋名,ciam1 mai2 min2
前仔,cien2 zai3
青鮫,ciang1 gau1
青江菜,ciang1 gong1 coi4
稱孤道寡,cin1 gu1 tau4 ga3
青宮,ciang1 giung1
青康路,ciang1 kong1 lu4
青年幹部,ciang1 ngien2 gon4 pu4
青葙,ciang1 siong1
青檀,ciang1 tan2
切骨之仇,ciet5 gut5 zu1 siu2
切平面,ciet5 pin2 mien4
朝鮮太宗,cau2 sien1 tai4 zung1
錯誤碼,co4 ngu4 ma1
坐茶監,co1 ca2 gam1
倡言者,cong4 ngien2 za3
長班車,cong2 ban1 ca1
長義街,cong2 ngi4 gai1
長流流,cong2 liu2 liu2
長寧街,cong2 len2 gai1
長平公主,cong2 pin2 gung1 zu3
長征軍,cong2 zin1 giun1
蒼背山雀,cong1 boi4 san1 ziok5
醋種,cu4 zung3
沖淡水,cung1 tam1 sui3
重定向,cung2 tin4 hiong4
重結晶,cung2 giet5 zin1
重慶火鍋,cung2 kin4 fo3 vo1
重巒疊嶂,cung2 lan2 tiap6 zong4
重碼,cung2 ma1
重新長大,cung2 sin1 zong3 tai4
重立立,cung1 lip6 lip6
重手重腳,cung1 siu3 cung1 giok5
儲精囊,su2 zin1 long2
忖量,cun3 liong2
串仔,con4 zai3
存簿,sun2 pu1
傳出神經,con2 cut5 sin2 gin1
傳道部,con2 tau4 pu4
傳入神經,con2 ngip6 sin2 gin1
傳信鴿,con2 sin4 gap5
傳輸協定,con2 su1 hiap6 tin4
傳輸控制,con2 su1 kung4 zi4
打燈謎,da3 den1 mi2
打富濟貧,da3 fu4 zi4 pin2
打機去,da3 gi1 hi4
打腳骨,da3 giok5 gut5
打工廠工,da3 gung1 cong3 gung1
打孔鑽,da3 kung3 zon4
打箍,da3 ku1
打羣架,da3 kiun2 ga4
打蛇不死,da3 sa2 but5 si3
打禪,da3 sam2
打小算盤,da3 siau3 son4 pan2
打製石器,da3 ze4 sak6 hi4
打字法,da3 su4 fap5
大度包容,tai4 tu4 bau1 yung2
大家坐低,tai4 ga1 co1 dai1
大學道,tai4 hok6 tau4
大連排道,tai4 lien2 pai2 tau4
大網仔路,tai4 miong3 zai3 lu4
大寫鎖定,tai4 sia3 so3 tin4
大成小學,tai4 sin2 siau3 hok6
擔起頭家,dam1 hi3 teu2 ga1
擔荷,dam1 ho4
蜑户,tan4 fu4
踏青賞花,tap6 ciang1 song3 fa1
遞件,ti4 kien4
第二打,ti4 ngi4 da1
第二滴,ti4 ngi4 tit6
第三狀態,ti4 sam1 cong4 tai4
兜篤將軍,deu1 duk5 ziong1 giun1
地理緯度,ti4 li1 vui3 tu4
堆高車,doi1 gau1 ca1
對講電話,dui4 gong3 tien4 va4
滴水石穿,tit6 sui3 sak6 con1
點心卡,diam3 sim1 ka1
典質,dien3 zit5
電傳機,tien4 con2 gi1
電陶爐,tien4 tau2 lu2
電話講緊,tien4 va4 gong3 gin3
丁丑,den1 ciu3
丁字步,den1 su4 pu4
貂禪,diau1 sam2
調參,tiau4 cam1
調號,tiau4 hau4
多吃多佔,do1 ket5 do1 zam4
多謀善斷,do1 meu2 sen4 ton4
多早晚,do1 zau3 man1
墮落雞,to4 lok6 gai1
當牛作馬,dong1 ngiu2 zok5 ma1
嘟嘟噥噥,du1 du1 lung2 lung2
毒蠅傘,tuk6 yin2 san4
讀者羣,tuk6 za3 kiun2
東部華僑,dung1 pu4 fa2 kiau2
東中國海,dung1 zung1 get5 hoi3
番狗仔,fan1 geu3 zai3
反射定律,fan3 sa4 tin4 lut6
范長龍,fam4 cong2 lung2
泛海,fam4 hoi3
飯堂吃飯,fan4 tong2 ket5 fan4
法國長棍,fap5 get5 cong2 gun4
粉嶺樓路,fun3 liang1 leu2 lu4
剖肝瀝膽,peu3 gon1 lit6 dam3
放低二兩,fong4 dai1 ngi4 liong3
放射防護,fong4 sa4 fong2 fu4
防潮墊,fong2 cau2 tiap6
副祕書長,fu4 bi4 su1 zong3
戽被,fu4 pi1
婦姑勃谿,fu4 gu1 put6 kai1
附屬腺,fu4 suk6 sien4
灰背燕尾,foi1 boi4 yen4 mui1
悔恨交加,fui4 hen4 gau1 ga1
福興鄉,fuk5 hin1 hiong1
福壽綿長,fuk5 siu4 mien2 cong2
輻射散射,fuk5 sa4 san3 sa4
輻射體,fuk5 sa4 ti3
伏案,fuk6 on4
奉承討好,fung4 sin2 tau3 hau3
加多近街,ga1 do1 kiun4 gai1
階磚仔,gai1 zon1 zai3
監頭簿,gam1 teu2 pu1
監生食,gam4 sang1 sit6
艱深晦澀,gan1 cim1 fui4 sep5
間隔攝影,gan4 gak5 ngiap5 yang3
間接賓語,gan4 ziap5 bin1 ngi1
交叉火力,gau1 ca1 fo3 lit6
交叉旗,gau1 ca1 ki2
計件工資,ge4 kien4 gung1 zu1
今文經,gim1 vun2 gin1
金城道,gim1 sang2 tau4
敢不從命,gam3 but5 cung2 min4
敢打敢衝,gam3 da3 gam3 cung1
感覺器,gam3 gok5 hi4
跟下眼,gen1 ha4 ngan3
緊密相聯,gin3 mit6 siong1 lien2
近似解,kiun4 su4 gai3
九重霄,giu3 cung2 siau1
九打,giu3 da1
夠行頭,geu4 hong2 teu2
機靈鬼,gi1 lin2 gui3
基朗中學,gi1 long3 zung1 hok6
頸仔,giang3 zai3
巨蛇尾,ki4 sa2 mui1
極大值,kit6 tai4 cit6
極角,kit6 gok5
見風使帆,gien4 fung1 su3 fam2
驚慌失色,gin1 fong1 sit5 set5
驚戒,gin1 gai4
驚急,gin1 gip5
結草銜環,giet5 cau3 ham2 van2
結歡,giet5 fon1
結合模型,giet5 hap6 mu2 hin2
結喉,giet5 heu2
結纓,giet5 yin1
個心好翳,go4 sim1 hau3 ngi4
改惡向善,goi3 ok5 hiong4 sen4
角質素,gok5 zit5 su4
乾糧袋,gon1 liong2 toi4
講三字經,gong3 sam1 su4 gin1
高麗朝,gau1 li4 cau2
古墓麗影,gu3 mu4 li4 yang3
館陶,gon3 tau2
冠麻鴨,gon4 ma2 ap5
供出同伙,giung1 cut5 tung2 fo3
供出同夥,giung1 cut5 tung2 fo3
功高望重,gung1 gau1 mong4 cung4
供血者,giung1 hiet5 za3
公唔公道,gung1 m1 gung1 tau4
供銷商,giung1 siau1 song1
工字背,gung1 su4 boi4
摑一下,get3 yit5 ha4
桂木屬,gui4 muk5 suk6
過度關懷,go4 tu4 gan1 fai2
國外貿易,get5 ngoi4 meu3 yit6
光前裕後,gong1 cien2 yi4 heu4
鞋仔屐仔,hai2 zai3 kiak6 zai3
客觀主義,hak5 gon1 zu3 ngi4
鹹濕電影,ham2 sip5 tien4 yang3
行勻全國,hang2 yun2 cien2 get5
考勤簿,kau3 kiun2 pu1
刻鵠類鶩,ket5 fuk5 lui4 vu4
吭吭,hang1 hang1
盒仔飯,hap6 zai3 fan4
核辦,het6 pan4
核冬天,het6 dung1 tien1
核計,het6 ge4
瞎拼,hat5 pin4
核小體,het6 siau3 ti3
喉乾頸渴,heu2 gon1 giang3 hot5
喉塞音,heu2 set5 yim1
後車之鑒,heu4 ca1 zu1 gam4
後鈎,heu4 geu1
後援軍,heu4 yen1 giun1
起落裝置,hi3 lok6 zong1 zi4
起五更,hi3 ng3 gang1
戲仔,hi4 zai3
吃飽撐着,ket5 bau3 cang1 cok6
吃得住,ket5 det5 cu4
吃牛雜,ket5 ngiu2 cap6
去坐地鐵,hi4 co1 ti4 tiet5
去湛江,hi4 zam3 gong1
協調道,hiap6 tiau4 tau4
協恩中學,hiap6 en1 zung1 hok6
河卵石,ho2 lon3 sak6
響應時間,hiong3 yin4 si2 gan4
學下人哋,hok6 ha4 ngin2 ti4
看菜吃飯,kon4 coi4 ket5 fan4
行檔,hong2 dong4
好都得,hau3 du1 det5
好鬼痛,hau3 gui3 tung4
好好戀愛,hau3 hau3 lien4 oi4
好面善,hau3 mien4 sen4
好惡死,hau3 ok5 si3
好色水,hau3 set5 sui3
好酒貪杯,hau3 ziu3 tam1 bui1
蠔仔粥,hau2 zai3 zuk5
控辯交易,kung4 pien4 gau1 yit6
控制層,kung4 zi4 cen2
紅十字車,fung2 sip6 su4 ca1
勸善懲惡,kien4 sen4 cin2 ok5
陰氣重,yim1 hi4 cung2
一暴十寒,yit5 pau4 sip6 hon2
一國三公,yit5 get5 sam1 gung1
一言為重,yit5 ngien2 vui2 cung4
一兩題,yit5 liong1 ti2
一兩種,yit5 liong1 zung3
一命歸天,yit5 min4 gui1 tien1
一直落去,yit5 cit6 lok6 hi4
一張台,yit5 zong1 toi2
一轉手,yit5 zon3 siu3
遊興正濃,yiu2 hin4 zin4 ngiung2
猶未為晚,yiu2 vui4 vui2 man1
揉磨,ngeu2 mo2
有差價,yiu1 ca1 ga4
有錯就改,yiu1 co4 ciu4 goi3
有核國家,yiu1 het6 get5 ga1
有無相通,yiu1 vu2 siong1 tung1
依家好亂,yi1 ga1 hau3 lon4
依屬,yi1 suk6
而家好亂,yi2 ga1 hau3 lon4
以西結書,yi1 si1 giet5 su1
義德道,ngi4 det5 tau4
逆反應,ngiak6 fan3 yin4
易門,yit6 mun2
掖庭,yit6 tin2
鹽田仔,yam2 tien2 zai3
染色質,ngiam4 set5 zit5
煙霧症,yen1 vu4 zin4
燕爾新婚,yen4 li3 sin1 fun1
燕尾旗,yen4 mui1 ki2
言行若一,ngien2 hang2 yok6 yit5
研船,ngan3 son2
現實結果,hien4 sit6 giet5 go3
應辦,yin1 pan4
應急待命,yin4 gip5 toi4 min4
應智越,yin4 zi4 yet6
盈鳳里,yin2 fung4 li1
形影相弔,hin2 yang3 siong1 diau4
業成街,ngiap6 sin2 gai1
吆喊,yau1 ham4
要過濾,yau4 go4 li4
耀道中學,yau4 tau4 zung1 hok6
約道,yok5 tau4
揚清激濁,yong2 cin1 git5 cuk6
洋腔洋調,yong2 kiong1 yong2 tiau4
楊鐵樑,yong2 tiet5 liong2
仰屋興歎,ngiong1 vuk5 hin1 tan4
仰屋著書,ngiong1 vuk5 zu4 su1
漁撈,ng2 leu2
渝中,yi2 zung1
渝中區,yi2 zung1 ki1
雨層雲,yi3 cen2 yun2
圓玄一中,yen2 hien2 yit5 zung1
元洲仔,ngien2 ziu1 zai3
軟硬不吃,ngion1 ngang4 but5 ket5
縣委會,yen4 vui1 fui4
粵語詞彙,yet6 ngi1 cu2 fui4
月滿則虧,ngiet6 man1 zet5 kui1
卡托維茲,ka1 tok5 vui2 zu1
楷體字,kai3 ti3 su4
舅少,kiu1 sau4
舅仔鞋,kiu1 zai3 hai2
羯磨,giet5 mo2
翹企,kiau2 ki1
翹拇指,kiau2 mu3 zi3
翹硬,kiau2 ngang4
強辯到底,kiong3 pien4 dau4 dai3
擴充卡,kok5 cung1 kat6
狂暴者,kong2 pau4 za3
拉拉隊長,lai1 lai1 dui4 zong3
拉雜成軍,lai1 cap6 sin2 giun1
冷澀,lang1 sep5
撈埋一碟,leu2 mai2 yit5 tiap6
黎燕珊,lai2 yen4 san1
麗翔道,li4 siong2 tau4
立立重,lip6 lip6 cung1
立體交叉,lip6 ti3 gau1 ca1
摟休,leu1 hiu1
流裏流氣,liu2 li1 liu2 hi4
溜邊,liu4 bien1
溜光,liu4 gong1
嫠婦,li2 fu4
理財之道,li1 coi2 zu1 tau4
李重茂,li3 cung2 meu4
鯉景道,li1 gin3 tau4
里瓦爾多,li1 nga3 li3 do1
雷公蛇,lui2 gung1 sa2
嫘縈,lui2 yin2
雷霆節拍,lui2 tin2 ziet5 pok5
廉正公署,liam2 zin4 gung1 su4
臉膛,liam3 tong2
連毛監屎,lien2 mau1 gam4 si3
連續監視,lien2 suk6 gam1 si4
連軸轉,lien2 cuk6 zon3
靈花,lin2 fa1
嶺南中學,liang3 lam2 zung1 hok6
另存為,lang4 sun2 vui2
另眼相待,lang4 ngan3 siong1 toi4
列王記上,liet6 vong2 gi4 song4
攞命搏,lo3 miang4 bok5
量瓶,liong2 pin2
兩家好,liong1 ga1 hau3
兩缸,liong1 gong1
兩河文明,liong1 ho2 vun2 min2
兩日遊,liong1 ngit5 yiu2
兩眼濕濕,liong1 ngan3 sip5 sip5
兩三串,liong1 sam1 con4
兩三格,liong1 sam1 gak5
兩三罐,liong1 sam1 gon4
兩三拳,liong1 sam1 kien2
兩三堂,liong1 sam1 tong2
兩生類,liong1 sang1 lui4
量腹,liong4 fuk5
落筆之初,lok6 bit5 zu1 co1
樂而忘形,lok6 yi2 mong4 hin2
落葉層,lok6 yap6 cen2
落雨大,lok6 yi3 tai4
落簾,lok6 liam2
落蚊帳,lok6 mun1 zong4
落棧,lok6 can4
路由協定,lu4 yiu2 hiap6 tin4
露兩手,lu4 liong1 siu3
碌士,luk5 si3
六親無靠,luk5 cin1 vu2 kau4
六千五百,luk5 cien1 ng3 bak5
六朝時代,luk5 cau2 si2 toi4
六串,luk5 con4
陸定一,luk6 tin4 yit5
六合八法,luk5 hap6 bat5 fap5
六害,luk5 hoi4
六樣,luk5 yong4
六匹,luk5 pit5
六啤,luk5 pia1
六所,luk5 so3
壟斷販賣,lung1 ton4 fan4 mai4
馬仰人翻,ma1 ngiong1 ngin2 fan1
碼頭道,ma1 teu2 tau4
紋層,vun2 cen2
文化道,vun2 fa4 tau4
問候卡,mun4 heu4 ka1
謀臣猛將,meu2 sin2 mang1 ziong4
畝產量,meu1 san3 liong4
微伏,mi2 fuk6
未有得食,vui4 yiu1 det5 sit6
面善心惡,mien4 sen4 sim1 ok5
名次表,min2 cu4 biau3
名籤,min2 ciam1
名稱權,min2 cin1 kien2
明槍易躲,min2 ciong1 yi4 do3
名店坊,min2 diam4 fong2
名都廣場,min2 du1 gong3 cong2
妙語橫生,miau4 ngi1 vang2 sang1
摩天嶺,mo2 tien1 liang1
磨齒,mo2 ci3
磨牀,mo2 cong2
磨嘰,mo2 gi1
磨砂殼,mo2 sa1 hok5
剝啄,bok5 dok5
莫士比港,mok6 su4 bi3 gong3
網絡層,miong3 lok6 cen2
網路應用,miong3 lu4 yin4 yung4
無從交代,vu2 cung2 gau1 toi4
武經七書,vu1 gin1 cit5 su1
冇釐,mau2 li2
霧幔,vu4 man4
梅道,moi2 tau4
枚乘,moi2 sin2
滿舵,man1 to4
滿坐寂然,man1 co4 cit5 yen2
懵卵,mung3 lon3
哪項,lai4 hong4
男儐相,lam2 bin4 siong4
南風道,lam2 fung1 tau4
泥質岩,lai2 zit5 ngam2
凹度,ngiap5 tu4
吳少芳,ng2 sau4 fong1
五油三水,ng3 yiu2 sam1 sui3
伍少梅,ng3 sau4 moi2
衙前圍道,nga2 cien2 vui2 tau4
雅間,nga3 gan1
岩燕,ngam2 yen4
銀禧中學,ngiun2 hi1 zung1 hok6
銀行仔,ngiun2 hong2 zai3
勾股定理,geu1 gu3 tin4 li1
牛心柿,ngiu2 sim1 se2
戇喪,ngong4 song4
棯仔,lem3 zai3
稔仔,lim3 zai3
年華路,ngien2 fa2 lu4
內胚層,lui4 poi1 cen2
諾丁漢,lok5 den1 hon4
燶丁,lung1 den1
農圃道,lung2 pu3 tau4
阿其所好,o1 ki2 so3 hau4
哀惜,oi1 sit5
愛之如命,oi4 zu1 yi2 min4
惡語中傷,ok5 ngi1 zung4 song1
惡跡,ok5 zit5
安達中心,on1 tat6 zung1 sim1
按兩下,on4 liong1 ha4
拍攝製作,pok5 ngiap5 ze4 zok5
烹調術,pen1 tiau2 sut6
拋射物,pau1 sa4 vut6
炮仗街,pau4 cong4 gai1
貧窮落後,pin2 kiung2 lok6 heu4
姘婦,pin1 fu4
拼桌,pin4 zok5
拼寫錯誤,pin4 sia3 co4 ngu4
平地機,pin2 ti4 gi1
平均水準,pin2 giun1 sui3 zun3
平壤之戰,pin2 yong4 zu1 zien4
瓶塞鑽,pin2 set5 zon4
漂遊,piau1 yiu2
鋪家,pu4 ga1
胚層,poi1 cen2
配種季節,pui4 zung3 gui4 ziet5
培成路,pui2 sin2 lu4
沙福道,sa1 fuk5 tau4
沙瀝公路,sa1 lit6 gung1 lu4
三邊形,sam1 bien1 hin2
三杯酒,sam1 bui1 ziu3
三堆,sam1 doi1
三具,sam1 ki3
三擊掌,sam1 git5 zong3
三個六,sam1 go4 luk5
三角褲衩,sam1 gok5 fu4 ca4
三行仔,sam1 hong2 zai3
三四格,sam1 si4 gak5
三四間,sam1 si4 gan1
三劃王,sam1 vak6 vong2
三黃雞,sam1 vong2 gai1
三趾鷗,sam1 zi3 iu1
散伙飯,san4 fo3 fan4
生乾精,sang1 gon1 zin1
生活散漫,sang1 fat6 san3 man4
省治,sen3 ci4
心好翳,sim1 hau3 ngi4
心眼好,sim1 ngan3 hau3
心誠中學,sim1 sin2 zung1 hok6
深圳呀,cim1 zun4 a2
沈葆禎,sim3 bau3 zin1
審級制度,sim3 kip5 zi4 tu4
新亞中學,sin1 a1 zung1 hok6
新伴侶,sin1 pan4 li1
神魂不定,sin2 fun2 but5 tin4
生命有價,sang1 miang4 yiu1 ga4
生命之光,sang1 miang4 zu1 gong1
失讀症,sit5 tuk6 zin4
首創精神,siu3 cong3 zin1 sin2
手影機,siu3 yang3 gi1
秀茂坪道,siu4 meu4 piang2 tau4
捨己為公,sa3 gi3 vui4 gung1
蛇毒素,sa2 tuk6 su4
蛇管,sa2 gon3
蛇石坳,sa2 sak6 au4
社交才能,sa1 gau1 coi2 len2
死中求生,si3 zung1 kiu2 sang1
四海升平,si4 hoi3 sin1 pin2
四五行,si4 ng3 hong2
聲都震,sang1 du1 zin3
成牀,sang2 cong2
成個買,sang2 go4 mai1
成頭大汗,sang2 teu2 tai4 hon4
需不需要,si1 but5 si1 yau4
水磨功夫,sui3 mo2 gung1 fu1
睡回籠覺,soi4 fui2 lung1 gau4
馴從,sun2 cung2
使怒,si3 lu4
視錯覺,si4 co4 gok5
事後聰明,su4 heu4 cung1 min2
士林路,su4 lim2 lu4
士叻,su4 liak6
適婚期,sit5 fun1 ki2
適間,sit5 gan1
識文斷字,sit5 vun2 don4 su4
識妳,sit5 li1
食晏晝飯,sit6 an4 ziu4 fan4
食得下,sit6 det5 ha4
食坊,sit6 fong2
食山頭,sit6 san1 teu2
食屎屎,sit6 si3 si3
禪思,sam2 su1
鮮露,sien1 lu4
聖家學校,sin4 ga1 hok6 gau3
成擔心機,sin2 dam1 sim1 gi1
乘機搏懵,sin2 gi1 bok5 mung3
成列,sin2 liet6
銷士,siau1 si3
燒壞瓦,sau1 fai4 nga3
少陽病,sau4 yong2 piang4
傻瓜相機,so2 ga1 siong4 gi1
傷筋斷骨,song1 gin1 ton1 gut5
雙腳撐直,sung1 giok5 cang4 cit6
相沿成習,siong1 yen2 sin2 sip6
雙名法,sung1 min2 fap5
廂式車,siong1 sit5 ca1
常怡道,song2 yi2 tau4
上格牀,song4 gak5 cong2
上洋,song4 yong2
上馬石,song4 ma1 sak6
數百張,su4 bak5 zong1
數滴,su4 tit6
數伏,su4 fuk6
數種,su4 zung3
贖參,suk6 sem1
薯仔文,su2 zai3 vun2
宣道中學,sien1 tau4 zung1 hok6
算咯,son4 gok6
船上交貨,son2 song4 gau1 fo4
旋轉乾坤,sien2 zon3 kien2 kun1
太平車,tai4 pin2 ca1
太平村,tai4 pin2 cun1
太平鋪,tai4 pin2 pu1
貪近,tam1 kiun1
探脈,tam4 mak5
探題,tam4 ti2
攤曬,tan1 sai4
聽過隔籬,tang4 go4 gak5 li2
聽過隔離,tang4 go4 gak5 li2
聽聞講,tang4 vun2 gong3
聽實,tang4 sit6
推斥,tui1 cit5
推斷力,tui1 ton4 lit6
推人落井,tui1 ngin2 lok6 ziang3
推唔推介,tui1 m1 tui1 gai4
頹垣斷壁,tui2 yen2 ton4 biak5
田間管理,tien2 gan1 gon3 li1
聽捱打,tin4 ngai2 da3
聽執笠,tin4 zip5 lip5
鐵甲船,tiet5 gap5 son2
鐵館,tiet5 gon3
鐵殼,tiet5 hok5
鐵軸,tiet5 cuk6
調光器,tiau2 gong1 hi4
調味肉汁,tiau2 mui4 ngiuk5 zip5
條命正,tiau2 miang4 zang4
駝背鯨,to2 boi4 kin1
駝背仔,to2 boi4 zai3
唐公嶺,tong2 gung1 liang1
討好自己,tau3 hau3 cu4 gi3
圖財害命,tu2 coi2 hoi4 min4
圖形卡,tu2 hin2 kat6
陶盅,tau2 zung1
通信量,tung1 sin4 liong4
臀推,tun2 tui1
華靡,fa2 mi2
橫摺,vang2 zap5
威化餅乾,vui1 fa4 biang3 gon1
為得過,vui2 det5 go4
為人正直,vui2 ngin2 zin4 cit6
圍名歌,vui2 miang2 go1
圍仔,vui2 zai3
諱名,vui3 min2
運貨馬車,yun4 fo4 ma1 ca1
宏光道,fen2 gong1 tau4
屈駕,kiut5 ga4
屈撓,kiut5 lau2
屈頭雞,kiut5 teu2 gai1
屈鐵線,kiut5 tiet5 sien4
核核突突,fut6 fut6 tut6 tut6
永平街,yun1 pin2 gai1
倭瓜,vo1 ga1
黃國興,vong2 get5 hin1
黃漂,vong2 piau1
黃庭經,vong2 tin2 gin1
黃筠陶,vong2 yun2 tau2
烏漆墨黑,vu1 cit5 met6 het5
烏干達人,vu1 gon1 tat6 ngin2
烏下烏下,vu1 ha4 vu1 ha4
烏溪沙村,vu1 kai1 sa1 cun1
弧線長,fu2 sien4 cong2
户樞不蠹,fu4 ki1 but5 du4
回唔回應,fui2 m1 fui2 yin4
回旋曲,fui2 sien2 kiuk5
會話表,fui4 va4 biau3
緩急相濟,fon4 gip5 siong1 zi4
揸手掣,za1 siu3 zi4
紮孖辮,zat5 ma1 bien1
擠踏,zi4 tap6
制成品,zi4 sin2 pin3
滯塞,ce4 set5
枕長,zim3 cong2
真攞命,zin1 lo3 miang4
鎮定藥,zin3 tin4 yok6
震昏,zin3 fun1
振興中,zin3 hin1 zung1
震惶,zin3 fong2
爭長論短,zang1 cong2 lun4 don3
曾家瑩,zen1 ga1 yin2
曾蔭培,zen1 yim4 pui2
曾若華,zen1 yok6 fa2
增為,zen1 vui2
執白,zip5 pak6
執怪,zip5 gai4
執輸過人,zip5 su1 go4 ngin2
姪婦,cit6 fu4
窒窒下,cit6 cit6 ha4
走好運,zeu3 hau3 yun4
謝小華,cia4 siau3 fa2
進退為難,zin4 tui4 vui2 lan2
滋養層,zu1 yong1 cen2
自變量,cu4 bien4 liong4
自己更新,cu4 gi3 gang1 sin1
植物結構,cit6 vut6 giet5 geu4
植物生長,cit6 vut6 sang1 zong3
漸近線,ciam4 kiun4 sien4
戰略重點,zien4 liok6 cung4 diam3
精蟲衝腦,zin1 cung2 cung1 lau3
精英匯,zin1 yin1 fui4
精靈文,zin1 lin2 vun2
徵士,zin1 su4
正當權利,zin4 dong4 kien2 li4
正向力,zin4 hiong4 lit6
正言厲色,zin4 ngien2 li4 set5
正常成本,zin4 song2 sin2 bun3
靜宓,cin4 met6
靜坐不能,cin4 co4 but5 len2
哲學著作,ziet5 hok6 zu4 zok5
左道惑眾,zo3 tau4 fet6 zung4
坐藥,co4 yok6
張春橋,zong1 cun1 kiau2
張愛萍,zong1 oi4 pin2
張雀仔,zong1 ziok5 zai3
仗腰,cong4 yau1
載途,zoi4 tu2
足君好,zuk5 giun1 hau3
逐筆,cuk6 bit5
濁臭熏天,cuk6 ciu4 hiun1 tien1
逐漸廢棄,cuk6 ciam4 fui4 hi4
中間纖維,zung1 gan1 siam1 vui2
中學西用,zung1 hok6 si1 yung4
中意靚,zung1 yi4 liang4
中庸思想,zung1 yung2 su1 siong3
中原電器,zung1 ngien2 tien4 hi4
中立政策,zung1 lip6 zin4 cak5
中鋪,zung1 pu1
中途擱淺,zung1 tu2 gok5 cien3
中匯街,zung1 fui4 gai1
種塊,zung3 kai4
總務組長,zung3 vu4 zu3 zong3
眾擎易舉,zung4 kiang2 yi4 gi3
眾怒難息,zung4 lu4 lan2 sit5
重量輕質,cung4 liong4 kiang1 zit5
豬仔餅,zu1 zai3 biang3
注射針頭,zu4 sa4 zim1 teu2
鑽勁,zon1 gin4
專名詞,zon1 min2 cu2
專門列車,zon1 mun2 liet6 ca1
專題研習,zon1 ti2 ngan3 sip6
尊重事實,zun1 cung4 su4 sit6
轉韻,zon3 yun4
轉筆刀,zon4 bit5 dau1
轉筋,zon4 gin1
鑽油台,zon4 yiu2 toi2
轉磨,zon4 mo4
轉側,zon4 zet5
拙笨,zot5 bun4
絕對觀念,ciet6 dui4 gon1 ngiam4
中括號,zung1 gat5 hau4
蹲踞,cun2 gi4
出處不如聚處,cut5 cu3 but5 yi2 ci4 cu3
各處鄉村各處例,gok5 cu3 hiong1 cun1 gok5 cu3 li4
逛下逛下,kong3 ha4 kong3 ha4
揆情度理,kui2 cin2 tok6 li1
呃鬼食豆腐,ak5 gui3 sit6 teu4 fu4
扼喉撫背,ak5 heu2 fu3 boi4
蔽身處,bi4 sin1 cu3
不當之處,but5 dong4 zu1 cu3
出處不如聚處,cut5 cu4 but5 yi2 ci4 cu3
出處不如聚處,cut5 cu3 but5 yi2 ci4 cu4
超刻,cau1 kat5
處方主義,cu3 fong1 zu3 ngi4
處理公款,cu3 li1 gung1 kan3
處理藥物,cu3 li1 yok6 vut6
貯水處,cu1 sui3 cu3
處堂燕雀,cu3 tong2 yen4 ziok5
存車處,sun2 ca1 cu3
踏破鐵鞋無覓處得來全不費工夫,tap6 po4 tiet5 hai2 vu2 met5 cu3 det5 loi2 cien2 but5 fui4 gung1 fu1
得饒人處且饒人,det5 ngiau2 ngin2 cu3 cia3 ngiau2 ngin2
電腦雕刻,tien4 lau3 diau1 kat5
到處留情,dau4 cu3 liu2 cin2
歡聚此刻,fon1 ci4 cu3 kat5
街道辦事處,gai1 tau4 pan4 su4 cu3
激光雕刻,git5 gong1 diau1 kat5
各處鄉村各處例,gok5 cu4 hiong1 cun1 gok5 cu3 li4
各處鄉村各處例,gok5 cu3 hiong1 cun1 gok5 cu4 li4
高處不勝寒,gau1 cu3 but5 sin1 hon2
刻公章,kat5 gung1 zong1
刻錄機,kat5 luk6 gi1
憩息處,hi4 sit5 cu3
香港警務處,hiong1 gong3 gin3 vu4 cu3
二刻拍案驚奇,ngi4 kat5 pok5 on4 gin1 ki2
嚴加懲處,ngiam2 ga1 cin2 cu3
黎曼羅赫定理,lai2 man4 lo2 het5 tin4 li1
聯合國祕書處,lien2 hap6 get5 bi4 su1 cu3
配藥處,pui4 yok6 cu3
西區警處,si1 ki1 gin3 cu3
失物招領處,sit5 vut6 zau1 liang1 cu3
宋代石刻,sung4 toi4 sak6 kat5
選舉事務處,sien3 gi3 su4 vu4 cu3
衞生處學生健康服務,vui4 sang1 cu3 hok6 sang1 kien4 kong1 fuk6 vu4
自然語言處理,cu4 yen2 ngi1 ngien2 cu3 li1
政府新聞處,zin4 fu3 sin1 vun2 cu3
招租處,zau1 zu1 cu3
駐代表處,zu4 toi4 biau3 cu3
啞仔食雲吞,a3 zai3 sit6 yun2 tun1
啞仔食黃蓮,a3 zai3 sit6 vong2 lien2
亞里士多德,a1 li1 su4 do1 det5
亞太經合組織,a1 tai4 gin1 hap6 zu3 zit5
亞太經濟合作組織,a1 tai4 gin1 zi4 hap6 zok5 zu3 zit5
亞洲與太平洋,a1 ziu1 yi1 tai4 pin2 yong2
亞洲太平洋經濟合作組織,a1 ziu1 tai4 pin2 yong2 gin1 zi4 hap6 zok5 zu3 zit5
挨時間,ai1 si2 gan4
挨話,ai1 va4
鴨仔聽雷,ap5 zai3 tang4 lui2
鴨仔聽雷公,ap5 zai3 tang4 lui2 gung1
押平聲韻,ap5 pin2 sang1 yun4
拗薑,au3 giong1
拗心白菜,au3 sim1 pak6 coi4
拗蔗鬚,au3 za4 si1
拗到掂,au4 dau4 tiam4
詏交,au4 gau1
拗陷,au4 ham3
矮茄,ai3 kio2
矮磨球,ai3 mo4 kiu2
矮磨碌,ai3 mo4 luk5
矮仔粉,ai3 zai3 fun3
曀焗,yi4 kiuk6
庵摩落迦果,am1 mo2 lok6 ga1 go3
歐當歸,iu1 dong1 gui1
歐姆定律,iu1 mu1 tin4 lut6
歐洲自由貿易聯盟,iu1 ziu1 cu4 yiu2 meu3 yit6 lien2 men2
嘔出物,iu3 cut5 vut6
嘔心瀝血之作,iu3 sim1 lak5 hiet5 zu1 zok5
嘔死,iu3 si3
漚仔,iu4 zai3
巴前算後,ba1 cien2 son4 heu4
巴勒斯坦解放組織,ba1 let5 su1 tan3 gai3 fong4 zu3 zit5
巴蕾舞團,ba1 lui2 mu3 ton2
巴三覽四,ba1 sam1 lam4 si4
巴西美食,ba1 si1 mui1 sit6
巴斯德消毒法,ba1 su1 det5 siau1 tuk6 fap5
巴頭探腦,ba1 teu2 tam4 lau3
擺長龍,bai3 cong2 lung2
拜人為師,bai4 ngin2 vui2 su1
敗不成軍,pai4 but5 sin2 giun1
敗兵折將,pai4 bin1 ziet5 ziong4
百般巴結,bak5 ban1 ba1 giet5
百尺竿頭更進一步,bak5 cak5 gon1 teu2 gen4 zin4 yit5 pu4
百貨應百客,bak5 fo4 yin4 bak5 hak5
百利士,bak5 li4 su4
百忙當中,bak5 mong2 dong1 zung1
百無一長,bak5 vu2 yit5 cong2
百慕大三角,bak5 mu4 tai4 sam1 gok5
伯努利定理,bak5 lu3 li4 tin4 li1
白背兀鷲,pak6 boi4 ngut5 ciu4
白扯淡,pak6 ca3 tam4
白翅百靈,pak6 ci4 bak5 lin2
白頂玄鷗,pak6 dang3 hien2 iu1
白頂溪鴝,pak6 dang3 kai1 ki2
白角仔,pak6 gok5 zai3
白冠燕尾,pak6 gon4 yen4 mui1
白冠攀雀,pak6 gon4 pan1 ziok5
白骨頂,pak6 gut5 din3
白鵠,pak6 fuk5
白飲白食,pak6 yim3 pak6 sit6
白莧紫茄,pak6 han4 zu3 kio2
白腰燕鷗,pak6 yau1 yen4 iu1
白橋仔,pak6 kiau2 zai3
白眼河燕,pak6 ngan3 ho2 yen4
白砒,pak6 pi1
白首齊眉,pak6 siu3 ce2 mi2
白石凹,pak6 sak6 au4
帛畫,pet6 fa4
白雲深霧,pak6 yun2 cim1 vu4
白屈菜,pak6 kiut5 coi4
斑背潛鴨,ban1 boi4 ciam2 ap5
斑背燕尾,ban1 boi4 yen4 mui1
班荊相對,ban1 gin1 siong1 dui4
斑腰燕,ban1 yau1 yen4
斑臉海番鴨,ban1 liam3 hoi3 fan1 ap5
班禪額爾德尼,ban1 sam2 ngiak5 li3 det5 li2
扮煮飯仔,pan4 zu3 fan4 zai3
八百載,bat5 bak5 zai3
八寶山革命公墓,bat5 bau3 san1 gak5 min4 gung1 mu4
八旗制度,bat5 ki2 zi4 tu4
八字生得正,bat5 su4 sang1 det5 zang4
包產到户制,bau1 san3 dau4 fu4 zi4
包飲包食,bau1 yim3 bau1 sit6
包氏螺旋體,bau1 si4 lo2 sien2 ti3
爆流量,bau4 liu2 liong4
跛腳佬,bai1 giok5 lau3
跛手太監,bai1 siu3 tai4 gam4
閉門塞竇,bi4 mun2 set5 deu4
蔽身處,bi4 sin1 cu4
閉會祈禱,bi4 fui4 ki2 dau3
賓語關係從句,bin1 ngi1 gan1 he4 cung2 gi4
品味人間,pin3 mui4 ngin2 gan1
品質部,pin3 zit5 pu4
品質檢查,pin3 zit5 giam3 ca2
品質工業,pin3 zit5 gung1 ngiap6
殯車,bin4 ca1
笨蔗,bun4 za4
不包吃,but5 bau1 ket5
不包吃住,but5 bau1 ket5 cu4
不打不相識,but5 da3 but5 siong1 sit5
不等邊三角形,but5 den3 bien1 sam1 gok5 hin2
不等價交換,but5 den3 ga4 gau1 von4
不定形,but5 tin4 hin2
不定元,but5 tin4 ngien2
不伏燒埋,but5 fuk6 sau1 mai2
不夠使,but5 geu4 su3
不記名投票,but5 gi4 min2 teu2 piau4
不經之談,but5 gin1 zu1 tam2
不顧前後,but5 gu4 cien2 heu4
不吃多點,but5 ket5 do1 diam3
不吃人間煙火,but5 ket5 ngin2 gan1 yen1 fo3
不可數名詞,but5 ko3 su4 min2 cu2
不好運,but5 hau3 yun4
不規則三角形,but5 gui1 zet5 sam1 gok5 hin2
不摟,but5 leu1
不列顛哥倫比亞省,but5 liet6 dien1 go1 lun2 bi3 a1 sen3
不名數,but5 min2 su4
不能平靜,but5 len2 pin2 cin4
不拍拖,but5 pok5 to1
不偏極,but5 pien1 kit6
不平等條約,but5 pin2 den3 tiau2 yok5
不鏽鐵,but5 siu4 tiet5
不食人間煙火,but5 sit6 ngin2 gan1 yen1 fo3
不成文規定,but5 sin2 vun2 gui1 tin4
不相容原理,but5 siong1 yung2 ngien2 li1
不想拍拖,but5 siong3 pok5 to1
不聽電話,but5 tang4 tien4 va4
不同部分,but5 tung2 pu4 fun4
不為酒困,but5 vui2 ziu3 kun4
不穩定氣流,but5 vun3 tin4 hi4 liu2
不正當競爭,but5 zin4 dong4 gin4 zang1
不正當關係,but5 zin4 dong4 gan1 he4
不正常狀況,but5 zin4 song2 cong4 kong3
不轉換,but5 zon4 von4
啤灰,bia1 foi1
啤工,bia1 gung1
悲歌當哭,bui1 go1 dong4 kuk5
比亞迪汽車,bi3 a1 tit6 ki4 ca1
俾非士,bi1 fui1 si3
比例中項,bi3 li4 zung1 hong4
俾路支省,bi1 lu4 zi1 sen3
俾三盒飯,bi1 sam1 hap6 fan4
俾水濁親,bi1 sui3 cuk6 cin1
被除數,pi4 cu2 su4
鼻哥窿擔遮,pi4 go1 lung1 dam1 za1
避坑落井,pi4 hang1 lok6 ziang3
被疑者,pi4 ngi2 za3
被佔領土,pi4 zam4 liang1 tu3
病到五顏六色,piang4 dau4 ng3 ngan2 luk5 set5
病毒血症,piang4 tuk6 hiet5 zin4
病向淺中醫,piang4 hiong4 cien3 zung1 yi1
迫到震,bet5 dau4 zin3
逼下逼下,bit5 ha4 bit5 ha4
壁效應,biak5 hau4 yin4
壁塞,biak5 set5
邊度關事,bien1 tu4 gan1 su4
邊個打邊個,bien1 go4 da3 bien1 go4
邊吃邊聊,bien1 ket5 bien1 liau2
邊一晚,bien1 yit5 man1
邊兩樣,bien1 liong1 yong4
鞭闢入裏,bien1 pit5 ngip6 li1
變得好似,bien4 det5 hau3 su4
變調太難,bien4 tiau4 tai4 lan2
變色易容,bien4 set5 yit6 yung2
變質作用,bien4 zit5 zok5 yung4
便車旅行者,pien4 ca1 li3 hang2 za3
兵敗如山倒,bin1 pai4 yi2 san1 dau3
冰封三尺非一日之寒,ben1 fung1 sam1 cak5 fui1 yit5 ngit5 zu1 hon2
冰凝器,ben1 ngien2 hi4
冰成於水,ben1 sin2 yi1 sui3
冰上曲棍球,ben1 song4 kiuk5 gun4 kiu2
屏蔽罐,bin3 bi4 gon4
丙三醇,biang3 sam1 sun2
丙種射線,biang3 zung3 sa4 sien4
波茨坦會議,bo1 ci2 tan3 fui4 ngi4
玻意耳定律,bo1 yi4 ngi3 tin4 lut6
波斯話,bo1 su1 va4
扑鑊勁,bok6 vok6 gin4
駁腳差佬,bok5 giok5 cai1 lau3
駁腳偵探,bok5 giok5 zin1 tam4
博下彩,bok5 ha4 cai3
博下懵,bok5 ha4 mung3
博一博單車變摩托,bok5 yit5 bok5 dan1 ca1 bien4 mo2 tok5
搏一搏單車變摩托,bok5 yit5 bok5 dan1 ca1 bien4 mo2 tok5
博而不精,bok5 yi2 but5 zin1
搏命玩,bok5 miang4 van2
搏懵呀,bok5 mung3 a2
傍近,pong4 kiun4
傍江,pong4 gong1
傍人門户,pong4 ngin2 mun2 fu4
傍柳隨花,pong4 liu3 sui2 fa1
傍亮,pong4 liong4
傍午,pong4 ng3
傍户而立,pong4 fu4 yi2 lip6
煲好了,bau1 hau3 liau3
煲乜,bau1 mak5
褒禪山,bau1 sam2 san1
煲中藥,bau1 zung1 yok6
保不齊,bau3 but5 ce2
寶寶玩具,bau3 bau3 van4 ki3
寶貝當家,bau3 bui4 dong1 ga1
保長對應,bau3 cong2 dui4 yin4
保角對應,bau3 gok5 dui4 yin4
補漏趁天晴讀書趁年輕,bu3 leu4 cin4 tien1 ciang2 tuk6 su1 cin4 ngien2 kiang1
寶馬香車,bau3 ma1 hiong1 ca1
保安交通,bau3 on1 gau1 tung1
保安局局長,bau3 on1 kiuk6 kiuk6 zong3
保衞生命,bau3 vui4 sang1 min4
報道攝影師,bau4 tau4 ngiap5 yang3 su1
報緊名,bau4 gin3 miang2
步斗踏罡,pu4 deu3 tap6 gong1
哺雞仔,pu3 gai1 zai3
捕狗仔,pu3 geu3 zai3
簿記管理員,pu4 gi4 gon3 li1 yen2
簿記文員,pu4 gi4 vun2 yen2
部長級會議,pu4 zong3 kip5 fui4 ngi4
杯酒解怨,bui1 ziu3 gai3 yen4
背褡,boi4 dap5
背光源,boi4 gong1 ngien2
背脢,boi4 moi2
背山臨水,boi4 san1 lim2 sui3
背手影,boi4 siu3 yang3
背脊高,boi4 zit5 gau1
背角,poi4 gok5
搬牀,ban1 cong2
搬馬,ban1 ma1
搬唆,ban1 so1
本底輻射,bun3 dai3 fuk5 sa4
本地海鮮,bun3 ti4 hoi3 sien1
本溪滿族自治縣,bun3 kai1 man1 cuk6 cu4 ci4 yen4
半長軸,ban4 cong2 cuk6
半導體探測器,ban4 tau3 ti3 tam4 cet5 hi4
半間不界,ban4 gan1 but5 gai4
半中腰,ban4 zung1 yau1
伴隨效應,pan4 sui2 hau4 yin4
伴矩陣,pan4 gi3 cin4
伴君如伴虎,pan4 giun1 yi2 pan4 fu3
差謬,ca1 meu3
差五點,ca1 ng3 diam3
差訛,ca1 ngo2
差之毫釐繆以千里,ca1 zu1 hau2 li2 miu4 yi1 cien1 li1
差之毫釐謬以千里,ca1 zu1 hau2 li2 meu3 yi1 cien1 li1
差之毫釐繆之千里,ca1 zu1 hau2 li2 miu4 zu1 cien1 li1
差之毫釐謬之千里,ca1 zu1 hau2 li2 meu3 zu1 cien1 li1
岔調,ca4 tiau4
查抄家產,ca2 cau1 ga1 san3
茶樓搬家,ca2 leu2 ban1 ga1
查鋪,ca2 pu1
踩水影,cai3 sui3 yang3
柴車,cai2 ca1
柴門小户,cai2 mun2 siau3 fu4
參卡爾,cam1 ka1 li3
參量,cam1 liong4
參數化,cam1 su4 fa4
慘綠愁紅,cam3 luk6 siu2 fung2
鏟運車,can3 yun4 ca1
撐屎艇,cang1 si3 tiang3
撐到恆,cang4 dau4 hen2
插錯線,cap5 co4 sien4
插血為盟,cap5 hiet5 vui2 men2
擦親下,cat5 cin1 ha4
炒孖更,cau3 ma1 gang1
砌層,ci4 cen2
齊心戮力,ce2 sim1 luk6 lit6
齊聲叫好,ce2 sang1 giau4 hau3
測量室,cet5 liong2 sit5
寢具總彙,cim3 ki3 zung3 fui4
沉香當爛柴,cim2 hiong1 dong4 lan4 cai2
親切友好,cin1 ciet5 yiu1 hau3
親兄弟明算帳,cin1 hiung1 ti4 min2 son4 zong4
親生仔不如近身錢,cin1 sang1 zai3 but5 yi2 kiun4 sin1 cien2
親疏貴賤,cin1 so1 gui4 cien4
趁機行事,cin4 gi1 hang2 su4
陳年中草藥,cin2 ngien2 zung1 cau3 yok6
曾經美麗,cen2 gin1 mui1 li4
七重唱,cit5 cung2 cong4
七月三十號,cit5 ngiet6 sam1 sip6 hau4
七平八穩,cit5 pin2 bat5 vun3
抽吖,ciu1 a1
抽得兩咀,ciu1 det5 liong1 zu3
抽水抽着火水,ciu1 sui3 ciu1 cok6 fo3 sui3
秋蟬跌落地,ciu1 sam2 diet5 lok6 ti4
醜婦終須見家翁,ciu3 fu4 zung1 si1 gien4 ga1 vung1
溴單質,ciu4 dan1 zit5
湊夠一個好字,ceu4 geu4 yit5 go4 hau3 su4
臭蜢蜢,ciu4 mang1 mang1
車友一族,ca1 yiu1 yit5 cuk6
車轅,ca1 yen2
車來車去,ca1 loi2 ca1 hi4
車水過田,ca1 sui3 go4 tien2
車歪炮台,ca1 vai1 pau4 toi2
車站士多,ca1 zam4 su4 do1
車軸草,ca1 cuk6 cau3
扯行鼻鼾,ca3 hang2 pi4 hon2
扯喇,ca3 la2
扯埋落水,ca3 mai2 lok6 sui3
邪靈退散,sia2 lin2 tui4 san4
邪牌電影,sia2 pai2 tien4 yang3
邪牌愛差人,sia2 pai2 oi4 cai1 ngin2
赤道畿內亞,cak5 tau4 gi1 lui4 a1
赤道逆流,cak5 tau4 ngiak6 liu2
請求時間,ciang3 kiu2 si2 gan4
吹到啤一聲,cui1 dau4 bia1 yit5 sang1
吹下吹下,cui1 ha4 cui1 ha4
炊事班長,cui1 su4 ban1 zong3
吹式士風,cui1 sit5 su4 fung1
吹簫乞食,cui1 siau1 ket5 sit6
娶妻求淑婦,ci3 ci1 kiu2 suk6 fu4
脆柿,cioi4 se2
隨風倒柳,sui2 fung1 dau3 liu3
隨機變量,sui2 gi1 bien4 liong4
春秋左氏傳,cun1 ciu1 zo3 si4 con4
春滿人間,cun1 man1 ngin2 gan1
春黃菊屬,cun1 vong2 kiuk5 suk6
出錯信息,cut5 co4 sin4 sit5
出處不如聚處,cut5 cu4 but5 yi2 ci4 cu4
出言成章,cut5 ngien2 sin2 zong1
出門無六月,cut5 mun2 vu2 luk5 ngiet6
出神音樂,cut5 sin2 yim1 ngok6
痴痴呆呆坐埋一枱,ci1 ci1 ngoi2 ngoi2 co1 mai2 yit5 toi2
痴心情長劍,ci1 sim1 cin2 cong2 giam4
黐食,ci1 sit6
詞長效應,cu2 cong2 hau4 yin4
弛禁,ci2 gim4
詞項邏輯,cu2 hong4 lo3 cip5
詞優效應,cu2 yiu2 hau4 yin4
詞語彙,cu2 ngi1 fui4
弛張熱,ci2 zong1 ngiet6
姒文命,su4 vun2 min4
纖度,siam1 tu4
簽好名,ciam1 hau4 miang2
籤卡,ciam1 kat6
纖維囊泡症,siam1 vui2 long2 pau1 zin4
千揀萬揀揀着個爛燈盞,cien1 gan3 man4 gan3 gan3 cok6 go4 lan4 den1 zan3
千金難買向南樓,cien1 gim1 lan2 mai1 hiong4 lam2 leu2
千金難買心頭好,cien1 gim1 lan2 mai1 sim1 teu2 hau4
千經萬卷,cien1 gin1 man4 gien3
遷喜搬家,cien1 hi3 ban1 ga1
千里送鵝毛物輕情義重,cien1 li1 sung4 ngo2 mau1 vut6 kiang1 cin2 ngi4 cung4
淺層文字,cien3 cen2 vun2 su4
淺希近求,cien3 hi1 kiun4 kiu2
前清後欠,cien2 cin1 heu4 kiam4
前言不對後語,cien2 ngien2 but5 dui4 heu4 ngi1
前磨齒,cien2 mo2 ci3
前無古人後無來者,cien2 vu2 gu3 ngin2 heu4 vu2 loi2 za3
前鬆後緊,cien2 sung1 heu4 gin3
青春一族,ciang1 cun1 yit5 cuk6
清倉大拍賣,cin1 cong1 tai4 pok5 mai4
青貯,ciang1 cu1
清官難審家庭事,cin1 gon1 lan2 sim3 ga1 tin2 su4
青果領,ciang1 go3 liang1
青荇,ciang1 hen4
青原區,ciang1 ngien2 ki1
青龍偃月刀,ciang1 lung2 yen3 ngiet6 dau1
青面雞,ciang1 mien4 gai1
清明上河圖,cin1 min2 song4 ho2 tu2
青年公寓,ciang1 ngien2 gung1 ngi4
青年一族,ciang1 ngien2 yit5 cuk6
青年仔,ciang1 ngien2 zai3
清史列傳,cin1 su3 liet6 con4
青銅器時代,ciang1 tung2 hi4 si2 toi4
清華培訓,cin1 fa2 pui2 hiun4
青雲觀,ciang1 yun2 gon1
情報研究,cin2 bau4 ngan3 giu4
情人眼裏出西施,cin2 ngin2 ngan3 li1 cut5 si1 si1
設定區,siet5 tin4 ki1
切向速度,ciet5 hiong4 suk5 tu4
切削速度,ciet5 siok5 suk5 tu4
切中時病,ciet5 zung4 si2 piang4
超速旋風,cau1 suk5 sien2 fung1
超刻,cau1 ket5
超聯結,cau1 lien2 giet5
超文本傳送協議,cau1 vun2 bun3 con2 sung4 hiap6 ngi4
超文本傳輸協定,cau1 vun2 bun3 con2 su1 hiap6 tin4
超少人,cau1 sau3 ngin2
朝局,cau2 kiuk6
朝鮮核談,cau2 sien1 het6 tam2
朝鮮海峽,cau2 sien1 hoi3 hiap6
朝鮮字母,cau2 sien1 su4 mu1
朝鮮總督府,cau2 sien1 zung3 duk5 fu3
潮勝,cau2 sin1
朝中有人好辦事,cau2 zung1 yiu1 ngin2 hau3 pan4 su4
初速度,co1 suk5 tu4
初歸新抱落地孩兒,co1 gui1 sin1 pau1 lok6 ti4 hai2 yi2
初露才華,co1 lu4 coi2 fa2
錯覺結合,co4 gok5 giet5 hap6
錯落有緻,co4 lok6 yiu1 zi4
坐多陣吖,co1 do1 cin4 a1
坐慣坐熟,co1 gan4 co1 suk6
坐埋一條船,co1 mai2 yit5 tiau2 son2
坐埋同一條船,co1 mai2 tung2 yit5 tiau2 son2
戳下戳下,cok5 ha4 cok5 ha4
桌上型電腦,zok5 song4 hin2 tien4 lau3
搶上風,ciong3 song4 fung1
長白山天池,cong2 pak6 san1 tien1 ci2
長轡遠馭,cong2 bi4 yen3 ngi4
長青藤,cong2 ciang1 ten2
長儲,cong2 su2
場地自行車,cong2 ti4 cu4 hang2 ca1
牆縫,siong2 fung2
長腳秧雞,cong2 giok5 yong1 gai1
長角羊,cong2 gok5 yong2
長崗見,cong2 gong1 gien4
長江後浪推前浪,cong2 gong1 heu4 long4 tui1 cien2 long4
長江三角洲,cong2 gong1 sam1 gok5 ziu1
長江三角洲經濟區,cong2 gong1 sam1 gok5 ziu1 gin1 zi4 ki1
長氣到死,cong2 hi4 dau4 si3
長耳鴞,cong2 ngi3 hiau1
場區應急,cong2 ki1 yin4 gip5
長距離比賽,cong2 ki3 li2 bi3 soi4
牆裏牆外,siong2 li1 siong2 ngoi4
長尾鴨,cong2 mui1 ap5
長尾賊鷗,cong2 mui1 cet6 iu1
長尾林鴞,cong2 mui1 lim2 hiau1
長尾朱雀,cong2 mui1 zu1 ziok5
長命功夫,cong2 miang4 gung1 fu1
長命工夫,cong2 miang4 gung1 fu1
長命工夫長命做,cong2 miang4 gung1 fu1 cong2 miang4 zo4
長撓撓,cong2 lau2 lau2
場外應急,cong2 ngoi4 yin4 gip5
長蓬力,cong2 pung2 lit6
長沙美食,cong2 sa1 mui1 sit6
長生板,cong2 sang1 ban3
長秈,cong2 sien1
長泰縣,cong2 tai4 yen4
長痛不如短痛,cong2 tung4 but5 yi2 don3 tung4
長趾濱鷸,cong2 zi3 bin1 yut6
睬你都有味,cai3 li3 du1 yiu1 mui4
彩色打印,cai3 set5 da3 yin4
賽車看台,soi4 ca1 kon4 toi2
菜香不愁巷仔深,coi4 hiong1 but5 siu2 hong4 zai3 cim1
塞爾維亞克羅地亞語,soi4 li3 vui2 a1 ket5 lo2 ti4 a1 ngi1
塞爾維亞語,soi4 li3 vui2 a1 ngi1
塞爾維亞民主黨,soi4 li3 vui2 a1 min2 zu3 dong3
塞爾維亞和黑山,soi4 li3 vui2 a1 fo4 het5 san1
財經系,coi2 gin1 hi4
財政司司長,coi2 zin4 su1 su1 zong3
錯落不齊,cok5 lok6 but5 ce2
剒住度氣,cok5 cu4 tu4 hi4
蒼頭燕雀,cong1 teu2 yen4 ziok5
創意經典,cong3 yi4 gin1 dien3
藏藏掖掖,cong2 cong2 yit6 yit6
牀鋪被蓆,cong2 pu1 pi1 ciak6
牀舖,cong2 pu4
牀仔,cong2 zai3
曹不興,cau2 but5 hin4
嘈嘈震,cau2 cau2 zin3
速調管,suk5 tiau4 gon3
衝斷層,cung1 ton4 cen2
葱嶺,cung1 liang1
沖涼睡覺,cung1 liong2 soi4 gau4
沖着,cung1 cok6
從此往後,cung2 cu3 vong1 heu4
重重復復,cung2 cung2 fuk6 fuk6
重睹天日,cung2 du3 tien1 ngit5
從東莞,cung2 dung1 gon3
重複語境,cung2 fuk5 ngi1 gin3
重複使力傷害,cung2 fuk5 su3 lit6 song1 hoi4
從寬辦理,cung2 kon1 pan4 li1
重慶風味,cung2 kin4 fung1 mui4
從右到左,cung2 yiu4 dau4 zo3
重歷舊遊,cung2 lit6 kiu4 yiu2
從外到裏,cung2 ngoi4 dau4 li1
松樹嶺,cung2 su4 liang3
從頭來,cung2 teu2 loi2
松仔腳,cung2 zai3 giok5
重臂,cung1 bi4
重罰不用,cung1 fat6 but5 yung4
重賦,cung1 fu4
重機關槍,cung1 gi1 gan1 ciong1
重力感應,cung1 lit6 gam3 yin4
重量噸,cung1 liong4 dun1
重眼皮兒,cung1 ngan3 pi2 yi2
重水反應堆,cung1 sui3 fan3 yin4 doi1
重碳酸鹽,cung1 tan4 son1 yam2
重碳酸鈣,cung1 tan4 son1 goi4
貯水處,cu1 sui3 cu4
村前村後,cun1 cien2 cun1 heu4
穿多件,con1 do1 kien4
川黨參,con1 dong3 sem1
穿透輻射,con1 teu4 fuk5 sa4
寸到嘔,cun4 dau4 iu3
傳播四方,con2 bo4 si4 fong1
存車處,sun2 ca1 cu4
傳情物意,con2 cin2 vut6 yi4
存儲結構,sun2 su2 giet5 geu4
傳道受業,con2 tau4 siu4 ngiap6
全跏坐,cien2 ga1 co1
全國人大會議,cien2 get5 ngin2 tai4 fui4 ngi4
傳球法,con2 kiu2 fap5
全球位置測定系統,cien2 kiu2 vui4 zi4 cet5 tin4 hi4 tung3
全球會議,cien2 kiu2 fui4 ngi4
全面推廣,cien2 mien4 tui1 gong3
傳三過四,con2 sam1 go4 si4
傳輸層,con2 su1 cen2
傳輸控制協定,con2 su1 kung4 zi4 hiap6 tin4
傳輸媒質,con2 su1 moi2 zit5
傳統詞類,con2 tung3 cu2 lui4
傳統中國醫藥,con2 tung3 zung1 get5 yi1 yok6
傳讚,con2 zan4
傳真電報,con2 zin1 tien4 bau4
打啞語,da3 a3 ngi1
打靶鬼,da3 ba3 gui3
打靶佬,da3 ba3 lau3
打把式,da3 ba3 sit5
打包踭,da3 bau1 zang1
打薄剪刀,da3 pok6 zien3 dau1
打層次,da3 cen2 cu4
打出腳骨,da3 cut5 giok5 gut5
打場大風執塊樹葉,da3 cong2 tai4 fung1 zip5 kai4 su4 yap6
打大翻,da3 tai4 fan1
打得埋,da3 det5 mai2
打突兀,da3 tut6 ngut5
打對仗,da3 dui4 zong4
打掂,da3 tiam4
打掂放,da3 tiam4 fong4
打掂寫,da3 tiam4 sia3
打電腦遊戲,da3 tien4 lau3 yiu2 hi4
打倒掟,da3 dau4 diang4
打倒掟放,da3 dau4 diang4 fong4
打翻電話,da3 fan1 tien4 va4
打風咯,da3 fung1 lo3
打鳳眼,da3 fung4 ngan3
打膠槍,da3 gau1 ciong1
打跟頭,da3 gen1 teu2
打狗欺主,da3 geu3 ki1 zu3
打擊軍事力量,da3 git5 giun1 su4 lit6 liong4
打個突兀,da3 go4 tut6 ngut5
打高爾夫球,da3 gau1 li3 fu1 kiu2
打鼓趁興,da3 gu3 cin4 hin4
打光機,da3 gong1 gi1
打哄,da3 fung3
打印服務器,da3 yin4 fuk6 vu4 hi4
打游戲機,da3 yiu2 hi4 gi1
打煙槍,da3 yen1 ciong1
打纜地,da3 lam4 ti4
打爛沙盤,da3 lan4 sa1 pan2
打爛沙盆問到篤,da3 lan4 sa1 pun2 mun4 dau4 duk5
打爛沙盆璺到篤,da3 lan4 sa1 pun2 mun4 dau4 duk5
打螺絲,da3 lo2 su1
打來回,da3 loi2 fui2
打埋算盤,da3 mai2 son4 pan2
打悶雷,da3 mun4 lui2
打鈎,da3 geu1
打勾勾,da3 geu1 geu1
打棚埔,da3 pang2 bu4
打蛇打七寸,da3 sa2 da3 cit5 cun4
打死不離親兄弟,da3 si3 but5 li2 cin1 hiung1 ti4
打死狗講價,da3 si3 geu3 gong3 ga4
打屎窟,da3 si3 fut5
打算出去,da3 son4 cut5 hi4
打頭鑼,da3 teu2 lo2
打挺兒,da3 tin3 yi2
打鐵散工,da3 tiet5 san3 gung1
打通任督二脈,da3 tung1 ngim4 duk5 ngi4 mak5
打橫炮,da3 vang2 pau4
打鑊堅,da3 vok6 gien1
打針紙,da3 zim1 zi3
打怵,da3 zut5
打仗仔,da3 zong4 zai3
帶分數,dai4 fun4 su4
大便祕結,tai4 pien4 bi4 giet5
大柴旦行政區,tai4 cai2 dan4 hang2 zin4 ki1
大啖一番,tai4 tam4 yit5 fan1
大個仔咯,tai4 go4 zai3 lo3
大江健三郎,tai4 gong1 kien4 sam1 long2
大興安嶺山脈,tai4 hin1 on1 liang3 san1 mak5
大紅柿,tai4 fung2 se2
大有名堂,tai4 yiu1 min2 tong2
大懶使二懶,tai4 lan1 su3 ngi4 lan1
大量殺傷武器,tai4 liong4 sat5 song1 vu1 hi4
大磨刀,tai4 mo2 dau1
大無畏精神,tai4 vu2 vui4 zin1 sin2
大蝻蛇,tai4 lam2 sa2
大難不死必有後福,tai4 lan4 but5 si3 bit5 yiu1 heu4 fuk5
大三巴牌坊,tai4 sam1 ba1 pai2 fong2
大西洋中脊,tai4 si1 yong2 zung1 zit5
大使大食,tai4 su3 tai4 sit6
大蛇屙屎,tai4 sa2 o1 si3
大蛇痾屎,tai4 sa2 o1 si3
大石笮死蟹,tai4 sak6 zak5 si3 hai3
大食蟻獸,tai4 sit6 li1 ciu4
大小三度,tai4 siau3 sam1 tu4
大體相當,tai4 ti3 siong1 dong1
大種雞,tai4 zung3 gai1
擔餅,dam1 biang3
擔茶,dam1 ca2
擔鋤頭,dam1 co2 teu2
擔凳,dam1 den4
擔雪填井,dam1 siet5 tien2 ziang3
膽驚心顫,dam3 gin1 sim1 zien1
擔竿也曾做過筍,dam4 gon1 ya1 cen2 zo4 go4 sun3
淡泊寡味,tam4 pok6 ga3 mui4
淡淡定定,tam4 tam4 tin4 tin4
單層塔,dan1 cen2 tap5
單車修理,dan1 ca1 siu1 li1
單車維修,dan1 ca1 vui2 siu1
單解碼,dan1 gai3 ma1
單機容量,dan1 gi1 yung2 liong4
單鏡反光相機,dan1 giang4 fan3 gong1 siong4 gi1
單身部落,dan1 sin1 pu4 lok6
單純皰疹病毒,dan1 sun2 piau4 zin3 piang4 tuk6
彈簧墊圈,tan2 vong2 tiap6 kien1
搭錯賊船,dap5 co4 cet6 son2
搭縫,dap5 fung2
踏青賞春,tap6 ciang1 song3 cun1
踏繪,tap6 kui4
踏兩頭船,tap6 liong1 teu2 son2
踏破鐵鞋無覓處得來全不費工夫,tap6 po4 tiet5 hai2 vu2 met5 cu4 det5 loi2 cien2 but5 fui4 gung1 fu1
踏襲,tap6 sip6
沓正七點,tap6 zang4 cit5 diam3
低速層,dai1 suk5 cen2
第一把交椅,ti4 yit5 ba3 gau1 yi3
第一調,ti4 yit5 tiau4
第一個層次,ti4 yit5 go4 cen2 cu4
第三師範,ti4 sam1 su1 fam4
遞推公式,ti4 tui1 gung1 sit5
德國學術交流總署,det5 get5 hok6 sut6 gau1 liu2 zung3 su4
德國孖人牌,det5 get5 ma1 ngin2 pai2
得人怕,det5 ngin2 pa4
得饒人處且饒人,det5 ngiau2 ngin2 cu4 cia3 ngiau2 ngin2
得鋪牛力,det5 pu1 ngiu2 lit6
得些好意須回手,det5 sia1 hau3 yi4 si1 fui2 siu3
得罪人多稱呼人少,det5 cui4 ngin2 do1 cin1 fu1 ngin2 sau3
抌石仔,dem3 sak6 zai3
躉落地,dun3 lok6 ti4
扽扽下,dun4 dun4 ha4
扽監,dun4 gam1
等比定理,den3 bi3 tin4 li1
等邊三角形,den3 bien1 sam1 gok5 hin2
等差級數,den3 ca1 kip5 su4
等多下,den3 do1 ha4
等多一會,den3 do1 yit5 fui4
等到頸都長,den3 dau4 giang3 du1 cong2
等腰三角形,den3 yau1 sam1 gok5 hin2
等米落鑊,den3 mi3 lok6 vok6
鄧小平理論,ten4 siau3 pin2 li1 lun4
突破難關,tut6 po4 lan2 gan1
突觸後,tut6 cuk5 heu4
鬥牛士之歌,deu4 ngiu2 su4 zu1 go1
地好濕,ti4 hau3 sip5
地區差價,ti4 ki1 ca1 ga4
地心緯度,ti4 sim1 vui3 tu4
地鐵仔,ti4 tiet5 zai3
地質年表,ti4 zit5 ngien2 biau3
地質年代表,ti4 zit5 ngien2 toi4 biau3
地中海貧血,ti4 zung1 hoi3 pin2 hiet5
糴糧食,tak6 liong2 sit6
掟包糯米雞,diang4 bau1 lo4 mi3 gai1
掟穿頭,diang4 con1 teu2
掟花球,diang4 fa1 kiu2
對頂角,dui4 dang3 gok5
對方付費電話,dui4 fong1 fu4 fui4 tien4 va4
對方付款電話,dui4 fong1 fu4 kan3 tien4 va4
對應值,dui4 yin4 cit6
對外貿易經濟合作部,dui4 ngoi4 meu3 yit6 gin1 zi4 hap6 zok5 pu4
滴定,tit6 tin4
滴漏計時器,tit6 leu4 ge4 si2 hi4
滴水不羼,tit6 sui3 but5 can4
迪士尼樂園,tit6 su4 li2 lok6 yen2
敵探,tit6 tam4
點估倒,diam3 gu3 dau4
點下贊,diam3 ha4 zan4
點算咯,diam3 son4 gok6
點陣打印機,diam3 cin4 da3 yin4 gi1
點陣式打印機,diam3 cin4 sit5 da3 yin4 gi1
典型調查,dien3 hin2 tiau4 ca2
墊補,dien4 bu3
電磁相互作用,tien4 cu2 siong1 fu4 zok5 yung4
電打字機,tien4 da3 su4 gi1
電燈總掣,tien4 den1 zung3 zi4
電解電容器,tien4 gai3 tien4 yung2 hi4
電光朝露,tien4 gong1 zau1 lu4
電荷量,tien4 ho4 liong4
電源供應器,tien4 ngien2 giung1 yin4 hi4
電腦雕刻,tien4 lau3 diau1 ket5
電腦斷層掃描,tien4 lau3 ton4 cen2 sau4 miau2
電視汁撈飯,tien4 si4 zip5 lau1 fan4
電視精,tien4 si4 zin1
電玩模型,tien4 van4 mu2 hin2
電轉盤,tien4 zon4 pan2
丁鯛,den1 diau1
丁骨牛排,den1 gut5 ngiu2 pai2
丁卯戰爭,den1 mau1 zien4 zang1
丁字梁,den1 su4 liong2
頂風作案,din3 fung1 zok5 on4
頂颳颳,din3 gat5 gat5
頂下肚,din3 ha4 du3
頂喉頂頸,din3 heu2 din3 giang3
頂名冒姓,din3 min2 mau4 siang4
頂硬檔,din3 ngang4 dong4
頂手貨,din3 siu3 fo4
頂頭陣,din3 teu2 cin4
頂住個雞頭,din3 cu4 go4 gai1 teu2
定風針,tin4 fung1 zim1
定期更換過期物品,tin4 ki2 gang1 von4 go4 ki2 vut6 pin3
定額組,tin4 ngiak5 zu3
定時信管,tin4 si2 sin4 gon3
定時攝影,tin4 si2 ngiap5 yang3
定時鐘,tin4 si2 zung1
定常態,tin4 song2 tai4
疊層岩,tiap6 cen2 ngam2
疊層石,tiap6 cen2 sak6
跌跛腳,diet5 bai1 giok5
跌親下,diet5 cin1 ha4
跌落坑渠,diet5 lok6 hang1 ki2
跌落鑊,diet5 lok6 vok6
雕楹碧檻,diau1 yin2 bit5 kiam1
刁士,diau1 su4
丟魂落魄,diu1 fun2 lok6 pak5
吊襠褲,diau4 long4 fu4
吊鋪,diau4 pu1
吊墜縛,diau4 cui4 piok6
調吖,tiau4 a1
調錶器,tiau4 biau1 hi4
調藥刀,tiau4 yok6 dau1
調馴,tiau4 sun2
多邊貿易談判,do1 bien1 meu3 yit6 tam2 pan4
多清淡,do1 cin1 tam4
多重選擇題,do1 cung2 sien3 cak6 ti2
多多保重,do1 do1 bau3 cung4
多一事不如少一事,do1 yit5 su4 but5 yi2 sau3 yit5 su4
多水分,do1 sui3 fun4
多種語言支持,do1 zung3 ngi1 ngien2 zi1 ci2
多種維生素,do1 zung3 vui2 sang1 su4
躲進夢裏,do3 zin4 mung4 li1
墮雲霧中,to4 yun2 vu4 zung1
啄穿,dok5 con1
啄穿個窿,dok5 con1 go4 lung1
啄羊鸚鵡,dok5 yong2 yin1 vu1
代數基本定理,toi4 su4 gi1 bun3 tin4 li1
代數學基本定理,toi4 su4 hok6 gi1 bun3 tin4 li1
代數量,toi4 su4 liong4
度德量力,tok6 det5 liong4 lit6
度定條竅,tok6 tin4 tiau2 kiau4
當且僅當,dong1 cia3 giun3 dong1
當代新儒家,dong1 toi4 sin1 yi2 ga1
當斷即斷,dong1 don4 zit5 don4
當堂穿煲,dong1 tong2 con1 bau1
當堂窒住,dong1 tong2 cit6 cu4
蕩下蕩下,tong4 ha4 tong4 ha4
刀疤臉,dau1 ba1 liam3
都更案,du1 gang1 on4
倒不好,dau3 but5 hau3
倒彩聲,dau3 cai3 sang1
堵牀上,du3 cong2 song4
倒吊蠟燭,dau3 diau4 lap6 zuk5
倒戈卸甲,dau3 go1 sia4 gap5
倒瓤,dau3 long2
倒瓤冬瓜,dau3 long2 dung1 ga1
堵塞費,du3 set5 fui4
倒藪,dau3 seu3
倒鎖,dau3 so3
倒頭經,dau3 teu2 gin1
倒賬,dau3 zong4
到處留情,dau4 cu4 liu2 cin2
倒掟頭,dau4 diang4 teu2
倒吊荷包,dau4 diau4 ho2 bau1
倒吊眼眉,dau4 diau4 ngan3 mi2
倒吊沙煲,dau4 diau4 sa1 bau1
倒吊砂煲,dau4 diau4 sa1 bau1
倒懸之危,dau4 hien2 zu1 ngui2
道卡斯族,tau4 ka1 su1 cuk6
道瓊斯指數,tau4 kiun2 su1 zi3 su4
杜塞爾多夫,tu4 set5 li3 do1 fu1
篤篤撐,duk5 duk5 cang4
獨樂樂不如眾樂樂,tuk6 ngok6 lok6 but5 yi2 zung4 ngok6 lok6
讀破句,tuk6 po4 gi4
讀勝,tuk6 sin4
讀書月,tuk6 su1 ngiet6
讀枉書,tuk6 vong3 su1
東突厥斯坦解放組織,dung1 tut6 kiet5 su1 tan3 gai3 fong4 zu3 zit5
東方三博士,dung1 fong1 sam1 bok5 su4
東洋話,dung1 yong2 va4
東食西宿,dung1 sit6 si1 suk5
東昇西落,dung1 sin1 si1 lok6
凍吖,dung4 a1
短打扮,don3 da3 pan4
短中抽長,don3 zung1 ciu1 cong2
斷港絕潢,ton4 gong3 ciet6 vong2
斷滅論,ton4 miet6 lun4
花朵各部分,fa1 do3 gok5 pu4 fun4
花木年華,fa1 muk5 ngien2 fa2
花被冚雞籠,fa1 pi1 kiem2 gai1 lung1
化鴟為鳳,fa4 ci1 vui2 fung4
化腐朽為神奇,fa4 fu4 hiu3 vui2 sin2 ki2
化干戈為玉帛,fa4 gon1 go1 vui2 ngiuk6 pet6
化學公仔,fa4 hok6 gung1 zai3
化學需氧量,fa4 hok6 si1 yong1 liong4
快三秒,kai4 sam1 miau3
番鬼佬月餅,fan1 gui3 lau3 ngiet6 biang3
番薯兵,fan1 su2 bin1
反赤道流,fan3 cak5 tau4 liu2
反傳算法,fan3 con2 son4 fap5
反革命宣傳,fan3 gak5 min4 sien1 con2
反革命政變,fan3 gak5 min4 zin4 bien4
反共宣傳罪,fan3 kiung4 sien1 con2 cui4
反酷刑折磨公約,fan3 kuk6 hin2 ziet5 mo2 gung1 yok5
反應過渡,fan3 yin4 go4 tu4
反仰,fan3 ngiong1
反其道而行,fan3 ki2 tau4 yi2 hang2
反錄病毒,fan3 luk6 piang4 tuk6
反散射,fan3 san3 sa4
反射區治療,fan3 sa4 ki1 ci4 liau2
反轉選擇,fan3 zon4 sien3 cak6
帆背潛鴨,fam2 boi4 ciam2 ap5
蟠尾絲蟲,fan2 mui1 su1 cung2
凡事留一線日後好相見,fam2 su4 liu2 yit5 sien4 ngit5 heu4 hau3 siong1 gien4
凡事留一線他日好相見,fam2 su4 liu2 yit5 sien4 ta1 ngit5 hau3 siong1 gien4
髮冠卷尾,fat5 gon4 gien3 mui1
法向量,fap5 hiong4 liong4
法蘭西多士,fap5 lan2 si1 do1 si3
法屬波利尼西亞,fap5 suk6 bo1 li4 li2 si1 a1
揮汗成雨,fui1 hon4 sin2 yi3
廢寢食,fui4 cim3 sit6
昏定晨省,fun1 tin4 sin2 sin3
葷腥不沾,fun1 siang1 but5 zam1
墳嶺,fun2 liang3
弗落伊德,fut5 lok6 yi1 det5
拂袖衣香,fut5 ciu4 yi1 hiong1
浮力定律,feu2 lit6 tin4 lut6
浮力調整背心,feu2 lit6 tiau2 zin3 boi4 sim1
浮力調整裝置,feu2 lit6 tiau2 zin3 zong1 zi4
浮雲朝露,feu2 yun2 zau1 lu4
非層岩,fui1 cen2 ngam2
非層狀,fui1 cen2 cong4
非詞重復測驗,fui1 cu2 cung2 fuk6 cet5 ngiam4
非傳染病,fui1 con2 ngiam4 piang4
非都會郡,fui1 du1 fui4 kiun4
非分之念,fui1 fun4 zu1 ngiam4
非均質,fui1 giun1 zit5
非核地帶,fui1 het6 ti4 dai4
非盈利組織,fui1 yin2 li4 zu3 zit5
非利士族,fui1 li4 su4 cuk6
非平衡態,fui1 pin2 fen2 tai4
非常好客,fui1 song2 hau4 hak5
非常之重要,fui1 song2 zu1 cung4 yau4
非同步傳輸模式,fui1 tung2 pu4 con2 su1 mu2 sit5
非正數,fui1 zin4 su4
科技驚悚,ko1 ki3 gin1 sung3
科學探索,ko1 hok6 tam4 sok5
科學種田,ko1 hok6 zung4 tien2
科組長,ko1 zu3 zong3
火車未到站,fo3 ca1 vui4 dau4 zam4
火蓋頂,fo3 goi4 dang3
火焰噴射器,fo3 yam4 pun4 sa4 hi4
火成碎屑,fo3 sin2 sui4 siet5
火浸眼眉,fo3 zim4 ngan3 mi2
貨幣供應量,fo4 bi4 giung1 yin4 liong4
貨車專用,fo4 ca1 zon1 yung4
荒怪不經,fong1 gai4 but5 gin1
放行後,fong4 hang2 heu4
放馬鋪,fong4 ma1 pu4
放射蟲,fong4 sa4 cung2
放射生成物,fong4 sa4 sang1 sin2 vut6
放射作戰,fong4 sa4 zok5 zien4
防毒斗篷,fong2 tuk6 deu3 pung2
防毒靴套,fong2 tuk6 hio1 tau4
防毒手套,fong2 tuk6 siu3 tau4
呼應聲,fu1 yin4 sang1
呼吸調節器,fu1 kip5 tiau2 ziet5 hi4
膚皮潦草,fu1 pi2 liau3 cau3
虎毒不吃兒,fu3 tuk6 but5 ket5 yi2
俯瞰攝影,fu3 kam4 ngiap5 yang3
富不過三代,fu4 but5 go4 sam1 toi4
副法向量,fu4 fap5 hiong4 liong4
副黏液病毒,fu4 ngiam2 yit6 piang4 tuk6
富農經濟,fu4 lung2 gin1 zi4
負擔過重,fu4 dam1 go4 cung1
輔車相依,pu3 gi1 siong1 yi1
付之丙丁,fu4 zu1 biang3 den1
付之度外,fu4 zu1 tu4 ngoi4
灰背鷗,foi1 boi4 iu1
灰柿,foi1 se2
灰冠鴉雀,foi1 gon4 a1 ziok5
灰燕鶪,foi1 yen4 giet5
灰尾漂鷸,foi1 mui1 piau1 yut6
福無重至禍不單行,fuk5 vu2 cung2 zi4 fo4 but5 dan1 hang2
福無雙至禍不單行,fuk5 vu2 sung1 zi4 fo4 but5 dan1 hang2
輻射直接效應,fuk5 sa4 cit6 ziap5 hau4 yin4
伏筆千里,fuk6 bit5 cien1 li1
伏辯,fuk6 pien4
復讀生,fuk6 tuk6 sang1
伏龍鳳雛,fuk6 lung2 fung4 co1
服務提供商,fuk6 vu4 ti2 giung1 song1
服務提供者,fuk6 vu4 ti2 giung1 za3
服裝乾洗,fuk6 zong1 gon1 se3
寬洪大量,kon1 fung2 tai4 liong4
寬銀幕電影,kon1 ngiun2 mok5 tien4 yang3
寬式隸定,kon1 sit5 li4 tin4
歡聚此刻,fon1 ci4 cu3 ket5
風範長存,fung1 fam4 cong2 sun2
風力水車,fung1 lit6 sui3 ca1
風馬牛不相及,fung1 ma1 ngiu2 but5 siong1 kip6
蜂王精,fung1 vong2 zin1
縫縫連連,fung2 fung2 lien2 lien2
縫合帶,fung2 hap6 dai4
縫衣匠,fung2 yi1 siong4
馮梁結,fung2 liong2 giet5
縫針跡,fung2 zim1 zit5
鳳頭百靈,fung4 teu2 bak5 lin2
鳳頭樹燕,fung4 teu2 su4 yen4
鳳凰影視,fung4 fong2 yang3 si4
家醜不出外傳,ga1 ciu3 but5 cut5 ngoi4 con2
家醜不得外傳,ga1 ciu3 but5 det5 ngoi4 con2
家醜不可外傳,ga1 ciu3 but5 ko3 ngoi4 con2
加速踏板,ga1 suk5 tap6 ban3
伽利略探測器,ga1 li4 liok6 tam4 cet5 hi4
加利貿易,ga1 li4 meu3 yit6
家長指責,ga1 zong3 zi3 zit5
加載包,ga1 zoi4 bau1
加載中,ga1 zoi4 zung1
家族制度,ga1 cuk6 zi4 tu4
假分數,ga3 fun4 su4
假否定句,ga3 feu3 tin4 gi4
假使間,ga3 si3 gan1
賈汪,ga3 vong1
假種皮,ga3 zung3 pi2
架撐箱,ga4 cang1 siong1
假日食品,ga3 ngit5 sit6 pin3
價值量,ga4 cit6 liong4
街邊仔,gai1 bien1 zai3
街道辦事處,gai1 tau4 pan4 su4 cu4
解大手,gai3 tai4 siu3
解勸,gai3 kien4
解理方向,gai3 li1 fong1 hiong4
解小手,gai3 siau3 siu3
解酸藥,gai3 son1 yok6
隔斷板,gak5 ton4 ban3
隔行如隔山,gak5 hong2 yi2 gak5 san1
革命英雄主義,gak5 min4 yin1 hiung2 zu3 ngi4
革命委員會,gak5 min4 vui1 yen2 fui4
格仔山,gak5 zai3 san1
監查員,gam1 ca2 yen2
監生激死,gam1 sang1 git5 si3
監住監住,gam1 cu4 gam1 cu4
減毒活疫苗,gam3 tuk6 fat6 yit6 miau2
減少廢物,gam3 sau3 fui4 vut6
減少污染,gam3 sau3 vu1 ngiam4
監熱食,gam4 ngiet6 sit6
監生埋,gam4 sang1 mai2
簡繁轉換,gan3 fan2 zon3 von4
揀下揀下,gan3 ha4 gan3 ha4
揀飲識食,gan3 yim3 sit5 sit6
簡易爆炸裝置,gan3 yi4 bau4 za4 zong1 zi4
揀靚衫,gan3 liang4 sam1
揀剩尾,gan3 sin4 mui1
間花腩,gan4 fa1 lam4
耕仔,gang1 zai3
更卒,gang1 zut5
甲基安非他命,gap5 gi1 on1 fui1 ta1 min4
甲磺磷定,gap5 vong2 lin2 tin4
交臂失之,gau1 bi4 sit5 zu1
交變電流,gau1 bien4 tien4 liu2
交變流電,gau1 bien4 liu2 tien4
交併,gau1 bin4
交叉陰影線,gau1 ca1 yim1 yang3 sien4
交得靚,gau1 det5 liang4
交款單,gau1 kan3 dan1
交響金屬,gau1 hiong3 gim1 suk6
交糧本,gau1 liong2 bun3
交送,gau1 sung4
交通督導員,gau1 tung1 duk5 tau3 yen2
交通管理局,gau1 tung1 gon3 li1 kiuk6
交通肇事罪,gau1 tung1 sau4 su4 cui4
交通運輸部,gau1 tung1 yun4 su1 pu4
交換端,gau1 von4 don1
交換以太網絡,gau1 von4 yi1 tai4 miong3 lok6
搞到一鑊泡,gau3 dau4 yit5 vok6 pau1
攪到一鑊泡,gau3 dau4 yit5 vok6 pau1
校返啱,gau4 fan3 ngam1
校奶,gau4 lai1
校鬧鐘,gau4 lau4 zung1
雞士,gai1 si3
雞食放光蟲,gai1 sit6 fong4 gong1 cung2
雞仔架步,gai1 zai3 ga4 pu4
雞仔網,gai1 zai3 miong3
計下度下,ge4 ha4 tok6 ha4
計量制,ge4 liong4 zi4
計算機斷層,ge4 son4 gi1 ton4 cen2
金雞瓦,gim1 gai1 nga3
今日好焗,gim1 ngit5 hau3 kiuk6
金玉其外敗絮其中,gim1 ngiuk6 ki2 ngoi4 pai4 si4 ki2 zung1
金元外交,gim1 ngien2 ngoi4 gau1
金蘭之交,gim1 lan2 zu1 gau1
金山丁,gim1 san1 den1
金蛇郎君,gim1 sa2 long2 giun1
金屬探傷,gim1 suk6 tam4 song1
今朝有酒今朝醉,gim1 zau1 yiu1 ziu3 gim1 zau1 zui4
禁毒工作,gim4 tuk6 gung1 zok5
禁毒資源,gim4 tuk6 zu1 ngien2
撳電掣,kim4 tien4 zi4
撳停個掣,kim4 tin2 go4 zi4
緊衣縮食,gin3 yi1 suk5 sit6
近似等級,kiun4 su4 den3 kip5
近地天體,kiun4 ti4 tien1 ti3
近端胞漿,kiun4 don1 bau1 ziong1
近光燈,kiun4 gong1 den1
近聞,kiun4 vun2
近朱近墨,kiun4 zu1 kiun4 met6
近朱者赤近墨者黑,kiun4 zu1 za3 cak5 kiun4 met6 za3 het5
急拍拍,gip5 pok5 pok5
佮手佮腳,kap5 siu3 kap5 giok5
吉人自有天相,git5 ngin2 cu4 yiu1 tien1 siong4
九出十三歸,giu3 cut5 sip6 sam1 gui1
九九乘法表,giu3 giu3 sin2 fap5 biau3
九曲十三彎,giu3 kiuk5 sip6 sam1 van1
狗尾靚,geu3 mui1 liang4
九十二度,giu3 sip6 ngi4 tu4
狗虱覺,geu3 sit5 gau4
九選三,giu3 sien3 sam1
九寨溝風景名勝區,giu3 cai4 geu1 fung1 gin3 min2 sin4 ki1
夠時候咯,geu4 si2 heu4 gok6
舊景重現,kiu4 gin3 cung2 hien4
舊民主主義革命,kiu4 min2 zu3 zu3 ngi4 gak5 min4
舊愁新恨,kiu4 siu2 sin1 hen4
嘅咯,e4 gok6
基本多文種平面,gi1 bun3 do1 vun2 zung3 pin2 mien4
機踏車,gi1 tap6 ca1
機械鑽井,gi1 hai4 zon4 ziang3
機器腳踏車,gi1 hi4 giok5 tap6 ca1
基質膜,gi1 zit5 mok6
紀元後,gi3 ngien2 heu4
既得期間,gi4 det5 ki2 gan1
既定方針,gi4 tin4 fong1 zim1
記憶廣度,gi4 yit5 gong3 tu4
寄平信,gi4 pin2 sin4
儆惜,kiang4 siak5
儆住,kiang4 cu4
居中對齊,gi1 zung1 dui4 ce2
舉頭三尺有神明,gi3 teu2 sam1 cak5 yiu1 sin2 min2
巨大成就,ki4 tai4 sin2 ciu4
亟亟奔走,git5 git5 bun1 zeu3
激光打印機,git5 gong1 da3 yin4 gi1
激光雕刻,git5 gong1 diau1 ket5
激光二極管,git5 gong1 ngi4 kit6 gon3
極速版,kit6 suk5 ban3
極速保護,kit6 suk5 bau3 fu4
極地氣象,kit6 ti4 hi4 siong4
極地時速,kit6 ti4 si2 suk5
極地狐,kit6 ti4 fu2
極地户外,kit6 ti4 fu4 ngoi4
極其之差,kit6 ki2 zu1 ca1
兼佮,giam1 kap5
檢錯,giam3 co4
檢毒盒,giam3 tuk6 hap6
檢毒箱,giam3 tuk6 siong1
見過鬼怕黑,gien4 go4 gui3 pa4 het5
見人講人話見鬼講鬼話,gien4 ngin2 gong3 ngin2 va4 gien4 gui3 gong3 gui3 va4
建立正式外交關係,gien4 lip6 zin4 sit5 ngoi4 gau1 gan1 he4
經典場論,gin1 dien3 cong2 lun4
經典故事,gin1 dien3 gu4 su4
京都議定書,gin1 du1 ngi4 tin4 su1
驚遽,gin1 gi3
荊棘滿途,gin1 git5 man1 tu2
經氣聚集,gin1 hi4 ci4 sip6
驚恐翼龍,gin1 kiung3 yit6 lung2
驚恐失色,gin1 kiung3 sit5 set5
經理人才,gin1 li1 ngin2 coi2
驚心膽顫,gin1 sim1 dam3 zien1
驚賞,gin1 song3
驚天地泣鬼神,gin1 tien1 ti4 kip5 gui3 sin2
經濟全球化,gin1 zi4 cien2 kiu2 fa4
經濟增加值,gin1 zi4 zen1 ga1 cit6
敬賢禮士,gin4 hien2 li1 su4
劫機行為,giap5 gi1 hang2 vui2
結存額,giet5 sun2 ngiak5
結隊成羣,giet5 dui4 sin2 kiun2
結婚紀念日,giet5 fun1 gi3 ngiam4 ngit5
結夥搶劫,giet5 fo3 ciong3 giap5
結付,giet5 fu4
結殼,giet5 hok5
結厴,giet5 yam3
結球甘藍,giet5 kiu2 gam1 lam2
結脈,giet5 mak5
結滿,giet5 man1
結平,giet5 pin2
矯正透鏡,giau3 zin4 teu4 giang4
哥林多後書,go1 lim2 do1 heu4 su1
腳肚瓤,giok5 du3 lang2
腳仔震震,giok5 zai3 zin3 zin3
僵屍車,giong1 si1 ca1
該死咯,goi1 si3 lo3
改變信仰者,goi3 bien4 sin4 ngiong1 za3
角速度,gok5 suk5 tu4
各處鄉村各處例,gok5 cu4 hiong1 cun1 gok5 cu4 li4
覺得咯,gok5 det5 gok6
各執所見,gok5 zip5 so3 gien4
各自執生,gok5 cu4 zip5 sang1
乾草機,gon1 cau3 gi1
乾巾,gon1 gin1
乾旱土,gon1 hon1 tu3
乾餾,gon1 liu4
乾嗽,gon1 cuk5
乾時緊月,gon1 si2 gin3 ngiet6
講得核突,gong3 det5 fut6 tut6
講少句吖,gong3 sau3 gi4 a1
鋼筋混凝土,gong4 gin1 fun3 ngien2 tu3
降血鈣素,gong4 hiet5 goi4 su4
降腎上腺素,gong4 sin4 song4 sien4 su4
降序,gong4 si4
割青禾,got5 ciang1 vo2
高不成低不就,gau1 but5 sin2 dai1 but5 ciu4
高層執行員,gau1 cen2 zip5 hang2 yen2
高處不勝寒,gau1 cu4 but5 sin1 hon2
高登音樂台,gau1 den1 yim1 ngok6 toi2
高畫質電視,gau1 fa4 zit5 tien4 si4
古燕,gu3 yen4
股票交易所,gu3 piau4 gau1 yit6 so3
鼓住道氣,gu3 cu4 tau4 hi4
焗親人,kiuk6 cin1 ngin2
焗焗縮縮,kiuk6 kiuk6 suk5 suk5
焗意粉,kiuk6 yi4 fun3
焗咳,kiuk6 ket5
局外中立,kiuk6 ngoi4 zung1 lip6
焗傷風,kiuk6 song1 fung1
焗暑,kiuk6 cu3
官報私仇,gon1 bau4 su1 siu2
觀景亭,gon1 gin3 tin2
觀音頭掃把腳,gon1 yim1 teu2 sau4 ba3 giok5
冠脈循環,gon1 mak5 sun2 van2
觀念更新,gon1 ngiam4 gang1 sin1
冠狀病毒病,gon1 cong4 piang4 tuk6 piang4
冠海雀,gon4 hoi3 ziok5
冠形詞,gon4 hin2 cu2
冠魚狗,gon4 ng2 geu3
冠絕羣倫,gon4 ciet6 kiun2 lun2
宮爆肉丁,giung1 bau4 ngiuk5 den1
攻打四方城,gung1 da3 si4 fong1 sang2
公道杯,gung1 tau4 bui1
供讀者參考,giung1 tuk6 za3 cam1 kau3
供佛花,giung1 fut6 fa1
工夫長過命,gung1 fu1 cong2 go4 miang4
供款越多,giung1 kan3 yet6 do1
恭敬不如從命,giung1 gin4 but5 yi2 cung2 min4
公共交通工具,gung1 kiung4 gau1 tung1 gung1 ki3
公用交換電話網,gung1 yung4 gau1 von4 tien4 va4 miong3
供旅客休息,giung1 li3 hak5 hiu1 sit5
公路自行車,gung1 lu4 cu4 hang2 ca1
公平審判權,gung1 pin2 sim3 pan4 kien2
公死有肉食婆死有肉食,gung1 si3 yiu1 ngiuk5 sit6 po2 si3 yiu1 ngiuk5 sit6
公司三文治,gung1 su1 sam1 vun2 ci4
功成名遂,gung1 sin2 min2 sui4
工商管理碩士,gung1 song1 gon3 li1 sak6 su4
公積金卡,gung1 zit5 gim1 ka1
公主車,gung1 zu3 ca1
拱度,giung3 tu4
鞏固經驗,giung3 gu4 gin1 ngiam4
拱手旁觀,giung3 siu3 pong2 gon1
貢下貢下,gung4 ha4 gung4 ha4
供祖宗,giung4 zu3 zung1
共產主義青年團,kiung4 san3 zu3 ngi4 ciang1 ngien2 ton2
共聚天倫樂,kiung4 ci4 tien1 lun2 lok6
掛墜盒,ga4 cui4 hap6
關係代名詞,gan1 he4 toi4 min2 cu2
關貿總協定,gan1 meu3 zung3 hiap6 tin4
慣量,gan4 liong4
鬼怕惡人,gui3 pa4 ok5 ngin2
鬼拍後尾枕,gui3 pok5 heu4 mui1 zim3
鬼拍後枕,gui3 pok5 heu4 zim3
鬼仔戲,gui3 zai3 hi4
桂柳話,gui4 liu3 va4
季節轉移,gui4 ziet5 zon3 yi2
貴族王朝,gui4 cuk6 vong2 cau2
君士坦丁堡,giun1 su4 tan3 den1 bau3
軍事委員會,giun1 su4 vui1 yen2 fui4
滾瓜溜圓,gun3 ga1 liu4 yen2
滾三滾四,gun3 sam1 gun3 si4
骨質疏鬆症,gut5 zit5 so1 sung1 zin4
掘頭進士,kiut6 teu2 zin4 su4
果啤,go3 bia1
果然好味,go3 yen2 hau3 mui4
果實散播,go3 sit6 san4 bo4
過胖暴食症,go4 pan4 pau4 sit6 zin4
過番兩招,go4 fan1 liong1 zau1
過後媒人秋後扇,go4 heu4 moi2 ngin2 ciu1 heu4 sien4
過兩手,go4 liong1 siu3
過五關斬六將,go4 ng3 gan1 zam3 luk5 ziong4
過水磨,go4 sui3 mo2
國定紀念日,get5 tin4 gi3 ngiam4 ngit5
國家地震局,get5 ga1 ti4 zin3 kiuk6
國家軍品貿易局,get5 ga1 giun1 pin3 meu3 yit6 kiuk6
國家廣播電影電視總局,get5 ga1 gong3 bo4 tien4 yang3 tien4 si4 zung3 kiuk6
國家旅遊度假區,get5 ga1 li3 yiu2 tu4 ga3 ki1
國家食品藥品監督管理局,get5 ga1 sit6 pin3 yok6 pin3 gam1 duk5 gon3 li1 kiuk6
國家質量監督檢驗檢疫總局,get5 ga1 zit5 liong4 gam1 duk5 giam3 ngiam4 giam3 yit6 zung3 kiuk6
國家重點學科,get5 ga1 cung4 diam3 hok6 ko1
國家重點實驗室,get5 ga1 cung4 diam3 sit6 ngiam4 sit5
國民大會代表,get5 min2 tai4 fui4 toi4 biau3
國民革命軍,get5 min2 gak5 min4 giun1
國民經濟計劃,get5 min2 gin1 zi4 ge4 vak6
國民身分證,get5 min2 sin1 fun4 zin4
國務長官,get5 vu4 zong3 gon1
國際電話卡,get5 zi4 tien4 va4 kat6
國際日期變更線,get5 zi4 ngit5 ki2 bien4 gang1 sien4
國際米蘭足球俱樂部,get5 zi4 mi3 lan2 zuk5 kiu2 ki1 lok6 pu4
國際民間組織,get5 zi4 min2 gan1 zu3 zit5
蟈螽屬,get5 zung1 suk6
光衝量,gong1 cung1 liong4
光輻射,gong1 fuk5 sa4
光能合成,gong1 len2 hap6 sin2
光射線,gong1 sa4 sien4
光鮮企理,gong1 sien1 ki1 li1
廣義相對論,gong3 ngi4 siong1 dui4 lun4
廣州讀書,gong3 ziu1 tuk6 su1
廣中醫,gong3 zung1 yi1
涓滴歸公,gien1 tit6 gui1 gung1
捐命,gien1 min4
捐贈盈餘,gien1 zen4 yin2 yi2
哈哈好咯,hap6 hap6 hau3 gok6
霞霞霧霧,ha2 ha2 vu4 vu4
夏季大三角,ha4 gui4 tai4 sam1 gok5
揩中,kai1 zung1
駭怕,hai4 pa4
客家美食,hak5 ga1 mui1 sit6
客觀情況,hak5 gon1 cin2 kong3
客觀原因,hak5 gon1 ngien2 yin1
客觀事物,hak5 gon1 su4 vut6
客觀唯心主義,hak5 gon1 vui2 sim1 zu3 ngi4
嚇鬼吖,hak5 gui3 a1
嚇乜,hak5 mak5
客户服務部,hak5 fu4 fuk6 vu4 pu4
客户機服務器環境,hak5 fu4 gi1 fuk6 vu4 hi4 van2 gin3
客蚤屬,hak5 zau3 suk6
鹹淡場,ham2 tam1 cong2
檻車,kam3 ca1
檻花籠鶴,kam3 fa1 lung1 hok6
慳飲慳食,han1 yim3 han1 sit6
行得路多,hang2 det5 lu4 do1
行得跑得,hang2 det5 pau1 det5
行得正企得正,hang2 det5 zang4 ki1 det5 zang4
行花街,hang2 fa1 gai1
行下企下,hang2 ha4 ki1 ha4
行路打倒褪,hang2 lu4 da3 dau4 tun4
行埋邊,hang2 mai2 bien1
行船爭解纜,hang2 son2 zang1 gai3 lam4
行運一條龍,hang2 yun4 yit5 tiau2 lung2
呷鋪,hap5 pu4
掐着指頭,kap5 cok6 zi3 teu2
敲釘鑽腳,kau1 dang1 zon4 giok5
敲中背,kau1 zung1 boi4
巧婦難為無米炊,kiau3 fu4 lan2 vui2 vu2 mi3 cui1
巧婦難為無米之炊,kiau3 fu4 lan2 vui2 vu2 mi3 zu1 cui1
校服都未除,gau3 fuk6 du1 vui4 cu2
校鞋,gau3 hai2
校園美食,gau3 yen2 mui1 sit6
系統研究,hi4 tung3 ngan3 giu4
黑百靈,het5 bak5 lin2
黑板仔,het5 ban3 zai3
黑道大鱷,het5 tau4 tai4 ngok6
黑腹燕鷗,het5 fuk5 yen4 iu1
黑腹蛇鵜,het5 fuk5 sa2 ti2
黑狗得食白狗當災,het5 geu3 det5 sit6 pak6 geu3 dong1 zai1
黑狗偷食白狗當災,het5 geu3 teu1 sit6 pak6 geu3 dong1 zai1
黑冠山雀,het5 gon4 san1 ziok5
刻公章,ket5 gung1 zong1
刻錄機,ket5 luk6 gi1
黑眉蝮蛇,het5 mi2 fuk5 sa2
憨居仔,ham1 gi1 zai3
勘探員,kam4 tam4 yen2
很大件事,hen3 tai4 kien4 su4
恨鐵不成鋼,hen4 tiet5 but5 sin2 gong4
行波管,hang2 bo1 gon3
行牀,hang2 cong2
恆定狀態,hen2 tin4 cong4 tai4
恆加速度,hen2 ga1 suk5 tu4
行拐,hang2 gai3
行軍牀,hang2 giun1 cong2
行人安全島,hang2 ngin2 on1 cien2 dau3
行人專用區,hang2 ngin2 zon1 yung4 ki1
行李搬運工,hang2 li3 ban1 yun4 gung1
恆量,hen2 liong4
行麼,hang2 mo1
恆生中資企業指數,hen2 sang1 zung1 zu1 ki1 ngiap6 zi3 su4
行訊通,hang2 sin4 tung1
行銷訴求,hang2 siau1 su4 kiu2
行政監察,hang2 zin4 gam1 cat5
行政區劃圖,hang2 zin4 ki1 vak6 tu2
行政責任,hang2 zin4 zit5 ngim4
瞌番覺,kap5 fan1 gau4
合成語境,hap6 sin2 ngi1 gin3
合成類固醇,hap6 sin2 lui4 gu4 sun2
合成石油,hap6 sin2 sak6 yiu2
乞伏,ket5 fuk6
核變形,het6 bien4 hin2
核查小組,het6 ca2 siau3 zu3
核電荷數,het6 tien4 ho4 su4
核防御,het6 fong2 ngi4
核合成,het6 hap6 sin2
核球,het6 kiu2
核模型,het6 mu2 hin2
核陀螺,het6 to2 lo2
核自旋,het6 cu4 sien2
核戰斗部,het6 zien4 deu3 pu4
核證模型,het6 zin4 mu2 hin2
核轉變,het6 zon3 bien4
喉乾頸涸,heu2 gon1 giang3 kok5
後備情人,heu4 pi4 cin2 ngin2
後背底,heu4 boi4 dai3
後翻筋斗,heu4 fan1 gin1 deu3
後窖,heu4 gau4
後現代主義,heu4 hien4 toi4 zu3 ngi4
後望鏡,heu4 mong4 giang4
後信號燈,heu4 sin4 hau4 den1
後庭藏毒,heu4 tin2 cong2 tuk6
後台硬朗,heu4 toi2 ngang4 long3
後置詞,heu4 zi4 cu2
後置修飾語,heu4 zi4 siu1 sit5 ngi1
稀鬆骨質,hi1 sung1 gut5 zit5
起重葫蘆,hi3 cung1 fu2 lu2
起身咯,hi3 sin1 lo3
起士蛋糕,hi3 su4 tan4 gau1
起止時間,hi3 zi3 si2 gan4
棄邪歸正,hi4 sia2 gui1 zin4
棄約背盟,hi4 yok5 boi4 men2
氣冷式反應堆,hi4 lang1 sit5 fan3 yin4 doi1
氣霧室,hi4 vu4 sit5
棄農經商,hi4 lung2 gin1 song1
氣泡袋,hi4 pau1 toi4
憩息處,hi4 sit5 cu4
吃槍藥,ket5 ciong1 yok6
吃雞煲,ket5 gai1 bau1
吃力不討好,ket5 lit6 but5 tau3 hau3
輕泡泡,kiang1 pau1 pau1
虛轉,hi1 zon4
許勝不許敗,hi3 sin4 but5 hi3 pai4
去八下,hi4 bat5 ha4
去邊度吖,hi4 bien1 tu4 a1
去取之間,hi4 ci3 zu1 gan1
去街市買餸有價講呀,hi4 gai1 si1 mai1 sung4 yiu1 ga4 gong3 a2
去過兩勻,hi4 go4 liong1 yun2
去皮重,hi4 pi2 cung1
欠行,kiam4 hang2
軒掖,hien1 yit6
牽羊擔酒,kien1 yong2 dam1 ziu3
牽手仔,kien1 siu3 zai3
輕財仗義,kiang1 coi2 cong4 ngi4
輕重主次,kiang1 cung1 zu3 cu4
兄弟通訊,hiung1 ti4 tung1 sin4
輕枷重罪,kiang1 ga1 cung1 cui4
輕型軌道交通,kiang1 hin2 gui3 tau4 gau1 tung1
輕水反應堆,kiang1 sui3 fan3 yin4 doi1
輕質石油產品,kiang1 zit5 sak6 yiu2 san3 pin3
氫淨合成油,hin1 ciang4 hap6 sin2 yiu2
歇頂,hiet5 dang3
呵禁,ho1 gim4
呵瀝,ho1 lak5
可以面交,ko3 yi1 mien4 gau1
可靠人士,ko3 kau4 ngin2 su4
可望取勝者,ko3 mong4 ci3 sin4 za3
可選擇丟棄,ko3 sien3 cak6 diu1 hi4
荷包倒吊,ho2 bau1 dau4 diau4
荷包茄,ho2 bau1 kio2
香港經濟日報,hiong1 gong3 gin1 zi4 ngit5 bau4
香港警務處,hiong1 gong3 gin3 vu4 cu4
香港樂高,hiong1 gong3 lok6 gau1
香港仔水塘,hiong1 gong3 zai3 sui3 tong2
香港中學會考,hiong1 gong3 zung1 hok6 fui4 kau3
香港中文大學,hiong1 gong3 zung1 vun2 tai4 hok6
香泡樹,hiong1 pau4 su4
享樂主義者,hiong3 lok6 zu3 ngi4 za3
向量代數,hiong4 liong4 toi4 su4
向量圖形,hiong4 liong4 tu2 hin2
向量積,hiong4 liong4 zit5
海傍警署,hoi3 pong4 gin3 su4
海底撈椰,hoi3 dai3 lau1 ya2
凱旋而歸,koi3 sien2 yi2 gui1
學科知識,hok6 ko1 zi4 sit5
學行褲,hok6 hang2 fu4
學校設備,hok6 gau3 siet5 pi4
學校成員,hok6 gau3 sin2 yen2
學有所長,hok6 yiu1 so3 zong3
學術界人士,hok6 sut6 gai4 ngin2 su4
學術觀點,hok6 sut6 gon1 diam3
看人行事,kon4 ngin2 hang2 su4
漢字結構,hon4 su4 giet5 geu4
看着不管,kon4 cok6 but5 gon3
筐篋中物,kiong1 giap5 zung1 vut6
康樂及文化事務署,kong1 lok6 kip6 vun2 fa4 su4 vu4 su4
行行出狀元,hong2 hong2 cut5 cong4 ngien2
褐冠山雀,hot5 gon4 san1 ziok5
渴仰,hot5 ngiong1
褐頭嶺雀,hot5 teu2 liang3 ziok5
好弊,hau3 bi4
好摻,hau3 cam1
好醜命生成,hau3 ciu3 miang4 sang1 sang2
好趣致,hau3 ci4 zi4
好廚師,hau3 cu2 su1
好大意見,hau3 tai4 yi4 gien4
好大懵,hau3 tai4 mung3
好膽識,hau3 dam3 sit5
好多也,hau3 do1 ya1
好多事做,hau3 do1 su4 zo4
好快凍,hau3 kai4 dung4
好乖巧,hau3 gai1 kiau3
好怪誕,hau3 gai4 dan4
好鬼嘈,hau3 gui3 cau2
好吃好住,hau3 ket5 hau3 cu4
好好眼,hau3 hau3 ngan3
好好維護,hau3 hau3 vui2 fu4
好人當賊辦,hau3 ngin2 dong4 cet6 pan4
好人好夢,hau3 ngin2 hau3 mung4
好人有好報,hau3 ngin2 yiu1 hau3 bau4
好夜了,hau3 ya4 liau3
好易醉,hau3 yi4 zui4
好佬怕爛佬爛佬怕潑婦,hau3 lau3 pa4 lan4 lau3 lan4 lau3 pa4 pat5 fu4
好眉好貌生沙虱,hau3 mi2 hau3 mau4 sang1 sa1 sit5
好眉好貌生沙蝨,hau3 mi2 hau3 mau4 sang1 sa1 sit5
好味多,hau3 mui4 do1
好無言,hau3 vu2 ngien2
好難找,hau3 lan2 zau3
好難整理,hau3 lan2 zin3 li1
好安逸,hau3 on1 yit6
好心有好報,hau3 sim1 yiu1 hau3 bau4
好心着雷劈,hau3 sim1 cok6 lui2 piak5
好實惠,hau3 sit6 fui4
好聲行,hau3 sang1 hang2
好時年,hau3 si2 ngien2
好事多為,hau3 su4 do1 vui2
好識歎,hau3 sit5 tan4
好相就,hau3 siong1 ciu4
好嗍氣,hau3 sok5 hi4
好天曬落雨淋,hau3 tien1 sai4 lok6 yi3 lim2
好天收埋落雨柴,hau3 tien1 siu1 mai2 lok6 yi3 cai2
好天斬埋落雨柴,hau3 tien1 zam3 mai2 lok6 yi3 cai2
好旺腳,hau3 vong4 giok5
好仔兩頭瞞,hau3 zai3 liong1 teu2 man2
好戰友,hau3 zien4 yiu1
好着緊,hau3 zok5 gin3
好傾好講,hau4 kin1 hau4 gong3
蠔殼裏,hau2 hok5 li1
豪飲豪食,hau2 yim3 hau2 sit6
鵠望,fuk5 mong4
胸有成略,hiung1 yiu1 sin2 liok6
胸有成算,hiung1 yiu1 sin2 son4
凶喪,hiung1 song4
胸中無數,hiung1 zung1 vu2 su4
紅背伯勞,fung2 boi4 bak5 lau2
紅背蜘蛛,fung2 boi4 di1 du1
紅頂綠鳩,fung2 dang3 luk6 giu1
紅番茄,fung2 fan1 kio2
紅褲仔出身,fung2 fu4 zai3 cut5 sin1
紅血球生成素,fung2 hiet5 kiu2 sang1 sin2 su4
紅屐仔,fung2 kiak6 zai3
熊成基,yung2 sin2 gi1
紅船中人,fung2 son2 zung1 ngin2
紅鑽石,fung2 zon4 sak6
也要填,ya1 yau4 tien2
陰功咯,yim1 gung1 lo3
音響窮三代攝影累全家,yim1 hiong3 kiung2 sam1 toi4 ngiap5 yang3 lui4 cien2 ga1
陰陰食,yim1 yim1 sit6
陰溝裏翻船,yim1 geu1 li1 fan1 son2
音量控制,yim1 liong4 kung4 zi4
飲得食得,yim3 det5 sit6 det5
飲好食好,yim3 hau3 sit6 hau3
飲食金字塔,yim3 sit6 gim1 su4 tap5
飲食天地,yim3 sit6 tien1 ti4
飲食習慣調查,yim3 sit6 sip6 gan4 tiau4 ca2
飲傻仔水,yim3 so2 zai3 sui3
任賢使能,ngim4 hien2 si3 len2
因變量,yin1 bien4 liong4
姻緣天注定,yin1 yen2 tien1 zu4 tin4
印度國大黨,yin4 tu4 get5 tai4 dong3
印度人民黨,yin4 tu4 ngin2 min2 dong3
印度尼西亞,yin4 tu4 li2 si1 a1
印度尼西亞語,yin4 tu4 li2 si1 a1 ngi1
印仔表,yin4 zai3 biau3
人不可以貌相,ngin2 but5 ko3 yi1 mau4 siong4
人不為己天誅地滅,ngin2 but5 vui4 gi3 tien1 zu1 ti4 miet6
人稱代名詞,ngin2 cin1 toi4 min2 cu2
人哋咯,ngin2 ti4 gok6
人多地少,ngin2 do1 ti4 sau3
人多好辦事,ngin2 do1 hau3 pan4 su4
人行橫道線,ngin2 hang2 vang2 tau4 sien4
人靚歌甜,ngin2 liang4 go1 tiam2
人類乳突病毒,ngin2 lui4 yui3 tut6 piang4 tuk6
人類免疫缺陷病毒,ngin2 lui4 men1 yit6 kiet5 ham3 piang4 tuk6
人民大會堂,ngin2 min2 tai4 fui4 tong2
人民解放軍,ngin2 min2 gai3 fong4 giun1
人無遠慮必有近憂,ngin2 vu2 yen3 li4 bit5 yiu1 kiun4 yiu1
人無橫財不富,ngin2 vu2 vang2 coi2 but5 fu4
人五人六,ngin2 ng3 ngin2 luk5
人心不足蛇吞象,ngin2 sim1 but5 zuk5 sa2 tun1 siong4
人衰行路打倒褪,ngin2 soi1 hang2 lu4 da3 dau4 tun4
人體拼圖,ngin2 ti3 pin4 tu2
人種差別,ngin2 zung3 ca1 piet6
入門詞彙,ngip6 mun2 cu2 fui4
一白遮三醜,yit5 pak6 za1 sam1 ciu3
一板三眼,yit5 ban3 sam1 ngan3
一波未平一波又起,yit5 bo1 vui4 pin2 yit5 bo1 yiu4 hi3
一次生兩次熟,yit5 cu4 sang1 liong1 cu4 suk6
一錢如命,yit5 cien2 yi2 min4
一坐就爛,yit5 co1 ciu4 lan4
一傳十十傳百,yit5 con2 sip6 sip6 con2 bak5
一丁不識,yit5 den1 but5 sit5
一多對應,yit5 do1 dui4 yin4
一夫當關萬夫莫敵,yit5 fu1 dong1 gan1 man4 fu1 mok6 tit6
一家便宜兩家着,yit5 ga1 pien2 li2 liong1 ga1 cok6
一家便宜兩家着數,yit5 ga1 pien2 li2 liong1 ga1 cok6 su4
一家輸三家,yit5 ga1 su1 sam1 ga1
一句起兩句止,yit5 gi4 hi3 liong1 gi4 zi3
一見差佬,yit5 gien4 cai1 lau3
一個願打一個願捱,yit5 go4 ngien4 da3 yit5 go4 ngien4 ngai2
一個酸梅兩個核,yit5 go4 son1 moi2 liong1 go4 fut6
一個做好,yit5 go4 zo4 hau3
一個中國政策,yit5 go4 zung1 get5 zin4 cak5
一腳踏兩船,yit5 giok5 tap6 liong1 son2
一人計短二人計長,yit5 ngin2 ge4 don3 ngi4 ngin2 ge4 cong2
一人行一步,yit5 ngin2 hang2 yit5 pu4
一人做事一人當,yit5 ngin2 zo4 su4 yit5 ngin2 dong1
一一映射,yit5 yit5 yang3 sa4
一而再再而三,yit5 yi2 zai4 zai4 yi2 sam1
一言既出駟馬難追,yit5 ngien2 gi4 cut5 si4 ma1 lan2 zui1
一言驚醒洛克人,yit5 ngien2 gin1 siang3 lok6 ket5 ngin2
一言驚醒夢中人,yit5 ngien2 gin1 siang3 mung4 zung1 ngin2
一言興邦一言喪邦,yit5 ngien2 hin1 bong1 yit5 ngien2 song4 bong1
一命二運三風水,yit5 miang4 ngi4 yun4 sam1 fung1 sui3
一無長物,yit5 vu2 cong2 vut6
一身兩役,yit5 sin1 liong1 yit6
一失足成千古恨,yit5 sit5 zuk5 sin2 cien1 gu3 hen4
一懷愁緒,yit5 fai2 siu2 si4
一隻手指指住人三隻手指指住自己,yit5 zak5 siu3 zi3 zi3 cu4 ngin2 sam1 zak5 siu3 zi3 zi3 cu4 cu4 gi3
一致資源定址器,yit5 zi4 zu1 ngien2 tin4 zi3 hi4
一箭定江山,yit5 zien4 tin4 gong1 san1
一節淡三墟,yit5 ziet5 tam4 sam1 hi1
一折兩段,yit5 ziet5 liong1 ton4
一竹篙打一船人,yit5 zuk5 gau1 da3 yit5 son2 ngin2
一種米養百種人,yit5 zung3 mi3 yong1 bak5 zung3 ngin2
日本叉尾海燕,ngit5 bun3 ca1 mui1 hoi3 yen4
日本經濟新聞,ngit5 bun3 gin1 zi4 sin1 vun2
日防夜防家賊難防,ngit5 fong2 ya4 fong2 ga1 cet6 lan2 fong2
日經平均指數,ngit5 gin1 pin2 giun1 zi3 su4
日日二加三,ngit5 ngit5 ngi4 ga1 sam1
日落風生,ngit5 lok6 fung1 sang1
日冕層,ngit5 men1 cen2
日內瓦公約,ngit5 lui4 nga3 gung1 yok5
休下息,hiu1 ha4 sit5
幽門螺旋菌,yiu1 mun2 lo2 sien2 kiun3
優秀品質,yiu2 siu4 pin3 zit5
優秀成果,yiu2 siu4 sin2 go3
休惜,hiu1 sit5
遊行前線,yiu2 hang2 cien2 sien4
由難到易,yiu2 lan2 dau4 yi4
油浸禾花雀,yiu2 zim4 vo2 fa1 ziok5
有背景人士,yiu1 boi4 gin3 ngin2 su4
有車一族,yiu1 ca1 yit5 cuk6
有情人終成眷屬,yiu1 cin2 ngin2 zung1 sin2 gien4 suk6
有埞坐,yiu1 tang4 co1
有福同享有難同當,yiu1 fuk5 tung2 hiong3 yiu1 lan4 tung2 dong1
有福同享有禍同當,yiu1 fuk5 tung2 hiong3 yiu1 fo4 tung2 dong1
有機食物,yiu1 gi1 sit6 vut6
有效負載,yiu1 hau4 fu4 zoi4
有效流量,yiu1 hau4 liu2 liong4
有荷包,yiu1 ho2 bau1
友好使者,yiu1 hau3 si4 za3
友好襄助,yiu1 hau3 siong1 co4
有冤屈無路訴,yiu1 yen1 kiut5 vu2 lu4 su4
有兩道散手,yiu1 liong1 tau4 san3 siu3
有名亡實,yiu1 min2 mong2 sit6
有冇水飲,yiu1 mau2 sui3 yim3
有食就食,yiu1 sit6 ciu4 sit6
有仔趁嫩生,yiu1 zai3 cin4 lun4 sang1
有就好咯,yiu1 ciu4 hau3 lo3
有志者鄧竟成,yiu1 zi4 za3 ten4 gin3 sin2
有志者事竟成,yiu1 zi4 za3 su4 gin3 sin2
有蕉食,yiu1 ziau1 sit6
有粥食粥有飯食飯,yiu1 zuk5 sit6 zuk5 yiu1 fan4 sit6 fan4
右對齊,yiu4 dui4 ce2
又點吖,yiu4 diam3 a1
又揀擇,yiu4 gan3 cak6
又要威又要戴頭盔,yiu4 yau4 vui1 yiu4 yau4 dai4 teu2 kui1
右傾機會主義,yiu4 kin1 gi1 fui4 zu3 ngi4
又睡不着,yiu4 soi4 but5 cok6
又長又寢,yiu4 zong3 yiu4 cim3
耶魯粵語拼音,ya2 lu1 yet6 ngi1 pin4 yim1
耶穌降臨節,ya2 su1 gong4 lim2 ziet5
耶穌受難日,ya2 su1 siu4 lan4 ngit5
耶穌受難節,ya2 su1 siu4 lan4 ziet5
惹草拈花,ngia1 cau3 ngiam1 fa1
夜行晝伏,ya4 hang2 ziu4 fuk6
夜咯,ya4 lo3
夜晚好靜,ya4 man1 hau3 cin4
贏粒糖輸間廠,yang2 lip5 tong2 su1 gan1 cong3
咿便,yi1 pien4
伊波拉病毒,yi1 bo1 lai1 piang4 tuk6
衣單食薄,yi1 dan1 sit6 pok6
衣服縫邊,yi1 fuk6 fung2 bien1
依樣畫葫蘆,yi1 yong4 vak6 fu2 lu2
依撈七,yi1 lau1 cit5
伊斯蘭會議組織,yi1 su1 lan2 fui4 ngi4 zu3 zit5
伊通滿族自治縣,yi1 tung1 man1 cuk6 cu4 ci4 yen4
兒童傳染病,yi2 tung2 con2 ngiam4 piang4
已讀回執,yi3 tuk6 fui2 zip5
已交貨,yi3 gau1 fo4
已固定,yi3 gu4 tin4
以人為鑒,yi1 ngin2 vui2 gam4
以劣勝優,yi1 lot5 sin1 yiu2
以物交物,yi1 vut6 gau1 vut6
以水為財,yi1 sui3 vui2 coi2
異步傳輸模式,yi4 pu4 con2 su1 mu2 sit5
二重母音,ngi4 cung2 mu1 yim1
易啲玩,yi4 tit6 van2
二分點,ngi4 fun4 diam3
易激惹,yi4 git5 ngia1
易過食生菜,yi4 go4 sit6 sang1 coi4
二刻拍案驚奇,ngi4 ket5 pok5 on4 gin1 ki2
二項式定理,ngi4 hong4 sit5 tin4 li1
異卵雙胞胎,yi4 lon3 sung1 bau1 toi1
異卵雙生,yi4 lon3 sung1 sang1
二撈七,ngi4 lau1 cit5
二氯胺,ngi4 luk6 on1
易司馬儀,yi4 su1 ma1 ngi2
二攤貨,ngi4 tan1 fo4
異質體,yi4 zit5 ti3
抑鬱不平,yit5 vut5 but5 pin2
驛車,yit6 ca1
逆定理,ngiak6 tin4 li1
亦應如此,yit6 yin1 yi2 cu3
逆映射,ngiak6 yang3 sa4
掖門,yit6 mun2
逆水行舟不進則退,ngiak6 sui3 hang2 ziu1 but5 zin4 zet5 tui4
逆轉錄病毒,ngiak6 zon3 luk6 piang4 tuk6
奄乾,yam1 gon1
醃醃尖尖,yam1 yam1 ziam1 ziam1
厭惡人類者,yam4 ok5 ngin2 lui4 za3
鹽埠裏,yam2 feu4 li1
鹽皮質類固醇,yam2 pi2 zit5 lui4 gu4 sun2
嚴式隸定,ngiam2 sit5 li4 tin4
鹽成土,yam2 sin2 tu3
染色體三倍體症,ngiam4 set5 ti3 sam1 pui4 ti3 zin4
煙花簿,yen1 fa1 pu1
煙腹毛腳燕,yen1 fuk5 mau1 giok5 yen4
煙黑叉尾海燕,yen1 het5 ca1 mui1 hoi3 yen4
煙仔檔,yen1 zai3 dong4
煙酒總彙,yen1 ziu3 zung3 fui4
燕雀相賀,yen4 ziok5 siong1 fo4
言不可傳,ngien2 but5 ko3 con2
研究反應堆,ngan3 giu4 fan3 yin4 doi1
研磨盤,ngan3 mo2 pan2
研修員,ngan3 siu1 yen2
言談林藪,ngien2 tam2 lim2 seu3
現代經典,hien4 toi4 gin1 dien3
現金流量表,hien4 gim1 liu2 liong4 biau3
現金流轉表,hien4 gim1 liu2 zon3 biau3
現量相違,hien4 liong2 siong1 vui2
硯田之食,yen4 tien2 zu1 sit6
應報未報,yin1 bau4 vui4 bau4
應本分,yin1 bun3 fun4
嬰兒手推車,yin1 yi2 siu3 tui1 ca1
英譯名,yin1 yit6 miang2
鸚鵡仔,yin1 vu1 zai3
英屬哥倫比亞,yin1 suk6 go1 lun2 bi3 a1
英屬維爾京羣島,yin1 suk6 vui2 li3 gin1 kiun2 dau3
櫻桃小番茄,yin1 tau2 siau3 fan1 kio2
映射表,yang3 sa4 biau3
應屆畢業生,yin4 gai4 bit5 ngiap6 sang1
應計基礎,yin4 ge4 gi1 co3
應急照射,yin4 gip5 zau4 sa4
應機立斷,yin4 gi1 lip6 ton4
應邀前來,yin4 yau1 cien2 loi2
應用邏輯,yin4 yung4 lo3 cip5
應銷,yin4 siau1
應天順時,yin4 tien1 sun4 si2
應天承運,yin4 tien1 sin2 yun4
應召入伍,yin4 cau4 ngip6 ng3
凝花菜,ngien2 fa1 coi4
形核,hin2 het6
凝血脢原,ngien2 hiet5 moi2 ngien2
型英帥靚正,hin2 yin1 soi4 liang4 zang4
迎頭打擊,ngiang2 teu2 da3 git5
凝聚層,ngien2 ci4 cen2
業餘愛好者,ngiap6 yi2 oi4 hau4 za3
熱核反應堆,ngiet6 het6 fan3 yin4 doi1
熱核聚變反應,ngiet6 het6 ci4 bien4 fan3 yin4
熱成層,ngiet6 sin2 cen2
腰椎間盤突出,yau1 zui1 gan1 pan2 tut6 cut5
腰椎間盤突出症,yau1 zui1 gan1 pan2 tut6 cut5 zin4
要辭工,yau4 cu2 gung1
要風得風要雨得雨,yau4 fung1 det5 fung1 yau4 yi3 det5 yi3
要加牛奶,yau4 ga1 ngiu2 lai1
要講團結,yau4 gong3 ton2 giet5
要顧身體,yau4 gu4 sin1 ti3
要去廣州,yau4 hi4 gong3 ziu1
要一斤,yau4 yit5 gin1
要用拖板,yau4 yung4 to1 ban3
要來深圳,yau4 loi2 cim1 zun4
要買人心,yau4 mai1 ngin2 sim1
要您請,yau4 lin2 ciang3
要配置,yau4 pui4 zi4
要修要補,yau4 siu1 yau4 bu3
要射死,yau4 sa4 si3
要替換,yau4 tai4 von4
要再跑過,yau4 zai4 pau1 go4
約當現金,yok5 dong1 hien4 gim1
約翰三書,yok5 hon4 sam1 su1
弱音踏板,ngiok6 yim1 tap6 ban3
若要窮神壇社廟逞英雄,yok6 yau4 kiung2 sin2 tan2 sa1 miau4 cin3 yin1 hiung2
弱相互作用,ngiok6 siong1 fu4 zok5 yung4
秧坎,yong1 kam3
陽電極,yong2 tien4 kit6
陽江話,yong2 gong1 va4
蘘荷,yong2 ho2
洋燕,yong2 yen4
羊毛出自羊身上,yong2 mau1 cut5 cu4 yong2 sin1 song4
洋漂族,yong2 piau1 cuk6
仰脖,ngiong1 put6
氧效應,yong1 hau4 yin4
養兒一百歲長憂九十九,yong1 yi2 yit5 bak5 soi4 cong2 yiu1 giu3 sip6 giu3
郁不得其正,yuk5 but5 det5 ki2 zin4
玉不琢不成器,ngiuk6 but5 dok5 but5 sin2 hi4
肉隨砧板上,ngiuk5 sui2 zem1 ban3 song4
肉好實,ngiuk5 hau3 sit6
肉麻當有趣,ngiuk5 ma2 dong4 yiu1 ci4
雍重,yung1 cung4
冗長度,yung3 cong2 tu4
踴躍報名,yung3 yok5 bau4 miang2
冗散,yung3 san4
冗食,yung3 sit6
融解點,yung2 gai3 diam3
榕樹凹,yung2 su4 au4
榕樹嶺,yung2 su4 liang1
溶質,yung2 zit5
用人經費,yung4 ngin2 gin1 fui4
用鳩拍面,yung4 giu1 pok5 mien4
用其所長,yung4 ki2 so3 cong2
用户端設備,yung4 fu4 don1 siet5 pi4
用户意見,yung4 fu4 yi4 gien4
迂磨,yi1 mo2
如墮煙霧,yi2 to4 yen1 vu4
如火純青,yi2 fo3 sun2 ciang1
瑜伽行派,yi2 ga1 hang2 pai4
虞應龍,ngi2 yin4 lung2
如其所好,yi2 ki2 so3 hau4
娛樂報,ngu2 lok6 bau4
愚昧落後,ngi2 mui3 lok6 heu4
與此相反,yi1 cu3 siong1 fan3
語境效應,ngi1 gin3 hau4 yin4
雨褸佬,yi3 leu1 lau3
雨順風調,yi3 sun4 fung1 tiau2
宇宙生成論,yi3 ciu4 sang1 sin2 lun4
預定義,yi4 tin4 ngi4
預防傳染病,yi4 fong2 con2 ngiam4 piang4
寓工作於娛樂,ngi4 gung1 zok5 yi1 ngu2 lok6
預期推理,yi4 ki2 tui1 li1
鴛鴦六七四,yen1 yong1 luk5 cit5 si4
冤屈死人,yen1 kiut5 si3 ngin2
員工會議,yen2 gung1 fui4 ngi4
員工仔,yen2 gung1 zai3
元音失讀,ngien2 yim1 sit5 tuk6
原味主張,ngien2 mui4 zu3 zong1
玄武質熔岩,hien2 vu1 zit5 yung2 ngam2
元惡大憝,ngien2 ok5 tai4 dui4
原腎管,ngien2 sin4 gon3
原裝正品,ngien2 zong1 zin4 pin3
遠親不如近鄰,yen3 cin1 but5 yi2 kiun4 lin2
遠東經濟評論,yen3 dung1 gin1 zi4 pin2 lun4
遠距離監視,yen3 ki3 li2 gam1 si4
軟流層,ngion1 liu2 cen2
遠水不能救近火,yen3 sui3 but5 len2 giu4 kiun4 fo3
軟體應用,ngion1 ti3 yin4 yung4
遠足户外,yen3 zuk5 fu4 ngoi4
乙種射線,yet5 zung3 sa4 sien4
月經棉栓,ngiet6 gin1 mien2 san1
月結款,ngiet6 giet5 kan3
粵語白話文,yet6 ngi1 pak6 va4 vun2
粵語流行曲,yet6 ngi1 liu2 hang2 kiuk5
粵語拼音方案,yet6 ngi1 pin4 yim1 fong1 on4
月亮盈虧,ngiet6 liong4 yin2 kui1
粵拼輸入法,yet6 pin4 su1 ngip6 fap5
越食越餓,yet6 sit6 yet6 ngo4
月相變化,ngiet6 siong4 bien4 fa4
越活越好,yet6 fat6 yet6 hau3
卡波西氏肉瘤,ka1 bo1 si1 si4 ngiuk5 liu2
卡邦尼意粉,ka1 bong1 li2 yi4 fun3
卡爾曼濾波,ka1 li3 man4 li4 bo1
卡爾文克萊因,ka1 li3 vun2 ket5 loi2 yin1
卡拉馬佐夫兄弟,ka1 lai1 ma1 zo3 fu1 hiung1 ti4
卡類通信,ka1 lui4 tung1 sin4
卡西米爾效應,ka1 si1 mi3 li3 hau4 yin4
卡式證,ka1 sit5 zin4
卡通包,ka1 tung1 bau1
靠飲靠食,kau4 yim3 kau4 sit6
靠鋪牛力,kau4 pu1 ngiu2 lit6
溪仔,kai1 zai3
禁等咯,gim1 den3 gok6
禁攪,gim1 gau3
琴日之嘛,kim2 ngit5 zu1 ma1
琴瑟不調,kim2 set5 but5 tiau2
琴朝,kim2 zau1
扱實隻蓋,kip5 sit6 zak5 goi4
扱手波,kip5 siu3 bo1
扱線,kip5 sien4
扱轉,kip5 zon4
求其應付,kiu2 ki2 yin4 fu4
求其做下,kiu2 ki2 zo4 ha4
舅爺仔,kiu1 ya2 zai3
其樂不窮,ki2 lok6 but5 kiung2
棋屎貪食卒,ki2 si3 tam1 sit6 zut5
其精似鬼,ki2 zin1 su4 gui3
企定腳,ki1 tin4 giok5
企業管理碩士,ki1 ngiap6 gon3 li1 sak6 su4
距狀皮層,ki3 cong4 pi2 cen2
拒絕毒品,ki3 ciet6 tuk6 pin3
傾下咯,kin1 ha4 gok6
傾箱倒篋,kin1 siong1 dau3 giap5
瓊乾,kiun2 gon1
擎拳合掌,kiang2 kien2 hap6 zong3
瓊中黎族苗族自治縣,kiun2 zung1 lai2 cuk6 miau2 cuk6 cu4 ci4 yen4
翹材,kiau2 coi2
翹盼,kiau2 pan4
橋上倒涼茶,kiau2 song4 dau3 liong2 ca2
喬治爵士,kiau2 ci4 ziok5 su4
翹足引領,kiau2 zuk5 yin3 liang1
強化訓練,kiong2 fa4 hiun4 lien4
強輻射區,kiong2 fuk5 sa4 ki1
強音踏板,kiong2 yim1 tap6 ban3
強力攻佔,kiong2 lit6 gung1 zam4
強相互作用,kiong2 siong1 fu4 zok5 yung4
強中自有強中手,kiong2 zung1 cu4 yiu1 kiong2 zung1 siu3
強行攤派,kiong3 hang2 tan1 pai4
確定效應,kok5 tin4 hau4 yin4
抗核加固,kong4 het6 ga1 gu4
抗震救災指揮部,kong4 zin3 giu4 zai1 zi3 fui1 pu4
窮到屈,kiung2 dau4 kiut5
窮困户,kiung2 kun4 fu4
窮酸相,kiung2 son1 siong4
葵盛泳池,kui2 sin2 yun3 ci2
崑士蘭,kun1 su4 lan2
擴張政策,kok5 zong1 zin4 cak5
礦油精,kang3 yiu2 zin1
狂三詐四,kong2 sam1 za4 si4
決定作用,giet5 tin4 zok5 yung4
缺醫少藥,kiet5 yi1 sau3 yok6
缺心少肺,kiet5 sim1 sau3 pui4
拉客户,lai1 hak5 fu4
拉沙病毒,lai1 sa1 piang4 tuk6
拉手仔,lai1 siu3 zai3
拉相好,lai1 siong1 hau3
癩渣,lai4 za1
賴錯人,lai4 co4 ngin2
欖核,lam3 fut6
藍額長腳地鴝,lam2 ngiak5 cong2 giok5 ti4 ki2
藍色小精靈,lam2 set5 siau3 zin1 lin2
讕調,lan2 tiau4
懶正經,lan1 zin4 gin1
爛喊,lan4 ham4
爛平爛賤,lan4 piang2 lan4 cien4
爛船都有三斤釘,lan4 son2 du1 yiu1 sam1 gin1 dang1
冷斗貨車,lang1 deu3 fo4 ca1
冷熱度數,lang1 ngiet6 tu4 su4
冷手執個熱煎堆,lang1 siu3 zip5 go4 ngiet6 zien1 doi1
撈屄,leu2 biet5
撈到正,leu2 dau4 zang4
撈埋撈埋,leu2 mai2 leu2 mai2
撈餸,leu2 sung4
禮品換領中心,li1 pin3 von4 liang1 zung1 sim1
禮廢樂崩,li1 fui4 ngok6 ben1
禮樂射,li1 ngok6 sa4
臨牀經驗,lim2 cong2 gin1 ngiam4
林家翹,lim2 ga1 kiau2
淋溶層,lim2 yung2 cen2
林三趾鶉,lim2 sam1 zi3 cun1
臨時校舍,lim2 si2 gau3 sa4
立定心水,lip6 tin4 sim1 sui3
甩質,lot5 zit5
褸蓆,leu1 ciak6
嘍當,leu4 dong4
流千張,liu2 cien1 zong1
流定堅,liu2 tin4 gien1
流行地帶,liu2 hang2 ti4 dai4
流行色彩,liu2 hang2 set5 cai3
流行線,liu2 hang2 sien4
留後手,liu2 heu4 siu3
留影區,liu2 yang3 ki1
流量防火牆,liu2 liong4 fong2 fo3 siong2
流亡當地,liu2 mong2 dong1 ti4
柳丁氨醇,liu3 den1 on1 sun2
褸返件衫,leu3 fan3 kien4 sam1
柳煙花霧,liu3 yen1 fa1 vu4
溜槽,liu4 cau2
溜旱冰,liu4 hon1 ben1
漏水轉渾天儀,leu4 sui3 zon3 fun2 tien1 ngi2
籬更竹,li2 gang1 zuk5
離行離罅,li2 hong2 li2 la4
離愁別緒,li2 siu2 piet6 si4
履行合同,li1 hang2 hap6 tung2
里瓦幾亞條約,li1 nga3 gi1 a1 tiau2 yok5
履舄交錯,li1 sit5 gau1 co4
李娃傳,li3 va1 con4
靚到抌一聲,liang4 dau4 dem3 yit5 sang1
靚雞煲,liang4 gai1 bau1
靚湯水,liang4 tong1 sui3
雷克斯暴龍,lui2 ket5 su1 pau4 lung2
雷姆斯汀,lui2 mu1 su1 tin1
鐳射唱機,lui2 sa4 cong4 gi1
鐳射印表機,lui2 sa4 yin4 biau3 gi1
裏出外進,li1 cut5 ngoi4 zin4
旅遊巴士司機,li3 yiu2 ba1 si3 su1 gi1
裏勾外連,li1 geu1 ngoi4 lien2
裏帔,li1 pi1
壘上有人,lui3 song4 yiu1 ngin2
壘上無人,lui3 song4 vu2 ngin2
濾毒通風裝置,li4 tuk6 tung1 fung1 zong1 zi4
類屬詞典,lui4 suk6 cu2 dien3
卵巢窩,lon3 cau2 vo1
卵裂,lon3 liet6
卵模,lon3 mu2
卵黃管,lon3 vong2 gon3
卵黃腺,lon3 vong2 sien4
卵精巢,lon3 zin1 cau2
倫琴射線,lun2 kim2 sa4 sien4
燐質,lin2 zit5
論長道短,lun4 cong2 tau4 don3
律啤,lut6 bia1
栗背岩鷚,lit6 boi4 ngam2 liu4
律師會長,lut6 su1 fui4 zong3
律政司司長,lut6 zin4 su1 su1 zong3
力不到不為財,lit6 but5 dau4 but5 vui2 coi2
歷朝通俗演義,lit6 cau2 tung1 suk6 yen1 ngi4
力學傳遞,lit6 hok6 con2 ti4
歷史名人卷,lit6 su3 min2 ngin2 gien3
斂步,liam3 pu4
臉紅筋漲,liam3 fung2 gin1 zong4
斂衽,liam3 ngim4
連結主義,lien2 giet5 zu3 ngi4
連年不斷,lien2 ngien2 but5 ton4
連三併四,lien2 sam1 bin4 si4
連踢帶打,lien2 tiak5 dai4 da3
連續變調,lien2 suk6 bien4 tiau4
煉之未定,lien4 zu1 vui4 tin4
靈牀,lin2 cong2
靈醒,lin2 siang3
靈活策略,lin2 fat6 cak5 liok6
靈鍾暱納,lin2 zung1 lit6 lap6
另行規定,lang4 hang2 gui1 tin4
獵户臂,liap6 fu4 bi4
裂谷熱病毒,liet6 guk5 ngiet6 piang4 tuk6
列支敦士登,liet6 zi1 dun1 su4 den1
撩鬼攞病,liau2 gui3 lo3 piang4
撩惹,liau2 ngia1
撩撩下,liau2 liau2 ha4
攞打,lo3 da3
攞景定贈興,lo3 gin3 tin4 zen4 hin4
攞心抱仔,lo3 sim1 pau1 zai3
羅爾定理,lo2 li3 tin4 li1
羅塞塔石碑,lo2 set5 tap5 sak6 bi1
螺旋千斤頂,lo2 sien2 cien1 gin1 din3
螺旋粉,lo2 sien2 fun3
螺旋椅,lo2 sien2 yi3
兩個款,liong3 go4 kan3
量角規,liong2 gok5 gui1
良賈深藏,liong2 gu3 cim1 cong2
良好飲食習慣,liong2 hau3 yim3 sit6 sip6 gan4
良禽擇木而棲,liong2 kim2 cak6 muk5 yi2 ci1
良心當狗肺,liong2 sim1 dong4 geu3 pui4
良種繁育,liong2 zung3 fan2 yuk5
兩步驟驗證,liong1 pu4 ciu4 ngiam4 zin4
兩點裏,liong1 diam3 li1
兩頰生津,liong1 giap5 sang1 zin1
兩極管,liong1 kit6 gon3
兩頭兒,liong1 teu2 yi2
兩晉時代,liong1 zin4 si2 toi4
兩字詞,liong1 su4 cu2
量化邏輯,liong4 fa4 lo3 cip5
量綱,liong4 gong1
來電轉駁,loi2 tien4 zon3 bok5
來鴻去燕,loi2 fung2 hi4 yen4
落筆打三更,lok6 bit5 da3 sam1 gang1
落筆審慎,lok6 bit5 sim3 sin3
落車了,lok6 ca1 liau3
落地籤,lok6 ti4 ciam1
落地喊三聲好醜命生成,lok6 ti4 ham4 sam1 sang1 hau3 ciu3 miang4 sang1 sang2
落後狀況,lok6 heu4 cong4 kong3
落炕,lok6 kong4
落雨收遮,lok6 yi3 siu1 za1
落落難合,lok6 lok6 lan2 hap6
樂浪郡,lok6 long4 kiun4
落埋怨,lok6 mai2 yen4
落實到户,lok6 sit6 dau4 fu4
落手打三更,lok6 siu3 da3 sam1 gang1
落剩,lok6 sin4
落種,lok6 zung3
狼過華秀隻狗,long2 go4 fa2 siu4 zak5 geu3
撈到化,lau1 dau4 fa4
撈稿,lau1 gau3
撈水蟹,lau1 sui3 hai3
撈水尾,lau1 sui3 mui1
撈湯,lau1 tong1
顱測量,lu2 cet5 liong2
牢靠妥當,lau2 kau4 to3 dong4
勞累過度,lau2 lui4 go4 tu4
鹵質,lu1 zit5
路見不平拔刀相助,lu4 gien4 but5 pin2 pat6 dau1 siong1 co4
路好滑,lu4 hau3 vat6
轆轆轉,luk6 luk6 zon4
綠背山雀,luk6 boi4 san1 ziok5
綠慘紅愁,luk6 cam3 fung2 siu2
六七文,luk5 cit5 vun2
六朝四大家,luk5 cau2 si4 tai4 ga1
六大碗,luk5 tai4 von3
氯單質,luk6 dan1 zit5
六方最密堆積,luk5 fong1 zui4 mit6 doi1 zit5
淥下,luk6 ha4
六一兒童節,luk5 yit5 yi2 tung2 ziet5
六耳不同謀,luk5 ngi3 but5 tung2 meu2
六二五事變,luk5 ngi4 ng3 su4 bien4
六喱,luk5 li1
六式碼,luk5 sit5 ma1
六韜三略,luk5 tau1 sam1 liok6
籠檻,lung1 kam3
籠裏雞作反,lung1 li1 gai1 zok5 fan3
龍門山斷層,lung2 mun2 san1 ton4 cen2
龍頭蛇尾,lung2 teu2 sa2 mui1
籠仔包,lung1 zai3 bau1
籠仔蒸飯,lung1 zai3 zin1 fan4
戀舊情結,lien4 kiu4 cin2 giet5
聯邦調查局,lien2 bong1 tiau4 ca2 kiuk6
聯合國祕書處,lien2 hap6 get5 bi4 su1 cu4
聯合式合成詞,lien2 hap6 sit5 hap6 sin2 cu2
聯户,lien2 fu4
亂講無為,lon4 gong3 vu2 vui2
亂映,lon4 yang3
亂指廿四,lon4 zi3 ngip6 si4
亂作古仔,lon4 zok5 gu3 zai3
唔信咯,m1 sin4 gok6
唔想睬你,m1 siong3 cai3 li3
孖啤車,ma1 bi1 ca1
孖池頭,ma1 ci2 teu2
麻將台,ma2 ziong4 toi2
馬弁,ma1 pien4
馬丁爐,ma1 den1 lu2
馬交佬,ma1 gau1 lau3
馬爾堡病毒,ma1 li3 bau3 piang4 tuk6
馬六甲海峽,ma1 luk5 gap5 hoi3 hiap6
馬死落地行,ma1 si3 lok6 ti4 hang2
馬屎憑官貴,ma1 si3 pin2 gon1 gui4
馬上比武,ma1 song4 bi3 vu1
埋街食井水,mai2 gai1 sit6 ziang3 sui3
埋手打三更,mai2 siu3 da3 sam1 gang1
買番攤,mai1 fan1 tan1
買孖展,mai1 ma1 zien3
賣仔莫摸頭,mai4 zai3 mok6 mo1 teu2
賣字畫,mai4 su4 fa4
賣剩鴨,mai4 yin4 ap5
賣剩尾,mai4 yin4 mui1
晚晌,man1 song3
晚安豬豬,man1 on1 zu1 zu1
晚修後,man1 siu1 heu4
晚閃,man1 sam3
晚頭黑,man1 teu2 het5
晚禾,man1 vo2
慢速攝影,man4 suk5 ngiap5 yang3
萬古長新,man4 gu3 cong2 sin1
萬有引力定律,man4 yiu1 yin3 lit6 tin4 lut6
萬綠叢中一點紅,man4 luk6 cung2 zung1 yit5 diam3 fung2
萬惡滔天,man4 ok5 tau1 tien1
矛使,mau2 su3
矛盾轉化,mau2 tun3 zon3 fa4
咪狗經,mai4 geu3 gin1
咪馬經,mai4 ma1 gin1
咪仙,mai4 sien1
米少飯焦燶,mi3 sau3 fan4 ziau1 lung1
麥理浩爵士,mak6 li1 hau3 ziok5 su4
蚊帳頂,mun1 zong4 dang3
文青機,vun2 ciang1 gi1
汶川大地震,vun3 con1 tai4 ti4 zin3
文化大革命,vun2 fa4 tai4 gak5 min4
民間瓦缸,min2 gan1 nga3 gong1
文獻彙編,vun2 hien4 fui4 bien1
民以食為天,min2 yi1 sit6 vui2 tien1
聞名不如見面,vun2 min2 but5 yi2 gien4 mien4
文彙報,vun2 fui4 bau4
民主集中制,min2 zu3 sip6 zung1 zi4
閩南話又有,men2 lam2 va4 yiu4 yiu1
盟弟,men2 ti4
盟兄弟,men2 hiung1 ti4
乜也,mak5 ya1
乜咯,mak5 gok6
乜樹,mak5 su4
乜哇,mak5 va1
密不外傳,mit6 but5 ngoi4 con2
密度波,mit6 tu4 bo1
密封輻射源,mit6 fung1 fuk5 sa4 ngien2
物以罕為貴,vut6 yi1 hon3 vui2 gui4
密實度,mit6 sit6 tu4
密實姑娘假正經,mit6 sit6 gu1 ngiong2 ga3 zin4 gin1
密食當三番,mit6 sit6 dong4 sam1 fan1
物質不滅定律,vut6 zit5 but5 miet6 tin4 lut6
物主限定詞,vut6 zu3 han4 tin4 cu2
貿易保護主義,meu3 yit6 bau3 fu4 zu3 ngi4
孭凳仔,ba2 den4 zai3
咩也,me1 ya1
孭你,ba2 li3
微速攝影,mi2 suk5 ngiap5 yang3
湄公河三角洲,mi2 gung1 ho2 sam1 gok5 ziu1
微軟正黑,mi2 ngion1 zin4 het5
微軟正黑體,mi2 ngion1 zin4 het5 ti3
眉卡,mi2 ka1
微小病毒科,mi2 siau3 piang4 tuk6 ko1
美國存託憑證,mui1 get5 sun2 tok5 pin2 zin4
美國地質調查局,mui1 get5 ti4 zit5 tiau4 ca2 kiuk6
美國地質局,mui1 get5 ti4 zit5 kiuk6
美如畫,mui1 yi2 fa4
美味小食,mui1 mui4 siau3 sit6
美食甜品,mui1 sit6 tiam2 pin3
美屬維爾京羣島,mui1 suk6 vui2 li3 gin1 kiun2 dau3
未曾做,vui4 cen2 zo4
未達一間,vui4 tat6 yit5 gan1
未吃飯,vui4 ket5 fan4
未咯,vui4 gok6
未落膈,vui4 lok6 gak5
沒水銅人,mi4 sui3 tung2 ngin2
未食飽,vui4 sit6 bau3
未成冠,vui4 sin2 gon4
未傻咯,vui4 so2 gok6
名媒正娶,miang2 moi2 zang1 ci3
免疫應答,men1 yit6 yin4 dap5
免疫注射,men1 yit6 zu4 sa4
面燃大士,mien4 yen2 tai4 su4
溟池,men2 ci2
明槍易擋暗箭難防,min2 ciong1 yi4 dong3 am4 zien4 lan2 fong2
溟島,men2 dau3
暝昏,men2 fun1
明光度,min2 gong1 tu4
名蠔,min2 hau2
名人與學生,min2 ngin2 yi1 hok6 sang1
名言錄,min2 ngien2 luk6
名列首位,min2 liet6 siu3 vui4
明亮白鐵,min2 liong4 pak6 tiet5
名錄服務,min2 luk6 fuk6 vu4
名重識暗,min2 cung4 sit5 am4
溟溟,men3 men2
溟蒙,men3 mung2
命令列,min4 lin4 liet6
命名作業,min4 min2 zok5 ngiap6
命題邏輯,min4 ti2 lo3 cip5
滅種罪,miet6 zung3 cui4
妙法蓮華經,miau4 fap5 lien2 fa2 gin1
妙語解頤,miau4 ngi1 gai3 yi2
廟仔門,miau4 zai3 mun2
魔鬼粘,mo2 gui3 ngiam2
摸不着頭腦,mo1 but5 cok6 teu2 lau3
摸肚仔,mo1 du3 zai3
磨煩,mo2 fan2
磨灰,mo2 foi1
磨起泡,mo2 hi3 pau1
磨石粗砂岩,mo2 sak6 cu1 sa1 ngam2
磨叨,mo2 tau1
磨製石器,mo2 ze4 sak6 hi4
莫比烏斯帶,mok6 bi3 vu1 su1 dai4
忙中出錯,mong2 zung1 cut5 co4
網卡速度,miong3 kat6 suk5 tu4
網絡層協議,miong3 lok6 cen2 hiap6 ngi4
網絡打印機,miong3 lok6 da3 yin4 gi1
網際電話,miong3 zi4 tien4 va4
網際協定,miong3 zi4 hiap6 tin4
望到頸長,mong4 dau4 giang3 cong2
望到頸都長,mong4 dau4 giang3 du1 cong2
無檳城豔咩,vu2 bin1 sang2 yam4 me1
無伴奏合唱,vu2 pan4 zeu4 hap6 cong4
無產階級革命,vu2 san3 gai1 kip5 gak5 min4
無取勝希望者,vu2 ci3 sin4 hi1 mong4 za3
無打算添,vu2 da3 son4 tiam1
毛鄧三,mau1 ten4 sam1
無定形碳,vu2 tin4 hin2 tan4
無定企,vu2 tin4 ki1
毛都未出齊,mau1 du1 vui4 cut5 ce2
毛都未生齊,mau1 du1 vui4 sang1 ce2
毛巾褸,mau1 gin1 leu1
無後顧之憂,vu2 heu4 gu4 zu1 yiu1
無孔不鑽,vu2 kung3 but5 zon4
無業閒散,vu2 ngiap6 han2 san3
無論點好,vu2 lun4 diam3 hau3
無聊緊,vu2 liau2 gin3
無聊無賴,vu2 liau2 vu2 lai4
無名烈士墓,vu2 min2 liet6 su4 mu4
無名戰死,vu2 min2 zien4 si3
無心插柳柳成蔭,vu2 sim1 cap5 liu3 liu3 sin2 yim4
無腥氣,vu2 siang1 hi4
無事不登三寶殿,vu2 su4 but5 den1 sam1 bau3 tien4
無線電傳呼機,vu2 sien4 tien4 con2 fu1 gi1
無所不用其極,vu2 so3 but5 yung4 ki2 kit6
無頭烏龜,vu2 teu2 vu1 gui1
無糖食品,vu2 tong2 sit6 pin3
無維度,vu2 vui2 tu4
無謂吖,vu2 vui4 a1
無針注射器,vu2 zim1 zu4 sa4 hi4
無氈無扇神仙難變,vu2 zien1 vu2 sien4 sin2 sien1 lan2 bien4
武器可用物質,vu1 hi4 ko3 yung4 vut6 zit5
冒名頂替者,mau4 min2 din3 tai4 za3
霧蒙蒙,vu4 mung2 mung2
冒生命危險,mau4 sang1 min4 ngui2 hiam3
玫瑰甜品,moi2 gui4 tiam2 pin3
每一朝,mui1 yit5 zau1
木筏頂,muk5 fat6 dang3
牧馬中原,muk6 ma1 zung1 ngien2
門氏五虎將,mun2 si4 ng3 fu3 ziong4
門扇後,mun2 sien4 heu4
門仔灣,mun2 zai3 van1
滿屏,man1 bin3
滿春,man1 cun1
滿得滯,man1 det5 ce4
滿腹疑雲,man1 fuk5 ngi2 yun2
滿含熱淚,man1 ham2 ngiet6 lui4
滿臉風塵,man1 liam3 fung1 cin4
滿臉生花,man1 liam3 sang1 fa1
滿堂灌,man1 tong2 gon4
滿肚文章,man1 du3 vun2 zong1
滿招損謙受益,man1 zau1 sun3 kiam1 siu4 yit5
滿足要求,man1 zuk5 yau1 kiu2
滿足面,man1 zuk5 mien4
懵仔簿,mung3 zai3 pu1
夢行症,mung4 hang2 zin4
末名獎品,mat6 min2 ziong3 pin3
南海十三郎,lam2 hoi3 sip6 sam1 long2
南卡羅來納,lam2 ka1 lo2 loi2 lap6
南卡羅來納州,lam2 ka1 lo2 loi2 lap6 ziu1
男士服飾,lam2 su4 fuk6 sit5
男仔衫,lam2 zai3 sam1
難得食,lan2 det5 sit6
難登大雅之堂,lan2 den1 tai4 nga3 zu1 tong2
難以克服,lan2 yi1 ket5 fuk6
納尼亞傳奇,lap6 li2 a1 con4 ki2
納頭便拜,lap6 teu2 pien4 bai4
泥焗雞,lai2 kiuk6 gai1
泥裏,lai2 li1
泥質頁岩,lai2 zit5 yap6 ngam2
能乾嘛,len2 gon1 ma1
能弱能強,len2 ngiok6 len2 kiong2
能源審核與碳審計,len2 ngien2 sim3 het6 yi1 tan4 sim3 ge4
能量守恆定律,len2 liong4 siu3 hen2 tin4 lut6
能者為師,len2 za3 vui2 su1
凹凸鏡,ngiap5 tut6 giang4
扭親隻腳,ngiu3 cin1 zak5 giok5
扭過龍門,ngiu3 go4 lung2 mun2
扭手花,ngiu3 siu3 fa1
扭屎窟,ngiu3 si3 fut5
您坐,lin2 co1
你去望望,li3 hi4 mong4 mong4
五打一,ng3 da3 yit5
五金店鋪,ng3 gim1 diam4 pu4
五音度,ng3 yim1 tu4
五窮六絕七翻身,ng3 kiung2 luk5 ciet6 cit5 fan1 sin1
五六十文,ng3 luk5 sip6 vun2
五時花六時變,ng3 si2 fa1 luk5 si2 bien4
五胡十六國,ng3 fu2 sip6 luk5 get5
牙齒打卦,nga2 ci3 da3 ga4
牙齒當金使,nga2 ci3 dong4 gim1 su3
牙齒矯正器,nga2 ci3 giau3 zin4 hi4
瓦簷水,nga3 yam2 sui3
捱穀種,ngai2 guk5 zung3
艾菲爾鐵塔,ngioi4 fui1 li3 tiet5 tap5
艾條雀啄灸,ngioi4 tiau2 ziok5 dok5 giu4
艾滋病病毒,ngioi4 zu1 piang4 piang4 tuk6
啱啱遇着剛剛,ngam1 ngam1 ngi4 cok6 gong1 gong1
啱啱碰着剛剛,ngam1 ngam1 pung4 cok6 gong1 gong1
岩沙海葵毒素,ngam2 sa1 hoi3 kui2 tuk6 su4
眼不見為淨,ngan3 but5 gien4 vui2 ciang4
眼不轉睛,ngan3 but5 zon3 zin1
眼穿腸斷,ngan3 con1 cong2 ton4
眼澀,ngan3 sep5
眼好澀,ngan3 hau3 sep5
眼淚橫流,ngan3 lui4 vang2 liu2
眼眉毛長,ngan3 mi2 mau1 cong2
眼神不好,ngan3 sin2 but5 hau3
眼蛇蛇,ngan3 sa2 sa2
眼色素層黑色素瘤,ngan3 set5 su4 cen2 het5 set5 su4 liu2
咬定牙關,ngau1 tin4 nga2 gan1
咬着耳朵,ngau1 cok6 ngi3 do3
危如朝露,ngui2 yi2 zau1 lu4
蟻多摟死象,li1 do1 leu1 si3 siong4
偽正字,ngui4 zin4 su4
銀喉長尾山雀,ngiun2 heu2 cong2 mui1 san1 ziok5
銀行單,ngiun2 hong2 dan1
銀行對賬單,ngiun2 hong2 dui4 zong4 dan1
銀臉長尾山雀,ngiun2 liam3 cong2 mui1 san1 ziok5
銀粘,ngiun2 zam1
鈎端螺旋體病,geu1 don1 lo2 sien2 ti3 piang4
勾朋結黨,geu1 pen2 giet5 dong3
牛耳仔,ngiu2 ngi3 zai3
俄底浦斯情結,ngo2 dai3 pu3 su1 cin2 giet5
餓到震,ngo4 dau4 zin3
外錯角,ngoi4 co4 gok5
外交豁免權,ngoi4 gau1 hot5 men1 kien2
外語會話,ngoi4 ngi1 fui4 va4
外來媳婦,ngoi4 loi2 sit5 fu4
外來成語,ngoi4 loi2 sin2 ngi1
外貿經濟,ngoi4 meu3 gin1 zi4
外貿逆差,ngoi4 meu3 ngiak6 ca1
外銷量,ngoi4 siau1 liong2
外推法,ngoi4 tui1 fap5
外質膜,ngoi4 zit5 mok6
岸然道貌,ngan4 yen2 tau4 mau4
岸芷汀蘭,ngan4 zi3 tin1 lan2
戇居仔,ngong4 gi1 zai3
匿影藏形,lit6 yang3 cong2 hin2
拈輕怕重,ngiam1 kiang1 pa4 cung1
黏着語,ngiam2 zok5 ngi1
年華虛度,ngien2 fa2 hi1 tu4
寧為玉碎不為瓦全,len2 vui2 ngiuk6 sui4 but5 vui2 nga3 cien2
寧為玉碎不作瓦全,len2 vui2 ngiuk6 sui4 but5 zok5 nga3 cien2
躡着腳,ngiap5 cok6 giok5
挼好長髮,lo2 hau3 cong2 fat5
內外勾結,lui4 ngoi4 geu1 giet5
腦海漂浮,lau3 hoi3 piau1 feu2
腦食屎,lau3 sit6 si3
腦體倒掛,lau3 ti3 dau4 ga4
農家美食,lung2 ga1 mui1 sit6
農林水產省,lung2 lim2 sui3 san3 sen3
農奴解放日,lung2 lu2 gai3 fong4 ngit5
農作物品種,lung2 zok5 vut6 pin3 zung3
農作貿易,lung2 zok5 meu3 yit6
柯沙奇病毒,ko1 sa1 ki2 piang4 tuk6
屙屎貪高興,o1 si3 tam1 gau1 hin4
痾屎貪高興,o1 si3 tam1 gau1 hin4
愛靚唔愛命,oi4 liang4 m1 oi4 miang4
愛烏罕,oi4 vu1 hon3
惡叉白賴,ok5 ca1 pak6 lai4
惡創,ok5 cong3
惡亨亨,ok5 hen1 hen1
惡向膽邊生,ok5 hiong4 dam3 bien1 sang1
惡人自有惡人磨,ok5 ngin2 cu4 yiu1 ok5 ngin2 mo2
惡言傷人,ok5 ngien2 song1 ngin2
惡惡實實,ok5 ok5 sit6 sit6
惡誓,ok5 si4
惡歲,ok5 soi4
惡損,ok5 sun3
安定化,on1 tin4 fa4
安度晚年,on1 tu4 man1 ngien2
安閒舒適,on1 han2 su1 sit5
安息香屬,on1 sit5 hiong1 suk6
按質定價,on4 zit5 tin4 ga4
奧丁諧振器,au4 den1 hai2 zin3 hi4
奧林匹克精神,au4 lim2 pit5 ket5 zin1 sin2
奧米加六,au4 mi3 ga1 luk5
澳牛食品,au4 ngiu2 sit6 pin3
扒長龍,pa2 cong2 lung2
扒摟,pa2 leu2
拍畢業照,pok5 bit5 ngiap6 zau4
拍得過,pok5 det5 go4
拍拍拖,pok5 pok5 to1
帕斯卡六邊形,pa4 su1 ka1 luk5 bien1 hin2
帕斯卡三角形,pa4 su1 ka1 sam1 gok5 hin2
拍拖咯,pok5 to1 gok6
拍拖拖,pok5 to1 to1
攀親道故,pan1 cin1 tau4 gu4
攀高結貴,pan1 gau1 giet5 gui4
硼鐵,pen2 tiet5
泡貨,pau1 fo4
拋射體,pau1 sa4 ti3
泡漩,pau1 sien2
跑馬觀花,pau1 ma1 gon1 fa1
跑馬射蚊鬚,pau1 ma1 sa4 mun1 si1
炮台裏,pau4 toi2 li1
噴漆推進,pun4 cit5 tui1 zin4
噴氣推進實驗室,pun4 hi4 tui1 zin4 sit6 ngiam4 sit5
瀕臨絕種生物,pin2 lim2 ciet6 zung3 sang1 vut6
憑白無故,pin2 pak6 vu2 gu4
憑倚,pin2 yi3
憑軾結轍,pin2 sit5 giet5 ciet5
憑眺,pin2 tiau4
裒斂,peu2 liam3
裒斂無厭,peu2 liam3 vu2 yam4
披頭四樂團,pi1 teu2 si4 ngok6 ton2
皮劃艇激流回旋,pi2 vak6 tiang3 git5 liu2 fui2 sien2
皮質類固醇,pi2 zit5 lui4 gu4 sun2
被頭巾,pi1 teu2 gin1
劈可樂,piak5 ko3 lok6
平價家電,piang2 ga4 ga1 tien4
平價住宿,piang2 ga4 cu4 suk5
偏差距離,pien1 ca1 ki3 li2
偏邪不正,pien1 sia2 but5 zin4
偏極化,pien1 kit6 fa4
偏極濾光鏡,pien1 kit6 li4 gong1 giang4
偏移量,pien1 yi2 liong4
偏正式合成詞,pien1 zin4 sit5 hap6 sin2 cu2
偏轉角,pien1 zon3 gok5
拼板膠,pin4 ban3 gau1
拼板遊戲,pin4 ban3 yiu2 hi4
拼板玩具,pin4 ban3 van4 ki3
拼攢,pin4 cien2
拼櫃,pin4 kui4
拼命討好,pin4 min4 tau3 hau3
平寶蓋,pin2 bau3 goi4
平等待人,pin2 den3 toi4 ngin2
平地起家,pin2 ti4 hi3 ga1
平頂坳,pin2 dang3 au4
平快車,pin2 kai4 ca1
平方反比定律,pin2 fong1 fan3 bi3 tin4 lut6
平方反比律,pin2 fong1 fan3 bi3 lut6
平方厘米,pin2 fong1 li2 mi3
平方成反比,pin2 fong1 sin2 fan3 bi3
平均值定理,pin2 giun1 cit6 tin4 li1
平行公設,pin2 hang2 gung1 siet5
平行力,pin2 hang2 lit6
平腰,pin2 yau1
平原鷚,pin2 ngien2 liu4
平面曲線,pin2 mien4 kiuk5 sien4
平平滑滑,pin2 pin2 vat6 vat6
撇喇,piet5 la2
漂香,piau1 hiong1
漂落,piau1 lok6
漂鷸,piau1 yut6
漂亮佳人,piau4 liong4 ga1 ngin2
破瓦寒窯,po4 nga3 hon2 yau2
婆仔髻,po2 zai3 gi4
璞玉渾金,pok5 ngiuk6 fun2 gim1
撲心撲命,pok5 sim1 pok5 miang4
舖牀,pu1 cong2
鋪牀疊被,pu1 cong2 tiap6 pi1
普降大雨,pu1 gong4 tai4 yi3
普及讀物,pu1 kip6 tuk6 vut6
普魯卡因,pu1 lu1 ka1 yin1
普遍推廣,pu1 bien4 tui1 gong3
普通燕鷗,pu1 tung1 yen4 iu1
普通話拼音,pu1 tung1 va4 pin4 yim1
蒲下蒲下,pu2 ha4 pu2 ha4
葡糖胺,pu2 tong2 on1
坯件,poi1 kien4
胚囊泡,poi1 long2 pau1
賠償制度,poi2 song2 zi4 tu4
番禺監獄,pan1 ngi2 gam1 ngiuk6
番禺人,pan1 ngi2 ngin2
蟠龍裏,pan2 lung2 li1
碰到困難,pung4 dau4 kun4 lan2
蓬門蓽户,pung2 mun2 bit5 fu4
蓬散,pung2 san4
蓬户,pung2 fu4
沙法維王朝,sa1 fap5 vui2 vong2 cau2
沙棘屬,sa1 git5 suk6
沙士堅,sa1 su4 gien1
耍番兩度,sa3 fan1 liong1 tu4
曬行馬,sai4 hang2 ma1
三百六十度,sam1 bak5 luk5 sip6 tu4
三白灣,sam1 pak6 van1
三步不出閨門,sam1 pu4 but5 cut5 gui1 mun2
三杯鴨,sam1 bui1 ap5
三叉蘇,sam1 ca1 su1
三次曲線,sam1 cu4 kiuk5 sien4
三千里,sam1 cien1 li1
三千三,sam1 cien1 sam1
三千秀髮,sam1 cien1 siu4 fat5
三大法寶,sam1 tai4 fap5 bau3
三鬥,sam1 deu4
三對三鬥牛,sam1 dui4 sam1 deu4 ngiu2
三島由紀夫,sam1 dau3 yiu2 gi3 fu1
三塊田,sam1 kai4 tien2
三藩市交通局,sam1 fan2 si1 gau1 tung1 kiuk6
三藩市華埠,sam1 fan2 si1 fa2 feu4
三更窮五更富,sam1 gang1 kiung2 ng3 gang1 fu4
三九兩丁七,sam1 giu3 liong1 den1 cit5
三句不離本行,sam1 gi4 but5 li2 bun3 hong2
三件套式西裝,sam1 kien4 tau4 sit5 si1 zong1
三個臭皮匠勝過一個諸葛亮,sam1 go4 ciu4 pi2 siong4 sin4 go4 yit5 go4 zu1 got5 liong4
三個款,sam1 go4 kan3
三腳兩步,sam1 giok5 liong1 pu4
三角測量法,sam1 gok5 cet5 liong2 fap5
三角銼,sam1 gok5 co4
三角恐龍,sam1 gok5 kiung3 lung2
三江生態旅遊區,sam1 gong1 sang1 tai4 li3 yiu2 ki1
三國英雄,sam1 get5 yin1 hiung2
三下五落二,sam1 ha4 ng3 lok6 ngi4
三合一疫苗,sam1 hap6 yit5 yit6 miau2
三項式,sam1 hong4 sit5
三號電池,sam1 hau4 tien4 ci2
三號碼頭,sam1 hau4 ma1 teu2
三樣好,sam1 yong4 hau3
三用表,sam1 yung4 biau3
三元區,sam1 ngien2 ki1
三元醇,sam1 ngien2 sun2
三元運算,sam1 ngien2 yun4 son4
三月二十一號,sam1 ngiet6 ngi4 sip6 yit5 hau4
三級士官,sam1 kip5 su4 gon1
三論宗,sam1 lun4 zung1
三氯化鐵,sam1 luk6 fa4 tiet5
三六滾一滾,sam1 luk5 gun3 yit5 gun3
三六香肉,sam1 luk5 hiong1 ngiuk5
三氯氧磷,sam1 luk6 yong1 lin2
三聯管,sam1 lien2 gon3
三亂,sam1 lon4
三瓦兩舍,sam1 nga3 liong1 sa4
三朋四友,sam1 pen2 si4 yiu1
三十八度線,sam1 sip6 bat5 tu4 sien4
三十八區,sam1 sip6 bat5 ki1
三手兩腳,sam1 siu3 liong1 giok5
三歲定八十,sam1 soi4 tin4 bat5 sip6
三色紫羅蘭,sam1 set5 zu3 lo2 lan2
三態變化,sam1 tai4 bien4 fa4
三體問題,sam1 ti3 mun4 ti2
三屜桌,sam1 ti4 zok5
三套車,sam1 tau4 ca1
三皇炮捶,sam1 fong2 pau4 cui2
三黃四月,sam1 vong2 si4 ngiet6
三進制,sam1 zin4 zi4
三趾鴉雀,sam1 zi3 a1 ziok5
三趾濱鷸,sam1 zi3 bin1 yut6
三字詞,sam1 su4 cu2
三尖八年,sam1 ziam1 bat5 ngien2
三膲,sam1 ziau1
山崩地形成,san1 ben1 ti4 hin2 sin2
山本五十六,san1 bun3 ng3 sip6 luk5
山地自行車,san1 ti4 cu4 hang2 ca1
柵極,san1 kit6
山路下,san1 lu4 ha4
山巒重疊,san1 lan2 cung2 tiap6
山水有相逢,san1 sui3 yiu1 siong1 fung2
珊瑚羣落,san1 fu2 kiun2 lok6
散束,san3 suk5
散點圖,san3 diam3 tu2
散匪,san3 fui3
散更,san3 gang1
散使,san3 su3
散更鑼,san4 gang1 lo2
散逸層,san4 yit6 cen2
散熱網,san4 ngiet6 miong3
訕臉,san4 liam3
散亡,san4 mong2
潺茄,can2 kio2
潺仔強,can2 zai3 kiong2
生番薯,sang1 fan1 su2
生雞精,sang1 gai1 zin1
生米煮成熟飯,sang1 mi3 zu3 sin2 suk6 fan4
生壅,sang1 vung1
生烏雞,sang1 vu1 gai1
生仔救港,sang1 zai3 giu4 gong3
生仔救國,sang1 zai3 giu4 get5
生仔姑娘醉酒佬,sang1 zai3 gu1 ngiong2 zui4 ziu3 lau3
生積仔,sang1 zit5 zai3
省到一面屁,sen3 dau4 yit5 mien4 pi4
省有線,sen3 yiu1 sien4
省譽,sen3 yi4
省外經委,sen3 ngoi4 gin1 vui1
省線,sen3 sien4
省鑊金,sen3 vok6 gim1
剎車燈,sat5 ca1 den1
薩非王朝,sat5 fui1 vong2 cau2
殺君馬者道旁兒,sat5 giun1 ma1 za3 tau4 pong2 yi2
殺手級應用,sat5 siu3 kip5 yin4 yung4
殺攤,sat5 tan1
西方馬腦炎病毒,si1 fong1 ma1 lau3 yam2 piang4 tuk6
西關美食,si1 gan1 mui1 sit6
西關少爺,si1 gan1 sau4 ya2
篩下篩下,si1 ha4 si1 ha4
西醫婦科,si1 yi1 fu4 ko1
篩網總彙,si1 miong3 zung3 fui4
洗吖,se3 a1
洗車美容,se3 ca1 mui1 yung2
洗滌間,se3 tit6 gan1
洗定八月十五,se3 tin4 bat5 ngiet6 sip6 ng3
洗定個八月十五,se3 tin4 go4 bat5 ngiet6 sip6 ng3
誓願當食生菜,si4 ngien4 dong4 sit6 sang1 coi4
塞車吖嘛,set5 ca1 a1 ma1
塞到實,set5 dau4 sit6
心定人定,sim1 tin4 ngin2 tin4
深度尺,cim1 tu4 cak5
心毒手辣,sim1 tuk6 siu3 lat6
心驚腳軟,sim1 giang1 giok5 ngion1
心好慌,sim1 hau3 fong1
心安神定,sim1 on1 sin2 tin4
心抱仔,sim1 pau1 zai3
深成岩,cim1 sin2 ngam2
心回意轉,sim1 fui2 yi4 zon3
深圳租車,cim1 zun4 zu1 ca1
心中一蕩,sim1 zung1 yit5 tong4
審定本,sim3 tin4 bun3
身當命抵,sin1 dong1 miang4 dai3
身分證號碼,sin1 fun4 zin4 hau4 ma1
新興經濟國家,sin1 hin1 gin1 zi4 get5 ga1
新民主主義革命,sin1 min2 zu3 zu3 ngi4 gak5 min4
新南威爾士,sin1 lam2 vui1 li3 su4
新南威爾士州,sin1 lam2 vui1 li3 su4 ziu1
身心交病,sin1 sim1 gau1 piang4
新鮮滾熱辣,sin1 sien1 gun3 ngiet6 lat6
新鮮蘿蔔皮,sin1 sien1 lo2 pet6 pi2
新鮮美味,sin1 sien1 mui1 mui4
身體質量指數,sin1 ti3 zit5 liong4 zi3 su4
新會柑,sin1 fui4 gam1
新戰士,sin1 zien4 su4
新精英,sin1 zin1 yin1
神經纖維瘤,sin2 gin1 siam1 vui2 liu2
神經官能症,sin2 gin1 gon1 len2 zin4
神經索,sin2 gin1 sok5
神領意會,sin2 liang1 yi4 fui4
神農本草經,sin2 lung2 bun3 cau3 gin1
神思不定,sin2 su1 but5 tin4
神仙都難救,sin2 sien1 du1 lan2 giu4
腎上腺皮質,sin4 song4 sien4 pi2 zit5
腎上腺髓質,sin4 song4 sien4 sui3 zit5
慎重從事,sin3 cung4 cung2 su4
生產反應堆,sang1 san3 fan3 yin4 doi1
生前友好,sang1 cien2 yiu1 hau3
生肖屬相,sang1 siau4 suk6 siong4
生耗氧量,sang1 hau4 yong1 liong4
生於斯長於斯,sang1 yi1 su1 zong3 yi1 su1
生物傳感器,sang1 vut6 con2 gam3 hi4
生物反應器,sang1 vut6 fan3 yin4 hi4
生命吠陀,sang1 min4 poi4 to2
生死相依,sang1 si3 siong1 yi1
生態友好型,sang1 tai4 yiu1 hau3 hin2
十八無醜婦,sip6 bat5 vu2 ciu3 fu4
十一號巴士,sip6 yit5 hau4 ba1 si3
十二平均律,sip6 ngi4 pin2 giun1 lut6
十六番,sip6 luk5 fan1
十六國春秋,sip6 luk5 get5 cun1 ciu1
十六時,sip6 luk5 si2
十年磨一劍,sip6 ngien2 mo2 yit5 giam4
十三恐懼症,sip6 sam1 kiung3 ki3 zin4
十三時,sip6 sam1 si2
十成九穩,sip6 sin2 giu3 vun3
十隻手指有長短,sip6 zak5 siu3 zi3 yiu1 cong2 don3
十指孖埋,sip6 zi3 ma1 mai2
失敗乃成功之母,sit5 pai4 lai3 sin2 gung1 zu1 mu1
失物招領處,sit5 vut6 zau1 liang1 cu4
膝上型,cit5 song4 hin2
膝上型電腦,cit5 song4 hin2 tien4 lau3
失魂倒户,sit5 fun2 dau3 fu4
實行改革,sit6 hang2 goi3 gak5
實屬無奈,sit6 suk6 vu2 lai4
實體層,sit6 ti3 cen2
實質問題,sit6 zit5 mun4 ti2
實質質,sit6 zit5 zit5
收行水,siu1 hang2 sui3
收益帳户,siu1 yit5 zong4 fu4
修理單車,siu1 li1 dan1 ca1
修理行業,siu1 li1 hong2 ngiap6
收斂級數,siu1 liam3 kip5 su4
收斂序列,siu1 liam3 si4 liet6
修煉成仙,siu1 lien4 sin2 sien1
收鋪之後,siu1 pu4 zu1 heu4
收收散,siu1 siu1 san3
收話器,siu1 va4 hi4
修正稿,siu1 zin4 gau3
修正液,siu1 zin4 yit6
手剎車,siu3 sat5 ca1
手提攝錄機,siu3 ti2 ngiap5 luk6 gi1
手指罅疏,siu3 zi3 la4 so1
首席執行官,siu3 cit6 zip5 hang2 gon1
手中有權,siu3 zung1 yiu1 kien2
手中無權,siu3 zung1 vu2 kien2
鏽紅腹旋木雀,siu4 fung2 fuk5 sien2 muk5 ziok5
獸力車,ciu4 lit6 ca1
愁默默,siu2 met6 met6
愁眉緊鎖,siu2 mi2 gin3 so3
受洗命名,siu4 se3 min4 min2
賒得過,ca1 det5 go4
捨車保帥,sa3 gi1 bau3 soi4
蛇尺,sa2 cak5
蛇見硫磺,sa2 gien4 liu2 vong2
蛇行鼠步,sa2 hang2 cu3 pu4
蛇去邊,sa2 hi4 bien1
蛇綠岩,sa2 luk6 ngam2
蛇綠混雜,sa2 luk6 fun3 cap6
蛇綠混雜岩,sa2 luk6 fun3 cap6 ngam2
蛇綠混雜岩帶,sa2 luk6 fun3 cap6 ngam2 dai4
蛇無頭不行,sa2 vu2 teu2 but5 hang2
社交技能,sa1 gau1 ki3 len2
社交恐懼症,sa1 gau1 kiung3 ki3 zin4
射鵰英雄傳,sa4 diau1 yin1 hiung2 con4
射中龍門,sa4 zung4 lung2 mun2
死雞撐飯蓋,si3 gai1 cang4 fan4 goi4
死雞撐硬腳,si3 gai1 cang4 ngang4 giok5
死項爛頂,si3 hong4 lan4 din3
死嘮仔,si3 lau2 zai3
死硬撐,si3 ngang4 cang4
死牛一便頸,si3 ngiu2 yit5 pien4 giang3
死心踏地,si3 sim1 tap6 ti4
死衰仔,si3 soi1 zai3
死挖爛挖,si3 vat5 lan4 vat5
死仔窟,si3 zai3 fut5
死仔乾,si3 zai3 gon1
死仔坑,si3 zai3 hang1
死絕種,si3 ciet6 zung3
四邊四便,si4 bien1 si4 pien4
四川大地震,si4 con1 tai4 ti4 zin3
四川旋木雀,si4 con1 sien2 muk5 ziok5
四方辮頂,si4 fong1 bien1 dang3
四海之內皆兄弟,si4 hoi3 zu1 lui4 gai1 hiung1 ti4
四一二反革命政變,si4 yit5 ngi4 fan3 gak5 min4 zin4 bien4
四乙基鉛中毒,si4 yet5 gi1 yen2 zung4 tuk6
泗瀝,si4 lit6
四十二章經,si4 sip6 ngi4 zong1 gin1
四式判斷題,si4 sit5 pan4 ton4 ti2
四仔台,si4 zai3 toi2
錫番淡,siak5 fan1 tam4
惜荷包,siak5 ho2 bau1
錫住荷包,siak5 cu4 ho2 bau1
石地塘鐵掃把,sak6 ti4 tong2 tiet5 sau4 ba3
石磨坊,sak6 mo2 fong2
石竹屬,sak6 zuk5 suk6
腥亨亨,siang1 hen1 hen1
腥曷,siang1 hot5
成七斤重,sang2 cit5 gin1 cung1
成個病君,sang2 go4 piang4 giun1
成個寒假,sang2 go4 hon2 ga3
成身筋,sang2 sin1 gin1
成台機,sang2 toi2 gi1
成朕味,sang2 zim4 mui4
雖不中亦不遠矣,sui1 but5 zung4 yit6 but5 yen3 yi3
衰多層,soi1 do1 cen2
須後水,si1 heu4 sui3
需要服務,si1 yau4 fuk6 vu4
需求層次理論,si1 kiu2 cen2 cu4 li1 lun4
衰之以屬,soi1 zu1 yi1 suk6
水電行業,sui3 tien4 hong2 ngiap6
水果撈,sui3 go3 lau1
水月台橫,sui3 ngiet6 toi2 vang2
水療會,sui3 liau2 fui4
水落歸槽,sui3 lok6 gui1 cau2
水磨溝,sui3 mo2 geu1
水磨磚,sui3 mo2 zon1
水平軸,sui3 pin2 cuk6
水上電單車,sui3 song4 tien4 dan1 ca1
水汀,sui3 tin1
水塘頂,sui3 tong2 dang3
水烏月黑,sui3 vu1 ngiet6 het5
髓結,sui3 giet5
遂定,sui4 tin4
睡了一覺,soi4 liau3 yit5 gau4
信報財經新聞,sin4 bau4 coi2 gin1 sin1 vun2
信號量,sin4 hau4 liong4
信賴區間,sin4 lai4 ki1 gan4
信使核糖核酸,sin4 si4 het6 tong2 het6 son1
瞬時輻射,sun4 si2 fuk5 sa4
純色岩燕,sun2 set5 ngam2 yen4
純鮮牛奶,sun2 sien1 ngiu2 lai1
純素食主義,sun2 su4 sit6 zu3 ngi4
順風轉舵,sun4 fung1 zon3 to4
順應不良,sun4 yin4 but5 liong2
順水推船,sun4 sui3 tui1 son2
順順攤攤,sun4 sun4 tan1 tan1
斯當東,su1 dong1 dung1
撕一張紙,su1 yit5 zong1 zi3
斯瓦希里語,su1 nga3 hi1 li1 ngi1
施展才華,si1 zien3 coi2 fa2
使容易,si3 yung2 yi4
使用者中介,si3 yung4 za3 zung1 gai4
屎眼藏毒,si3 ngan3 cong2 tuk6
使硬化,si3 ngang4 fa4
使膨脹,si3 pang2 zong4
使生氣,si3 sang1 hi4
使成一體,si3 sin2 yit5 ti3
使醉,si3 zui4
使領官員,si4 liang1 gon1 yen2
嗜正,si4 zang1
時間區間,si2 gan4 ki1 gan4
士多貢,su4 do1 gung4
士篤吉,su4 duk5 git5
事急馬行田,su4 gip5 ma1 hang2 tien2
視覺專業,si4 gok5 zon1 ngiap6
事故照射,su4 gu4 zau4 sa4
視力測定法,si4 lit6 cet5 tin4 fap5
事怕行家,su4 pa4 hong2 ga1
視神經乳頭,si4 sin2 gin1 yui3 teu2
事實勝於雄辯,su4 sit6 sin4 yi1 hiung2 pien4
適隨,sit5 sui2
惜寸陰,sit5 cun4 yim1
適存度,sit5 sun2 tu4
識荊恨晚,sit5 gin1 hen4 man1
識人好過識字,sit5 ngin2 hau3 go4 sit5 su4
識英雄重英雄,sit5 yin1 hiung2 cung4 yin1 hiung2
適應工作,sit5 yin4 gung1 zok5
飾物精品,sit5 vut6 zin1 pin3
適配層,sit5 pui4 cen2
識少少扮代表,sit5 sau3 sau3 pan4 toi4 biau3
色字頭上一把刀,set5 su4 teu2 song4 yit5 ba3 dau1
識轉膊,sit5 zon4 bok5
食晏仔,sit6 an4 zai3
食閉門羹,sit6 bi4 mun2 gang1
食品加工機,sit6 pin3 ga1 gung1 gi1
食品藥品監督局,sit6 pin3 yok6 pin3 gam1 duk5 kiuk6
食品藥品監督管理局,sit6 pin3 yok6 pin3 gam1 duk5 gon3 li1 kiuk6
食品集團,sit6 pin3 sip6 ton2
食不充饑,sit6 but5 cung1 gi1
食清光,sit6 cin1 gong1
食桌,sit6 zok5
食長俸,sit6 cong2 fung4
食草紙,sit6 cau3 zi3
食得鹹魚抵得渴,sit6 det5 ham2 ng2 dai3 det5 hot5
食得禾米多,sit6 det5 vo2 mi3 do1
食得就食,sit6 det5 ciu4 sit6
食得做得,sit6 det5 zo4 det5
食多屙多,sit6 do1 o1 do1
食街專用,sit6 gai1 zon1 yung4
食緊粥,sit6 gin3 zuk5
食九大簋,sit6 giu3 tai4 gui3
食貴米,sit6 gui4 mi3
食過番尋味,sit6 go4 fan1 cim2 mui4
食好着好,sit6 hau3 zok5 hau3
食兩家茶飯,sit6 liong1 ga1 ca2 fan4
食兩家茶禮,sit6 liong1 ga1 ca2 li1
食龍肉都無味,sit6 lung2 ngiuk5 du1 vu2 mui4
食物金字塔,sit6 vut6 gim1 su4 tap5
食物類別,sit6 vut6 lui4 piet6
食物成分,sit6 vut6 sin2 fun4
食物衞生,sit6 vut6 vui4 sang1
食三六,sit6 sam1 luk5
食蝨米,sit6 sit5 mi3
食死蟹,sit6 si3 hai3
食宿自理,sit6 suk5 cu4 li1
食枉米,sit6 vong3 mi3
食黃泥,sit6 vong2 lai2
食回味,sit6 fui2 mui4
食字邊,sit6 su4 bien1
閃電式結婚,sam3 tien4 sit5 giet5 fun1
陝西大地震,sam3 si1 tai4 ti4 zin3
閃轉騰挪,sam3 zon3 ten2 lo2
禪義,sam2 ngi4
鮮車怒馬,sien1 gi1 lu4 ma1
鮮豆漿,sien3 teu4 ziong1
鮮牛火鍋,sien3 ngiu2 fo3 vo1
銑鐵,sien3 tiet5
線尾燕,sien4 mui1 yen4
線上游戲,sien4 song4 yiu2 hi4
善後借款,sen4 heu4 zia4 kan3
撣人,sien4 ngin2
善惡到頭終有報,sen4 ok5 dau4 teu2 zung1 yiu1 bau4
善自保重,sen4 cu4 bau3 cung4
善自為謀,sen4 cu4 vui2 meu2
勝不驕敗不餒,sin1 but5 giau1 pai4 but5 lui1
聲音傳播,sang1 yim1 con2 bo4
聲旁錯誤,sang1 pong2 co4 ngu4
聖誕節快樂,sin4 dan4 ziet5 kai4 lok6
聖經段落,sin4 gin1 ton4 lok6
聖經賢傳,sin4 gin1 hien2 con4
聖經外傳,sin4 gin1 ngoi4 con4
聖母玫瑰,sin4 mu1 moi2 gui4
聖安德列斯斷層,sin4 on1 det5 liet6 su1 ton4 cen2
聖安地列斯斷層,sin4 on1 ti4 liet6 su1 ton4 cen2
聖神降臨週,sin4 sin2 gong4 lim2 ziu1
勝者為王敗者為寇,sin4 za3 vui2 vong2 pai4 za3 vui2 keu4
聖哉經,sin4 zai1 gin1
成敗論人,sin2 pai4 lun4 ngin2
成骨不全症,sin2 gut5 but5 cien2 zin4
盛裕,sin2 yi4
成碌廢柴,sin2 luk5 fui4 cai2
成實宗,sin2 sit6 zung1
城市當代舞蹈團,sang2 si1 dong1 toi4 mu3 tau4 ton2
承銷價差,sin2 siau1 ga4 ca1
承銷利差,sin2 siau1 li4 ca1
成數高,sin2 su4 gau1
城鎮化水平,sang2 zin3 fa4 sui3 pin2
成績卓然,sin2 zit5 zok5 yen2
剩磁,sin4 cu2
剩餘定理,sin4 yi2 tin4 li1
剩餘輻射,sin4 yi2 fuk5 sa4
攝蚊帳,ngiap5 mun1 zong4
攝護腺腫大,ngiap5 fu4 sien4 zung3 tai4
消毒爐,siau1 tuk6 lu2
消費態度,siau1 fui4 tai4 tu4
消極影響,siau1 kit6 yang3 hiong3
燒瓦,sau1 nga3
消息靈通人士,siau1 sit5 lin2 tung1 ngin2 su4
小白腰雨燕,siau3 pak6 yau1 yi3 yen4
小別勝新婚,siau3 piet6 sin4 sin1 fun1
少突膠質,sau3 tut6 gau1 zit5
小鳳頭燕鷗,siau3 fung4 teu2 yen4 iu1
少件得件,sau3 kien4 det5 kien4
少個得個,sau3 go4 det5 go4
小起重機,siau3 hi3 cung1 gi1
小行家,siau3 hong2 ga1
少一條頭髮,sau3 yit5 tiau2 teu2 fat5
小兒經,siau3 yi2 gin1
小型核武器,siau3 hin2 het6 vu1 hi4
小靚仔,siau3 liang4 zai3
少生優生,sau3 sang1 yiu2 sang1
小成都,siau3 sin2 du1
小數怕長計,siau3 su4 pa4 cong2 ge4
少條頭髮,sau3 tiau2 teu2 fat5
小珠仔,siau3 zu1 zai3
少年心事,sau4 ngien2 sim1 su4
笑中帶淚,siau4 zung1 dai4 lui4
疏不見親,so1 but5 gien4 cin1
疏財重義,so1 coi2 cung4 ngi4
疏略,so1 liok6
疏疏朗朗,so1 so1 long3 long3
梭仔,so1 zai3
疏剪,so1 zien3
傻得交關,so2 det5 gau1 gan1
傻裏傻氣,so2 li1 so2 hi4
傻戇戇,so2 ngong4 ngong4
傻仔水,so2 zai3 sui3
削仔,siok5 zai3
削職為民,siok5 zit5 vui2 min2
商品品質,song1 pin3 pin3 zit5
商品交換,song1 pin3 gau1 von4
相別多年,siong1 piet6 do1 ngien2
相請不如偶遇,siong1 ciang3 but5 yi2 ngeu3 ngi4
相對地址,siong1 dui4 ti4 zi3
相對誤差,siong1 dui4 ngu4 ca1
相電流,siong1 tien4 liu2
雙獨夫婦,sung1 tuk6 fu1 fu4
相見好同住難,siong1 gien4 hau3 tung2 cu4 lan2
雙行線,sung1 hang2 sien4
相向突擊,siong1 hiong4 tut6 git5
相因而生,siong1 yin1 yi2 sang1
雙鏈核酸,sung1 lien2 het6 son1
雙氯醇胺,sung1 luk6 sun2 on1
雙美食,sung1 mui1 sit6
商務中心區,song1 vu4 zung1 sim1 ki1
相配人,siong1 pui4 ngin2
相配物,siong1 pui4 vut6
湘西部落,siong1 si1 pu4 lok6
相通點,siong1 tung1 diam3
相互保證毀滅,siong1 fu4 bau3 zin4 fui3 miet6
相互輝映,siong1 fu4 fui1 yang3
相聚一堂,siong1 ci4 yit5 tong2
想乾嘛,siong3 gon1 ma1
想想就好,siong3 siong3 ciu4 hau3
常規銅電話線,song2 gui1 tung2 tien4 va4 sien4
常坐汽車者,song2 co4 ki4 ca1 za3
上半晌,song4 ban4 song3
上齒齦,song4 ci3 ngiun2
上等品,song4 den3 pin3
上等好,song4 den3 hau3
上粉沙打,song4 fun3 sa1 da3
上呼吸道感染,song4 fu1 kip5 tau4 gam3 ngiam4
上海合作組織,song4 hoi3 hap6 zok5 zu3 zit5
上海汽車工業,song4 hoi3 ki4 ca1 gung1 ngiap6
上好沉香當爛柴,song4 hau3 cim2 hiong1 dong4 lan4 cai2
上確界,song4 kok5 gai4
上輦,song4 lien3
上陵,song4 lin2
上齶骨,song4 ngok6 gut5
上齶正門齒,song4 ngok6 zin4 mun2 ci3
上坪,song4 piang2
尚書經,song4 su1 gin1
上同調,song4 tung2 tiau4
上箭頭,song4 zien4 teu2
上箭頭鍵,song4 zien4 teu2 kien4
上證綜合指數,song4 zin4 zung4 hap6 zi3 su4
喪氣鬼,song4 hi4 gui3
喪門神,song4 mun2 sin2
喪魂落魄,song4 fun2 lok6 pak5
喪魂失魄,song4 fun2 sit5 pak5
蘇伊士河,su1 yi1 su4 ho2
蘇伊士運河,su1 yi1 su4 yun4 ho2
酥食車,su1 sit6 ca1
數不着,su4 but5 cok6
數得着,su4 det5 cok6
素不相能,su4 but5 siong1 len2
數碼相框,su4 ma1 siong4 kiong1
數碼照相機,su4 ma1 zau4 siong4 gi1
素食研究,su4 sit6 ngan3 giu4
數值解,su4 cit6 gai3
夙夜為謀,suk5 ya4 vui2 meu2
宋代石刻,sung4 toi4 sak6 ket5
書店精品,su1 diam4 zin1 pin3
書到用時方恨少,su1 dau4 yung4 si2 fong1 hen4 sau3
輸入速度,su1 ngip6 suk5 tu4
輸沙量,su1 sa1 liong4
輸送量,su1 sung4 liong2
輸剩條底褲,su1 yin4 tiau2 dai3 fu4
恕不從命,su4 but5 cung2 min4
樹木詞彙,su4 muk5 cu2 fui4
酸不溜丟,son1 but5 liu4 diu1
宣傳提綱,sien1 con2 ti2 gong1
宣誓供詞證明,sien1 si4 giung1 cu2 zin4 min2
選舉事務處,sien3 gi3 su4 vu4 cu4
算術平均數,son4 sut6 pin2 giun1 su4
旋前肌,sien2 cien2 gi1
旋光,sien2 gong1
旋閘,sien2 cap6
旋轉角速度,sien2 zon3 gok5 suk5 tu4
旋轉乾坤之力,sien2 zon3 kien2 kun1 zu1 lit6
旋轉曲面,sien2 zon3 kiuk5 mien4
雪糕三文治,siet5 gau1 sam1 vun2 ci4
太不要得,tai4 but5 yau4 det5
太監讀神學,tai4 gam4 tuk6 sin2 hok6
太陽曬到頭殼頂,tai4 yong2 sai4 dau4 teu2 hok5 dang3
太陽神經叢,tai4 yong2 sin2 gin1 cung2
太陽永不落,tai4 yong2 yun1 but5 lok6
太平東約,tai4 pin2 dung1 yok5
太平洋周邊,tai4 pin2 yong2 ziu1 bien1
太平洋週邊,tai4 pin2 yong2 ziu1 bien1
太平洋戰爭,tai4 pin2 yong2 zien4 zang1
太識食,tai4 sit5 sit6
貪財害命,tam1 coi2 hoi4 min4
貪吃蛇,tam1 ket5 sa2
探親訪友,tam4 cin1 fong3 yiu1
探尺,tam4 cak5
探勘者,tam4 kam4 za3
探礦者,tam4 kang3 za3
探雷人員,tam4 lui2 ngin2 yen2
探聲氣,tam4 sang1 hi4
痰塞肺眼,tam2 set5 pui4 ngan3
淡過師姑尿,tam1 go4 su1 gu1 ngiau4
淡過蔗尾,tam1 go4 za4 mui1
淡滅滅,tam1 miet6 miet6
淡淡聲,tam1 tam1 sang1
攤心,tan1 sim1
嘽緩,tan1 fon4
攤進,tan1 zin4
歎番碗,tan4 fan1 von3
炭畫,tan4 fa4
歎住食,tan4 cu4 sit6
梯度回波,toi1 tu4 fui2 bo1
梯恩梯當量,toi1 en1 toi1 dong1 liong4
體重器,ti3 cung1 hi4
體育裏,ti3 yuk5 li1
體積百分比,ti3 zit5 bak5 fun4 bi3
提摩太後書,ti2 mo2 tai4 heu4 su1
氹仔浸蛟龍,tem2 zai3 zim4 gau1 lung2
吞錯喉,tun1 co4 heu2
偷雞不成,teu1 gai1 but5 sin2
頭重腳重,teu2 cung1 giok5 cung2
投降輸一半,teu2 hong2 su1 yit5 ban4
投影平面,teu2 yang3 pin2 mien4
投影線,teu2 yang3 sien4
頭頭碰着黑,teu2 teu2 pung4 cok6 het5
頭痛散,teu2 tung4 san3
頭長仔,teu2 zong3 zai3
聽人擺佈,tang4 ngin2 bai3 bu4
聽入去,tang4 ngip6 hi4
聽落有骨,tang4 lok6 yiu1 gut5
聽埋聽埋,tang4 mai2 tang4 mai2
聽聽歌,tang4 tang4 go1
聽聽埋埋,tang4 tang4 mai2 mai2
推杯換盞,tui1 bui1 von4 zan3
推陳佈新,tui1 cin2 bu4 sin1
推陳致新,tui1 cin2 zi4 sin1
推勘,tui1 kam4
推甄,tui1 zin1
推賢讓能,tui1 hien2 ngiong4 len2
天驚石破,tien1 gin1 sak6 po4
天行赤眼,tien1 hang2 cak5 ngan3
天文學大成,tien1 vun2 hok6 tai4 sin2
天使報喜節,tien1 si4 bau4 hi3 ziet5
天時好,tien1 si2 hau3
天津會議專條,tien1 zin1 fui4 ngi4 zon1 tiau2
靦臉,tien3 liam3
聽天安命,tin4 tien1 on1 min4
停車計時器,tin2 ca1 ge4 si2 hi4
停好車,tin2 hau3 ca1
停酒止樂,tin2 ziu3 zi3 ngok6
鐵架牀,tiet5 ga4 cong2
鐵腳馬眼神仙肚,tiet5 giok5 ma1 ngan3 sin2 sien1 du3
鐵拐李打足球,tiet5 gai3 li3 da3 zuk5 kiu2
鐵爐坑,tiet5 lu2 hang1
鐵鎂質,tiet5 mui1 zit5
鐵栓,tiet5 san1
鐵生鏽,tiet5 sang1 siu4
挑三窩四,tiau1 sam1 vo1 si4
調解人,tiau2 gai3 ngin2
條命凍過水,tiau2 miang4 dung4 go4 sui3
條命生得正,tiau2 miang4 sang1 det5 zang4
調鬧鐘,tiau2 lau4 zung1
調三窩四,tiau2 sam1 vo1 si4
調制解調器,tiau2 zi4 gai3 tiau2 hi4
拖車頭,to1 ca1 teu2
拖住手仔,to1 cu4 siu3 zai3
薹草屬,toi2 cau3 suk6
台灣小食,toi2 van1 siau3 sit6
託行大腳,tok5 hang2 tai4 giok5
托盤車,tok5 pan2 ca1
托塔都應承,tok5 tap5 du1 yin1 sin2
橐中裝,tok5 zung1 zong1
湯博樂,tong1 bok5 lok6
唐朝服飾,tong2 cau2 fuk6 sit5
糖皮質激素,tong2 pi2 zit5 git5 su4
唐山大地震,tong2 san1 tai4 ti4 zin3
唐詩三百首,tong2 si1 sam1 bak5 siu3
土雞瓦狗,tu3 gai1 nga3 geu3
土埂,tu3 gen3
土坎,tu3 kam3
討好賣乖,tau3 hau3 mai4 gai1
土耳其旋轉烤肉,tu3 ngi3 ki2 sien2 zon3 kau3 ngiuk5
吐魯番盆地,tu4 lu1 fan1 pun2 ti4
吐泡,tu4 pau1
套種,tau4 zung4
陶瓷部,tau2 cu2 pu4
屠毒筆墨,tu2 tuk6 bit5 met6
圖形用户界面,tu2 hin2 yung4 fu4 gai4 mien4
徒擁虛名,tu2 yung3 hi1 min2
桃園三結義,tau2 yen2 sam1 giet5 ngi4
徒塞,tu2 set5
桃腮粉臉,tau2 soi1 fun3 liam3
圖畫故事,tu2 fa4 gu4 su4
逃災避難,tau2 zai1 pi4 lan4
途中跑,tu2 zung1 pau1
禿鼻烏鴉,tuk5 pi4 vu1 a1
通用串行總線,tung1 yung4 con4 hang2 zung3 sien4
通信負載,tung1 sin4 fu4 zoi4
通信密度,tung1 sin4 mit6 tu4
同煲同撈,tung2 bau1 tung2 lau1
同行如敵國,tung2 hong2 yi2 tit6 get5
童養媳婦,tung2 yong1 sit5 fu4
同卵雙胞胎,tung2 lon3 sung1 bau1 toi1
同是天涯淪落人,tung2 si4 tien1 ngai2 lun2 lok6 ngin2
同枱食飯各自修行,tung2 toi2 sit6 fan4 gok5 cu4 siu1 hang2
團丁,ton2 den1
團結互助,ton2 giet5 fu4 co4
屯落,tun2 lok6
斷裂強度,ton1 liet6 kiong2 tu4
斷裂模數,ton1 liet6 mu2 su4
屋面瓦,vuk5 mien4 nga3
壅泥,vung1 lai2
華記正能量,fa2 gi4 zin4 len2 liong4
華爾街日報,fa2 li3 gai1 ngit5 bau4
華強南,fa2 kiong2 lam2
華納音樂集團,fa2 lap6 yim1 ngok6 sip6 ton2
華為總部,fa2 vui2 zung3 pu4
華康儷黑,fa4 kong1 li4 het5
華康儷黑體,fa4 kong1 li4 het5 ti3
華康儷宋,fa4 kong1 li4 sung4
華康儷宋體,fa4 kong1 li4 sung4 ti3
懷古惜今,fai2 gu3 sit5 gim1
壞吖,fai4 a1
畫地為獄,vak6 ti4 vui2 ngiuk6
畫耳埋牆,vak6 ngi3 mai2 siong2
畫壞鍾馗,vak6 fai4 zung1 kui2
環法自行車賽,van2 fap5 cu4 hang2 ca1 soi4
環極渦旋,van2 kit6 vo1 sien2
環境重災區,van2 gin3 cung1 zai1 ki1
環境影響評估,van2 gin3 yang3 hiong3 pin2 gu3
環觀四周,van2 gon1 si4 ziu1
玩手腕,van2 siu3 von3
環太平洋地震帶,van2 tai4 pin2 yong2 ti4 zin3 dai4
環太平洋火山帶,van2 tai4 pin2 yong2 fo3 san1 dai4
玩通天,van2 tung1 tien1
鯇漁仔,van1 ng2 zai3
患難見真情,fam4 lan4 gien4 zin1 cin2
橫丫路,vang2 a1 lu4
橫斑腹小鴞,vang2 ban1 fuk5 siau3 hiau1
橫墩,vang2 dun1
橫雞躉,vang2 gai1 dun3
橫筋斗,vang2 gin1 deu3
橫九掂十,vang2 giu3 tiam4 sip6
橫角,vang2 gok5
橫稜紋,vang2 lin2 vun2
橫樑裏,vang2 liong2 li1
橫紋柴,vang2 vun2 cai2
橫鈎,vang2 geu1
橫心,vang2 sim1
橫神經,vang2 sin2 gin1
橫頭橫腦,vang2 teu2 vang2 lau3
橫躺豎卧,vang2 tong3 su4 ngo4
橫截線,vang2 ciet6 sien4
挖壕機,vat5 hau2 gi1
挖肉攞瘡生,vat5 ngiuk5 lo3 cong1 sang1
挖湖,vat5 fu2
滑頭蛇,vat6 teu2 sa2
威番鋪,vui1 fan1 pu1
威爾士語,vui1 li3 su4 ngi1
威瑪拼音,vui1 ma1 pin4 yim1
威妥瑪拼法,vui1 to3 ma1 pin4 fap5
威妥瑪拼音,vui1 to3 ma1 pin4 yim1
威威食雞,vui1 vui1 sit6 gai1
委內瑞拉馬腦炎病毒,vui1 lui4 sui4 lai1 ma1 lau3 yam2 piang4 tuk6
虺虺,vui3 vui3
為德不終,vui2 det5 but5 zung1
違禁物品,vui2 gim4 vut6 pin3
為國出力,vui2 get5 cut5 lit6
為仁不富,vui2 yin2 but5 fu4
違強凌弱,vui2 kiong2 lin2 ngiok6
違強陵弱,vui2 kiong2 lin2 ngiok6
維修單車,vui2 siu1 dan1 ca1
違信背約,vui2 sin4 boi4 yok5
為政清廉,vui2 zin4 cin1 liam2
為虎添翼,vui4 fu3 tiam1 yit6
為五斗米折腰,vui4 ng3 deu3 mi3 ziet5 yau1
衞生署衞生防護中心,vui4 sang1 su4 vui4 sang1 fong2 fu4 zung1 sim1
為他人作嫁衣裳,vui4 ta1 ngin2 zok5 ga4 yi1 song2
位置效應,vui4 zi4 hau4 yin4
穩定塘,vun3 tin4 tong2
穩中有降,vun3 zung1 yiu1 gong4
渾汗如雨,fun2 hon4 yi2 yi3
渾茫,fun2 mong2
混飯食,fun3 fan4 sit6
運行庫,yun4 hang2 ku4
混合型汽車,fun3 hap6 hin2 ki4 ca1
混水撈魚,fun3 sui3 leu2 ng2
混為一體,fun3 vui2 yit5 ti3
屈親條腰,kiut5 cin1 tiau2 yau1
屈親隻手,kiut5 cin1 zak5 siu3
屈去後便,kiut5 hi4 heu4 pien4
屈屈質質,kiut5 kiut5 zit5 zit5
屈仄,kiut5 zet5
蝸行牛步,vo1 hang2 ngiu2 pu4
倭馬亞王朝,vo1 ma1 a1 vong2 cau2
蝸旋,vo1 sien2
獲暴利者,vet6 pau4 li4 za3
鑊鑊新鮮鑊鑊甘,vok6 vok6 sin1 sien1 vok6 vok6 gam1
鑊鑊新鮮鑊鑊金,vok6 vok6 sin1 sien1 vok6 vok6 gim1
黃帝宅經,vong2 di4 cak6 gin1
黃道十二宮,vong2 tau4 sip6 ngi4 giung1
黃花崗七十二烈士,vong2 fa1 gong1 cit5 sip6 ngi4 liet6 su4
黃蜂尾後針最毒婦人心,vong2 fung1 mui1 heu4 zim1 zui4 tuk6 fu4 ngin2 sim1
黃腳三趾鶉,vong2 giok5 sam1 zi3 cun1
皇后大道西,fong2 heu4 tai4 tau4 si1
皇后大道中,fong2 heu4 tai4 tau4 zung1
黃曲霉毒素,vong2 kiuk5 moi1 tuk6 su4
黃泡,vong2 pau1
黃泡仔,vong2 pau1 zai3
黃石公三略,vong2 sak6 gung1 sam1 liok6
皇太極清太宗,fong2 tai4 kit6 cin1 tai4 zung1
皇太後,fong2 tai4 heu4
往泥裏踩,vong1 lai2 li1 cai3
往事只能回味,vong1 su4 zit5 len2 fui2 mui4
旺鋪招商,vong4 pu4 zau1 song1
烏鴉頭,vu1 a1 teu2
烏齊雅,vu1 ce2 nga3
烏鯧,vu1 cong1
烏衝,vu1 cung1
烏低腰,vu1 dai1 yau1
烏都話,vu1 du1 va4
烏端端,vu1 don1 don1
烏灰鷂,vu1 foi1 yau4
烏灰銀鷗,vu1 foi1 ngiun2 iu1
烏爾格,vu1 li3 gak5
烏泱烏泱,vu1 yong1 vu1 yong1
烏拉爾山脈,vu1 lai1 li3 san1 mak5
烏拉山脈,vu1 lai1 san1 mak5
烏藍,vu1 lam2
烏襤苟褸,vu1 lam2 geu3 leu3
烏黎雅,vu1 lai2 nga3
烏里雅蘇台,vu1 li1 nga3 su1 toi2
烏魯木齊縣,vu1 lu1 muk5 ce2 yen4
烏芋,vu1 vu3
烏孜別克語,vu1 zu1 piet6 ket5 ngi1
烏茲別克斯坦,vu1 zu1 piet6 ket5 su1 tan3
烏孜別克族,vu1 zu1 piet6 ket5 cuk6
烏茲別克族,vu1 zu1 piet6 ket5 cuk6
烏茲衝鋒槍,vu1 zu1 cung1 fung1 ciong1
摀住臉,vu3 cu4 liam3
胡扯八溜,fu2 ca3 bat5 liu4
胡扯淡,fu2 ca3 tam4
弧長參數,fu2 cong2 cam1 su4
胡謅亂傍,fu2 ciu1 lon4 pong4
護壆層,fu4 bok5 cen2
户限為穿,fu4 han4 vui2 con1
芋螺毒素,vu3 lo2 tuk6 su4
互相愛護,fu4 siong1 oi4 fu4
回到咯,fui2 dau4 gok6
回校日,fui2 gau3 ngit5
回來中,fui2 loi2 zung1
回旋加速器,fui2 sien2 ga1 suk5 hi4
迴旋木馬,fui2 sien2 muk5 ma1
回回青,fui2 fui2 ciang1
腕隧道症候羣,von3 sui4 tau4 zin4 heu4 kiun2
緩降器,fon4 gong4 hi4
玩兒票,van4 yi2 piau4
玩弄詞藻,van4 lung4 cu2 zau3
玩鬧,van4 lau4
活期帳户,fat6 ki2 zong4 fu4
揸二攤,za1 ngi4 tan1
揸掣,za1 zi4
揸住雞毛當令箭,za1 cu4 gai1 mau1 dong4 lin4 zien4
詐癲賣戇,za4 dien1 mai4 ngong4
詐下懵,za4 ha4 mung3
炸耳仔,za4 ngi3 zai3
詐戇,za4 ngong4
笮年,zak5 ngien2
擇優選用,cak6 yiu2 sien3 yung4
湛江雞,zam3 gong1 gai1
棧車,can4 ca1
爭幾回,zang1 gi1 fui2
爭一日之長短,zang1 yit5 ngit5 zu1 cong2 don3
爭兩個人,zang1 liong1 go4 ngin2
爭成條墟,zang1 sang2 tiau2 hi1
雜交植物,cap6 gau1 cit6 vut6
習以成俗,sip6 yi1 sin2 suk6
集體行走,sip6 ti3 hang2 zeu3
集中托運,sip6 zung1 tok5 yun4
軋道車,zet5 tau4 ca1
軋道機,zet5 tau4 gi1
紮馬魯丁,zat5 ma1 lu1 den1
扎仔粉,zat5 zai3 fun3
抓差,zau3 ca1
找換鋪,zau3 von4 pu4
驟落,ciu4 lok6
製陶工人,ze4 tau2 gung1 ngin2
掣住架車,zi4 cu4 ga4 ca1
針孔攝影機,zim1 kung3 ngiap5 yang3 gi1
斟酌決定權,zim1 zok5 giet5 tin4 kien2
浸入式,zim4 ngip6 sit5
珍寶海鮮舫,zin1 bau3 hoi3 sien1 fong3
真否定句,zin1 feu3 tin4 gi4
真金不怕紅爐火,zin1 gim1 but5 pa4 fung2 lu2 fo3
真好味,zin1 hau3 mui4
真心話大冒險,zin1 sim1 va4 tai4 mau4 hiam3
珍惜大自然,zin1 sit5 tai4 cu4 yen2
珍惜羽毛,zin1 sit5 yi3 mau1
珍惜水資源,zin1 sit5 sui3 zu1 ngien2
真相畢露,zin1 siong4 bit5 lu4
珍珠小番茄,zin1 zu1 siau3 fan1 kio2
震筆,zin3 bit5
震波圖,zin3 bo1 tu2
震覺,zin3 gok5
振一下,zin3 yit5 ha4
震源機制,zin3 ngien2 gi1 zi4
震震貢,zin3 zin3 gung4
陣腳未打好,cin4 giok5 vui4 da3 hau3
陣亡戰士紀念日,cin4 mong2 zien4 su4 gi3 ngiam4 ngit5
曾繁仁,zen1 fan2 yin2
增強團結,zen1 kiong2 ton2 giet5
增強活力,zen1 kiong2 fat6 lit6
增量參數,zen1 liong4 cam1 su4
曾氏宗祠,zen1 si4 zung1 cu2
增殖反應堆,zen1 cit6 fan3 yin4 doi1
執地仔,zip5 ti4 zai3
執雞腳,zip5 gai1 giok5
執下張牀,zip5 ha4 zong1 cong2
執行緒,zip5 hang2 si4
執行指揮官,zip5 hang2 zi3 fui1 gon1
執企理,zip5 ki1 li1
執碼,zip5 ma1
執埋手尾,zip5 mai2 siu3 mui1
執山草藥,zip5 san1 cau3 yok6
執私,zip5 su1
執輸行頭慘過敗家,zip5 su1 hang2 teu2 cam3 go4 pai4 ga1
執頭碼,zip5 teu2 ma1
執仔婆,zip5 zai3 po2
執滯,zip5 ce4
汁執,zip5 zip5
質次價高,zit5 cu4 ga4 gau1
質量不滅定律,zit5 liong4 but5 miet6 tin4 lut6
質數定理,zit5 su4 tin4 li1
揪錯,ziu1 co4
騶從,zeu1 cung2
周瑜打黃蓋,ziu1 yi2 da3 vong2 goi4
周圍鑽,ziu1 vui2 zon4
走背字兒,zeu3 poi4 su4 yi2
酒家食品,ziu3 ga1 sit6 pin3
走向斷層,zeu3 hiong4 ton4 cen2
走向復興,zeu3 hiong4 fuk6 hin1
走嘍,zeu3 leu4
酒暈,ziu3 yun4
皺葉歐芹,zeu4 yap6 iu1 kiun2
就業安定費,ciu4 ngiap6 on1 tin4 fui4
遮手影,za1 siu3 yang3
借墊,zia4 tiap6
藉助於,zia4 co4 yi1
謝爾曼質數,cia4 li3 man4 zit5 su4
隻手只腳,zak5 siu3 zit5 giok5
脊髓灰質炎,zit5 sui3 foi1 zit5 yam2
蓆攝底,ciak6 ngiap5 dai3
最低限度理論,zui4 dai1 han4 tu4 li1 lun4
最小公分母,zui4 siau3 gung1 fun4 mu1
最小二乘,zui4 siau3 ngi4 sin2
最上邊,zui4 song4 bien1
聚螢映雪,ci4 yin2 yang3 siet5
墜琴,cui4 kim2
墜手墜腳,cui4 siu3 cui4 giok5
墜住,cui4 cu4
進道若退,zin4 tau4 yok6 tui4
晉升制度,zin4 sin1 zi4 tu4
資產階級革命,zu1 san3 gai1 kip5 gak5 min4
支離蛇拐,zi1 li2 sa2 gai3
芝士堡,zi1 si3 bau3
芝士漢堡包,zi1 su4 hon4 bau3 bau1
支支坐坐,zi1 zi1 co4 co4
指定值,zi3 tin4 cit6
只管喝茶,zit5 gon3 hot5 ca2
指下個鼻,zi3 ha4 go4 pi4
只許州官放火不准百姓點燈,zit5 hi3 ziu1 gon1 fong4 fo3 but5 zun3 bak5 siang4 diam3 den1
止血墊,zi3 hiet5 tiap6
只聞樓梯響,zit5 vun2 leu2 toi1 hiong3
紫外射線,zu3 ngoi4 sa4 sien4
指示精神,zi3 si4 zin1 sin2
只色,zit5 set5
只羨鴛鴦不羨仙,zit5 sien4 yen1 yong1 but5 sien4 sien1
紫蘇屬,zu3 su1 suk6
只組織,zit5 zu3 zit5
至愛音樂,zi4 oi4 yim1 ngok6
質鋪,zi4 pu4
置之死地而後生,zi4 zu1 si3 ti4 yi2 heu4 sang1
置中對齊,zi4 zung1 dui4 ce2
置諸死地而後生,zi4 zu1 si3 ti4 yi2 heu4 sang1
自底向上,cu4 dai3 hiong4 song4
自家素食,cu4 ga1 su4 sit6
自駕汽車出租,cu4 ga4 ki4 ca1 cut5 zu1
自由貿易區,cu4 yiu2 meu3 yit6 ki1
自由素食主義,cu4 yiu2 su4 sit6 zu3 ngi4
自由選擇權,cu4 yiu2 sien3 cak6 kien2
自由爵士樂,cu4 yiu2 ziok5 su4 ngok6
自然舒適,cu4 yen2 su1 sit5
自適應,cu4 sit5 yin4
自相魚肉,cu4 siong1 ng2 ngiuk5
治喪從儉,ci4 song1 cung2 kiam4
自制熟食,cu4 zi4 suk6 sit6
積不相能,zit5 but5 siong1 len2
織當訪婢,zit5 dong1 fong3 pi1
即付即打,zit5 fu4 zit5 da3
積極人生,zit5 kit6 ngin2 sang1
職務考核,zit5 vu4 kau3 het6
積惡餘殃,zit5 ok5 yi2 yong1
積習成俗,zit5 sip6 sin2 suk6
值得聽下,cit6 det5 tang4 ha4
直角三角形,cit6 gok5 sam1 gok5 hin2
直言命題,cit6 ngien2 min4 ti2
直溜溜,cit6 liu4 liu4
矽鋁層,cit6 li1 cen2
矽鎂層,cit6 mui1 cen2
直升機家長,cit6 sin1 gi1 ga1 zong3
直昇機家長,cit6 sin1 gi1 ga1 zong3
直屬機關,cit6 suk6 gi1 gan1
粘仔,zam1 zai3
剪髮鋪,zien3 fat5 pu4
戰略防御倡議,zien4 liok6 fong2 ngi4 cong4 ngi4
戰略核力量,zien4 liok6 het6 lit6 liong4
戰略核武器,zien4 liok6 het6 vu1 hi4
戰略轉移,zien4 liok6 zon3 yi2
戰術核武器,zien4 sut6 het6 vu1 hi4
精彩絕倫,zin1 cai3 ciet6 lun2
偵毒管,zin1 tuk6 gon3
偵毒器,zin1 tuk6 hi4
精簡主義,zin1 gan3 zu3 ngi4
精校本,zin1 gau4 bun3
精講多練,zin1 gong3 do1 lien4
精工技術,zin1 gung1 ki3 sut6
征斂無度,zin1 liam3 vu2 tu4
徵名責實,zin1 min2 zit5 sit6
精僻,zin1 pit5
精心創作,zin1 sim1 cong3 zok5
精神官能症,zin1 sin2 gon1 len2 zin4
精神滿腹,zin1 sin2 man1 fuk5
精邃,zin1 sui4
精緻禮品,zin1 zi4 li1 pin3
整下整下,zin3 ha4 zin3 ha4
正半軸,zin4 ban4 cuk6
正邪相爭,zin4 sia2 siong1 zang1
正詞法,zin4 cu2 fap5
正多胞形,zin4 do1 bau1 hin2
正多邊形,zin4 do1 bien1 hin2
正反兩方面,zin4 fan3 liong1 fong1 mien4
政府新聞處,zin4 fu3 sin1 vun2 cu4
正負號,zin4 fu4 hau4
正經八擺,zin4 gin1 bat5 bai3
正經八板,zin4 gin1 bat5 ban3
正攻砲,zin4 gung1 pau4
正攻卒,zin4 gung1 zut5
正骨八法,zin4 gut5 bat5 fap5
正一衰仔,zin4 yit5 soi1 zai3
正一食家,zin4 yit5 sit6 ga1
政務司司長,zin4 vu4 su1 su1 zong3
正誤表,zin4 ngu4 biau3
正顏厲色,zin4 ngan2 li4 set5
正牌爛仔,zin4 pai2 lan4 zai3
正鑲白旗,zin4 siong1 pak6 ki2
正常秩序,zin4 song2 zit5 si4
正則表達式,zin4 zet5 biau3 tat6 sit5
正則參數,zin4 zet5 cam1 su4
正則化,zin4 zet5 fa4
政治詞彙,zin4 ci4 cu2 fui4
政治異議人士,zin4 ci4 yi4 ngi4 ngin2 su4
正正確確,zin4 zin4 kok5 kok5
正宗甜品,zin4 zung1 tiam2 pin3
靜力平衡,cin4 lit6 pin2 fen2
靖難之役,cin4 lan4 zu1 yit6
淨身出户,ciang4 sin1 cut5 fu4
靜坐抗議示威,cin4 co4 kong4 ngi4 si4 vui1
摺疊車,zap5 tiap6 ca1
接收器靈敏度,ziap5 siu1 hi4 lin2 men3 tu4
褶皺山脈,zap5 zeu4 san1 mak5
摺轉,zap5 zon3
折縫,ziet5 fung2
哲學應用,ziet5 hok6 yin4 yung4
節肢介體病毒,ziet5 zi1 gai4 ti3 piang4 tuk6
截趾適履,ciet6 zi3 sit5 li1
朝露溘至,zau1 lu4 hap6 zi4
朝食晚洗,zau1 sit6 man1 se3
朝朝一碗粥餓死醫生一屋,zau1 zau1 yit5 von3 zuk5 ngo4 si3 yi1 sang1 yit5 vuk5
招租處,zau1 zu1 cu4
朝早飯,zau1 zau3 fan4
召喚救護車,cau4 fon4 giu4 fu4 ca1
左對齊,zo3 dui4 ce2
左右視覺,zo3 yiu4 si4 gok5
左右做人難,zo3 yiu4 zo4 ngin2 lan2
左手交右手,zo3 siu3 gau1 yiu4 siu3
阻時間,zo3 si2 gan4
左推右擋,zo3 tui1 yiu4 dong3
阻住地球轉,zo3 cu4 ti4 kiu2 zon4
阻住個地球轉,zo3 cu4 go4 ti4 kiu2 zon4
坐亞望冠,co4 a1 mong4 gon4
坐廁墊,co4 ci4 tiap6
坐骨神經痛,co4 gut5 sin2 gin1 tung4
坐吃享福,co4 ket5 hiong3 fuk5
助人為快樂之本,co4 ngin2 vui2 kai4 lok6 zu1 bun3
坐蠟,co4 lap6
坐失機宜,co4 sit5 gi1 li2
坐收漁人之利,co4 siu1 ng2 ngin2 zu1 li4
酌核,zok5 het6
着好衫,zok5 hau3 sam1
着鴛鴦襪,zok5 yen1 yong1 mat5
着埋一條褲,zok5 mai2 yit5 tiau2 fu4
酌滿,zok5 man1
着瓦靴,zok5 nga3 hio1
着男仔衫,cok6 lam2 zai3 sam1
着手成春,cok6 siu3 sin2 cun1
着着失敗,cok6 cok6 sit5 pai4
着重號,cok6 cung4 hau4
將今論古,ziong1 gim1 lun4 gu3
將軍帳,ziong1 giun1 zong4
將勤補絀,ziong1 kiun2 bu3 zot5
張銘進,zong1 min3 zin4
張自烈,zong1 cu4 liet6
長點心眼,zong3 diam3 sim1 ngan3
長他人志氣滅自己威風,zong3 ta1 ngin2 zi4 hi4 miet6 cu4 gi3 vui1 fung1
長贅疣,zong3 zui4 yiu2
災難指令系統,zai1 lan4 zi3 lin4 hi4 tung3
栽種機,zai1 zung4 gi1
載歌且舞,zoi4 go1 cia3 mu3
再過下,zai4 go4 ha4
載攜,zoi4 hi1
載酒問字,zoi4 ziu3 mun4 su4
再轉復,zai4 zon3 fuk6
作息時間表,zok5 sit5 si2 gan4 biau3
擢下擢下,cok6 ha4 cok6 ha4
莊稼户,zong1 ga4 fu4
撞板多過食飯,cong4 ban3 do1 go4 sit6 fan4
撞擊式打印機,cong4 git5 sit5 da3 yin4 gi1
狀態參數,cong4 tai4 cam1 su4
早期效應,zau3 ki2 hau4 yin4
早買早着,zau3 mai1 zau3 zok5
組織觀念,zu3 zit5 gon1 ngiam4
組長去,zu3 zong3 hi4
灶君跌落鑊,zau4 giun1 diet5 lok6 vok6
做部長,zo4 pu4 zong3
做錯也,zo4 co4 ya1
做個好學生,zo4 go4 hau4 hok6 sang1
做滿月,zo4 man1 ngiet6
做散使,zo4 san3 su3
做小抄,zo4 siau3 cau1
做張做智,zo4 zong1 zo4 zi4
足高氣強,zuk5 gau1 hi4 kiong2
竹裏,zuk5 li1
築室道謀,zuk5 sit5 tau4 meu2
逐列,cuk6 liet6
軸瓦,cuk6 nga3
逐退,cuk6 tui4
濁積岩,cuk6 zit5 ngam2
棕背伯勞,zung1 boi4 bak5 lau2
棕背田雞,zung1 boi4 tien2 gai1
中賊鷗,zung1 cet6 iu1
中大西洋脊,zung1 tai4 si1 yong2 zit5
中等艙,zung1 den3 cong1
中杜鵑,zung1 tu4 gien1
中間神經元,zung1 gan1 sin2 gin1 ngien2
縱肌,zung1 gi1
中港區間,zung1 gong3 ki1 gan4
中港匯,zung1 gong3 fui4
中共中央紀委監察部,zung1 kiung4 zung1 yong1 gi3 vui1 gam1 cat5 pu4
中共中央宣傳部,zung1 kiung4 zung1 yong1 sien1 con2 pu4
中共中央組織部,zung1 kiung4 zung1 yong1 zu3 zit5 pu4
中共總書記,zung1 kiung4 zung3 su1 gi4
中國布藝,zung1 get5 bu4 ngi4
中國青年報,zung1 get5 ciang1 ngien2 bau4
中國地震局,zung1 get5 ti4 zin3 kiuk6
中國地震台,zung1 get5 ti4 zin3 toi2
中國地質調查局,zung1 get5 ti4 zit5 tiau4 ca2 kiuk6
中國各民族,zung1 get5 gok5 min2 cuk6
中國共產黨,zung1 get5 kiung4 san3 dong3
中國共產黨中央政治局,zung1 get5 kiung4 san3 dong3 zung1 yong1 zin4 ci4 kiuk6
中國共產主義青年團,zung1 get5 kiung4 san3 zu3 ngi4 ciang1 ngien2 ton2
中國國家地震局,zung1 get5 get5 ga1 ti4 zin3 kiuk6
中國國家航天局,zung1 get5 get5 ga1 hong2 tien1 kiuk6
中國國家環保局,zung1 get5 get5 ga1 van2 bau3 kiuk6
中國國家環境保護總局,zung1 get5 get5 ga1 van2 gin3 bau3 fu4 zung3 kiuk6
中國國際廣播電台,zung1 get5 get5 zi4 gong3 bo4 tien4 toi2
中國氣象局,zung1 get5 hi4 siong4 kiuk6
中國海事局,zung1 get5 hoi3 su4 kiuk6
中國航海日,zung1 get5 hong2 hoi3 ngit5
中國好聲音,zung1 get5 hau3 sang1 yim1
中國人權組織,zung1 get5 ngin2 kien2 zu3 zit5
中國人民解放軍,zung1 get5 ngin2 min2 gai3 fong4 giun1
中國人民解放軍海軍,zung1 get5 ngin2 min2 gai3 fong4 giun1 hoi3 giun1
中國人民武裝警察部隊,zung1 get5 ngin2 min2 vu1 zong1 gin3 cat5 pu4 dui4
中國人民志願軍,zung1 get5 ngin2 min2 zi4 ngien4 giun1
中國人民政治協商會議,zung1 get5 ngin2 min2 zin4 ci4 hiap6 song1 fui4 ngi4
中國歷史名人,zung1 get5 lit6 su3 min2 ngin2
中國民主同盟,zung1 get5 min2 zu3 tung2 men2
中國名人,zung1 get5 min2 ngin2
中國網絡審查,zung1 get5 miong3 lok6 sim3 ca2
中國新民黨,zung1 get5 sin1 min2 dong3
中國新聞網,zung1 get5 sin1 vun2 miong3
中國剩餘定理,zung1 get5 sin4 yi2 tin4 li1
中國致公黨,zung1 get5 zi4 gung1 dong3
中國左翼作家聯盟,zung1 get5 zo3 yit6 zok5 ga1 lien2 men2
中國中央電視台,zung1 get5 zung1 yong1 tien4 si4 toi2
中國中心主義,zung1 get5 zung1 sim1 zu3 ngi4
舂坎山,zung1 kam3 san1
中氣層,zung1 hi4 cen2
中氣層頂,zung1 hi4 cen2 dang3
中學地盤,zung1 hok6 ti4 pan2
中學牛,zung1 hok6 ngiu2
中入調,zung1 ngip6 tiau4
中日韓統一表意文字,zung1 ngit5 hon2 tung3 yit5 biau3 yi4 vun2 su4
中英聯合聲明,zung1 yin1 lien2 hap6 sang1 min2
中英文對照,zung1 yin1 vun2 dui4 zau4
中央情報局,zung1 yong1 cin2 bau4 kiuk6
中央電視台,zung1 yong1 tien4 si4 toi2
中央廣播電台,zung1 yong1 gong3 bo4 tien4 toi2
中央海嶺,zung1 yong1 hoi3 liang3
中央炮台,zung1 yong1 pau4 toi2
中央宣傳部,zung1 yong1 sien1 con2 pu4
中央專制集權,zung1 yong1 zon1 zi4 sip6 kien2
中源地震,zung1 ngien2 ti4 zin3
中括弧,zung1 gat5 fu2
中立主義,zung1 lip6 zu3 ngi4
縱梁,zung1 liong2
縱紋腹小鴞,zung1 vun2 fuk5 siau3 hiau1
縱紋角鴞,zung1 vun2 gok5 hiau1
中密度纖維板,zung1 mit6 tu4 siam1 vui2 ban3
棕額長尾山雀,zung1 ngiak5 cong2 mui1 san1 ziok5
中俄邊界協議,zung1 ngo2 bien1 gai4 hiap6 ngi4
中俄改訂條約,zung1 ngo2 goi3 dang4 tiau2 yok5
中俄關系,zung1 ngo2 gan1 hi4
中俄伊犁條約,zung1 ngo2 yi1 lai2 tiau2 yok5
中俄尼布楚條約,zung1 ngo2 li2 bu4 co3 tiau2 yok5
中寧縣,zung1 len2 yen4
棕三趾鶉,zung1 sam1 zi3 cun1
中西醫結合,zung1 si1 yi1 giet5 hap6
忠心伴侶,zung1 sim1 pan4 li1
中心矩,zung1 sim1 gi3
中心橋,zung1 sim1 kiau2
中心埋置關係從句,zung1 sim1 mai2 zi4 gan1 he4 cung2 gi4
中心票務,zung1 sim1 piau4 vu4
中心環節,zung1 sim1 van2 ziet5
縱神經索,zung1 sin2 gin1 sok5
棕藪鴝,zung1 seu3 ki2
中樞神經系統,zung1 ki1 sin2 gin1 hi4 tung3
中途島戰役,zung1 tu2 dau3 zien4 yit6
中華白海豚,zung1 fa2 pak6 hoi3 tun2
中華秋沙鴨,zung1 fa2 ciu1 sa1 ap5
中華民族風情,zung1 fa2 min2 cuk6 fung1 cin2
中華田園犬,zung1 fa2 tien2 yen2 kien3
中華鷓鴣,zung1 fa2 za4 gu1
中值定理,zung1 cit6 tin4 li1
中正紀念堂,zung1 zin4 gi3 ngiam4 tong2
中灶,zung1 zau4
中中等等,zung1 zung1 den3 den3
忠忠直直終須乞食,zung1 zung1 cit6 cit6 zung1 si1 ket5 sit6
總速度,zung3 suk5 tu4
總儲量,zung3 su2 liong4
總結工作,zung3 giet5 gung1 zok5
總結過,zung3 giet5 go4
總結書,zung3 giet5 su1
總角之交,zung3 gok5 zu1 gau1
總角之好,zung3 gok5 zu1 hau3
總卵黃管,zung3 lon3 vong2 gon3
種麥,zung3 mak6
種姓製度,zung3 siang4 ze4 tu4
總會痛,zung3 fui4 tung4
種族清除,zung3 cuk6 cin1 cu2
種族中心主義,zung3 cuk6 zung1 sim1 zu3 ngi4
種族主義者,zung3 cuk6 zu3 ngi4 za3
眾人敬仰,zung4 ngin2 gin4 ngiong1
誦讀困難症,sung4 tuk6 kun4 lan2 zin4
仲量行,cung4 liong2 hang2
珠江三角洲,zu1 gong1 sam1 gok5 ziu1
珠流璧轉,zu1 liu2 bit5 zon3
朱粒水泡,zu1 lip5 sui3 pau1
豬上雜,zu1 song4 cap6
豬仔鎖,zu1 zai3 so3
主法向量,zu3 fap5 hiong4 liong4
主觀原因,zu3 gon1 ngien2 yin1
主要人員,zu3 yau4 ngin2 yen2
駐代表處,zu4 toi4 biau3 cu4
鑄工車間,zu4 gung1 ca1 gan1
駐華使節,zu4 fa2 si4 ziet5
鑽堅仰高,zon1 gien1 ngiong1 gau1
鑽故紙堆,zon1 gu4 zi3 doi1
專而精,zon1 yi2 zin1
專用名詞,zon1 yung4 min2 cu2
鑽心蟲,zon1 sim1 cung2
專屬經濟區,zon1 suk6 gin1 zi4 ki1
轉白班,zon3 pak6 ban1
轉抄,zon3 cau1
轉基因食品,zon3 gi1 yin1 sit6 pin3
轉向信號,zon3 hiong4 sin4 hau4
轉面無情,zon3 mien4 vu2 cin2
轉渾天儀,zon3 fun2 tien1 ngi2
轉換斷層,zon3 von4 ton4 cen2
轉接板,zon3 ziap5 ban3
轉注字,zon3 zu4 su4
鑽出鑽入,zon4 cut5 zon4 ngip6
轉矩臂,zon4 gi3 bi4
轉一趟,zon4 yit5 tong4
轉字鎖,zon4 su4 so3
輟朝,dot5 cau2
財政司司長辦公室,coi2 zin4 su1 su1 zong3 pan4 gung1 sit5
敬業樂羣,gin4 ngiap6 lok6 kiun2
敬業樂羣,gin4 ngiap6 ngau4 kiun2
被鋪蚊帳,pi1 pu1 mun1 zong4
阻三阻四,zo3 sam1 zo3 si4
烏喱馬杈,vu1 li1 ma1 ca4
倒掛臘鴨,dau4 ga4 lap6 ap5
磨穿鐵硯,mo2 con1 tiet5 yen4
切中時弊,ciet5 zung4 si2 bi4
六國大封相,luk5 get5 tai4 fung1 siong1
六國大封相,luk5 get5 tai4 fung1 siong4
財經事務及庫務局,coi2 gin1 su4 vu4 kip6 ku4 vu4 kiuk6
吊襠褲,diau4 dong1 fu4
東莞證券,dung1 gon3 zin4 kien4
可轉讓證券,ko3 zon4 ngiong4 zin4 kien4
上海證券交易所綜合股價指,song4 hoi3 zin4 kien4 gau1 yit6 so3 zung4 hap6 gu3 ga4 zi3
債務擔保證券,zai4 vu4 dam1 bau3 zin4 kien4
資產擔保證券,zu1 san3 dam1 bau3 zin4 kien4
證券交易所,zin4 kien4 gau1 yit6 so3
證券經紀人,zin4 kien4 gin1 gi3 ngin2
中國證券報,zung1 get5 zin4 kien4 bau4
命赴黃泉,miang4 fu4 vong2 can2
命赴黃泉,min4 fu4 vong2 can2
命喪黃泉,min4 song4 vong2 can2
長咀洲,cong2 zu3 ziu1
頂心頂肺,dang3 sim1 din3 pui4
頂心頂肺,din3 sim1 din3 pui4
屢勸不聽,li1 kien4 but5 tang4
長莆,zong3 pu2
船灣淡水湖,son2 van1 tam4 sui3 fu2
鴉打街,a1 da3 gai1
亞畢諾道,a1 bit5 lok5 tau4
亞參雞飯,a1 sem1 gai1 fan4
亞士厘道,a1 su4 li2 tau4
亞太中心,a1 tai4 zung1 sim1
鴨脷洲街坊學校,ap5 li4 ziu1 gai1 fong2 hok6 gau3
鴨脷洲海旁道,ap5 li4 ziu1 hoi3 pong2 tau4
鴨脷洲橋道,ap5 li4 ziu1 kiau2 tau4
拗魚咀,au3 ng2 zu3
坳背嶺,au4 boi4 liang1
凹背塘,au4 boi4 tong2
坳背灣,au4 boi4 van1
坳背灣街,au4 boi4 van1 gai1
巴塞隆那,ba1 soi4 lung2 la3
巴芬道,ba1 fun1 tau4
巴哈伊信仰,ba1 hap6 yi1 sin4 ngiong1
巴恩大道,ba1 en1 tai4 tau4
巴路士街,ba1 lu4 su4 gai1
巴色道,ba1 set5 tau4
巴維拉大道,ba1 vui2 lai1 tai4 tau4
伯恩大道,bak5 en1 tai4 tau4
百來層,bak5 loi2 cen2
百來打,bak5 loi2 da1
百來頂,bak5 loi2 dang3
百來滴,bak5 loi2 tit6
百來度,bak5 loi2 tu4
百來道,bak5 loi2 tau4
百來番,bak5 loi2 fan1
百來棵,bak5 loi2 ko1
百來間,bak5 loi2 gan1
百來件,bak5 loi2 kien4
百來下,bak5 loi2 ha4
百來行,bak5 loi2 hong2
百來名,bak5 loi2 min2
百來泡,bak5 loi2 pau1
百來啤,bak5 loi2 pia1
百來户,bak5 loi2 fu4
百來張,bak5 loi2 zong1
百來載,bak5 loi2 zai3
百來種,bak5 loi2 zung3
百樂潮州酒家,bak5 lok6 cau2 ziu1 ziu3 ga1
百勝角路,bak5 sin4 gok5 lu4
百周年李兆忠紀念中學,bak5 ziu1 ngien2 li3 cau4 zung1 gi3 ngiam4 zung1 hok6
白筆山道,pak6 bit5 san1 tau4
白建時道,pak6 gien4 si2 tau4
白約翰會督中學,pak6 yok5 hon4 fui4 duk5 zung1 hok6
白蘭軒道,pak6 lan2 hien1 tau4
白臘仔,pak6 lap6 zai3
白牛石上村,pak6 ngiu2 sak6 song4 cun1
白普理寧養中心,pak6 pu1 li1 len2 yong1 zung1 sim1
八百八十六,bat5 bak5 bat5 sip6 luk5
八百八十三,bat5 bak5 bat5 sip6 sam1
八百七十六,bat5 bak5 cit5 sip6 luk5
八百七十三,bat5 bak5 cit5 sip6 sam1
八百九十六,bat5 bak5 giu3 sip6 luk5
八百九十三,bat5 bak5 giu3 sip6 sam1
八百一十六,bat5 bak5 yit5 sip6 luk5
八百一十三,bat5 bak5 yit5 sip6 sam1
八百二十六,bat5 bak5 ngi4 sip6 luk5
八百二十三,bat5 bak5 ngi4 sip6 sam1
八百六十,bat5 bak5 luk5 sip6
八百六十八,bat5 bak5 luk5 sip6 bat5
八百六十七,bat5 bak5 luk5 sip6 cit5
八百六十九,bat5 bak5 luk5 sip6 giu3
八百六十一,bat5 bak5 luk5 sip6 yit5
八百六十二,bat5 bak5 luk5 sip6 ngi4
八百六十六,bat5 bak5 luk5 sip6 luk5
八百六十萬,bat5 bak5 luk5 sip6 man4
八百六十五,bat5 bak5 luk5 sip6 ng3
八百六十三,bat5 bak5 luk5 sip6 sam1
八百六十四,bat5 bak5 luk5 sip6 si4
八百五十六,bat5 bak5 ng3 sip6 luk5
八百五十三,bat5 bak5 ng3 sip6 sam1
八百三十,bat5 bak5 sam1 sip6
八百三十八,bat5 bak5 sam1 sip6 bat5
八百三十七,bat5 bak5 sam1 sip6 cit5
八百三十九,bat5 bak5 sam1 sip6 giu3
八百三十一,bat5 bak5 sam1 sip6 yit5
八百三十二,bat5 bak5 sam1 sip6 ngi4
八百三十六,bat5 bak5 sam1 sip6 luk5
八百三十萬,bat5 bak5 sam1 sip6 man4
八百三十五,bat5 bak5 sam1 sip6 ng3
八百三十三,bat5 bak5 sam1 sip6 sam1
八百三十四,bat5 bak5 sam1 sip6 si4
八百四十六,bat5 bak5 si4 sip6 luk5
八百四十三,bat5 bak5 si4 sip6 sam1
八千兩百萬,bat5 cien1 liong1 bak5 man4
八千六百萬,bat5 cien1 luk5 bak5 man4
八千三百萬,bat5 cien1 sam1 bak5 man4
八頂,bat5 dang3
八滴,bat5 tit6
八棵,bat5 ko1
八九層,bat5 giu3 cen2
八九打,bat5 giu3 da1
八九頂,bat5 giu3 dang3
八九滴,bat5 giu3 tit6
八九度,bat5 giu3 tu4
八九道,bat5 giu3 tau4
八九番,bat5 giu3 fan1
八九棵,bat5 giu3 ko1
八九間,bat5 giu3 gan1
八九件,bat5 giu3 kien4
八九下,bat5 giu3 ha4
八九行,bat5 giu3 hong2
八九名,bat5 giu3 min2
八九泡,bat5 giu3 pau1
八九啤,bat5 giu3 pia1
八九户,bat5 giu3 fu4
八九張,bat5 giu3 zong1
八九載,bat5 giu3 zai3
八九種,bat5 giu3 zung3
八鄉中心小學,bat5 hiong1 zung1 sim1 siau3 hok6
八泡,bat5 pau1
八啤,bat5 pia1
八三總理,bat5 sam1 zung3 li1
八十六萬,bat5 sip6 luk5 man4
八十三萬,bat5 sip6 sam1 man4
賓吉道,bin1 git5 tau4
筆架山道,bit5 ga4 san1 tau4
不要對我尖叫,but5 yau4 dui4 ngo1 ziam1 giau4
畢拉山道,bit5 lai1 san1 tau4
碑頭嶺角,bi1 teu2 liang1 gok5
比雅道,bi3 nga3 tau4
比昂大道,bi3 ngong2 tai4 tau4
壁屋凹,biak5 vuk5 au4
邊滴,bien1 tit6
邊啤,bien1 pia1
必列者士街,bit5 liet6 za3 su4 gai1
波多諾伏,bo1 do1 lok5 fuk6
博茨瓦納人,bok5 ci2 nga3 lap6 ngin2
博研路,bok5 ngan3 lu4
博物館道,bok5 vut6 gon3 tau4
博愛交匯處,bok5 oi4 gau1 fui4 cu4
博愛交匯處,bok5 oi4 gau1 fui4 cu3
薄餅博士,pok6 biang3 bok5 su4
寶鏡頂,bau3 giang4 dang3
寶覺中學,bau3 gok5 zung1 hok6
寶靈頓道,bau3 lin2 un4 tau4
寶樂坊,bau3 lok6 fong2
寶馬山道,bau3 ma1 san1 tau4
寶華街,bau3 fa2 gai1
寶華園,bau3 fa2 yen2
布吉仔,bu4 git5 zai3
布拉提斯拉瓦,bu4 lai1 ti2 su1 lai1 nga3
布思道,bu4 su1 tau4
杯澳公立學校,bui1 au4 gung1 lip6 hok6 gau3
貝翠大道,bui4 cui4 tai4 tau4
貝璐道,bui4 lu4 tau4
貝沙山道,bui4 sa1 san1 tau4
貝沙灣道,bui4 sa1 van1 tau4
瀑布灣道,puk6 bu4 van1 tau4
般咸道官立小學,ban1 ham2 tau4 gon1 lip6 siau3 hok6
半島中心,ban4 dau3 zung1 sim1
差餉物業估價署,ca1 hiong3 vut6 ngiap6 gu3 ga4 su4
茶果嶺大街,ca2 go3 liang1 tai4 gai1
陳白沙紀念中學,cin2 pak6 sa1 gi3 ngiam4 zung1 hok6
陳富勝,cin2 fu4 sin4
陳楷,cin2 gai1
陳融中學,cin2 yung2 zung1 hok6
陳楷紀念中學,cin2 kai3 gi3 ngiam4 zung1 hok6
陳呂重德,cin2 li1 cung2 det5
陳慕華,cin2 mu4 fa2
陳木華,cin2 muk5 fa2
陳南昌紀念中學,cin2 lam2 cong1 gi3 ngiam4 zung1 hok6
陳瑞祺喇沙小學,cin2 sui4 ki2 la2 sa1 siau3 hok6
陳瑞芝紀念中學,cin2 sui4 zi1 gi3 ngiam4 zung1 hok6
陳少邦,cin2 sau4 bong1
陳兆民中學,cin2 cau4 min2 zung1 hok6
陳樹渠紀念中學,cin2 su4 ki2 gi3 ngiam4 zung1 hok6
陳震夏中學,cin2 zin3 ha4 zung1 hok6
陳朱素華紀念中學,cin2 zu1 su4 fa2 gi3 ngiam4 zung1 hok6
七百八十六,cit5 bak5 bat5 sip6 luk5
七百八十三,cit5 bak5 bat5 sip6 sam1
七百七十六,cit5 bak5 cit5 sip6 luk5
七百七十三,cit5 bak5 cit5 sip6 sam1
七百九十六,cit5 bak5 giu3 sip6 luk5
七百九十三,cit5 bak5 giu3 sip6 sam1
七百一十六,cit5 bak5 yit5 sip6 luk5
七百一十三,cit5 bak5 yit5 sip6 sam1
七百二十六,cit5 bak5 ngi4 sip6 luk5
七百二十三,cit5 bak5 ngi4 sip6 sam1
七百六十,cit5 bak5 luk5 sip6
七百六十八,cit5 bak5 luk5 sip6 bat5
七百六十七,cit5 bak5 luk5 sip6 cit5
七百六十九,cit5 bak5 luk5 sip6 giu3
七百六十一,cit5 bak5 luk5 sip6 yit5
七百六十二,cit5 bak5 luk5 sip6 ngi4
七百六十六,cit5 bak5 luk5 sip6 luk5
七百六十萬,cit5 bak5 luk5 sip6 man4
七百六十五,cit5 bak5 luk5 sip6 ng3
七百六十三,cit5 bak5 luk5 sip6 sam1
七百六十四,cit5 bak5 luk5 sip6 si4
七百五十六,cit5 bak5 ng3 sip6 luk5
七百五十三,cit5 bak5 ng3 sip6 sam1
七百三十八,cit5 bak5 sam1 sip6 bat5
七百三十七,cit5 bak5 sam1 sip6 cit5
七百三十九,cit5 bak5 sam1 sip6 giu3
七百三十一,cit5 bak5 sam1 sip6 yit5
七百三十二,cit5 bak5 sam1 sip6 ngi4
七百三十六,cit5 bak5 sam1 sip6 luk5
七百三十萬,cit5 bak5 sam1 sip6 man4
七百三十五,cit5 bak5 sam1 sip6 ng3
七百三十三,cit5 bak5 sam1 sip6 sam1
七百三十四,cit5 bak5 sam1 sip6 si4
七百四十六,cit5 bak5 si4 sip6 luk5
七百四十三,cit5 bak5 si4 sip6 sam1
七八層,cit5 bat5 cen2
七八打,cit5 bat5 da1
七八頂,cit5 bat5 dang3
七八滴,cit5 bat5 tit6
七八度,cit5 bat5 tu4
七八道,cit5 bat5 tau4
七八番,cit5 bat5 fan1
七八棵,cit5 bat5 ko1
七八間,cit5 bat5 gan1
七八件,cit5 bat5 kien4
七八下,cit5 bat5 ha4
七八行,cit5 bat5 hong2
七八名,cit5 bat5 min2
七八泡,cit5 bat5 pau1
七八啤,cit5 bat5 pia1
七八户,cit5 bat5 fu4
七八張,cit5 bat5 zong1
七八載,cit5 bat5 zai3
七八種,cit5 bat5 zung3
七千兩百萬,cit5 cien1 liong1 bak5 man4
七千六百萬,cit5 cien1 luk5 bak5 man4
七千三百萬,cit5 cien1 sam1 bak5 man4
七頂,cit5 dang3
七滴,cit5 tit6
七棵,cit5 ko1
七泡,cit5 pau1
七啤,cit5 pia1
七十六萬,cit5 sip6 luk5 man4
七十三萬,cit5 sip6 sam1 man4
七户,cit5 fu4
七載,cit5 zai3
車沅沅,ca1 ngien2 ngien2
車坪街,ca1 piang2 gai1
車灣,ca1 van1
車站路,ca1 zam4 lu4
赤道畿內亞人,cak5 tau4 gi1 lui4 a1 ngin2
翠興街,cui4 hin1 gai1
翠嶺里,cui4 liang1 li1
翠嶺路,cui4 liang1 lu4
翠樂街,cui4 lok6 gai1
翠巒大道,cui4 lan2 tai4 tau4
翠樺道,cui4 fa2 tau4
翠湖海鮮酒家,cui4 fu2 hoi3 sien1 ziu3 ga1
除塵器道,cu2 cin4 hi4 tau4
除鹽系統道,cu2 yam2 hi4 tung3 tau4
春暉道,cun1 fui1 tau4
春勝街,cun1 sin4 gai1
循道學校,sun2 tau4 hok6 gau3
始創中心商場,ci3 cong3 zung1 sim1 song1 cong2
慈航學校,cu2 hong2 hok6 gau3
慈幼學校,cu2 yiu4 hok6 gau3
慈幼英文學校,cu2 yiu4 yin1 vun2 hok6 gau3
慈華里,cu2 fa2 li1
慈雲山道,cu2 yun2 san1 tau4
慈雲山中心,cu2 yun2 san1 zung1 sim1
慈正商場,cu2 zin4 song1 cong2
千多層,cien1 do1 cen2
千多打,cien1 do1 da1
千多頂,cien1 do1 dang3
千多滴,cien1 do1 tit6
千多度,cien1 do1 tu4
千多道,cien1 do1 tau4
千多番,cien1 do1 fan1
千多棵,cien1 do1 ko1
千多間,cien1 do1 gan1
千多件,cien1 do1 kien4
千多下,cien1 do1 ha4
千多行,cien1 do1 hong2
千多泡,cien1 do1 pau1
千多啤,cien1 do1 pia1
千多户,cien1 do1 fu4
千多張,cien1 do1 zong1
千多載,cien1 do1 zai3
千多種,cien1 do1 zung3
千來層,cien1 loi2 cen2
千來打,cien1 loi2 da1
千來頂,cien1 loi2 dang3
千來滴,cien1 loi2 tit6
千來度,cien1 loi2 tu4
千來道,cien1 loi2 tau4
千來番,cien1 loi2 fan1
千來棵,cien1 loi2 ko1
千來間,cien1 loi2 gan1
千來件,cien1 loi2 kien4
千來下,cien1 loi2 ha4
千來行,cien1 loi2 hong2
千來名,cien1 loi2 min2
千來泡,cien1 loi2 pau1
千來啤,cien1 loi2 pia1
千來户,cien1 loi2 fu4
千來張,cien1 loi2 zong1
千來載,cien1 loi2 zai3
千來種,cien1 loi2 zung3
青碧街,ciang1 bit5 gai1
青芊街,ciang1 cien1 gai1
青松侯寶垣小學,ciang1 cung2 heu2 bau3 yen2 siau3 hok6
青松侯寶垣中學,ciang1 cung2 heu2 bau3 yen2 zung1 hok6
青松中學,ciang1 cung2 zung1 hok6
青荃路,ciang1 cien2 lu4
青輝新村,ciang1 fui1 sin1 cun1
青福里,ciang1 fuk5 li1
青敬路,ciang1 gin4 lu4
青高路,ciang1 gau1 lu4
青霞里,ciang1 ha2 li1
青河坊,ciang1 ho2 fong2
青鴻路,ciang1 fung2 lu4
青茵街,ciang1 yin1 gai1
青逸軒,ciang1 yit6 hien1
青衣交匯處,ciang1 yi1 gau1 fui4 cu4
青衣交匯處,ciang1 yi1 gau1 fui4 cu3
青衣公園,ciang1 yi1 gung1 yen2
青衣墟,ciang1 yi1 hi1
青衣航運路,ciang1 yi1 hong2 yun4 lu4
青衣游泳池,ciang1 yi1 yiu2 yun3 ci2
青衣路,ciang1 yi1 lu4
青衣信義新村,ciang1 yi1 sin4 ngi4 sin1 cun1
青衣商場,ciang1 yi1 song1 cong2
青衣主恩小學,ciang1 yi1 zu3 en1 siau3 hok6
青怡廣場,ciang1 yi2 gong3 cong2
青亦路,ciang1 yit6 lu4
青賢街,ciang1 hien2 gai1
青盈路,ciang1 yin2 lu4
青葉街,ciang1 yap6 gai1
青楊街,ciang1 yong2 gai1
青楊路,ciang1 yong2 lu4
青榕街,ciang1 yung2 gai1
青裕新村,ciang1 yi4 sin1 cun1
青強街,ciang1 kiong2 gai1
青葵公路,ciang1 kui2 gung1 lu4
青林角,ciang1 lim2 gok5
青麟路,ciang1 lin2 lu4
青綠街,ciang1 luk6 gai1
青龍村,ciang1 lung2 cun1
青龍路,ciang1 lung2 lu4
青龍頭村,ciang1 lung2 teu2 cun1
青龍頭新村,ciang1 lung2 teu2 sin1 cun1
青龍灣,ciang1 lung2 van1
青苗琴行,ciang1 miau2 kim2 hang2
青南街,ciang1 lam2 gai1
青山村,ciang1 san1 cun1
青山坊,ciang1 san1 fong2
青山灣泳灘,ciang1 san1 van1 yun3 tan1
青善街,ciang1 sen4 gai1
青尚里,ciang1 song4 li1
青尚路,ciang1 song4 lu4
青泰路,ciang1 tai4 lu4
清潭上灌溉水塘,cin1 tam2 song4 gon4 goi4 sui3 tong2
青田交匯處,ciang1 tien2 gau1 fui4 cu4
青田交匯處,ciang1 tien2 gau1 fui4 cu3
青湖坊,ciang1 fu2 fong2
青匯街,ciang1 fui4 gai1
青州街,ciang1 ziu1 gai1
青洲瀝,ciang1 ziu1 lit6
青洲灣,ciang1 ziu1 van1
青洲仔,ciang1 ziu1 zai3
青磚圍路,ciang1 zon1 vui2 lu4
澄平街,cin2 pin2 gai1
朝暉路,cau2 fui1 lu4
朝光街,cau2 gong1 gai1
潮州會館,cau2 ziu1 fui4 gon3
潮州會館中學,cau2 ziu1 fui4 gon3 zung1 hok6
卓維雅大道,zok5 vui2 nga3 tai4 tau4
昌華街,cong1 fa2 gai1
暢行道,cong4 hang2 tau4
暢行里,cong4 hang2 li1
暢興路,cong4 hin1 lu4
暢通道,cong4 tung1 tau4
暢通道南,cong4 tung1 tau4 lam2
長春新村,cong2 cun1 sin1 cun1
長青商場,cong2 ciang1 song1 cong2
長達路,cong2 tat6 lu4
長輝路,cong2 fui1 lu4
長甫頭,cong2 pu3 teu2
長富街,cong2 fu4 gai1
長庚里,cong2 gang1 li1
長健路,cong2 kien4 lu4
長江村,cong2 gong1 cun1
祥降圍,siong2 gong4 vui2
長葛,cong2 got5
長貴路,cong2 gui4 lu4
長坑村,cong2 hang1 cun1
長坑路,cong2 hang1 lu4
長亨商場,cong2 hen1 song1 cong2
長康商場,cong2 kong1 song1 cong2
長好街,cong2 hau3 gai1
長裕街,cong2 yi4 gai1
長源路,cong2 ngien2 lu4
長瀝,cong2 lit6
長瀝尾,cong2 lit6 mui1
長瀝尾街,cong2 lit6 mui1 gai1
長連山,cong2 lien2 san1
長隆街,cong2 lung2 gai1
祥民道,siong2 min2 tau4
長茂街,cong2 meu4 gai1
長岩,cong2 ngam2
長岩頂,cong2 ngam2 dang3
長岩灣,cong2 ngam2 van1
長安里,cong2 on1 li1
長牌墩,cong2 pai2 dun1
長排頭,cong2 pai2 teu2
長沙欄,cong2 sa1 lan2
長沙上村,cong2 sa1 song4 cun1
長山隧道,cong2 san1 sui4 tau4
長碩路,cong2 sak6 lu4
長石咀,cong2 sak6 zu3
長城街,cong2 sang2 gai1
長索咀,cong2 sok5 zu3
翔天中路,siong2 tien1 zung1 lu4
長亭,cong2 tin2
長灣,cong2 van1
長環街,cong2 van2 gai1
長窩,cong2 vo1
長洲東堤路,cong2 ziu1 dung1 ti2 lu4
長洲東灣泳灘,cong2 ziu1 dung1 van1 yun3 tan1
長洲官立中學,cong2 ziu1 gon1 lip6 zung1 hok6
長洲山頂道,cong2 ziu1 san1 dang3 tau4
長洲西堤道,cong2 ziu1 si1 ti2 tau4
長洲信義村,cong2 ziu1 sin4 ngi4 cun1
長洲聖心學校,cong2 ziu1 sin4 sim1 hok6 gau3
長洲體育路,cong2 ziu1 ti3 yuk5 lu4
長洲堂錦江小學,cong2 ziu1 tong2 gim3 gong1 siau3 hok6
長洲灣,cong2 ziu1 van1
長俊路,cong2 zun4 lu4
彩霞道,cai3 ha2 tau4
彩興里,cai3 hin1 li1
彩虹交匯處,cai3 fung2 gau1 fui4 cu4
彩虹交匯處,cai3 fung2 gau1 fui4 cu3
彩石道,cai3 sak6 tau4
彩雲道,cai3 yun2 tau4
蔡功譜中學,cai4 gung1 pu3 zung1 hok6
塞爾維亞人,soi4 li3 vui2 a1 ngin2
塞拉利昂人,soi4 lai1 li4 ngong2 ngin2
塞內加爾人,soi4 lui4 ga1 li3 ngin2
塞浦路斯人,soi4 pu3 lu4 su1 ngin2
塞維利亞,soi4 vui2 li4 a1
蔡章閣中學,cai4 zong1 gok5 zung1 hok6
倉前嶺,cong1 cien2 liang1
創富道,cong3 fu4 tau4
松嶺里,cung2 liang1 li1
松嶺路,cung2 liang1 lu4
松滿路,cung2 man1 lu4
松山道,cung2 san1 tau4
重士街,cung2 su4 gai1
重慶站購物商場,cung1 kin4 zam4 geu4 vut6 song1 cong2
川背龍,con1 boi4 lung2
川龍鐵盧城,con1 lung2 tiet5 lu2 sang2
村南道,cun1 lam2 tau4
荃青交匯處,cien2 ciang1 gau1 fui4 cu4
荃青交匯處,cien2 ciang1 gau1 fui4 cu3
荃錦交匯處,cien2 gim3 gau1 fui4 cu4
荃錦交匯處,cien2 gim3 gau1 fui4 cu3
荃錦中心商場,cien2 gim3 zung1 sim1 song1 cong2
泉源道東,can2 ngien2 tau4 dung1
泉源道西,can2 ngien2 tau4 si1
荃樂街,cien2 lok6 gai1
荃華街,cien2 fa2 gai1
荃灣官立中學,cien2 van1 gon1 lip6 zung1 hok6
荃灣聖芳濟中學,cien2 van1 sin4 fong1 zi4 zung1 hok6
荃灣中心商場,cien2 van1 zung1 sim1 song1 cong2
打比道,da3 bi3 tau4
打槓,da3 gong4
打鼓嶺村,da3 gu3 liang1 cun1
打鼓嶺道,da3 gu3 liang1 tau4
打鼓嶺嶺英公立學校,da3 gu3 liang1 liang1 yin1 gung1 lip6 hok6 gau3
打鼓嶺新村,da3 gu3 liang1 sin1 cun1
打蠔墩路,da3 hau2 dun1 lu4
打蠔墩上圍,da3 hau2 dun1 song4 vui2
打蠔排,da3 hau2 pai2
打爛埕頂山,da3 lan4 cin2 dang3 san1
打瀉油坳,da3 sia4 yiu2 au4
打石湖,da3 sak6 fu2
打石湖石塘,da3 sak6 fu2 sak6 tong2
打水灣,da3 sui3 van1
打磚坪村,da3 zon1 piang2 cun1
打磚坪街,da3 zon1 piang2 gai1
戴乾亨,dai4 kien2 hen1
大埔舊墟公立學校,tai4 bu4 kiu4 hi1 gung1 lip6 hok6 gau3
大埔官中,tai4 bu4 gon1 zung1
大埔三育中學,tai4 bu4 sam1 yuk5 zung1 hok6
大埔崇德黃建常紀念學校,tai4 bu4 cung2 det5 vong2 gien4 song2 gi3 ngiam4 hok6 gau3
大青洲,tai4 ciang1 ziu1
大道村,tai4 tau4 cun1
大道村路,tai4 tau4 cun1 lu4
大坑東宣道小學,tai4 hang1 dung1 sien1 tau4 siau3 hok6
大磡道,tai4 ham4 tau4
大興商場,tai4 hin1 song1 cong2
大興堤路,tai4 hin1 ti2 lu4
大陰頂,tai4 yim1 dang3
大嶼海峽,tai4 yi2 hoi3 hiap6
大旗嶺路,tai4 ki2 liang1 lu4
大強街,tai4 kiong2 gai1
大癩痢,tai4 lai4 li4
大嶺村,tai4 liang1 cun1
大嶺墩,tai4 liang1 dun1
大嶺皮,tai4 liang1 pi2
大嶺頭,tai4 liang1 teu2
大嶺峒,tai4 liang1 tung2
大浪灣道,tai4 long4 van1 tau4
大帽山道,tai4 mau4 san1 tau4
大稔洲,tai4 lem3 ziu1
大岩頂,tai4 ngam2 dang3
大腦上洋,tai4 lau3 song4 yong2
大澳沙仔面,tai4 au4 sa1 zai3 mien4
大澳太平街,tai4 au4 tai4 pin2 gai1
大排塘頂,tai4 pai2 tong2 dang3
大沙落,tai4 sa1 lok6
大山中,tai4 san1 zung1
大新後街,tai4 sin1 heu4 gai1
大新海傍路,tai4 sin1 hoi3 pong4 lu4
大蛇頂,tai4 sa2 dang3
大石磨,tai4 sak6 mo2
大小磨刀,tai4 siau3 mo2 dau1
大上托,tai4 song4 tok5
大潭水塘道,tai4 tam2 sui3 tong2 tau4
大潭上水塘,tai4 tam2 song4 sui3 tong2
大潭中水塘,tai4 tam2 zung1 sui3 tong2
大塘瀝,tai4 tong2 lit6
大華街,tai4 fa2 gai1
大環道,tai4 van2 tau4
大環道東,tai4 van2 tau4 dung1
大圍第六街,tai4 vui2 ti4 luk5 gai1
大圍第三街,tai4 vui2 ti4 sam1 gai1
大圍隧道,tai4 vui2 sui4 tau4
大窩交匯處,tai4 vo1 gau1 fui4 cu4
大窩交匯處,tai4 vo1 gau1 fui4 cu3
大窩坪道,tai4 vo1 piang2 tau4
大洲尾頂,tai4 ziu1 mui1 dang3
淡水灣,tam4 sui3 van1
踏石角,tap6 sak6 gok5
達運道,tat6 yun4 tau4
第一頂,ti4 yit5 dang3
第一度,ti4 yit5 tu4
第一番,ti4 yit5 fan1
第一棵,ti4 yit5 ko1
第一泡,ti4 yit5 pau1
第一啤,ti4 yit5 pia1
第一乘,ti4 yit5 sin4
第一户,ti4 yit5 fu4
第一張永慶中學,ti4 yit5 zong1 yun1 kin4 zung1 hok6
第一載,ti4 yit5 zai3
第二頂,ti4 ngi4 dang3
第二番,ti4 ngi4 fan1
第二泡,ti4 ngi4 pau1
第二啤,ti4 ngi4 pia1
第二乘,ti4 ngi4 sin4
第二户,ti4 ngi4 fu4
第二載,ti4 ngi4 zai3
德己利士礁,det5 gi3 li4 su4 ziau1
德忌利士街,det5 ki4 li4 su4 gai1
德高道,det5 gau1 tau4
德蘭中學,det5 lan2 zung1 hok6
德隆後街,det5 lung2 heu4 gai1
德雅中學,det5 nga3 zung1 hok6
德愛中學,det5 oi4 zung1 hok6
德士古道天橋,det5 su4 gu3 tau4 tien1 kiau2
德士古交匯處,det5 su4 gu3 gau1 fui4 cu4
德士古交匯處,det5 su4 gu3 gau1 fui4 cu3
德成街,det5 sin2 gai1
德田李兆強小學,det5 tien2 li3 cau4 kiong2 siau3 hok6
德雲道,det5 yun2 tau4
登巴道,den1 ba1 tau4
鄧鏡波學校,ten4 giang4 bo1 hok6 gau3
鄧顯紀念中學,ten4 hien3 gi3 ngiam4 zung1 hok6
鄧英喜中學,ten4 yin1 hi3 zung1 hok6
鄧佩瓊紀念中學,ten4 pui4 kiun2 gi3 ngiam4 zung1 hok6
鄧肇堅維多利亞官立中學,ten4 sau4 gien1 vui2 do1 li4 a1 gon1 lip6 zung1 hok6
鄧肇堅中學,ten4 sau4 gien1 zung1 hok6
鄧兆棠中學,ten4 cau4 tong2 zung1 hok6
爹核里,dia1 het6 li1
地士道街,ti4 su4 tau4 gai1
地塘仔,ti4 tong2 zai3
對衡道,dui4 fen2 tau4
迪維尼亞大道,tit6 vui2 li2 a1 tai4 tau4
電廠大道,tien4 cong3 tai4 tau4
汀九灣泳灘,dang1 giu3 van1 yun3 tan1
丁貴坊街,den1 gui4 fong2 gai1
汀慶路,dang1 kin4 lu4
丁香街,den1 hiong1 gai1
汀逸路,dang1 yit6 lu4
汀麗路,dang1 li4 lu4
丁卯,den1 mau1
丁午壽,den1 ng3 siu4
頂唔頂得順,din3 m1 din3 det5 sun4
頂唔頂得住,din3 m1 din3 det5 cu4
定富街,tin4 fu4 gai1
定豐街,tin4 fung1 gai1
定國街,tin4 get5 gai1
定業街,tin4 ngiap6 gai1
定裕坊,tin4 yi4 fong2
定安街,tin4 on1 gai1
吊機車,diau4 gi1 ca1
多福道,do1 fuk5 tau4
涿州,dok5 ziu1
倒扣灣,dau3 keu4 van1
杜塞道夫,tu4 soi4 tau4 fu1
道風山路,tau4 fung1 san1 lu4
杜燕歌,tu4 yen4 go1
道揚路,tau4 yong2 lu4
渡華路,tu4 fa2 lu4
東丫背村,dung1 a1 boi4 cun1
東寶庭道,dung1 bau3 tin2 tau4
冬青道,dung1 ciang1 tau4
東健道,dung1 kien4 tau4
東莞街,dung1 gon3 gai1
東莞學校,dung1 gon3 hok6 gau3
東光道,dung1 gong1 tau4
東喜道,dung1 hi3 tau4
東興里,dung1 hin1 li1
東區海底隧道,dung1 ki1 hoi3 dai3 sui4 tau4
東利道,dung1 li4 tau4
東隆道,dung1 lung2 tau4
東碼頭道,dung1 ma1 teu2 tau4
東頭頂,dung1 teu2 dang3
東灣仔,dung1 van1 zai3
東薈城名店倉,dung1 fui4 sang2 min2 diam4 cong1
東旺道,dung1 vong4 tau4
東咀頂,dung1 zu3 dang3
東正道,dung1 zin4 tau4
董玉娣中學,dung3 ngiuk6 tai1 zung1 hok6
董之英紀念中學,dung3 zu1 yin1 gi3 ngiam4 zung1 hok6
短洲仔,don3 ziu1 zai3
斷頭洲,ton4 teu2 ziu1
花旗銀行廣場,fa1 ki2 ngiun2 hong2 gong3 cong2
花瓶頂,fa1 pin2 dang3
花之滴,fa1 zu1 tit6
番鬼塘,fan1 gui3 tong2
番塔排,fan1 tap5 pai2
凡爾賽大道,fam2 li3 soi4 tai4 tau4
范信達道,fam4 sin4 tat6 tau4
法定代表律師辦事處,fap5 tin4 toi4 biau3 lut6 su1 pan4 su4 cu4
法定代表律師辦事處,fap5 tin4 toi4 biau3 lut6 su1 pan4 su4 cu3
法律學學士,fap5 lut6 hok6 hok6 su4
芬梨道,fun1 li2 tau4
粉嶺車站路,fun3 liang1 ca1 zam4 lu4
粉嶺官立小學,fun3 liang1 gon1 lip6 siau3 hok6
粉嶺官立中學,fun3 liang1 gon1 lip6 zung1 hok6
粉嶺公立學校,fun3 liang1 gung1 lip6 hok6 gau3
粉嶺游泳池,fun3 liang1 yiu2 yun3 ci2
粉嶺中心購物商場,fun3 liang3 zung1 sim1 geu4 vut6 song1 cong2
非物質文化遺產,fui1 vut6 zit5 vun2 fa4 vui2 san3
非華語學生,fui1 fa2 ngi1 hok6 sang1
翡翠道,fui3 cui4 tau4
科賈文信仰,ko1 ga3 vun2 sin4 ngiong1
科技大道東,ko1 ki3 tai4 tau4 dung1
科技大道西,ko1 ki3 tai4 tau4 si1
科興街,ko1 hin1 gai1
科研路,ko1 ngan3 lu4
火石道,fo3 sak6 tau4
方潤華,fong1 yun4 fa2
方潤華小學,fong1 yun4 fa2 siau3 hok6
方潤華中學,fong1 yun4 fa2 zung1 hok6
方樹泉學校,fong1 su4 can2 hok6 gau3
芳華里,fong1 fa2 li1
虎地上村,fu3 ti4 song4 cun1
富欣道,fu4 hiun1 tau4
富怡道,fu4 yi2 tau4
庫爾大道,ku4 li3 tai4 tau4
富強街,fu4 kiong2 gai1
富華街,fu4 fa2 gai1
福德學校,fuk5 det5 hok6 gau3
福興里,fuk5 hin1 li1
福寧道,fuk5 len2 tau4
福塘道,fuk5 tong2 tau4
風采中學,fung1 cai3 zung1 hok6
豐樂里,fung1 lok6 li1
豐隆銀行,fung1 lung2 ngiun2 hong2
豐物道,fung1 vut6 tau4
豐華街,fung1 fa2 gai1
馮堯敬紀念中學,fung2 ngiau2 gin4 gi3 ngiam4 zung1 hok6
馮梁結紀念中學,fung2 liong2 giet5 gi3 ngiam4 zung1 hok6
馮庭正,fung2 tin2 zin4
馮黃鳳亭中學,fung2 vong2 fung4 tin2 zung1 hok6
鳳降村,fung4 gong4 cun1
鳳降村路,fung4 gong4 cun1 lu4
鳳溪第一中學,fung4 kai1 ti4 yit5 zung1 hok6
鳳溪廖潤琛紀念學校,fung4 kai1 liau4 yun4 cim1 gi3 ngiam4 hok6 gau3
鳳溪廖萬石堂中學,fung4 kai1 liau4 man4 sak6 tong2 zung1 hok6
鳳禮道,fung4 li1 tau4
鳳凰笏頂,fung4 fong2 fut5 dang3
嘉定路,ga1 tin4 lu4
嘉林邊道,ga1 lim2 bien1 tau4
加倫大道,ga1 lun2 tai4 tau4
嘉齡道,ga1 lin2 tau4
嘉靈學校,ga1 lin2 hok6 gau3
嘉樂街,ga1 lok6 gai1
加路連山道,ga1 lu4 lien2 san1 tau4
迦密聖道,ga1 mit6 sin4 tau4
加士居道天橋,ga1 su4 gi1 tau4 tien1 kiau2
家上海,ga1 song4 hoi3
家庭學資處,ga1 tin2 hok6 zu1 cu4
家庭學資處,ga1 tin2 hok6 zu1 cu3
加惠民道,ga1 fui4 min2 tau4
加州花園大道,ga1 ziu1 fa1 yen2 tai4 tau4
嘉智中學,ga1 zi4 zung1 hok6
賈慶林,ga3 kin4 lim2
佳廉道,ga1 liam2 tau4
佳美道,ga1 mui1 tau4
隔田村正街,gak5 tien2 cun1 zin4 gai1
甲邊朗上里,gap5 bien1 long3 song4 li1
甲邊朗中里,gap5 bien1 long3 zung1 li1
甲寅年總理中學,gap5 yin2 ngien2 zung3 li1 zung1 hok6
交加里,gau1 ga1 li1
交通投訴組,gau1 tung1 teu2 su4 zu3
金巴倫道,gim1 ba1 lun2 tau4
金融銀行,gim1 yung2 ngiun2 hong2
金馬麟山道,gim1 ma1 lin2 san1 tau4
金文泰道,gim1 vun2 tai4 tau4
金文泰中學,gim1 vun2 tai4 zung1 hok6
金滿庭,gim1 man1 tin2
金銀業貿易場,gim1 ngiun2 ngiap6 meu3 yi4 cong2
錦田公立蒙養學校,gim3 tien2 gung1 lip6 mung2 yong1 hok6 gau3
錦田繞道,gim3 tien2 ngiau3 tau4
近水灣泳灘,kiun4 sui3 van1 yun3 tan1
更樓石,gang1 leu2 sak6
更生灣泳灘,gang1 sang1 van1 yun3 tan1
吉慶後街,git5 kin4 heu4 gai1
吉澳上圍,git5 au4 song4 vui2
吉士笠街,git5 su4 lip5 gai1
吉勝街,git5 sin4 gai1
桔仔山坳,git5 zai3 san1 au4
桔仔灣,git5 zai3 van1
九百八十六,giu3 bak5 bat5 sip6 luk5
九百八十三,giu3 bak5 bat5 sip6 sam1
九百七十六,giu3 bak5 cit5 sip6 luk5
九百七十三,giu3 bak5 cit5 sip6 sam1
九百九十六,giu3 bak5 giu3 sip6 luk5
九百九十三,giu3 bak5 giu3 sip6 sam1
九百一十六,giu3 bak5 yit5 sip6 luk5
九百一十三,giu3 bak5 yit5 sip6 sam1
九百二十六,giu3 bak5 ngi4 sip6 luk5
九百二十三,giu3 bak5 ngi4 sip6 sam1
九百六十,giu3 bak5 luk5 sip6
九百六十八,giu3 bak5 luk5 sip6 bat5
九百六十七,giu3 bak5 luk5 sip6 cit5
九百六十九,giu3 bak5 luk5 sip6 giu3
九百六十一,giu3 bak5 luk5 sip6 yit5
九百六十二,giu3 bak5 luk5 sip6 ngi4
九百六十六,giu3 bak5 luk5 sip6 luk5
九百六十萬,giu3 bak5 luk5 sip6 man4
九百六十五,giu3 bak5 luk5 sip6 ng3
九百六十三,giu3 bak5 luk5 sip6 sam1
九百六十四,giu3 bak5 luk5 sip6 si4
九百五十六,giu3 bak5 ng3 sip6 luk5
九百五十三,giu3 bak5 ng3 sip6 sam1
九百三十,giu3 bak5 sam1 sip6
九百三十八,giu3 bak5 sam1 sip6 bat5
九百三十七,giu3 bak5 sam1 sip6 cit5
九百三十九,giu3 bak5 sam1 sip6 giu3
九百三十一,giu3 bak5 sam1 sip6 yit5
九百三十二,giu3 bak5 sam1 sip6 ngi4
九百三十六,giu3 bak5 sam1 sip6 luk5
九百三十萬,giu3 bak5 sam1 sip6 man4
九百三十五,giu3 bak5 sam1 sip6 ng3
九百三十三,giu3 bak5 sam1 sip6 sam1
九百三十四,giu3 bak5 sam1 sip6 si4
九百四十六,giu3 bak5 si4 sip6 luk5
九百四十三,giu3 bak5 si4 sip6 sam1
九千兩百萬,giu3 cien1 liong1 bak5 man4
九千六百萬,giu3 cien1 luk5 bak5 man4
九千三百萬,giu3 cien1 sam1 bak5 man4
九頂,giu3 dang3
九滴,giu3 tit6
九番,giu3 fan1
九棵,giu3 ko1
九廣鐵路公司,giu3 gong3 tiet5 lu4 gung1 su1
九龍工業學校,giu3 lung2 gung1 ngiap6 hok6 gau3
九龍禮賢學校,giu3 lung2 li1 hien2 hok6 gau3
九龍靈光小學,giu3 lung2 lin2 gong1 siau3 hok6
九龍塘學校,giu3 lung2 tong2 hok6 gau3
九龍塘宣道小學,giu3 lung2 tong2 sien1 tau4 siau3 hok6
九龍灣基樂小學,giu3 lung2 van1 gi1 lok6 siau3 hok6
九龍灣國際展貿中心,giu3 lung2 van1 get5 zi4 zien3 meu3 zung1 sim1
九龍仔公園,giu3 lung2 zai3 gung1 yen2
九龍真光中學,giu3 lung2 zin1 gong1 zung1 hok6
九泡,giu3 pau1
九啤,giu3 pia1
九十六萬,giu3 sip6 luk5 man4
九十三萬,giu3 sip6 sam1 man4
九展名店倉,giu3 zien3 min2 diam4 cong1
九載,giu3 zai3
救恩學校,giu4 en1 hok6 gau3
機場南交匯處,gi1 cong2 lam2 gau1 fui4 cu4
機場南交匯處,gi1 cong2 lam2 gau1 fui4 cu3
機場隧道,gi1 cong2 sui4 tau4
基孝中學,gi1 hau4 zung1 hok6
基協中學,gi1 hiap6 zung1 hok6
基元中學,gi1 ngien2 zung1 hok6
箕勒仔,gi1 let5 zai3
機利士南路,gi1 li4 su4 lam2 lu4
基樂小學,gi1 lok6 siau3 hok6
基堤道,gi1 ti2 tau4
基華小學,gi1 fa2 siau3 hok6
基智中學,gi1 zi4 zung1 hok6
忌利文道,ki4 li4 vun2 tau4
居適街,gi1 sit5 gai1
劍橋道,giam4 kiau2 tau4
堅樂第二小學,gien1 lok6 ti4 ngi4 siau3 hok6
堅樂小學,gien1 lok6 siau3 hok6
堅樂中學,gien1 lok6 zung1 hok6
建樂街,gien4 lok6 gai1
建華街,gien4 fa2 gai1
健康村第三期,kien4 kong1 cun1 ti4 sam1 ki2
健康中街,kien4 kong1 zung1 gai1
京士柏道,gin1 su4 pak5 tau4
京士柏山道,gin1 su4 pak5 san1 tau4
京華道,gin1 fa2 tau4
經濟顧問辦公室,gin1 zi4 gu4 mun4 pan4 gung1 sit5
警校道,gin3 gau3 tau4
景明道,gin3 min2 tau4
潔心林炳炎中學,giet5 sim1 lim2 biang3 yam2 zung1 hok6
歌頓道,go1 un4 tau4
歌賦山道,go1 fu4 san1 tau4
歌連臣角道,go1 lien2 sin2 gok5 tau4
覺士道,gok5 su4 tau4
崗背村,gong1 boi4 cun1
江富強,gong1 fu4 kiong2
缸瓦嶺,gong1 nga3 liang1
港威大道,gong3 vui1 tai4 tau4
港運城購物中心,gong3 yun4 sang2 geu4 vut6 zung1 sim1
港中里,gong3 zung1 li1
高地頂,gau1 ti4 dang3
高輝道,gau1 fui1 tau4
高行路,gau1 hang2 lu4
高嶺道,gau1 liang1 tau4
高棚頂,gau1 pang2 dang3
高士美道,gau1 su4 mui1 tau4
高上路,gau1 song4 lu4
古坑道,gu3 hang1 tau4
顧冠忠,gu4 gon1 zung1
谷柏道,guk5 pak5 tau4
觀景路,gon1 gin3 lu4
觀景山隧道,gon1 gin3 san1 sui4 tau4
觀音街,gon1 yim1 gai1
觀音山村,gon1 yim1 san1 cun1
觀音峒,gon1 yim1 tung2
觀音灣,gon1 yim1 van1
觀音灣路,gon1 yim1 van1 lu4
觀音灣泳灘,gon1 yim1 van1 yun3 tan1
冠業街,gon1 ngiap6 gai1
官立嘉道理爵士小學,gon1 lip6 ga1 tau4 li1 ziok5 su4 siau3 hok6
觀龍角,gon1 lung2 gok5
觀龍樓第一期,gon1 lung2 leu2 ti4 yit5 ki2
觀坪路,gon1 piang2 lu4
觀塘官立小學,gon1 tong2 gon1 lip6 siau3 hok6
觀塘官立中學,gon1 tong2 gon1 lip6 zung1 hok6
觀塘功樂官立中學,gon1 tong2 gung1 lok6 gon1 lip6 zung1 hok6
觀塘海濱花園,gon1 tong2 hoi3 bin1 fa1 yen2
觀塘游泳池,gon1 tong2 yiu2 yun3 ci2
觀塘碼頭廣場,gon1 tong2 ma1 teu2 gong3 cong2
觀塘仔灣,gon1 tong2 zai3 van1
觀仔,gon1 zai3
管青路,gon3 ciang1 lu4
貫華里,gon4 fa2 li1
公益社中學,gung1 yit5 sa1 zung1 hok6
工業貿易署,gung1 ngiap6 meu3 yi4 su4
功樂官中,gung1 lok6 gon1 zung1
工商管理學士,gung1 song1 gon3 li1 hok6 su4
公仔灣,gung1 zai3 van1
龜背灣泳灘,gui1 boi4 van1 yun3 tan1
瑰麗路,gui1 li4 lu4
龜頭嶺,gui1 teu2 liang1
桂成里,gui4 sin2 li1
貴華里,gui4 fa2 li1
桂華山中學,gui4 fa2 san1 zung1 hok6
鈞樂里,giun1 lok6 li1
郭興里,gok5 hin1 li1
郭一葦中學,gok5 yit5 vui3 zung1 hok6
郭怡雅神父紀念學校,gok5 yi2 nga3 sin2 fu4 gi3 ngiam4 hok6 gau3
郭啟華,gok5 ki3 fa2
國民學校,get5 min2 hok6 gau3
國際金融中心,get5 zi4 gim1 yung2 zung1 sim1
國際金融中心商場,get5 zi4 gim1 yung2 zung1 sim1 song1 cong2
光明學校,gong1 min2 hok6 gau3
光明英來學校,gong1 min2 yin1 loi2 hok6 gau3
光華廣場,gong1 fa2 gong3 cong2
廣東道官立小學,gong3 dung1 tau4 gon1 lip6 siau3 hok6
廣利道,gong3 li4 tau4
廣成街,gong3 sin2 gai1
夏力道,ha4 lit6 tau4
夏令震,ha4 lin4 zin3
赫德道,het5 det5 tau4
赫蘭道,het5 lan2 tau4
客家好棧,hak5 ga1 hau3 can4
坑背,hang1 boi4
坑尾頂村,hang1 mui1 dang3 cun1
堪富利士道,kam1 fu4 li4 su4 tau4
堪仕達道,kam1 su4 tat6 tau4
坎帕拉,kam3 pa4 lai1
坎皮納斯,kam3 pi2 lap6 su1
恆樂里,hen2 lok6 li1
恆柏道,hen2 pak5 tau4
行善里,hang2 sen4 li1
衡州道,fen2 ziu1 tau4
行政道,hang2 zin4 tau4
行政路,hang2 zin4 lu4
合一道,hap6 yit5 tau4
合一堂學校,hap6 yit5 tong2 hok6 gau3
禧福道,hi1 fuk5 tau4
希慎道,hi1 sin3 tau4
喜靈洲路,hi3 lin2 ziu1 lu4
喜士路,hi3 su4 lu4
吃茶三千,ket5 ca2 sam1 cien1
許長青,hi3 cong2 ciang1
許大同學校,hi3 tai4 tung2 hok6 gau3
許冠武,hi3 gon4 vu1
軒德蓀道,hien1 det5 sun1 tau4
軒尼詩道官立小學,hien1 li2 si1 tau4 gon1 lip6 siau3 hok6
顯理中學,hien3 li1 zung1 hok6
興才街,hin1 coi2 gai1
興東商場,hin1 dung1 song1 cong2
興富街,hin1 fu4 gai1
興貴街,hin1 gui4 gai1
興漢道,hin1 hon4 tau4
興仁村,hin1 yin2 cun1
興業街,hin1 ngiap6 gai1
興業國際,hin1 ngiap6 get5 zi4
興利街,hin1 li4 gai1
興隆東街,hin1 lung2 dung1 gai1
興隆街,hin1 lung2 gai1
興隆後街,hin1 lung2 heu4 gai1
興隆西街,hin1 lung2 si1 gai1
興隆正街,hin1 lung2 zin4 gai1
興民街,hin1 min2 gai1
興民商場,hin1 min2 song1 cong2
興寧路,hin1 len2 lu4
興安里,hin1 on1 li1
興華街西,hin1 fa2 gai1 si1
興旺街,hin1 vong4 gai1
慶平路,kin4 pin2 lu4
可道中學,ko3 tau4 zung1 hok6
可風中學,ko3 fung1 zung1 hok6
可立中學,ko3 lip6 zung1 hok6
可銘學校,ko3 min3 hok6 gau3
可藝中學,ko3 ngi4 zung1 hok6
可信學校,ko3 sin4 hok6 gau3
河傍街,ho2 pong4 gai1
河背村,ho2 boi4 cun1
河興街,ho2 hin1 gai1
荷里活廣場,ho2 li1 fat6 gong3 cong2
荷李活商業中心,ho2 li3 fat6 song1 ngiap6 zung1 sim1
河瀝背,ho2 lit6 boi4
河瀝背街,ho2 lit6 boi4 gai1
河上鄉,ho2 song4 hiong1
河上鄉路,ho2 song4 hiong1 lu4
荷塘道,ho2 tong2 tau4
賀國強,fo4 get5 kiong2
香島道官立小學,hiong1 dau3 tau4 gon1 lip6 siau3 hok6
香港潮商學校,hiong1 gong3 cau2 song1 hok6 gau3
香港單車館公園,hiong1 gong3 dan1 ca1 gon3 gung1 yen2
香港都會大學,hiong1 gong3 du1 fui4 tai4 hok6
香港交易所,hiong1 gong3 gau1 yi4 so3
香港金融大會堂,hiong1 gong3 gim1 yung2 tai4 fui4 tong2
香港經濟貿易辦事處,hiong1 gong3 gin1 zi4 meu3 yi4 pan4 su4 cu4
香港經濟貿易辦事處,hiong1 gong3 gin1 zi4 meu3 yi4 pan4 su4 cu3
香港航海學校,hiong1 gong3 hong2 hoi3 hok6 gau3
香港藝術中心,hiong1 gong3 ngi4 sut6 zung1 sim1
香港培道小學,hiong1 gong3 pui2 tau4 siau3 hok6
香港培道中學,hiong1 gong3 pui2 tau4 zung1 hok6
香港培正小學,hiong1 gong3 pui2 zin4 siau3 hok6
香港培正中學,hiong1 gong3 pui2 zin4 zung1 hok6
香港視覺藝術中心,hiong1 gong3 si4 gok5 ngi4 sut6 zung1 sim1
香港消防處,hiong1 gong3 siau1 fong2 cu4
香港消防處,hiong1 gong3 siau1 fong2 cu3
香港鐵路博物館,hiong1 gong3 tiet5 lu4 bok5 vut6 gon3
香港鐵路有限公司,hiong1 gong3 tiet5 lu4 yiu1 han4 gung1 su1
香港仔大道,hiong1 gong3 zai3 tai4 tau4
香港仔舊大街,hiong1 gong3 zai3 kiu4 tai4 gai1
香港仔工業學校,hiong1 gong3 zai3 gung1 ngiap6 hok6 gau3
香港仔海傍道,hiong1 gong3 zai3 hoi3 pong4 tau4
香港仔海峽,hiong1 gong3 zai3 hoi3 hiap6
香港仔水塘道,hiong1 gong3 zai3 sui3 tong2 tau4
香港仔隧道,hiong1 gong3 zai3 sui4 tau4
香港仔中心商場,hiong1 gong3 zai3 zung1 sim1 song1 cong2
香港浸會大學,hiong1 gong3 zim4 fui4 tai4 hok6
香港真光中學,hiong1 gong3 zin1 gong1 zung1 hok6
香港中文大學文物館,hiong1 gong3 zung1 vun2 tai4 hok6 vun2 vut6 gon3
香港中華煤氣有限公司,hiong1 gong3 zung1 fa2 moi2 hi4 yiu1 han4 gung1 su1
香港專業進修學校,hiong1 gong3 zon1 ngiap6 zin4 siu1 hok6 gau3
香雪道,hiong1 siet5 tau4
享成街,hiong3 sin2 gai1
海傍道,hoi3 pong4 tau4
海傍街,hoi3 pong4 gai1
海背嶺,hoi3 boi4 liang1
海輝道,hoi3 fui1 tau4
海富中心商場,hoi3 fu4 zung1 sim1 song1 cong2
海港中心商場,hoi3 gong3 zung1 sim1 song1 cong2
海興路,hoi3 hin1 lu4
海逸道,hoi3 yit6 tau4
海映路,hoi3 yang3 lu4
海洋公園道,hoi3 yong2 gung1 yen2 tau4
海灘道,hoi3 tan1 tau4
海華路,hoi3 fa2 lu4
殼仔排,hok5 zai3 pai2
鶴藪道,hok6 deu4 tau4
鶴藪灌溉水塘,hok6 deu4 gon4 goi4 sui3 tong2
鶴藪排,hok6 deu4 pai2
鶴藪圍,hok6 deu4 vui2
學校路,hok6 gau3 lu4
鶴岩頂,hok6 ngam2 dang3
鶴山學校,hok6 san1 hok6 gau3
鶴咀道,hok6 zu3 tau4
漢寧頓道,hon4 len2 un4 tau4
康德道,kong1 det5 tau4
康定路,kong1 tin4 lu4
康強街,kong1 kiong2 gai1
康利道,kong1 li4 tau4
康樂道,kong1 lok6 tau4
康樂東路,kong1 lok6 dung1 lu4
康樂街,kong1 lok6 gai1
康樂園路,kong1 lok6 yen2 lu4
康樂西路,kong1 lok6 si1 lu4
康樂中學,kong1 lok6 zung1 hok6
康平街,kong1 pin2 gai1
康山道,kong1 san1 tau4
康山道天橋,kong1 san1 tau4 tien1 kiau2
匡湖購物中心,kiong1 fu2 geu4 vut6 zung1 sim1
航膳中路,hong2 sien4 zung1 lu4
航展道,hong2 zien3 tau4
巷仔街,hong4 zai3 gai1
好景街,hau3 gin3 gai1
好景台,hau3 gin3 toi2
好利街,hau3 li4 gai1
好唔好啲,hau3 m1 hau3 tit6
孔嶺,kung3 liang1
孔聖堂中學,kung3 sin4 tong2 zung1 hok6
孔雀道,kung3 ziok5 tau4
紅車厘,fung2 ca1 li2
紅花嶺,fung2 fa1 liang1
紅磡海底隧道,fung2 ham4 hoi3 dai3 sui4 tau4
紅磡南道,fung2 ham4 lam2 tau4
紅磡信義學校,fung2 ham4 sin4 ngi4 hok6 gau3
鴻興道,fung2 hin1 tau4
鴻興道天橋,fung2 hin1 tau4 tien1 kiau2
紅荷路,fung2 ho2 lu4
鴻鵠之志,fung2 fuk5 zu1 zi4
紅樂道,fung2 lok6 tau4
洪平路,fung2 pin2 lu4
紅山道,fung2 san1 tau4
音樂課,yim1 lok6 ko4
陰仔,yim1 zai3
陰仔灣,yim1 zai3 van1
欣翔道,hiun1 siong2 tau4
恩賈梅納,en1 ga3 moi2 lap6
恩平道,en1 pin2 tau4
欣華街,hiun1 fa2 gai1
仁興街,yin2 hin1 gai1
仁樂坊,yin2 lok6 fong2
仁愛堂陳黃淑芳紀念中學,yin2 oi4 tong2 cin2 vong2 suk6 fong1 gi3 ngiam4 zung1 hok6
仁愛堂田家炳中學,yin2 oi4 tong2 tien2 ga1 biang3 zung1 hok6
入境事務處,ngip6 gin3 su4 vu4 cu4
入境事務處,ngip6 gin3 su4 vu4 cu3
一百八十六,yit5 bak5 bat5 sip6 luk5
一百八十三,yit5 bak5 bat5 sip6 sam1
一百七十六,yit5 bak5 cit5 sip6 luk5
一百七十三,yit5 bak5 cit5 sip6 sam1
一百九十六,yit5 bak5 giu3 sip6 luk5
一百九十三,yit5 bak5 giu3 sip6 sam1
一百一十六,yit5 bak5 yit5 sip6 luk5
一百一十三,yit5 bak5 yit5 sip6 sam1
一百二十六,yit5 bak5 ngi4 sip6 luk5
一百二十三,yit5 bak5 ngi4 sip6 sam1
一百六十八,yit5 bak5 luk5 sip6 bat5
一百六十七,yit5 bak5 luk5 sip6 cit5
一百六十九,yit5 bak5 luk5 sip6 giu3
一百六十一,yit5 bak5 luk5 sip6 yit5
一百六十二,yit5 bak5 luk5 sip6 ngi4
一百六十六,yit5 bak5 luk5 sip6 luk5
一百六十萬,yit5 bak5 luk5 sip6 man4
一百六十五,yit5 bak5 luk5 sip6 ng3
一百六十三,yit5 bak5 luk5 sip6 sam1
一百六十四,yit5 bak5 luk5 sip6 si4
一百五十六,yit5 bak5 ng3 sip6 luk5
一百五十三,yit5 bak5 ng3 sip6 sam1
一百三十八,yit5 bak5 sam1 sip6 bat5
一百三十七,yit5 bak5 sam1 sip6 cit5
一百三十九,yit5 bak5 sam1 sip6 giu3
一百三十一,yit5 bak5 sam1 sip6 yit5
一百三十二,yit5 bak5 sam1 sip6 ngi4
一百三十六,yit5 bak5 sam1 sip6 luk5
一百三十萬,yit5 bak5 sam1 sip6 man4
一百三十五,yit5 bak5 sam1 sip6 ng3
一百三十三,yit5 bak5 sam1 sip6 sam1
一百三十四,yit5 bak5 sam1 sip6 si4
一百四十六,yit5 bak5 si4 sip6 luk5
一百四十三,yit5 bak5 si4 sip6 sam1
一千兩百,yit5 cien1 liong1 bak5
一千兩百萬,yit5 cien1 liong1 bak5 man4
一千六百萬,yit5 cien1 luk5 bak5 man4
一千三百萬,yit5 cien1 sam1 bak5 man4
一兩把,yit5 liong1 ba3
一兩筆,yit5 liong1 bit5
一兩尺,yit5 liong1 cak5
一兩齣,yit5 liong1 cut5
一兩桌,yit5 liong1 zok5
一兩束,yit5 liong1 suk5
一兩串,yit5 liong1 con4
一兩吋,yit5 liong1 cun4
一兩寸,yit5 liong1 cun4
一兩打,yit5 liong1 da1
一兩頂,yit5 liong1 dang3
一兩堆,yit5 liong1 doi1
一兩對,yit5 liong1 dui4
一兩噸,yit5 liong1 dun1
一兩頓,yit5 liong1 un4
一兩碟,yit5 liong1 tiap6
一兩朵,yit5 liong1 do3
一兩道,yit5 liong1 tau4
一兩番,yit5 liong1 fan1
一兩伙,yit5 liong1 fo3
一兩棵,yit5 liong1 ko1
一兩顆,yit5 liong1 ko3
一兩方,yit5 liong1 fong1
一兩副,yit5 liong1 fu4
一兩服,yit5 liong1 fuk6
一兩家,yit5 liong1 ga1
一兩斤,yit5 liong1 gin1
一兩記,yit5 liong1 gi4
一兩具,yit5 liong1 ki3
一兩缸,yit5 liong1 gong1
一兩罐,yit5 liong1 gon4
一兩掛,yit5 liong1 ga4
一兩行,yit5 liong1 hong2
一兩項,yit5 liong1 hong4
一兩羣,yit5 liong1 kiun2
一兩縷,yit5 liong1 leu3
一兩厘,yit5 liong1 li2
一兩列,yit5 liong1 liet6
一兩籮,yit5 liong1 lo2
一兩両,yit5 liong1 liong3
一兩尾,yit5 liong1 mui1
一兩面,yit5 liong1 mien4
一兩名,yit5 liong1 min2
一兩枚,yit5 liong1 moi2
一兩門,yit5 liong1 mun2
一兩泡,yit5 liong1 pau1
一兩匹,yit5 liong1 pit5
一兩疋,yit5 liong1 pit5
一兩啤,yit5 liong1 pia1
一兩瓶,yit5 liong1 pin2
一兩撇,yit5 liong1 piet5
一兩瓢,yit5 liong1 piau4
一兩艘,yit5 liong1 seu3
一兩扇,yit5 liong1 sien4
一兩所,yit5 liong1 so3
一兩箱,yit5 liong1 siong1
一兩雙,yit5 liong1 sung1
一兩灘,yit5 liong1 tan1
一兩頭,yit5 liong1 teu2
一兩台,yit5 liong1 toi2
一兩趟,yit5 liong1 tong4
一兩團,yit5 liong1 ton2
一兩户,yit5 liong1 fu4
一兩碗,yit5 liong1 von3
一兩盞,yit5 liong1 zan3
一兩則,yit5 liong1 zet5
一兩幀,yit5 liong1 zin1
一兩節,yit5 liong1 ziet5
一兩載,yit5 liong1 zai3
一兩宗,yit5 liong1 zung1
一兩盅,yit5 liong1 zung1
一兩株,yit5 liong1 zu1
一兩尊,yit5 liong1 zun1
一載,yit5 zai3
逸林道,yit6 lim2 tau4
邱金元中學,hiu1 gim1 ngien2 zung1 hok6
悠定街,yiu2 tin4 gai1
尤建中,yiu2 gien4 zung1
魷魚灣村道,yiu2 ng2 van1 cun1 tau4
油麻地交匯處,yiu2 ma2 ti4 gau1 fui4 cu4
油麻地交匯處,yiu2 ma2 ti4 gau1 fui4 cu3
油塘道,yiu2 tong2 tau4
尤曾家麗,yiu2 zen1 ga1 li4
有名堂,yiu1 min2 tong2
又一居道,yiu4 yit5 gi1 tau4
祐滿街,yiu4 man1 gai1
依家點吖,yi1 ga1 diam3 a1
依家點坐,yi1 ga1 diam3 co1
伊麗莎白港,yi1 li4 sa1 pak6 gong3
伊利近街,yi1 li4 kiun4 gai1
伊斯蘭學校,yi1 su1 lan2 hok6 gau3
而家點吖,yi2 ga1 diam3 a1
而家點坐,yi2 ga1 diam3 co1
怡景道,yi2 gin3 tau4
怡樂街,yi2 lok6 gai1
宜正里,li2 zin4 li1
二百八十六,ngi4 bak5 bat5 sip6 luk5
二百八十三,ngi4 bak5 bat5 sip6 sam1
二百七十六,ngi4 bak5 cit5 sip6 luk5
二百七十三,ngi4 bak5 cit5 sip6 sam1
二百九十六,ngi4 bak5 giu3 sip6 luk5
二百九十三,ngi4 bak5 giu3 sip6 sam1
二百一十六,ngi4 bak5 yit5 sip6 luk5
二百一十三,ngi4 bak5 yit5 sip6 sam1
二百二十六,ngi4 bak5 ngi4 sip6 luk5
二百二十三,ngi4 bak5 ngi4 sip6 sam1
二百六十八,ngi4 bak5 luk5 sip6 bat5
二百六十七,ngi4 bak5 luk5 sip6 cit5
二百六十九,ngi4 bak5 luk5 sip6 giu3
二百六十一,ngi4 bak5 luk5 sip6 yit5
二百六十二,ngi4 bak5 luk5 sip6 ngi4
二百六十六,ngi4 bak5 luk5 sip6 luk5
二百六十萬,ngi4 bak5 luk5 sip6 man4
二百六十五,ngi4 bak5 luk5 sip6 ng3
二百六十三,ngi4 bak5 luk5 sip6 sam1
二百六十四,ngi4 bak5 luk5 sip6 si4
二百五十六,ngi4 bak5 ng3 sip6 luk5
二百五十三,ngi4 bak5 ng3 sip6 sam1
二百三十八,ngi4 bak5 sam1 sip6 bat5
二百三十七,ngi4 bak5 sam1 sip6 cit5
二百三十九,ngi4 bak5 sam1 sip6 giu3
二百三十一,ngi4 bak5 sam1 sip6 yit5
二百三十二,ngi4 bak5 sam1 sip6 ngi4
二百三十六,ngi4 bak5 sam1 sip6 luk5
二百三十萬,ngi4 bak5 sam1 sip6 man4
二百三十五,ngi4 bak5 sam1 sip6 ng3
二百三十三,ngi4 bak5 sam1 sip6 sam1
二百三十四,ngi4 bak5 sam1 sip6 si4
二百四十六,ngi4 bak5 si4 sip6 luk5
二百四十三,ngi4 bak5 si4 sip6 sam1
義本道,ngi4 bun3 tau4
二千六百萬,ngi4 cien1 luk5 bak5 man4
二千三百萬,ngi4 cien1 sam1 bak5 man4
二嶺,ngi4 liang1
二十六萬,ngi4 sip6 luk5 man4
二十三萬,ngi4 sip6 sam1 man4
易智遠,yi4 zi4 yen3
醃尖麻米,yam1 ziam1 ma2 mi3
醃尖聲悶,yam1 ziam1 sang1 mun4
醃尖腥悶,yam1 ziam1 siang1 mun4
醃臢腥悶,yam1 zam1 siang1 mun4
燕崗,yen4 gong1
燕崗路,yen4 gong1 lu4
燕岩,yen4 ngam2
燕安街,yen4 on1 gai1
延文禮士道,yen2 vun2 li1 su4 tau4
延坪道,yen2 piang2 tau4
研食社,ngan3 sit6 sa1
賢華街,hien2 fa2 gai1
英華街,yin1 fa2 gai1
英華小學,yin1 fa2 siau3 hok6
映河路,yang3 ho2 lu4
影業路,yang3 ngiap6 lu4
應善良美經援村,yin4 sen4 liong2 mui1 gin1 yen1 cun1
盈福街,yin2 fuk5 gai1
迎樂路,ngiang2 lok6 lu4
業興街,ngiap6 hin1 gai1
葉智強,yap6 zi4 kiong2
葉中月,yap6 zung1 ngiet6
姚連生中學,yau2 lien2 sang1 zung1 hok6
饒舌調脣,ngiau2 siet6 tiau2 sun2
耀道小學,yau4 tau4 siau3 hok6
耀興道,yau4 hin1 tau4
耀山學校,yau4 san1 hok6 gau3
耀華街,yau4 fa2 gai1
楊青路,yong2 ciang1 lu4
楊孝華,yong2 hau4 fa2
仰臉,ngiong1 liam3
旭昇道,hiuk5 sin1 tau4
育青里,yuk5 ciang1 li1
育才道,yuk5 coi2 tau4
育賢學校,yuk5 hien2 hok6 gau3
玉成街,ngiuk6 sin2 gai1
翁祐中學,vung1 yiu4 zung1 hok6
榕樹凹灣,yung2 su4 au4 van1
榕樹灣後街,yung2 su4 van1 heu4 gai1
用户端,yung4 fu4 don1
漁暉道,ng2 fui1 tau4
余近卿,yi2 kiun4 kin1
愉景山道,yi2 gin3 san1 tau4
愉景灣道,yi2 gin3 van1 tau4
愉景灣隧道,yi2 gin3 van1 sui4 tau4
余應彤,yi2 yin4 tung2
餘樂里,yi2 lok6 li1
漁安苑道,ng2 on1 yen4 tau4
魚市場道,ng2 si1 cong2 tau4
余振強紀念第二中學,yi2 zin3 kiong2 gi3 ngiam4 ti4 ngi4 zung1 hok6
余振強紀念中學,yi2 zin3 kiong2 gi3 ngiam4 zung1 hok6
裕泰興,yi4 tai4 hin1
圓桌第三村,yen2 zok5 ti4 sam1 cun1
圓玄二中,yen2 hien2 ngi4 zung1
圓玄三中,yen2 hien2 sam1 zung1
鉛礦凹街,yen2 kang3 au4 gai1
園林大道,yen2 lim2 tai4 tau4
元嶺,ngien2 liang1
元嶺仔,ngien2 liang1 zai3
圓嶺仔,yen2 liang1 zai3
元朗寶覺小學,ngien2 long3 bau3 gok5 siau3 hok6
元朗東成里路,ngien2 long3 dung1 sin2 li1 lu4
元朗公立中學,ngien2 long3 gung1 lip6 zung1 hok6
元朗鄉中,ngien2 long3 hiong1 zung1
元朗康樂路,ngien2 long3 kong1 lok6 lu4
元朗安興街,ngien2 long3 on1 hin1 gai1
元朗安樂路,ngien2 long3 on1 lok6 lu4
元朗炮仗坊,ngien2 long3 pau4 cong4 fong2
元朗信義中學,ngien2 long3 sin4 ngi4 zung1 hok6
元勝里,ngien2 sin4 li1
元洲仔里,ngien2 ziu1 zai3 li1
越南會館,yet6 lam2 fui4 gon3
卡拉什人,ka1 lai1 sip6 ngin2
卡薩布蘭加,ka1 sat5 bu4 lan2 ga1
卡斯翠,ka1 su1 cui4
卡塔爾人,ka1 tap5 li3 ngin2
啟超道,ki3 cau1 tau4
啟祥道,ki3 siong2 tau4
啟祥道天橋,ki3 siong2 tau4 tien1 kiau2
啟德道,ki3 det5 tau4
啟德橋道,ki3 det5 kiau2 tau4
啟福道天橋,ki3 fuk5 tau4 tien1 kiau2
啟基學校,ki3 gi1 hok6 gau3
啟興道,ki3 hin1 tau4
啟業道,ki3 ngiap6 tau4
啟禮道,ki3 li1 tau4
啟樂街,ki3 lok6 gai1
啟新道,ki3 sin1 tau4
啟信道,ki3 sin4 tau4
啟信學校,ki3 sin4 hok6 gau3
啟成街,ki3 sin2 gai1
啟華街,ki3 fa2 gai1
裘錦秋中學,kiu2 gim3 ciu1 zung1 hok6
麒青街,ki2 ciang1 gai1
祈禮士道,ki2 li1 su4 tau4
奇瓦瓦,ki2 nga3 nga3
企嶺,ki1 liang1
企頭角頂,ki1 teu2 gok5 dang3
乾坑,kien2 hang1
乾門咀,kien2 mun2 zu3
乾秀里,kien2 siu4 li1
僑福道,kiau2 fuk5 tau4
僑興路,kiau2 hin1 lu4
橋樂坊,kiau2 lok6 fong2
強業街,kiong2 ngiap6 gai1
郝德傑道,kok5 det5 kiet6 tau4
曲奇四重奏,kiuk5 ki2 si4 cung1 zeu4
葵青路,kui2 ciang1 lu4
葵興路,kui2 hin1 lu4
葵興商場,kui2 hin1 song1 cong2
葵益道,kui2 yit5 tau4
葵樂街,kui2 lok6 gai1
葵安道,kui2 on1 tau4
癩痢仔,lai4 li4 zai3
藍地交匯處,lam2 ti4 gau1 fui4 cu4
藍地交匯處,lam2 ti4 gau1 fui4 cu3
藍鴻震,lam2 fung2 zin3
藍田循道衞理小學,lam2 tien2 sun2 tau4 vui4 li1 siau3 hok6
藍田交匯處,lam2 tien2 gau1 fui4 cu4
藍田交匯處,lam2 tien2 gau1 fui4 cu3
藍田聖保祿中學,lam2 tien2 sin4 bau3 luk5 zung1 hok6
纜車里,lam4 ca1 li1
蘭芳道,lan2 fong1 tau4
蘭秀道,lan2 siu4 tau4
黎俊華,lai2 zun4 fa2
黎志華,lai2 zi4 fa2
禮樂街,li1 lok6 gai1
麗華街,li4 fa2 gai1
麗華中心,li4 fa2 zung1 sim1
林百欣中學,lim2 bak5 hiun1 zung1 hok6
林村公立黃福鑾紀念學校,lim2 cun1 gung1 lip6 vong2 fuk5 lan2 gi3 ngiam4 hok6 gau3
林大輝中學,lim2 tai4 fui1 zung1 hok6
林錦公路交匯處,lim2 gim3 gung1 lu4 gau1 fui4 cu4
林錦公路交匯處,lim2 gim3 gung1 lu4 gau1 fui4 cu3
林映輝,lim2 yang3 fui1
林裘謀中學,lim2 kiu2 meu2 zung1 hok6
臨樂街,lim2 lok6 gai1
臨華街,lim2 fa2 gai1
林暐翹,lim2 vui3 kiau2
林護紀念中學,lim2 fu4 gi3 ngiam4 zung1 hok6
林展平,lim2 zien3 pin2
劉百樂,liu2 bak5 lok6
劉百樂中學,liu2 bak5 lok6 zung1 hok6
流浮山道,liu2 feu2 san1 tau4
劉國中,liu2 get5 zung1
劉凱旋,liu2 koi3 sien2
琉森大道,liu2 sem1 tai4 tau4
劉秀成,liu2 siu4 sin2
流水響道,liu2 sui3 hiong3 tau4
劉華清,liu2 fa2 cin1
劉永生中學,liu2 yun1 sang1 zung1 hok6
梨木道,li2 muk5 tau4
李炳紀念學校,li3 biang3 gi3 ngiam4 hok6 gau3
李炳中學,li3 biang3 zung1 hok6
李長春,li3 cong2 cun1
李福慶中學,li3 fuk5 kin4 zung1 hok6
李嘉誠中學,li3 ga1 sin2 zung1 hok6
李貴鮮,li3 gui4 sien1
李興貴,li3 hin1 gui4
李興貴中學,li3 hin1 gui4 zung1 hok6
李凱翹,li3 koi3 kiau2
李潤田紀念中學,li3 yun4 tien2 gi3 ngiam4 zung1 hok6
李賢堯紀念中學,li3 hien2 ngiau2 gi3 ngiam4 zung1 hok6
李求恩紀念中學,li3 kiu2 en1 gi3 ngiam4 zung1 hok6
李琳明中學,li3 lim2 min2 zung1 hok6
里士滿,li1 su4 man1
李陞大坑學校,li3 sin1 tai4 hang1 hok6 gau3
李城璧中學,li3 sang2 bit5 zung1 hok6
李兆基中學,li3 cau4 gi1 zung1 hok6
李兆強小學,li3 cau4 kiong2 siau3 hok6
李鐵映,li3 tiet5 yang3
李惠利中學,li3 fui4 li4 zung1 hok6
李鎮強,li3 zin3 kiong2
李俊華,li3 zun4 fa2
李志達紀念學校,li3 zi4 tat6 gi3 ngiam4 hok6 gau3
李中希,li3 zung1 hi1
利樂街,li4 lok6 gai1
利民道,li4 min2 tau4
利安道,li4 on1 tau4
靚次伯,liang4 cu4 bak5
靚次伯紀念中學,liang4 cu4 bak5 gi3 ngiam4 zung1 hok6
嶺背,liang1 boi4
嶺光街,liang1 gong1 gai1
嶺皮村,liang1 pi2 cun1
嶺仔,liang1 zai3
嶺咀頭,liang1 zu3 teu2
雷打石,lui2 da3 sak6
呂祥光中學,li1 siong2 gong1 zung1 hok6
呂郭碧鳳中學,li1 gok5 bit5 fung4 zung1 hok6
呂潤財紀念中學,li1 yun4 coi2 gi3 ngiam4 zung1 hok6
呂明才中學,li1 min2 coi2 zung1 hok6
呂明華,li1 min2 fa2
律打街,lut6 da3 gai1
瀝源商場,lit6 ngien2 song1 cong2
連城道,lien2 sang2 tau4
靈風中學,lin2 fung1 zung1 hok6
靈光小學,lin2 gong1 siau3 hok6
靈康路,lin2 kong1 lu4
靈糧堂怡文中學,lin2 liong2 tong2 yi2 vun2 zung1 hok6
靈糧堂劉梅軒中學,lin2 liong2 tong2 liu2 moi2 hien1 zung1 hok6
靈糧堂秀德小學,lin2 liong2 tong2 siu4 det5 siau3 hok6
靈愛小學,lin2 oi4 siau3 hok6
靈山村,lin2 san1 cun1
靈山路,lin2 san1 lu4
靈實路,lin2 sit6 lu4
靈會山,lin2 fui4 san1
嶺南衡怡紀念中學,liang3 lam2 fen2 yi2 gi3 ngiam4 zung1 hok6
嶺南鍾榮光博士紀念中學,liang3 lam2 zung1 yin2 gong1 bok5 su4 gi3 ngiam4 zung1 hok6
列堤頓道,liet6 ti2 un4 tau4
列支敦士登人,liet6 zi1 dun1 su4 den1 ngin2
瞭望里,liau2 mong4 li1
羅陳楚思中學,lo2 cin2 co3 su1 zung1 hok6
羅定邦中學,lo2 tin4 bong1 zung1 hok6
羅福道,lo2 fuk5 tau4
羅傑承中學,lo2 kiet6 sin2 zung1 hok6
羅桂祥中學,lo2 gui4 siong2 zung1 hok6
羅氏基金中學,lo2 si4 gi1 gim1 zung1 hok6
羅湖道,lo2 fu2 tau4
梁富華,liong2 fu4 fa2
梁潔華小學,liong2 giet5 fa2 siau3 hok6
梁冠康,liong2 gon1 kong1
梁冠洋,liong2 gon1 yong2
梁皓楷,liong2 hau3 kai3
梁日成,liong2 ngit5 sin2
梁玉燕,liong2 ngiuk6 yen4
梁銶琚中學,liong2 kiu2 gi1 zung1 hok6
梁翹柏,liong2 kiau2 pak5
梁麗翹,liong2 li4 kiau2
梁樂華,liong2 lok6 fa2
梁文燕紀念中學,liong2 vun2 yen4 gi3 ngiam4 zung1 hok6
梁省德學校,liong2 sen3 det5 hok6 gau3
梁省德小學,liong2 sen3 det5 siau3 hok6
梁省德中學,liong2 sen3 det5 zung1 hok6
梁永勝,liong2 yun1 sin4
兩百八十,liong1 bak5 bat5 sip6
兩百八十八,liong1 bak5 bat5 sip6 bat5
兩百八十七,liong1 bak5 bat5 sip6 cit5
兩百八十九,liong1 bak5 bat5 sip6 giu3
兩百八十一,liong1 bak5 bat5 sip6 yit5
兩百八十二,liong1 bak5 bat5 sip6 ngi4
兩百八十六,liong1 bak5 bat5 sip6 luk5
兩百八十萬,liong1 bak5 bat5 sip6 man4
兩百八十五,liong1 bak5 bat5 sip6 ng3
兩百八十三,liong1 bak5 bat5 sip6 sam1
兩百八十四,liong1 bak5 bat5 sip6 si4
兩百七十,liong1 bak5 cit5 sip6
兩百七十八,liong1 bak5 cit5 sip6 bat5
兩百七十七,liong1 bak5 cit5 sip6 cit5
兩百七十九,liong1 bak5 cit5 sip6 giu3
兩百七十一,liong1 bak5 cit5 sip6 yit5
兩百七十二,liong1 bak5 cit5 sip6 ngi4
兩百七十六,liong1 bak5 cit5 sip6 luk5
兩百七十萬,liong1 bak5 cit5 sip6 man4
兩百七十五,liong1 bak5 cit5 sip6 ng3
兩百七十三,liong1 bak5 cit5 sip6 sam1
兩百七十四,liong1 bak5 cit5 sip6 si4
兩百九十,liong1 bak5 giu3 sip6
兩百九十八,liong1 bak5 giu3 sip6 bat5
兩百九十七,liong1 bak5 giu3 sip6 cit5
兩百九十九,liong1 bak5 giu3 sip6 giu3
兩百九十一,liong1 bak5 giu3 sip6 yit5
兩百九十二,liong1 bak5 giu3 sip6 ngi4
兩百九十六,liong1 bak5 giu3 sip6 luk5
兩百九十萬,liong1 bak5 giu3 sip6 man4
兩百九十五,liong1 bak5 giu3 sip6 ng3
兩百九十三,liong1 bak5 giu3 sip6 sam1
兩百九十四,liong1 bak5 giu3 sip6 si4
兩百一十,liong1 bak5 yit5 sip6
兩百一十八,liong1 bak5 yit5 sip6 bat5
兩百一十七,liong1 bak5 yit5 sip6 cit5
兩百一十九,liong1 bak5 yit5 sip6 giu3
兩百一十一,liong1 bak5 yit5 sip6 yit5
兩百一十二,liong1 bak5 yit5 sip6 ngi4
兩百一十六,liong1 bak5 yit5 sip6 luk5
兩百一十萬,liong1 bak5 yit5 sip6 man4
兩百一十五,liong1 bak5 yit5 sip6 ng3
兩百一十三,liong1 bak5 yit5 sip6 sam1
兩百一十四,liong1 bak5 yit5 sip6 si4
兩百二十,liong1 bak5 ngi4 sip6
兩百二十八,liong1 bak5 ngi4 sip6 bat5
兩百二十七,liong1 bak5 ngi4 sip6 cit5
兩百二十九,liong1 bak5 ngi4 sip6 giu3
兩百二十一,liong1 bak5 ngi4 sip6 yit5
兩百二十二,liong1 bak5 ngi4 sip6 ngi4
兩百二十六,liong1 bak5 ngi4 sip6 luk5
兩百二十萬,liong1 bak5 ngi4 sip6 man4
兩百二十五,liong1 bak5 ngi4 sip6 ng3
兩百二十三,liong1 bak5 ngi4 sip6 sam1
兩百二十四,liong1 bak5 ngi4 sip6 si4
兩百六十,liong1 bak5 luk5 sip6
兩百六十八,liong1 bak5 luk5 sip6 bat5
兩百六十七,liong1 bak5 luk5 sip6 cit5
兩百六十九,liong1 bak5 luk5 sip6 giu3
兩百六十一,liong1 bak5 luk5 sip6 yit5
兩百六十二,liong1 bak5 luk5 sip6 ngi4
兩百六十六,liong1 bak5 luk5 sip6 luk5
兩百六十萬,liong1 bak5 luk5 sip6 man4
兩百六十五,liong1 bak5 luk5 sip6 ng3
兩百六十三,liong1 bak5 luk5 sip6 sam1
兩百六十四,liong1 bak5 luk5 sip6 si4
兩百五十,liong1 bak5 ng3 sip6
兩百五十八,liong1 bak5 ng3 sip6 bat5
兩百五十七,liong1 bak5 ng3 sip6 cit5
兩百五十九,liong1 bak5 ng3 sip6 giu3
兩百五十一,liong1 bak5 ng3 sip6 yit5
兩百五十二,liong1 bak5 ng3 sip6 ngi4
兩百五十六,liong1 bak5 ng3 sip6 luk5
兩百五十萬,liong1 bak5 ng3 sip6 man4
兩百五十五,liong1 bak5 ng3 sip6 ng3
兩百五十三,liong1 bak5 ng3 sip6 sam1
兩百五十四,liong1 bak5 ng3 sip6 si4
兩百三十,liong1 bak5 sam1 sip6
兩百三十八,liong1 bak5 sam1 sip6 bat5
兩百三十七,liong1 bak5 sam1 sip6 cit5
兩百三十九,liong1 bak5 sam1 sip6 giu3
兩百三十一,liong1 bak5 sam1 sip6 yit5
兩百三十二,liong1 bak5 sam1 sip6 ngi4
兩百三十六,liong1 bak5 sam1 sip6 luk5
兩百三十萬,liong1 bak5 sam1 sip6 man4
兩百三十五,liong1 bak5 sam1 sip6 ng3
兩百三十三,liong1 bak5 sam1 sip6 sam1
兩百三十四,liong1 bak5 sam1 sip6 si4
兩百四十,liong1 bak5 si4 sip6
兩百四十八,liong1 bak5 si4 sip6 bat5
兩百四十七,liong1 bak5 si4 sip6 cit5
兩百四十九,liong1 bak5 si4 sip6 giu3
兩百四十一,liong1 bak5 si4 sip6 yit5
兩百四十二,liong1 bak5 si4 sip6 ngi4
兩百四十六,liong1 bak5 si4 sip6 luk5
兩百四十萬,liong1 bak5 si4 sip6 man4
兩百四十五,liong1 bak5 si4 sip6 ng3
兩百四十三,liong1 bak5 si4 sip6 sam1
兩百四十四,liong1 bak5 si4 sip6 si4
兩齣,liong1 cut5
兩千八百萬,liong1 cien1 bat5 bak5 man4
兩千七百萬,liong1 cien1 cit5 bak5 man4
兩千九百萬,liong1 cien1 giu3 bak5 man4
兩千一百萬,liong1 cien1 yit5 bak5 man4
兩千兩百萬,liong1 cien1 liong1 bak5 man4
兩千六百萬,liong1 cien1 luk5 bak5 man4
兩千五百,liong1 cien1 ng3 bak5
兩千五百萬,liong1 cien1 ng3 bak5 man4
兩千三百萬,liong1 cien1 sam1 bak5 man4
兩千四百萬,liong1 cien1 si4 bak5 man4
兩桌,liong1 zok5
兩束,liong1 suk5
兩頓,liong1 un4
兩塊田,liong1 kai4 tien2
兩塊田上路,liong1 kai4 tien2 song4 lu4
兩服,liong1 fuk6
兩掛,liong1 ga4
兩儀坊,liong1 ngi2 fong2
兩羣,liong1 kiun2
兩縷,liong1 leu3
兩籮,liong1 lo2
兩両,liong1 liong3
兩萬五千,liong1 man4 ng3 cien1
兩尾,liong1 mui1
兩泡,liong1 pau1
兩疋,liong1 pit5
兩啤,liong1 pia1
兩撇,liong1 piet5
兩瓢,liong1 piau4
兩三把,liong1 sam1 ba3
兩三筆,liong1 sam1 bit5
兩三杯,liong1 sam1 bui1
兩三本,liong1 sam1 bun3
兩三尺,liong1 sam1 cak5
兩三齣,liong1 sam1 cut5
兩三桌,liong1 sam1 zok5
兩三束,liong1 sam1 suk5
兩三吋,liong1 sam1 cun4
兩三寸,liong1 sam1 cun4
兩三打,liong1 sam1 da1
兩三頂,liong1 sam1 dang3
兩三堆,liong1 sam1 doi1
兩三對,liong1 sam1 dui4
兩三噸,liong1 sam1 dun1
兩三頓,liong1 sam1 un4
兩三滴,liong1 sam1 tit6
兩三碟,liong1 sam1 tiap6
兩三朵,liong1 sam1 do3
兩三道,liong1 sam1 tau4
兩三段,liong1 sam1 ton4
兩三塊,liong1 sam1 kai4
兩三番,liong1 sam1 fan1
兩三伙,liong1 sam1 fo3
兩三棵,liong1 sam1 ko1
兩三顆,liong1 sam1 ko3
兩三方,liong1 sam1 fong1
兩三副,liong1 sam1 fu4
兩三服,liong1 sam1 fuk6
兩三家,liong1 sam1 ga1
兩三斤,liong1 sam1 gin1
兩三記,liong1 sam1 gi4
兩三具,liong1 sam1 ki3
兩三缸,liong1 sam1 gong1
兩三掛,liong1 sam1 ga4
兩三行,liong1 sam1 hong2
兩三項,liong1 sam1 hong4
兩三毫,liong1 sam1 hau2
兩三樣,liong1 sam1 yong4
兩三羣,liong1 sam1 kiun2
兩三縷,liong1 sam1 leu3
兩三厘,liong1 sam1 li2
兩三列,liong1 sam1 liet6
兩三籮,liong1 sam1 lo2
兩三両,liong1 sam1 liong3
兩三尾,liong1 sam1 mui1
兩三面,liong1 sam1 mien4
兩三名,liong1 sam1 min2
兩三枚,liong1 sam1 moi2
兩三門,liong1 sam1 mun2
兩三排,liong1 sam1 pai2
兩三泡,liong1 sam1 pau1
兩三匹,liong1 sam1 pit5
兩三疋,liong1 sam1 pit5
兩三啤,liong1 sam1 pia1
兩三篇,liong1 sam1 pien1
兩三瓶,liong1 sam1 pin2
兩三撇,liong1 sam1 piet5
兩三瓢,liong1 sam1 piau4
兩三艘,liong1 sam1 seu3
兩三扇,liong1 sam1 sien4
兩三聲,liong1 sam1 sang1
兩三所,liong1 sam1 so3
兩三箱,liong1 sam1 siong1
兩三雙,liong1 sam1 sung1
兩三灘,liong1 sam1 tan1
兩三題,liong1 sam1 ti2
兩三頭,liong1 sam1 teu2
兩三台,liong1 sam1 toi2
兩三趟,liong1 sam1 tong4
兩三團,liong1 sam1 ton2
兩三户,liong1 sam1 fu4
兩三盞,liong1 sam1 zan3
兩三則,liong1 sam1 zet5
兩三支,liong1 sam1 zi1
兩三幀,liong1 sam1 zin1
兩三節,liong1 sam1 ziet5
兩三載,liong1 sam1 zai3
兩三宗,liong1 sam1 zung1
兩三盅,liong1 sam1 zung1
兩三種,liong1 sam1 zung3
兩三株,liong1 sam1 zu1
兩三尊,liong1 sam1 zun1
兩絲,liong1 su1
兩灘,liong1 tan1
兩趟,liong1 tong4
兩彎,liong1 van1
兩幀,liong1 zin1
兩載,liong1 zai3
兩盅,liong1 zung1
兩株,liong1 zu1
萊茵道,loi2 yin1 tau4
萊茵河大道,loi2 yin1 ho2 tai4 tau4
樂翠街,lok6 cui4 gai1
樂道中學,lok6 tau4 zung1 hok6
樂東街,lok6 dung1 gai1
樂景街,lok6 gin3 gai1
樂古道,lok6 gu3 tau4
樂霞坊,lok6 ha2 fong2
樂慶里,lok6 kin4 li1
樂怡街,lok6 yi2 gai1
樂業路,lok6 ngiap6 lu4
樂林路,lok6 lim2 lu4
樂民道,lok6 min2 tau4
樂鳴街,lok6 min2 gai1
樂坪街,lok6 piang2 gai1
樂善道,lok6 sen4 tau4
樂善美道,lok6 sen4 mui1 tau4
樂善堂顧超文中學,lok6 sen4 tong2 gu4 cau1 vun2 zung1 hok6
樂善堂楊葛小琳中學,lok6 sen4 tong2 yong2 got5 siau3 lim2 zung1 hok6
樂善堂楊仲明學校,lok6 sen4 tong2 yong2 cung4 min2 hok6 gau3
樂善堂余近卿中學,lok6 sen4 tong2 yi2 kiun4 kin1 zung1 hok6
樂善堂劉德學校,lok6 sen4 tong2 liu2 det5 hok6 gau3
樂善堂梁銶琚學校,lok6 sen4 tong2 liong2 kiu2 gi1 hok6 gau3
樂善堂梁黃蕙芳紀念學校,lok6 sen4 tong2 liong2 vong2 fui4 fong1 gi3 ngiam4 hok6 gau3
樂善堂梁植偉紀念中學,lok6 sen4 tong2 liong2 cit6 vui3 gi3 ngiam4 zung1 hok6
樂善堂王仲銘中學,lok6 sen4 tong2 vong2 cung4 min3 zung1 hok6
樂城街,lok6 sang2 gai1
樂天街,lok6 tien1 gai1
樂天經典,lok6 tien1 gin1 dien3
樂天皇朝,lok6 tien1 fong2 cau2
樂濤街,lok6 tau2 gai1
樂華街,lok6 fa2 gai1
落禾沙里,lok6 vo2 sa1 li1
朗德道,long3 det5 tau4
朗樂路,long3 lok6 lu4
朗成路,long3 sin2 lu4
浪茄仔,long4 kio2 zai3
盧幹庭紀念中學,lu2 gon4 tin2 gi3 ngiam4 zung1 hok6
盧光輝紀念學校,lu2 gong1 fui1 gi3 ngiam4 hok6 gau3
盧燕英,lu2 yen4 yin1
盧薩卡,lu2 sat5 ka1
盧少萍,lu2 sau4 pin2
爐仔石,lu2 zai3 sak6
路易港,lu4 yit6 gong3
路易維爾,lu4 yit6 vui2 li3
露明道,lu4 min2 tau4
六百八十八,luk5 bak5 bat5 sip6 bat5
六百八十七,luk5 bak5 bat5 sip6 cit5
六百八十九,luk5 bak5 bat5 sip6 giu3
六百八十一,luk5 bak5 bat5 sip6 yit5
六百八十二,luk5 bak5 bat5 sip6 ngi4
六百八十六,luk5 bak5 bat5 sip6 luk5
六百八十萬,luk5 bak5 bat5 sip6 man4
六百八十五,luk5 bak5 bat5 sip6 ng3
六百八十三,luk5 bak5 bat5 sip6 sam1
六百八十四,luk5 bak5 bat5 sip6 si4
六百七十八,luk5 bak5 cit5 sip6 bat5
六百七十七,luk5 bak5 cit5 sip6 cit5
六百七十九,luk5 bak5 cit5 sip6 giu3
六百七十一,luk5 bak5 cit5 sip6 yit5
六百七十二,luk5 bak5 cit5 sip6 ngi4
六百七十六,luk5 bak5 cit5 sip6 luk5
六百七十萬,luk5 bak5 cit5 sip6 man4
六百七十五,luk5 bak5 cit5 sip6 ng3
六百七十三,luk5 bak5 cit5 sip6 sam1
六百七十四,luk5 bak5 cit5 sip6 si4
六百九十八,luk5 bak5 giu3 sip6 bat5
六百九十七,luk5 bak5 giu3 sip6 cit5
六百九十九,luk5 bak5 giu3 sip6 giu3
六百九十一,luk5 bak5 giu3 sip6 yit5
六百九十二,luk5 bak5 giu3 sip6 ngi4
六百九十六,luk5 bak5 giu3 sip6 luk5
六百九十萬,luk5 bak5 giu3 sip6 man4
六百九十五,luk5 bak5 giu3 sip6 ng3
六百九十三,luk5 bak5 giu3 sip6 sam1
六百九十四,luk5 bak5 giu3 sip6 si4
六百一十八,luk5 bak5 yit5 sip6 bat5
六百一十七,luk5 bak5 yit5 sip6 cit5
六百一十九,luk5 bak5 yit5 sip6 giu3
六百一十一,luk5 bak5 yit5 sip6 yit5
六百一十二,luk5 bak5 yit5 sip6 ngi4
六百一十六,luk5 bak5 yit5 sip6 luk5
六百一十萬,luk5 bak5 yit5 sip6 man4
六百一十五,luk5 bak5 yit5 sip6 ng3
六百一十三,luk5 bak5 yit5 sip6 sam1
六百一十四,luk5 bak5 yit5 sip6 si4
六百二十八,luk5 bak5 ngi4 sip6 bat5
六百二十七,luk5 bak5 ngi4 sip6 cit5
六百二十九,luk5 bak5 ngi4 sip6 giu3
六百二十一,luk5 bak5 ngi4 sip6 yit5
六百二十二,luk5 bak5 ngi4 sip6 ngi4
六百二十六,luk5 bak5 ngi4 sip6 luk5
六百二十萬,luk5 bak5 ngi4 sip6 man4
六百二十五,luk5 bak5 ngi4 sip6 ng3
六百二十三,luk5 bak5 ngi4 sip6 sam1
六百二十四,luk5 bak5 ngi4 sip6 si4
六百六十八,luk5 bak5 luk5 sip6 bat5
六百六十七,luk5 bak5 luk5 sip6 cit5
六百六十九,luk5 bak5 luk5 sip6 giu3
六百六十一,luk5 bak5 luk5 sip6 yit5
六百六十二,luk5 bak5 luk5 sip6 ngi4
六百六十六,luk5 bak5 luk5 sip6 luk5
六百六十萬,luk5 bak5 luk5 sip6 man4
六百六十五,luk5 bak5 luk5 sip6 ng3
六百六十三,luk5 bak5 luk5 sip6 sam1
六百六十四,luk5 bak5 luk5 sip6 si4
六百五十八,luk5 bak5 ng3 sip6 bat5
六百五十七,luk5 bak5 ng3 sip6 cit5
六百五十九,luk5 bak5 ng3 sip6 giu3
六百五十一,luk5 bak5 ng3 sip6 yit5
六百五十二,luk5 bak5 ng3 sip6 ngi4
六百五十六,luk5 bak5 ng3 sip6 luk5
六百五十萬,luk5 bak5 ng3 sip6 man4
六百五十五,luk5 bak5 ng3 sip6 ng3
六百五十三,luk5 bak5 ng3 sip6 sam1
六百五十四,luk5 bak5 ng3 sip6 si4
六百三十八,luk5 bak5 sam1 sip6 bat5
六百三十七,luk5 bak5 sam1 sip6 cit5
六百三十九,luk5 bak5 sam1 sip6 giu3
六百三十一,luk5 bak5 sam1 sip6 yit5
六百三十二,luk5 bak5 sam1 sip6 ngi4
六百三十六,luk5 bak5 sam1 sip6 luk5
六百三十萬,luk5 bak5 sam1 sip6 man4
六百三十五,luk5 bak5 sam1 sip6 ng3
六百三十三,luk5 bak5 sam1 sip6 sam1
六百三十四,luk5 bak5 sam1 sip6 si4
六百四十八,luk5 bak5 si4 sip6 bat5
六百四十七,luk5 bak5 si4 sip6 cit5
六百四十九,luk5 bak5 si4 sip6 giu3
六百四十一,luk5 bak5 si4 sip6 yit5
六百四十二,luk5 bak5 si4 sip6 ngi4
六百四十六,luk5 bak5 si4 sip6 luk5
六百四十萬,luk5 bak5 si4 sip6 man4
六百四十五,luk5 bak5 si4 sip6 ng3
六百四十三,luk5 bak5 si4 sip6 sam1
六百四十四,luk5 bak5 si4 sip6 si4
六筆,luk5 bit5
六齣,luk5 cut5
六千八百萬,luk5 cien1 bat5 bak5 man4
六千七百萬,luk5 cien1 cit5 bak5 man4
六千九百萬,luk5 cien1 giu3 bak5 man4
六千一百萬,luk5 cien1 yit5 bak5 man4
六千二百萬,luk5 cien1 ngi4 bak5 man4
六千兩百萬,luk5 cien1 liong1 bak5 man4
六千六百萬,luk5 cien1 luk5 bak5 man4
六千五百萬,luk5 cien1 ng3 bak5 man4
六千三百萬,luk5 cien1 sam1 bak5 man4
六千四百萬,luk5 cien1 si4 bak5 man4
六桌,luk5 zok5
六束,luk5 suk5
六頂,luk5 dang3
六堆,luk5 doi1
六噸,luk5 dun1
六頓,luk5 un4
六滴,luk5 tit6
六碟,luk5 tiap6
六番,luk5 fan1
六伙,luk5 fo3
六棵,luk5 ko1
六副,luk5 fu4
六福珠寶,luk5 fuk5 zu1 bau3
六服,luk5 fuk6
六家,luk5 ga1
六斤,luk5 gin1
六記,luk5 gi4
六句,luk5 gi4
六具,luk5 ki3
六缸,luk5 gong1
六股,luk5 gu3
六罐,luk5 gon4
六合街,luk5 hap6 gai1
六羣,luk5 kiun2
六拳,luk5 kien2
六縷,luk5 leu3
六籮,luk5 lo2
六萬五千,luk5 man4 ng3 cien1
六泡,luk5 pau1
六疋,luk5 pit5
六瓶,luk5 pin2
六撇,luk5 piet5
六十八萬,luk5 sip6 bat5 man4
六十七萬,luk5 sip6 cit5 man4
六十九萬,luk5 sip6 giu3 man4
六十一萬,luk5 sip6 yit5 man4
六十二萬,luk5 sip6 ngi4 man4
六十六萬,luk5 sip6 luk5 man4
六十五萬,luk5 sip6 ng3 man4
六十三萬,luk5 sip6 sam1 man4
六十四萬,luk5 sip6 si4 man4
六兆,luk5 cau4
六箱,luk5 siong1
六雙,luk5 sung1
六灘,luk5 tan1
六題,luk5 ti2
六趟,luk5 tong4
六户,luk5 fu4
六碗,luk5 von3
六盞,luk5 zan3
六則,luk5 zet5
六幀,luk5 zin1
六載,luk5 zai3
六盅,luk5 zung1
六株,luk5 zu1
六尊,luk5 zun1
龍翔官立中學,lung2 siong2 gon1 lip6 zung1 hok6
龍鼓水道,lung2 gu3 sui3 tau4
龍鼓上灘,lung2 gu3 song4 tan1
龍欣道,lung2 hiun1 tau4
龍涎道,lung2 yen2 tau4
龍駒道,lung2 ki1 tau4
龍落水,lung2 lok6 sui3
龍尾頂,lung2 mui1 dang3
龍坪道,lung2 piang2 tau4
龍蟠街,lung2 pan2 gai1
龍蟠苑商場,lung2 pan2 yen4 song1 cong2
龍華街,lung2 fa2 gai1
龍仔村,lung2 zai3 cun1
龍仔村路,lung2 zai3 cun1 lu4
龍仔悟園,lung2 zai3 ngu4 yen2
聯興街,lien2 hin1 gai1
孖崗山,ma1 gong1 san1
孖沙街,ma1 sa1 gai1
孖庶街,ma1 su4 gai1
孖仔排,ma1 zai3 pai2
孖洲,ma1 ziu1
麻包嶺,ma2 bau1 liang1
麻雀嶺,ma2 ziok5 liang1
馬寶道,ma1 bau3 tau4
馬背村,ma1 boi4 cun1
馬卓安爵士,ma1 zok5 on1 ziok5 su4
馬錦明慈善基金馬陳端喜紀念中學,ma1 gim3 min2 cu2 sen4 gi1 gim1 ma1 cin2 don1 hi3 gi3 ngiam4 zung1 hok6
馬錦明慈善基金馬可賓紀念中學,ma1 gim3 min2 cu2 sen4 gi1 gim1 ma1 ko3 bin1 gi3 ngiam4 zung1 hok6
馬錦明中學,ma1 gim3 min2 zung1 hok6
馬己仙峽道,ma1 gi3 sien1 hiap6 tau4
馬景華,ma1 gin3 fa2
瑪歌大道,ma1 go1 tai4 tau4
馬君正,ma1 giun1 zin4
馬可尼道,ma1 ko3 li2 tau4
瑪利曼中學,ma1 li4 man4 zung1 hok6
瑪利諾中學,ma1 li4 lok5 zung1 hok6
馬鞍山海濱長廊,ma1 on1 san1 hoi3 bin1 cong2 long2
馬鞍山繞道,ma1 on1 san1 ngiau3 tau4
馬鞍山靈糧小學,ma1 on1 san1 lin2 liong2 siau3 hok6
馬鞍山信義學校,ma1 on1 san1 sin4 ngi4 hok6 gau3
馬鞍山聖若瑟中學,ma1 on1 san1 sin4 yok6 set5 zung1 hok6
馬鞍山崇真中學,ma1 on1 san1 cung2 zin1 zung1 hok6
馬頭嶺,ma1 teu2 liang1
馬灣後街,ma1 van1 heu4 gai1
馬灣美經援村,ma1 van1 mui1 gin1 yen1 cun1
馬仔坑道,ma1 zai3 hang1 tau4
馬振玉紀念中學,ma1 zin3 ngiuk6 gi3 ngiam4 zung1 hok6
萬金中心,man4 gim1 zung1 sim1
茅平山,mau2 pin2 san1
茅湖仔,mau2 fu2 zai3
米度適道,mi3 tu4 sit5 tau4
米粉頂,mi3 fun3 dang3
米萊諾大道,mi3 loi2 lok5 tai4 tau4
麥德強,mak6 det5 kiong2
麥理浩夫人度假村,mak6 li1 hau3 fu1 ngin2 tu4 ga3 cun1
墨西卡利,met6 si1 ka1 li4
文成街,vun2 sin2 gai1
文運道,vun2 yun4 tau4
文質路,vun2 zit5 lu4
民眾安全服務處,min2 zung4 on1 cien2 fuk6 vu4 cu4
民眾安全服務處,min2 zung4 on1 cien2 fuk6 vu4 cu3
繆騫人,miu2 ken1 ngin2
瞇縫,mi1 pung4
美青路,mui1 ciang1 lu4
美冬大道,mui1 dung1 tai4 tau4
美麗華廣場,mui1 li4 fa2 gong3 cong2
美麗華旅遊,mui1 li4 fa2 li3 yiu2
美樂花園商場,mui1 lok6 fa1 yen2 song1 cong2
美樂里,mui1 lok6 li1
美滿里,mui1 man1 li1
美善同道,mui1 sen4 tung2 tau4
美華街,mui1 fa2 gai1
明道小學,min2 tau4 siau3 hok6
名果店,min2 go3 diam4
名苑,min2 yen4
明愛柴灣馬登基金中學,min2 oi4 cai2 van1 ma1 den1 gi1 gim1 zung1 hok6
明愛粉嶺陳震夏中學,min2 oi4 fun3 liang1 cin2 zin3 ha4 zung1 hok6
明愛元朗陳震夏中學,min2 oi4 ngien2 long3 cin2 zin3 ha4 zung1 hok6
明愛馬鞍山中學,min2 oi4 ma1 on1 san1 zung1 hok6
明愛聖若瑟中學,min2 oi4 sin4 yok6 set5 zung1 hok6
明愛屯門馬登基金中學,min2 oi4 tun2 mun2 ma1 den1 gi1 gim1 zung1 hok6
明愛胡振中中學,min2 oi4 fu2 zin3 zung1 zung1 hok6
明愛莊月明中學,min2 oi4 zong1 ngiet6 min2 zung1 hok6
名成街,min2 sin2 gai1
廟背,miau4 boi4
妙法寺劉金龍中學,miau4 fap5 su4 liu2 gim1 lung2 zung1 hok6
繆家慶,miu4 ga1 kin4
繆浩昌,miu4 hau3 cong1
廟仔,miau4 zai3
廟仔墩,miau4 zai3 dun1
摩爾多瓦人,mo2 li3 do1 nga3 ngin2
摩理臣山道,mo2 li1 sin2 san1 tau4
摩羅廟交加街,mo2 lo2 miau4 gau1 ga1 gai1
摩羅上街,mo2 lo2 song4 gai1
磨刀坑,mo2 dau1 hang1
磨洲,mo2 ziu1
莫里茲大道,mok6 li1 zu1 tai4 tau4
芒洲仔,mong2 ziu1 zai3
慕德中學,mu4 det5 zung1 hok6
慕禮道,mu4 li1 tau4
煤場道,moi2 cong2 tau4
玫瑰花園商場,moi2 gui1 fa1 yen2 song1 cong2
玫瑰街,moi2 gui1 gai1
玫瑰崗學校,moi2 gui1 gong1 hok6 gau3
玫瑰崗中學,moi2 gui1 gong1 zung1 hok6
玫瑰里,moi2 gui1 li1
梅窩學校,moi2 vo1 hok6 gau3
每頂,mui1 dang3
每滴,mui1 tit6
每番,mui1 fan1
每啤,mui1 pia1
沐恩中學,muk6 en1 zung1 hok6
睦誠道,muk5 sin2 tau4
滿記甜品,man1 gi4 tiam2 pin3
滿樂潮州,man1 lok6 cau2 ziu1
滿樂大廈,man1 lok6 tai4 ha4
滿田里,man1 tien2 li1
哪把,lai4 ba3
哪班,lai4 ban1
哪筆,lai4 bit5
哪部,lai4 pu4
哪杯,lai4 bui1
哪本,lai4 bun3
哪層,lai4 cen2
哪齣,lai4 cut5
哪桌,lai4 zok5
哪場,lai4 cong2
哪束,lai4 suk5
哪串,lai4 con4
哪頂,lai4 dang3
哪堆,lai4 doi1
哪對,lai4 dui4
哪隊,lai4 dui4
哪頓,lai4 un4
哪滴,lai4 tit6
那滴,la3 tit6
哪點,lai4 diam3
哪碟,lai4 tiap6
哪朵,lai4 do3
哪道,lai4 tau4
哪段,lai4 ton4
哪塊,lai4 kai4
哪番,lai4 fan1
哪份,lai4 fun4
哪棵,lai4 ko1
哪副,lai4 fu4
哪記,lai4 gi4
哪句,lai4 gi4
哪具,lai4 ki3
哪件,lai4 kien4
哪缸,lai4 gong1
哪股,lai4 gu3
哪罐,lai4 gon4
哪行,lai4 hong2
哪級,lai4 kip5
哪羣,lai4 kiun2
哪縷,lai4 leu3
哪籮,lai4 lo2
哪尾,lai4 mui1
哪面,lai4 mien4
哪名,lai4 min2
哪枚,lai4 moi2
哪門,lai4 mun2
哪粒,lai4 lip5
哪年,lai4 ngien2
哪匹,lai4 pit5
哪疋,lai4 pit5
哪篇,lai4 pien1
哪瓶,lai4 pin2
哪艘,lai4 seu3
哪首,lai4 siu3
哪絲,lai4 su1
哪是,lai4 si4
哪扇,lai4 sien4
哪聲,lai4 sang1
哪所,lai4 so3
哪箱,lai4 siong1
哪雙,lai4 sung1
哪灘,lai4 tan1
哪題,lai4 ti2
哪條,lai4 tiau2
哪台,lai4 toi2
哪趟,lai4 tong4
哪套,lai4 tau4
哪團,lai4 ton2
哪户,lai4 fu4
那户,la3 fu4
哪碗,lai4 von3
哪盞,lai4 zan3
哪則,lai4 zet5
哪支,lai4 zi1
哪席,lai4 cit6
哪幀,lai4 zin1
哪節,lai4 ziet5
哪張,lai4 zong1
哪宗,lai4 zung1
哪株,lai4 zu1
哪尊,lai4 zun1
南邊圍六里,lam2 bien1 vui2 luk5 li1
南邊圍三里,lam2 bien1 vui2 sam1 li1
南丁格爾路,lam2 den1 gak5 li3 lu4
南海傍路,lam2 hoi3 pong4 lu4
男兒當入樽,lam2 yi2 dong1 ngip6 zun1
南朗山道,lam2 long3 san1 tau4
南蛇塘,lam2 sa2 tong2
南塔拉瓦,lam2 tap5 lai1 nga3
南屯門官立中學,lam2 tun2 mun2 gon1 lip6 zung1 hok6
南華莆,lam2 fa2 pu2
南灣道,lam2 van1 tau4
南灣山頂新村,lam2 van1 san1 dang3 sin1 cun1
難過水,lan2 go4 sui3
納沙泰爾大道,lap6 sa1 tai4 li3 tai4 tau4
稔凹,lem3 au4
稔埔村,lem3 bu4 cun1
稔園,lem3 yen2
稔樹灣,lem3 su4 van1
稔樹灣村,lem3 su4 van1 cun1
稔灣,lem3 van1
稔灣路,lem3 van1 lu4
吳祥川紀念中學,ng2 siong2 con1 gi3 ngiam4 zung1 hok6
吳官正,ng2 gon1 zin4
吳志強,ng2 zi4 kiong2
五百八十六,ng3 bak5 bat5 sip6 luk5
五百八十三,ng3 bak5 bat5 sip6 sam1
五百七十六,ng3 bak5 cit5 sip6 luk5
五百七十三,ng3 bak5 cit5 sip6 sam1
五百九十六,ng3 bak5 giu3 sip6 luk5
五百九十三,ng3 bak5 giu3 sip6 sam1
五百一十六,ng3 bak5 yit5 sip6 luk5
五百一十三,ng3 bak5 yit5 sip6 sam1
五百二十六,ng3 bak5 ngi4 sip6 luk5
五百二十三,ng3 bak5 ngi4 sip6 sam1
五百六十八,ng3 bak5 luk5 sip6 bat5
五百六十七,ng3 bak5 luk5 sip6 cit5
五百六十九,ng3 bak5 luk5 sip6 giu3
五百六十一,ng3 bak5 luk5 sip6 yit5
五百六十二,ng3 bak5 luk5 sip6 ngi4
五百六十六,ng3 bak5 luk5 sip6 luk5
五百六十萬,ng3 bak5 luk5 sip6 man4
五百六十五,ng3 bak5 luk5 sip6 ng3
五百六十三,ng3 bak5 luk5 sip6 sam1
五百六十四,ng3 bak5 luk5 sip6 si4
五百五十六,ng3 bak5 ng3 sip6 luk5
五百五十三,ng3 bak5 ng3 sip6 sam1
五百三十八,ng3 bak5 sam1 sip6 bat5
五百三十七,ng3 bak5 sam1 sip6 cit5
五百三十九,ng3 bak5 sam1 sip6 giu3
五百三十一,ng3 bak5 sam1 sip6 yit5
五百三十二,ng3 bak5 sam1 sip6 ngi4
五百三十六,ng3 bak5 sam1 sip6 luk5
五百三十萬,ng3 bak5 sam1 sip6 man4
五百三十五,ng3 bak5 sam1 sip6 ng3
五百三十三,ng3 bak5 sam1 sip6 sam1
五百三十四,ng3 bak5 sam1 sip6 si4
五百四十六,ng3 bak5 si4 sip6 luk5
五百四十三,ng3 bak5 si4 sip6 sam1
五旬節林漢光中學,ng3 sun2 ziet5 lim2 hon4 gong1 zung1 hok6
五旬節中學,ng3 sun2 ziet5 zung1 hok6
五千兩百萬,ng3 cien1 liong1 bak5 man4
五千六百萬,ng3 cien1 luk5 bak5 man4
五千三百萬,ng3 cien1 sam1 bak5 man4
五頂,ng3 dang3
五滴,ng3 tit6
五棵,ng3 ko1
五鼓嶺,ng3 gu3 liang1
伍季明紀念學校,ng3 gui4 min2 gi3 ngiam4 hok6 gau3
五邑司徒浩中學,ng3 yip5 su1 tu2 hau3 zung1 hok6
五邑鄒振猷學校,ng3 yip5 zeu1 zin3 yiu2 hok6 gau3
伍若瑜夫人紀念中學,ng3 yok6 yi2 fu1 ngin2 gi3 ngiam4 zung1 hok6
五育中學,ng3 yuk5 zung1 hok6
五六把,ng3 luk5 ba3
五六班,ng3 luk5 ban1
五六筆,ng3 luk5 bit5
五六部,ng3 luk5 pu4
五六杯,ng3 luk5 bui1
五六本,ng3 luk5 bun3
五六層,ng3 luk5 cen2
五六尺,ng3 luk5 cak5
五六齣,ng3 luk5 cut5
五六桌,ng3 luk5 zok5
五六場,ng3 luk5 cong2
五六束,ng3 luk5 suk5
五六串,ng3 luk5 con4
五六吋,ng3 luk5 cun4
五六寸,ng3 luk5 cun4
五六打,ng3 luk5 da1
五六頂,ng3 luk5 dang3
五六堆,ng3 luk5 doi1
五六對,ng3 luk5 dui4
五六隊,ng3 luk5 dui4
五六噸,ng3 luk5 dun1
五六頓,ng3 luk5 un4
五六滴,ng3 luk5 tit6
五六碟,ng3 luk5 tiap6
五六朵,ng3 luk5 do3
五六度,ng3 luk5 tu4
五六道,ng3 luk5 tau4
五六段,ng3 luk5 ton4
五六塊,ng3 luk5 kai4
五六番,ng3 luk5 fan1
五六份,ng3 luk5 fun4
五六伙,ng3 luk5 fo3
五六棵,ng3 luk5 ko1
五六顆,ng3 luk5 ko3
五六方,ng3 luk5 fong1
五六副,ng3 luk5 fu4
五六服,ng3 luk5 fuk6
五六家,ng3 luk5 ga1
五六架,ng3 luk5 ga4
五六格,ng3 luk5 gak5
五六間,ng3 luk5 gan1
五六斤,ng3 luk5 gin1
五六記,ng3 luk5 gi4
五六句,ng3 luk5 gi4
五六具,ng3 luk5 ki3
五六件,ng3 luk5 kien4
五六缸,ng3 luk5 gong1
五六股,ng3 luk5 gu3
五六罐,ng3 luk5 gon4
五六掛,ng3 luk5 ga4
五六下,ng3 luk5 ha4
五六行,ng3 luk5 hong2
五六項,ng3 luk5 hong4
五六毫,ng3 luk5 hau2
五六樣,ng3 luk5 yong4
五六級,ng3 luk5 kip5
五六羣,ng3 luk5 kiun2
五六拳,ng3 luk5 kien2
五六縷,ng3 luk5 leu3
五六厘,ng3 luk5 li2
五六列,ng3 luk5 liet6
五六籮,ng3 luk5 lo2
五六両,ng3 luk5 liong3
五六尾,ng3 luk5 mui1
五六面,ng3 luk5 mien4
五六名,ng3 luk5 min2
五六枚,ng3 luk5 moi2
五六門,ng3 luk5 mun2
五六粒,ng3 luk5 lip5
五六排,ng3 luk5 pai2
五六泡,ng3 luk5 pau1
五六匹,ng3 luk5 pit5
五六疋,ng3 luk5 pit5
五六啤,ng3 luk5 pia1
五六篇,ng3 luk5 pien1
五六瓶,ng3 luk5 pin2
五六撇,ng3 luk5 piet5
五六倍,ng3 luk5 pui4
五六艘,ng3 luk5 seu3
五六首,ng3 luk5 siu3
五六扇,ng3 luk5 sien4
五六聲,ng3 luk5 sang1
五六所,ng3 luk5 so3
五六箱,ng3 luk5 siong1
五六雙,ng3 luk5 sung1
五六灘,ng3 luk5 tan1
五六題,ng3 luk5 ti2
五六頭,ng3 luk5 teu2
五六條,ng3 luk5 tiau2
五六台,ng3 luk5 toi2
五六趟,ng3 luk5 tong4
五六堂,ng3 luk5 tong2
五六套,ng3 luk5 tau4
五六團,ng3 luk5 ton2
五六户,ng3 luk5 fu4
五六碗,ng3 luk5 von3
五六盞,ng3 luk5 zan3
五六則,ng3 luk5 zet5
五六隻,ng3 luk5 zak5
五六支,ng3 luk5 zi1
五六席,ng3 luk5 cit6
五六幀,ng3 luk5 zin1
五六節,ng3 luk5 ziet5
五六張,ng3 luk5 zong1
五六載,ng3 luk5 zai3
五六宗,ng3 luk5 zung1
五六盅,ng3 luk5 zung1
五六種,ng3 luk5 zung3
五六株,ng3 luk5 zu1
五六尊,ng3 luk5 zun1
五泡,ng3 pau1
五啤,ng3 pia1
五十三萬,ng3 sip6 sam1 man4
伍時暢紀念學校,ng3 si2 cong4 gi3 ngiam4 hok6 gau3
伍少梅中學,ng3 sau4 moi2 zung1 hok6
五户,ng3 fu4
五載,ng3 zai3
雅賓利道,nga3 bin1 li4 tau4
瓦爾帕萊索,nga3 li3 pa4 loi2 sok5
瓦拉德卡,nga3 lai1 det5 ka1
雅麗道,nga3 li4 tau4
瓦勒他,nga3 let5 ta1
雅息士道,nga3 sit5 su4 tau4
捱打受氣,ngai2 da3 siu4 hi4
捱打受罵,ngai2 da3 siu4 ma4
艾維奧大道,ngioi4 vui2 au4 tai4 tau4
銀池道,ngiun2 ci2 tau4
銀行街,ngiun2 hong2 gai1
銀影路,ngiun2 yang3 lu4
牛凹,ngiu2 au4
牛背窩,ngiu2 boi4 vo1
牛牯嶺,ngiu2 gu3 liang1
牛湖頂,ngiu2 fu2 dang3
鵝髻頂,ngo2 gi4 dang3
昂平路,ngong2 pin2 lu4
昂船凹,ngong2 son2 au4
翱翔道,gau1 siong2 tau4
寧波第二中學,len2 bo1 ti4 ngi4 zung1 hok6
寧波二中,len2 bo1 ngi4 zung1
寧華街,len2 fa2 gai1
聶歌信山道,ngiap5 go1 sin4 san1 tau4
諾克少,lok5 ket5 sau4
農圃道官立小學,lung2 pu3 tau4 gon1 lip6 siau3 hok6
柯士甸道西,ko1 su4 tien4 tau4 si1
柯士甸山道,ko1 su4 tien4 san1 tau4
愛丁堡廣場,oi4 den1 bau3 gong3 cong2
愛秩序灣道,oi4 zit5 si4 van1 tau4
愛琴道,oi4 kim2 tau4
愛勤道,oi4 kiun2 tau4
愛信道,oi4 sin4 tau4
安德道,on1 det5 tau4
安定道,on1 tin4 tau4
安道爾人,on1 tau4 li3 ngin2
安道爾城,on1 tau4 li3 sang2
安富道,on1 fu4 tau4
安健道,on1 kien4 tau4
安興里,on1 hin1 li1
安愉道,on1 yi2 tau4
安樂里,on1 lok6 li1
安樂門街,on1 lok6 mun2 gai1
安平街,on1 pin2 gai1
安秀道,on1 siu4 tau4
安善道,on1 sen4 tau4
安華街,on1 fa2 gai1
安運道,on1 yun4 tau4
安靜道,on1 cin4 tau4
澳背塘,au4 boi4 tong2
奧克拉荷馬市,au4 ket5 lai1 ho2 ma1 si1
奧士角,au4 su4 gok5
奧士角咀,au4 su4 gok5 zu3
澳仔村,au4 zai3 cun1
排煤機道,pai2 moi2 gi1 tau4
柏道,pak5 tau4
柏架山道,pak5 ga4 san1 tau4
柏欣大道,pak5 hiun1 tai4 tau4
柏斯音樂,pak5 su1 yim1 ngok6
攀背頂,pan1 boi4 dang3
彭學高紀念中學,pang2 hok6 gau1 gi3 ngiam4 zung1 hok6
跑道南路,pau1 tau4 lam2 lu4
憑祥,pin2 siong2
平定道,pin2 tin4 tau4
平定道東,pin2 tin4 tau4 dung1
平瀾街,pin2 lan2 gai1
平面洲,pin2 mien4 ziu1
平安福音中學,pin2 on1 fuk5 yim1 zung1 hok6
平安壹賬通銀行,pin2 on1 yit5 zong4 tung1 ngiun2 hong2
平安里,pin2 on1 li1
平山仔,pin2 san1 zai3
平成里,pin2 sin2 li1
平田街,pin2 tien2 gai1
平托坑山,pin2 tok5 hang1 san1
平洲海,pin2 ziu1 hoi3
坪洲好景街,piang2 ziu1 hau3 gin3 gai1
坪洲永興街,piang2 ziu1 yun1 hin1 gai1
坪洲永安橫街,piang2 ziu1 yun1 on1 vang2 gai1
平治街,pin2 ci4 gai1
普樂道,pu1 lok6 tau4
普樂里,pu1 lok6 li1
蒲崗村道公園,pu2 gong1 cun1 tau4 gung1 yen2
蒲嶺,pu2 liang1
蒲嶺坳,pu2 liang1 au4
莆上村,pu2 song4 cun1
培敦中學,pui2 dun1 zung1 hok6
培英中學,pui2 yin1 zung1 hok6
培靈學校,pui2 lin2 hok6 gau3
裴樂士道,pui2 lok6 su4 tau4
培成里,pui2 sin2 li1
潘迪華,pan1 tit6 fa2
潘冠霖,pan1 gon1 lim2
番禺會所,pan1 ngi2 fui4 so3
蟠龍道,pan2 lung2 tau4
沙江圍仔,sa1 gong1 vui2 zai3
沙嶺道,sa1 liang1 tau4
沙崙學校,sa1 lun2 hok6 gau3
沙浦道,sa1 pu3 tau4
沙頭角中心小學,sa1 teu2 gok5 zung1 sim1 siau3 hok6
沙田車站圍,sa1 tien2 ca1 zam4 vui2
沙田循道衞理中學,sa1 tien2 sun2 tau4 vui4 li1 zung1 hok6
沙田官立中學,sa1 tien2 gon1 lip6 zung1 hok6
沙田嶺路,sa1 tien2 liang1 lu4
沙田嶺隧道,sa1 tien2 liang1 sui4 tau4
沙田培英中學,sa1 tien2 pui2 yin1 zung1 hok6
沙田商業中心,sa1 tien2 song1 ngiap6 zung1 sim1
沙田崇真學校,sa1 tien2 cung2 zin1 hok6 gau3
沙田崇真中學,sa1 tien2 cung2 zin1 zung1 hok6
沙田圍胡素貞博士紀念學校,sa1 tien2 vui2 fu2 su4 zin1 bok5 su4 gi3 ngiam4 hok6 gau3
三椏村,sam1 a1 cun1
三椏灣,sam1 a1 van1
三百八十八,sam1 bak5 bat5 sip6 bat5
三百八十七,sam1 bak5 bat5 sip6 cit5
三百八十九,sam1 bak5 bat5 sip6 giu3
三百八十一,sam1 bak5 bat5 sip6 yit5
三百八十二,sam1 bak5 bat5 sip6 ngi4
三百八十六,sam1 bak5 bat5 sip6 luk5
三百八十萬,sam1 bak5 bat5 sip6 man4
三百八十五,sam1 bak5 bat5 sip6 ng3
三百八十三,sam1 bak5 bat5 sip6 sam1
三百八十四,sam1 bak5 bat5 sip6 si4
三百七十八,sam1 bak5 cit5 sip6 bat5
三百七十七,sam1 bak5 cit5 sip6 cit5
三百七十九,sam1 bak5 cit5 sip6 giu3
三百七十一,sam1 bak5 cit5 sip6 yit5
三百七十二,sam1 bak5 cit5 sip6 ngi4
三百七十六,sam1 bak5 cit5 sip6 luk5
三百七十萬,sam1 bak5 cit5 sip6 man4
三百七十五,sam1 bak5 cit5 sip6 ng3
三百七十三,sam1 bak5 cit5 sip6 sam1
三百七十四,sam1 bak5 cit5 sip6 si4
三百九十八,sam1 bak5 giu3 sip6 bat5
三百九十七,sam1 bak5 giu3 sip6 cit5
三百九十九,sam1 bak5 giu3 sip6 giu3
三百九十一,sam1 bak5 giu3 sip6 yit5
三百九十二,sam1 bak5 giu3 sip6 ngi4
三百九十六,sam1 bak5 giu3 sip6 luk5
三百九十萬,sam1 bak5 giu3 sip6 man4
三百九十五,sam1 bak5 giu3 sip6 ng3
三百九十三,sam1 bak5 giu3 sip6 sam1
三百九十四,sam1 bak5 giu3 sip6 si4
三百一十八,sam1 bak5 yit5 sip6 bat5
三百一十七,sam1 bak5 yit5 sip6 cit5
三百一十九,sam1 bak5 yit5 sip6 giu3
三百一十一,sam1 bak5 yit5 sip6 yit5
三百一十二,sam1 bak5 yit5 sip6 ngi4
三百一十六,sam1 bak5 yit5 sip6 luk5
三百一十萬,sam1 bak5 yit5 sip6 man4
三百一十五,sam1 bak5 yit5 sip6 ng3
三百一十三,sam1 bak5 yit5 sip6 sam1
三百一十四,sam1 bak5 yit5 sip6 si4
三百二十八,sam1 bak5 ngi4 sip6 bat5
三百二十七,sam1 bak5 ngi4 sip6 cit5
三百二十九,sam1 bak5 ngi4 sip6 giu3
三百二十一,sam1 bak5 ngi4 sip6 yit5
三百二十二,sam1 bak5 ngi4 sip6 ngi4
三百二十六,sam1 bak5 ngi4 sip6 luk5
三百二十萬,sam1 bak5 ngi4 sip6 man4
三百二十五,sam1 bak5 ngi4 sip6 ng3
三百二十三,sam1 bak5 ngi4 sip6 sam1
三百二十四,sam1 bak5 ngi4 sip6 si4
三百六十八,sam1 bak5 luk5 sip6 bat5
三百六十七,sam1 bak5 luk5 sip6 cit5
三百六十九,sam1 bak5 luk5 sip6 giu3
三百六十一,sam1 bak5 luk5 sip6 yit5
三百六十二,sam1 bak5 luk5 sip6 ngi4
三百六十六,sam1 bak5 luk5 sip6 luk5
三百六十萬,sam1 bak5 luk5 sip6 man4
三百六十五,sam1 bak5 luk5 sip6 ng3
三百六十三,sam1 bak5 luk5 sip6 sam1
三百六十四,sam1 bak5 luk5 sip6 si4
三百五十八,sam1 bak5 ng3 sip6 bat5
三百五十七,sam1 bak5 ng3 sip6 cit5
三百五十九,sam1 bak5 ng3 sip6 giu3
三百五十一,sam1 bak5 ng3 sip6 yit5
三百五十二,sam1 bak5 ng3 sip6 ngi4
三百五十六,sam1 bak5 ng3 sip6 luk5
三百五十萬,sam1 bak5 ng3 sip6 man4
三百五十五,sam1 bak5 ng3 sip6 ng3
三百五十三,sam1 bak5 ng3 sip6 sam1
三百五十四,sam1 bak5 ng3 sip6 si4
三百三十八,sam1 bak5 sam1 sip6 bat5
三百三十七,sam1 bak5 sam1 sip6 cit5
三百三十九,sam1 bak5 sam1 sip6 giu3
三百三十一,sam1 bak5 sam1 sip6 yit5
三百三十二,sam1 bak5 sam1 sip6 ngi4
三百三十六,sam1 bak5 sam1 sip6 luk5
三百三十萬,sam1 bak5 sam1 sip6 man4
三百三十五,sam1 bak5 sam1 sip6 ng3
三百三十三,sam1 bak5 sam1 sip6 sam1
三百三十四,sam1 bak5 sam1 sip6 si4
三百四十八,sam1 bak5 si4 sip6 bat5
三百四十七,sam1 bak5 si4 sip6 cit5
三百四十九,sam1 bak5 si4 sip6 giu3
三百四十一,sam1 bak5 si4 sip6 yit5
三百四十二,sam1 bak5 si4 sip6 ngi4
三百四十六,sam1 bak5 si4 sip6 luk5
三百四十萬,sam1 bak5 si4 sip6 man4
三百四十五,sam1 bak5 si4 sip6 ng3
三百四十三,sam1 bak5 si4 sip6 sam1
三百四十四,sam1 bak5 si4 sip6 si4
三白坳,sam1 pak6 au4
三板街,sam1 ban3 gai1
三陂坊,sam1 bi1 fong2
三齣,sam1 cut5
三千八百萬,sam1 cien1 bat5 bak5 man4
三千七百萬,sam1 cien1 cit5 bak5 man4
三千九百萬,sam1 cien1 giu3 bak5 man4
三千一百萬,sam1 cien1 yit5 bak5 man4
三千二百萬,sam1 cien1 ngi4 bak5 man4
三千兩百萬,sam1 cien1 liong1 bak5 man4
三千六百萬,sam1 cien1 luk5 bak5 man4
三千五百,sam1 cien1 ng3 bak5
三千五百萬,sam1 cien1 ng3 bak5 man4
三千三百萬,sam1 cien1 sam1 bak5 man4
三千四百萬,sam1 cien1 si4 bak5 man4
三桌,sam1 zok5
三束,sam1 suk5
三噸,sam1 dun1
三頓,sam1 un4
三疊潭,sam1 tiap6 tam2
三多里,sam1 do1 li1
三家里,sam1 ga1 li1
三角街,sam1 gok5 gai1
三角咀,sam1 gok5 zu3
三蘭港,sam1 lan2 gong3
三縷,sam1 leu3
三籮,sam1 lo2
三門墩,sam1 mun2 dun1
三門山,sam1 mun2 san1
三門仔路,sam1 mun2 zai3 lu4
三門仔新村,sam1 mun2 zai3 sin1 cun1
三泡,sam1 pau1
三疋,sam1 pit5
三啤,sam1 pia1
三撇,sam1 piet5
三瓢,sam1 piau4
三抱石,sam1 pau1 sak6
三十八萬,sam1 sip6 bat5 man4
三十七萬,sam1 sip6 cit5 man4
三十九萬,sam1 sip6 giu3 man4
三十一萬,sam1 sip6 yit5 man4
三十二萬,sam1 sip6 ngi4 man4
三十三萬,sam1 sip6 sam1 man4
三十四萬,sam1 sip6 si4 man4
三四把,sam1 si4 ba3
三四班,sam1 si4 ban1
三四筆,sam1 si4 bit5
三四部,sam1 si4 pu4
三四杯,sam1 si4 bui1
三四本,sam1 si4 bun3
三四層,sam1 si4 cen2
三四尺,sam1 si4 cak5
三四齣,sam1 si4 cut5
三四桌,sam1 si4 zok5
三四束,sam1 si4 suk5
三四串,sam1 si4 con4
三四吋,sam1 si4 cun4
三四寸,sam1 si4 cun4
三四打,sam1 si4 da1
三四頂,sam1 si4 dang3
三四堆,sam1 si4 doi1
三四對,sam1 si4 dui4
三四隊,sam1 si4 dui4
三四噸,sam1 si4 dun1
三四頓,sam1 si4 un4
三四滴,sam1 si4 tit6
三四碟,sam1 si4 tiap6
三四朵,sam1 si4 do3
三四度,sam1 si4 tu4
三四道,sam1 si4 tau4
三四段,sam1 si4 ton4
三四塊,sam1 si4 kai4
三四番,sam1 si4 fan1
三四份,sam1 si4 fun4
三四伙,sam1 si4 fo3
三四棵,sam1 si4 ko1
三四顆,sam1 si4 ko3
三四方,sam1 si4 fong1
三四副,sam1 si4 fu4
三四服,sam1 si4 fuk6
三四家,sam1 si4 ga1
三四架,sam1 si4 ga4
三四斤,sam1 si4 gin1
三四記,sam1 si4 gi4
三四句,sam1 si4 gi4
三四具,sam1 si4 ki3
三四件,sam1 si4 kien4
三四缸,sam1 si4 gong1
三四股,sam1 si4 gu3
三四罐,sam1 si4 gon4
三四掛,sam1 si4 ga4
三四下,sam1 si4 ha4
三四行,sam1 si4 hong2
三四項,sam1 si4 hong4
三四毫,sam1 si4 hau2
三四樣,sam1 si4 yong4
三四級,sam1 si4 kip5
三四羣,sam1 si4 kiun2
三四拳,sam1 si4 kien2
三四縷,sam1 si4 leu3
三四厘,sam1 si4 li2
三四列,sam1 si4 liet6
三四籮,sam1 si4 lo2
三四両,sam1 si4 liong3
三四尾,sam1 si4 mui1
三四面,sam1 si4 mien4
三四枚,sam1 si4 moi2
三四門,sam1 si4 mun2
三四泡,sam1 si4 pau1
三四匹,sam1 si4 pit5
三四疋,sam1 si4 pit5
三四啤,sam1 si4 pia1
三四篇,sam1 si4 pien1
三四瓶,sam1 si4 pin2
三四撇,sam1 si4 piet5
三四瓢,sam1 si4 piau4
三四艘,sam1 si4 seu3
三四首,sam1 si4 siu3
三四扇,sam1 si4 sien4
三四聲,sam1 si4 sang1
三四所,sam1 si4 so3
三四箱,sam1 si4 siong1
三四雙,sam1 si4 sung1
三四灘,sam1 si4 tan1
三四題,sam1 si4 ti2
三四頭,sam1 si4 teu2
三四台,sam1 si4 toi2
三四趟,sam1 si4 tong4
三四堂,sam1 si4 tong2
三四套,sam1 si4 tau4
三四團,sam1 si4 ton2
三四户,sam1 si4 fu4
三四碗,sam1 si4 von3
三四盞,sam1 si4 zan3
三四則,sam1 si4 zet5
三四支,sam1 si4 zi1
三四席,sam1 si4 cit6
三四幀,sam1 si4 zin1
三四載,sam1 si4 zai3
三四宗,sam1 si4 zung1
三四盅,sam1 si4 zung1
三四種,sam1 si4 zung3
三四株,sam1 si4 zu1
三四尊,sam1 si4 zun1
三聖街,sam1 sin4 gai1
三聖墟,sam1 sin4 hi1
三聖商場,sam1 sin4 song1 cong2
三兆,sam1 cau4
三灘,sam1 tan1
三趟,sam1 tong4
三肚,sam1 du3
三洲門,sam1 ziu1 mun2
三幀,sam1 zin1
三載,sam1 zai3
三祝街,sam1 zuk5 gai1
三盅,sam1 zung1
三株,sam1 zu1
三尊,sam1 zun1
山頂村,san1 dang3 cun1
山嶺角,san1 liang1 gok5
散村,san4 cun1
散排,san4 pai2
散散落落,san4 san4 lok6 lok6
散石灣路,san4 sak6 van1 lu4
薩爾瓦多人,sat5 li3 nga3 do1 ngin2
筲箕灣東官立中學,sau1 gi1 van1 dung1 gon1 lip6 zung1 hok6
筲箕灣官立中學,sau1 gi1 van1 gon1 lip6 zung1 hok6
筲箕灣崇真學校,sau1 gi1 van1 cung2 zin1 hok6 gau3
筲箕灣中心商場,sau1 gi1 van1 zung1 sim1 song1 cong2
西九龍中心,si1 giu3 lung2 zung1 sim1
西谷道,si1 guk5 tau4
西貢道,si1 gung4 tau4
西貢海傍街,si1 gung4 hoi3 pong4 gai1
西貢海傍廣場,si1 gung4 hoi3 pong4 gong3 cong2
西貢正街,si1 gung4 zin4 gai1
西貢中心李少欽紀念學校,si1 gung4 zung1 sim1 li3 sau4 kim1 gi3 ngiam4 hok6 gau3
西興里,si1 hin1 li1
西區海底隧道,si1 ki1 hoi3 dai3 sui4 tau4
西碼頭道,si1 ma1 teu2 tau4
西尾道,si1 mui1 tau4
西門英才中學,si1 mun2 yin1 coi2 zung1 hok6
西華里,si1 fa2 li1
西灣美經援村,si1 van1 mui1 gin1 yen1 cun1
深坑瀝,cim1 hang1 lit6
森麻實道,sem1 ma2 sit6 tau4
深培中學,cim1 pui2 zung1 hok6
深信學校,cim1 sin4 hok6 gau3
深屈道,cim1 kiut5 tau4
深屈灣,cim1 kiut5 van1
沈鳳君,sim3 fung4 giun1
沈可欣,sim3 ko3 hiun1
沈愛琳,sim3 oi4 lim2
甚麼名堂,sim4 mo1 min2 tong2
新青街,sin1 ciang1 gai1
新清水灣道,sin1 cin1 sui3 van1 tau4
新大嶼山巴士,sin1 tai4 yi2 san1 ba1 si3
新都城中心,sin1 du1 sang2 zung1 sim1
新都會廣場,sin1 du1 fui4 gong3 cong2
新界喇沙中學,sin1 gai4 la2 sa1 zung1 hok6
新港城中心,sin1 gong3 sang2 zung1 sim1
新興街,sin1 hin1 gai1
新興後街,sin1 hin1 heu4 gai1
新興海傍街,sin1 hin1 hoi3 pong4 gai1
辛亥年總理中學,sin1 hoi4 ngien2 zung3 li1 zung1 hok6
新鴻基中心商場,sin1 fung2 gi1 zung1 sim1 song1 cong2
新葵興廣場,sin1 kui2 hin1 gong3 cong2
新樂街,sin1 lok6 gai1
新文華中心,sin1 vun2 fa2 zung1 sim1
新寧道,sin1 len2 tau4
新平街,sin1 pin2 gai1
新舖咀,sin1 pu4 zu3
新成街,sin1 sin2 gai1
新田交匯處,sin1 tien2 gau1 fui4 cu4
新田交匯處,sin1 tien2 gau1 fui4 cu3
新屋仔,sin1 vuk5 zai3
新華里,sin1 fa2 li1
新華安里,sin1 fa2 on1 li1
新圍仔,sin1 vui2 zai3
新圍仔路,sin1 vui2 zai3 lu4
新會道,sin1 fui4 tau4
神奇道,sin2 ki2 tau4
十八鄉交匯處,sip6 bat5 hiong1 gau1 fui4 cu4
十八鄉交匯處,sip6 bat5 hiong1 gau1 fui4 cu3
十頂,sip6 dang3
十多打,sip6 do1 da1
十多頂,sip6 do1 dang3
十多滴,sip6 do1 tit6
十多度,sip6 do1 tu4
十多番,sip6 do1 fan1
十多棵,sip6 do1 ko1
十多間,sip6 do1 gan1
十多件,sip6 do1 kien4
十多下,sip6 do1 ha4
十多行,sip6 do1 hong2
十多泡,sip6 do1 pau1
十多啤,sip6 do1 pia1
十多户,sip6 do1 fu4
十多張,sip6 do1 zong1
十多載,sip6 do1 zai3
十多種,sip6 do1 zung3
十來層,sip6 loi2 cen2
十來打,sip6 loi2 da1
十來頂,sip6 loi2 dang3
十來滴,sip6 loi2 tit6
十來度,sip6 loi2 tu4
十來道,sip6 loi2 tau4
十來番,sip6 loi2 fan1
十來棵,sip6 loi2 ko1
十來間,sip6 loi2 gan1
十來件,sip6 loi2 kien4
十來下,sip6 loi2 ha4
十來行,sip6 loi2 hong2
十來名,sip6 loi2 min2
十來泡,sip6 loi2 pau1
十來啤,sip6 loi2 pia1
十來户,sip6 loi2 fu4
十來張,sip6 loi2 zong1
十來載,sip6 loi2 zai3
十來種,sip6 loi2 zung3
十泡,sip6 pau1
十啤,sip6 pia1
修打蘭街,siu1 da3 lan2 gai1
秀雅道,siu4 nga3 tau4
秀華坊,siu4 fa2 fong2
秀竹園道,siu4 zuk5 yen2 tau4
壽臣山道東,siu4 sin2 san1 tau4 dung1
壽臣山道西,siu4 sin2 san1 tau4 si1
蛇地坑,sa2 ti4 hang1
蛇灣角,sa2 van1 gok5
蛇灣山,sa2 van1 san1
四百八十六,si4 bak5 bat5 sip6 luk5
四百八十三,si4 bak5 bat5 sip6 sam1
四百七十六,si4 bak5 cit5 sip6 luk5
四百七十三,si4 bak5 cit5 sip6 sam1
四百九十六,si4 bak5 giu3 sip6 luk5
四百九十三,si4 bak5 giu3 sip6 sam1
四百一十六,si4 bak5 yit5 sip6 luk5
四百一十三,si4 bak5 yit5 sip6 sam1
四百二十六,si4 bak5 ngi4 sip6 luk5
四百二十三,si4 bak5 ngi4 sip6 sam1
四百六十八,si4 bak5 luk5 sip6 bat5
四百六十七,si4 bak5 luk5 sip6 cit5
四百六十九,si4 bak5 luk5 sip6 giu3
四百六十一,si4 bak5 luk5 sip6 yit5
四百六十二,si4 bak5 luk5 sip6 ngi4
四百六十六,si4 bak5 luk5 sip6 luk5
四百六十萬,si4 bak5 luk5 sip6 man4
四百六十五,si4 bak5 luk5 sip6 ng3
四百六十三,si4 bak5 luk5 sip6 sam1
四百六十四,si4 bak5 luk5 sip6 si4
四百五十六,si4 bak5 ng3 sip6 luk5
四百五十三,si4 bak5 ng3 sip6 sam1
四百三十八,si4 bak5 sam1 sip6 bat5
四百三十七,si4 bak5 sam1 sip6 cit5
四百三十九,si4 bak5 sam1 sip6 giu3
四百三十一,si4 bak5 sam1 sip6 yit5
四百三十二,si4 bak5 sam1 sip6 ngi4
四百三十六,si4 bak5 sam1 sip6 luk5
四百三十萬,si4 bak5 sam1 sip6 man4
四百三十五,si4 bak5 sam1 sip6 ng3
四百三十三,si4 bak5 sam1 sip6 sam1
四百三十四,si4 bak5 sam1 sip6 si4
四百四十六,si4 bak5 si4 sip6 luk5
四百四十三,si4 bak5 si4 sip6 sam1
四千兩百萬,si4 cien1 liong1 bak5 man4
四千六百萬,si4 cien1 luk5 bak5 man4
四千三百萬,si4 cien1 sam1 bak5 man4
四頂,si4 dang3
四滴,si4 tit6
四棵,si4 ko1
四五層,si4 ng3 cen2
四五打,si4 ng3 da1
四五頂,si4 ng3 dang3
四五滴,si4 ng3 tit6
四五度,si4 ng3 tu4
四五道,si4 ng3 tau4
四五番,si4 ng3 fan1
四五棵,si4 ng3 ko1
四五間,si4 ng3 gan1
四五件,si4 ng3 kien4
四五下,si4 ng3 ha4
四五名,si4 ng3 min2
四五泡,si4 ng3 pau1
四五啤,si4 ng3 pia1
四五户,si4 ng3 fu4
四五張,si4 ng3 zong1
四五載,si4 ng3 zai3
四五種,si4 ng3 zung3
四泡,si4 pau1
四啤,si4 pia1
四十六萬,si4 sip6 luk5 man4
四十三萬,si4 sip6 sam1 man4
四户,si4 fu4
四載,si4 zai3
錫降村,siak5 gong4 cun1
錫降圍,siak5 gong4 vui2
錫降圍路,siak5 gong4 vui2 lu4
石壁凹,sak6 biak5 au4
石壁道,sak6 biak5 tau4
石鼓壟道,sak6 gu3 lung1 tau4
石壟仔,sak6 lung1 zai3
石壟仔新村,sak6 lung1 zai3 sin1 cun1
石門甲道,sak6 mun2 gap5 tau4
石門交匯處,sak6 mun2 gau1 fui4 cu4
石門交匯處,sak6 mun2 gau1 fui4 cu3
石芽背,sak6 nga2 boi4
石澳後灘泳灘,sak6 au4 heu4 tan1 yun3 tan1
石澳山仔,sak6 au4 san1 zai3
石澳山仔路,sak6 au4 san1 zai3 lu4
石排灣道,sak6 pai2 van1 tau4
石上河,sak6 song4 ho2
石上路,sak6 song4 lu4
石湖墟公立學校,sak6 fu2 hi1 gung1 lip6 hok6 gau3
石仔嶺,sak6 zai3 liang1
石仔灣,sak6 zai3 van1
水邊圍交匯處,sui3 bien1 vui2 gau1 fui4 cu4
水邊圍交匯處,sui3 bien1 vui2 gau1 fui4 cu3
水車館里,sui3 ca1 gon3 li1
水渠道,sui3 ki2 tau4
水塘道,sui3 tong2 tau4
水浸咀排,sui3 zim4 zu3 pai2
瑞奇大道,sui4 ki2 tai4 tau4
萃文道,cui4 vun2 tau4
信愛學校,sin4 oi4 hok6 gau3
脣讀,sun2 tuk6
順風道,sun4 fung1 tau4
順行路,sun4 hang2 lu4
順興街,sun4 hin1 gai1
順平街,sun4 pin2 gai1
順泰道,sun4 tai4 tau4
思源學校,su1 ngien2 hok6 gau3
斯里蘭卡人,su1 li1 lan2 ka1 ngin2
施他佛道,si1 ta1 fut6 tau4
獅頭嶺,su1 teu2 liang1
斯威士蘭人,su1 vui1 su4 lan2 ngin2
史樂信路,su3 lok6 sin4 lu4
士達福信路,su4 tat6 fuk5 sin4 lu4
士他花利街,su4 ta1 fa1 li4 gai1
士他令道,su4 ta1 lin4 tau4
適安街,sit5 on1 gai1
食凍柑,sit6 dung4 gam1
食物環境衞生署,sit6 vut6 van2 gin3 vui4 sang1 su4
食餸尾,sit6 sung4 mui1
仙滿堂,sien1 man1 tong2
昇平村,sin1 pin2 cun1
昇平街,sin1 pin2 gai1
聖伯多祿中學,sin4 bak5 do1 luk5 zung1 hok6
聖博德學校,sin4 bok5 det5 hok6 gau3
聖保祿學校,sin4 bau3 luk5 hok6 gau3
聖保祿中學,sin4 bau3 luk5 zung1 hok6
聖本德中學,sin4 bun3 det5 zung1 hok6
聖佛蘭士街,sin4 fut6 lan2 su4 gai1
聖嘉祿學校,sin4 ga1 luk5 hok6 gau3
聖荷塞,sin4 ho2 soi4
聖言中學,sin4 ngien2 zung1 hok6
勝耀街,sin4 yau4 gai1
聖約翰曾肇添小學,sin4 yok5 hon4 zen1 sau4 tiam1 siau3 hok6
聖若瑟英文中學,sin4 yok6 set5 yin1 vun2 zung1 hok6
聖類斯中學,sin4 lui4 su1 zung1 hok6
聖路易斯波托西市,sin4 lu4 yit6 su1 bo1 tok5 si1 si1
聖馬可中學,sin4 ma1 ko3 zung1 hok6
聖馬利亞堂莫慶堯中學,sin4 ma1 li4 a1 tong2 mok6 kin4 ngiau2 zung1 hok6
聖馬善樂小學,sin4 ma1 sen4 lok6 siau3 hok6
聖馬太學校,sin4 ma1 tai4 hok6 gau3
聖母無玷聖心學校,sin4 mu1 vu2 diam4 sin4 sim1 hok6 gau3
聖安多尼學校,sin4 on1 do1 li2 hok6 gau3
聖安當小學,sin4 on1 dong1 siau3 hok6
聖三一堂小學,sin4 sam1 yit5 tong2 siau3 hok6
聖三一堂中學,sin4 sam1 yit5 tong2 zung1 hok6
聖薩爾瓦多,sin4 sat5 li3 nga3 do1
聖西門呂明才中學,sin4 si1 mun2 li1 min2 coi2 zung1 hok6
聖十架學校,sin4 sip6 ga4 hok6 gau3
聖士提反里,sin4 su4 ti2 fan3 li1
聖士提反堂中學,sin4 su4 ti2 fan3 tong2 zung1 hok6
聖士提反灣泳灘,sin4 su4 ti2 fan3 van1 yun3 tan1
聖貞德中學,sin4 zin1 det5 zung1 hok6
聖匠中學,sin4 siong4 zung1 hok6
承昌道,sin2 cong1 tau4
成全路,sin2 cien2 lu4
成都道,sin2 du1 tau4
承豐道,sin2 fung1 tau4
成興街,sin2 hin1 gai1
城河道,sang2 ho2 tau4
城門道,sang2 mun2 tau4
城門河道,sang2 mun2 ho2 tau4
城門隧道公路,sang2 mun2 sui4 tau4 gung1 lu4
城南道,sang2 lam2 tau4
成安里,sin2 on1 li1
城西道,sang2 si1 tau4
城市花園道,sang2 si1 fa1 yen2 tau4
城市規劃上訴委員團,sang2 si1 gui1 vak6 song4 su4 vui1 yen2 ton2
成運路,sin2 yun4 lu4
蕭萬長,siau1 man4 cong2
蕭明中學,siau1 min2 zung1 hok6
小青洲,siau3 ciang1 ziu1
小交椅洲,siau3 gau1 yi3 ziu1
小磨刀,siau3 mo2 dau1
小稔洲,siau3 lem3 ziu1
小西灣道,siau3 si1 van1 tau4
小食里,siau3 sit6 li1
兆興里,cau4 hin1 li1
梭椏道,so1 a1 tau4
梳士巴利道,so1 su4 ba1 li4 tau4
雙學士,sung1 hok6 su4
相思灣,siong1 su1 van1
相思灣路,siong1 su1 van1 lu4
常興街,song2 hin1 gai1
常怡道天橋,song2 yi2 tau4 tien1 kiau2
常平街,song2 pin2 gai1
上亞厘畢道,song4 a1 li2 bit5 tau4
上七木橋,song4 cit5 muk5 kiau2
上長沙泳灘,song4 cong2 sa1 yun3 tan1
上村新村,song4 cun1 sin1 cun1
上花山,song4 fa1 san1
上角街,song4 gok5 gai1
上角山路,song4 gok5 san1 lu4
上角咀,song4 gok5 zu3
上高灘,song4 gau1 tan1
上高灘街,song4 gau1 tan1 gai1
上海姥姥,song4 hoi3 lau3 lau3
上海商業銀行,song4 hoi3 song1 ngiap6 ngiun2 hong2
尚好記,song4 hau3 gi4
上一村,song4 yit5 cun1
上攸田村,song4 yiu2 tien2 cun1
上陽樓,song4 yong2 leu2
上洋山,song4 yong2 san1
上元街,song4 ngien2 gai1
上嶺皮,song4 liang1 pi2
上羅禮信道,song4 lo2 li1 sin4 tau4
上苗田,song4 miau2 tien2
上山雞乙,song4 san1 gai1 yet5
上水東慶路,song4 sui3 dung1 kin4 lu4
上水官立中學,song4 sui3 gon1 lip6 zung1 hok6
上水游泳池,song4 sui3 yiu2 yun3 ci2
上水名都商場,song4 sui3 min2 du1 song1 cong2
上水宣道小學,song4 sui3 sien1 tau4 siau3 hok6
上水華山,song4 sui3 fa2 san1
上水惠州公立學校,song4 sui3 fui4 ziu1 gung1 lip6 hok6 gau3
上水中心購物商場,song4 sui3 zung1 sim1 geu4 vut6 song1 cong2
上塘,song4 tong2
上圍里,song4 vui2 li1
上禾坑,song4 vo2 hang1
上黃宜坳,song4 vong2 li2 au4
上章圍,song4 zong1 vui2
蘇道哲,su1 tau4 ziet5
蘇浙小學校,su1 ziet5 siau3 hok6 gau3
數百層,su4 bak5 cen2
數百打,su4 bak5 da1
數百頂,su4 bak5 dang3
數百滴,su4 bak5 tit6
數百度,su4 bak5 tu4
數百道,su4 bak5 tau4
數百番,su4 bak5 fan1
數百間,su4 bak5 gan1
數百件,su4 bak5 kien4
數百下,su4 bak5 ha4
數百行,su4 bak5 hong2
數百泡,su4 bak5 pau1
數百啤,su4 bak5 pia1
數百户,su4 bak5 fu4
數百載,su4 bak5 zai3
數百種,su4 bak5 zung3
數千層,su4 cien1 cen2
數千打,su4 cien1 da1
數千頂,su4 cien1 dang3
數千滴,su4 cien1 tit6
數千度,su4 cien1 tu4
數千道,su4 cien1 tau4
數千番,su4 cien1 fan1
數千間,su4 cien1 gan1
數千件,su4 cien1 kien4
數千下,su4 cien1 ha4
數千行,su4 cien1 hong2
數千泡,su4 cien1 pau1
數千啤,su4 cien1 pia1
數千户,su4 cien1 fu4
數千張,su4 cien1 zong1
數千載,su4 cien1 zai3
數千種,su4 cien1 zung3
數碼港道,su4 ma1 gong3 tau4
數萬層,su4 man4 cen2
數萬打,su4 man4 da1
數萬頂,su4 man4 dang3
數萬滴,su4 man4 tit6
數萬度,su4 man4 tu4
數萬道,su4 man4 tau4
數萬番,su4 man4 fan1
數萬間,su4 man4 gan1
數萬件,su4 man4 kien4
數萬下,su4 man4 ha4
數萬行,su4 man4 hong2
數萬名,su4 man4 min2
數萬泡,su4 man4 pau1
數萬啤,su4 man4 pia1
數萬户,su4 man4 fu4
數萬張,su4 man4 zong1
數萬載,su4 man4 zai3
數萬種,su4 man4 zung3
數泡,su4 pau1
數啤,su4 pia1
數十層,su4 sip6 cen2
數十打,su4 sip6 da1
數十頂,su4 sip6 dang3
數十滴,su4 sip6 tit6
數十度,su4 sip6 tu4
數十番,su4 sip6 fan1
數十間,su4 sip6 gan1
數十件,su4 sip6 kien4
數十下,su4 sip6 ha4
數十行,su4 sip6 hong2
數十泡,su4 sip6 pau1
數十啤,su4 sip6 pia1
數十户,su4 sip6 fu4
數十載,su4 sip6 zai3
數十種,su4 sip6 zung3
數户,su4 fu4
崇平街,cung2 pin2 gai1
崇華街,cung2 fa2 gai1
崇正路,cung2 zin4 lu4
崇正新村,cung2 zin4 sin1 cun1
輸血服務中心,su1 hiet5 fuk6 vu4 zung1 sim1
舒梨道,su1 li2 tau4
孫方中小學,sun1 fong1 zung1 siau3 hok6
宣基中學,sien1 gi1 zung1 hok6
孫國華,sun1 get5 fa2
孫行者,sun1 hang2 za3
孫中山紀念館,sun1 zung1 san1 gi3 ngiam4 gon3
選擇困難症,sien3 cak6 kun4 lan2 zin4
泰伯紀念學校,tai4 bak5 gi3 ngiam4 hok6 gau3
太古城道,tai4 gu3 sang2 tau4
太古城中心,tai4 gu3 sang2 zung1 sim1
太古灣道,tai4 gu3 van1 tau4
泰亨中心圍,tai4 hen1 zung1 sim1 vui2
太興廣場,tai4 hin1 gong3 cong2
太樂街,tai4 lok6 gai1
太平洋廣場,tai4 pin2 yong2 gong3 cong2
譚伯羽中學,tam2 bak5 yi3 zung1 hok6
譚公廟道,tam2 gung1 miau4 tau4
譚李麗芬紀念中學,tam2 li3 li4 fun1 gi3 ngiam4 zung1 hok6
譚震林,tam2 zin3 lim2
塔門海傍街,tap5 mun2 hoi3 pong4 gai1
體育道,ti3 yuk5 tau4
投資推廣署,teu2 zu1 tui1 gong3 su4
添福道,tiam1 fuk5 tau4
天平里,tien1 pin2 li1
天平路,tien1 pin2 lu4
天水圍循道衞理小學,tien1 sui3 vui2 sun2 tau4 vui4 li1 siau3 hok6
天水圍循道衞理中學,tien1 sui3 vui2 sun2 tau4 vui4 li1 zung1 hok6
天水圍官立中學,tien1 sui3 vui2 gon1 lip6 zung1 hok6
天水圍香島中學,tien1 sui3 vui2 hiong1 dau3 zung1 hok6
天水圍靈愛小學,tien1 sui3 vui2 lin2 oi4 siau3 hok6
天水圍西交匯處,tien1 sui3 vui2 si1 gau1 fui4 cu4
天水圍西交匯處,tien1 sui3 vui2 si1 gau1 fui4 cu3
田夫仔,tien2 fu1 zai3
田家炳中學,tien2 ga1 biang3 zung1 hok6
田灣海旁道,tien2 van1 hoi3 pong2 tau4
田灣山道,tien2 van1 san1 tau4
鐵矢山,tiet5 ci3 san1
鐵德樹,tiet5 det5 su4
鐵坑,tiet5 hang1
鐵鉗坑,tiet5 kiam2 hang1
鐵尾仔,tiet5 mui1 zai3
鐵砂塱,tiet5 sa1 long3
鐵樹街,tiet5 su4 gai1
湯國華中學,tong1 get5 fa2 zung1 hok6
唐人新村交匯處,tong2 ngin2 sin1 cun1 gau1 fui4 cu4
唐人新村交匯處,tong2 ngin2 sin1 cun1 gau1 fui4 cu3
塘瀝仔,tong2 lit6 zai3
塘尾道官立小學,tong2 mui1 tau4 gon1 lip6 siau3 hok6
唐思盈,tong2 su1 yin2
塘上村,tong2 song4 cun1
塘仔灣,tong2 zai3 van1
陶源中菜,tau2 ngien2 zung1 coi4
陶樂路,tau2 lok6 lu4
圖瓦盧人,tu2 nga3 lu2 ngin2
圖書館道,tu2 su1 gon3 tau4
陶鑄,tau2 zu4
通德學校,tung1 det5 hok6 gau3
統一碼頭道,tung3 yit5 ma1 teu2 tau4
屯青里,tun2 ciang1 li1
屯興路,tun2 hin1 lu4
屯樂里,tun2 lok6 li1
屯門官立中學,tun2 mun2 gon1 lip6 zung1 hok6
屯門河道,tun2 mun2 ho2 tau4
豚勝,tun2 sin4
豚豚食堂,tun2 tun2 sit6 tong2
屋蘭士街,vuk5 lan2 su4 gai1
屋蘭士里,vuk5 lan2 su4 li1
華翠街,fa2 cui4 gai1
華昌街,fa2 cong1 gai1
華德學校,fa2 det5 hok6 gau3
華都花園商場,fa2 du1 fa1 yen2 song1 cong2
華杜茲,fa2 tu4 zu1
華富道,fa2 fu4 tau4
華富商場,fa2 fu4 song1 cong2
華福街,fa2 fuk5 gai1
華歡街,fa2 fon1 gai1
華豐街,fa2 fung1 gai1
華景街,fa2 gin3 gai1
華景商場,fa2 gin3 song1 cong2
華貴道,fa2 gui4 tau4
華貴坊商場,fa2 gui4 fong2 song1 cong2
華廈街,fa2 ha4 gai1
華興里,fa2 hin1 li1
華康街,fa2 kong1 gai1
華賢坊東,fa2 hien2 fong2 dung1
華賢坊西,fa2 hien2 fong2 si1
華瑤路,fa2 yau2 lu4
華容路,fa2 yung2 lu4
華僑銀行,fa2 kiau2 ngiun2 hong2
華麗購物廣場,fa2 li4 geu4 vut6 gong3 cong2
華雷斯城,fa2 lui2 su1 sang2
華倫街,fa2 lun2 gai1
華明里,fa2 min2 li1
華明路,fa2 min2 lu4
華明商場,fa2 min2 song1 cong2
華寧里,fa2 len2 li1
華安里,fa2 on1 li1
華心商場,fa2 sim1 song1 cong2
華信街,fa2 sin4 gai1
華泰路,fa2 tai4 lu4
華庭街,fa2 tin2 gai1
華建敏,fa4 gien4 men3
懷惠道,fai2 fui4 tau4
畫眉山,vak6 mi2 san1
灣仔電腦城,van1 zai3 tien4 lau3 sang2
灣仔交匯處,van1 zai3 gau1 fui4 cu4
灣仔交匯處,van1 zai3 gau1 fui4 cu3
灣仔游泳池,van1 zai3 yiu2 yun3 ci2
灣仔堂基道小學,van1 zai3 tong2 gi1 tau4 siau3 hok6
環翠道,van2 cui4 tau4
環角道,van2 gok5 tau4
環興街,van2 hin1 gai1
環樂街,van2 lok6 gai1
幻想道,fam4 siong3 tau4
橫江村,vang2 gong1 cun1
橫坑村,vang2 hang1 cun1
橫嶺,vang2 liang1
橫嶺坳,vang2 liang1 au4
橫嶺背,vang2 liang1 boi4
橫嶺頭,vang2 liang1 teu2
橫瀝,vang2 lit6
橫塱,vang2 long3
橫門海,vang2 mun2 hoi3
橫卧,vang2 ngo4
橫平山南路,vang2 pin2 san1 lam2 lu4
橫山腳,vang2 san1 giok5
橫頭墩,vang2 teu2 dun1
橫頭磡東道,vang2 teu2 ham4 dung1 tau4
橫頭磡南道,vang2 teu2 ham4 lam2 tau4
橫頭磡中道,vang2 teu2 ham4 zung1 tau4
橫塘,vang2 tong2
橫塘河,vang2 tong2 ho2
橫窩仔街,vang2 vo1 zai3 gai1
橫洲東頭圍,vang2 ziu1 dung1 teu2 vui2
橫洲福慶村,vang2 ziu1 fuk5 kin4 cun1
橫洲角,vang2 ziu1 gok5
橫洲楊屋村,vang2 ziu1 yong2 vuk5 cun1
橫洲林屋村,vang2 ziu1 lim2 vuk5 cun1
橫洲路,vang2 ziu1 lu4
橫洲西頭圍,vang2 ziu1 si1 teu2 vui2
橫洲忠心圍,vang2 ziu1 zung1 sim1 vui2
威非路道,vui1 fui1 lu4 tau4
尉健行,vui3 kien4 hang2
圍仔村,vui2 zai3 cun1
圍仔第一街,vui2 zai3 ti4 yit5 gai1
圍仔第二街,vui2 zai3 ti4 ngi4 gai1
圍仔第五街,vui2 zai3 ti4 ng3 gai1
圍仔第三街,vui2 zai3 ti4 sam1 gai1
圍仔第四街,vui2 zai3 ti4 si4 gai1
圍仔街,vui2 zai3 gai1
圍仔井新村,vui2 zai3 ziang3 sin1 cun1
偉樂街,vui3 lok6 gai1
惠福道,fui4 fuk5 tau4
惠僑英文中學,fui4 kiau2 yin1 vun2 zung1 hok6
衞理中學,vui4 li1 zung1 hok6
衞平坊,vui4 pin2 fong2
衞信道,vui4 sin4 tau4
惠華街,fui4 fa2 gai1
渭州道,vui4 ziu1 tau4
雲泉學校,yun2 can2 hok6 gau3
雲地利道,yun2 ti4 li4 tau4
雲華街,yun2 fa2 gai1
運盈街,yun4 yin2 gai1
宏貝道,fen2 bui4 tau4
宏冠道,fen2 gon1 tau4
宏樂街,fen2 lok6 gai1
宏安道,fen2 on1 tau4
宏泰道,fen2 tai4 tau4
宏華街,fen2 fa2 gai1
屈臣道,kiut5 sin2 tau4
屈霆軒,kiut5 tin2 hien1
榮華餅家,yin2 fa2 biang3 ga1
榮華里,yin2 fa2 li1
永定道,yun1 tin4 tau4
永興街,yun1 hin1 gai1
永樂里,yun1 lok6 li1
永隆中學,yun1 lung2 zung1 hok6
永愛道,yun1 oi4 tau4
永平村,yun1 pin2 cun1
窩仔街,vo1 zai3 gai1
禾上坳,vo2 song4 au4
禾上墩,vo2 song4 dun1
禾上墩街,vo2 song4 dun1 gai1
禾堂背,vo2 tong2 boi4
獲嘉道,vet6 ga1 tau4
汪東興,vong1 dung1 hin1
王丙乾,vong2 biang3 kien2
黃埔學校,vong2 bu4 hok6 gau3
黃埔宣道小學,vong2 bu4 sien1 tau4 siau3 hok6
黃陳淑英紀念學校,vong2 cin2 suk6 yin1 gi3 ngiam4 hok6 gau3
黃大仙中心,vong2 tai4 sien1 zung1 sim1
黃棣珊紀念中學,vong2 ti4 san1 gi3 ngiam4 zung1 hok6
黃笏南中學,vong2 fut5 lam2 zung1 hok6
黃鳳翎中學,vong2 fung4 lin2 zung1 hok6
王錦輝中小學,vong2 gim3 fui1 zung1 siau3 hok6
王角頂,vong2 gok5 dang3
皇后大道東,fong2 heu4 tai4 tau4 dung1
黃漢青,vong2 hon4 ciang1
王任重,vong2 ngim4 cung4
黃潤成,vong2 yun4 sin2
黃英強,vong2 yin1 kiong2
王靈桂,vong2 lin2 gui4
皇龍道,fong2 lung2 tau4
黃龍坑道,vong2 lung2 hang1 tau4
黃麻角道,vong2 ma2 gok5 tau4
黃毛應,vong2 mau1 yin4
黃泥洲仔,vong2 lai2 ziu1 zai3
黃士心小學,vong2 su4 sim1 siau3 hok6
王少清中學,vong2 sau4 cin1 zung1 hok6
黃少珠,vong2 sau4 zu1
王華湘中學,vong2 fa2 siong1 zung1 hok6
黃梓樂,vong2 zu3 lok6
黃婧靈,vong2 ciang4 lin2
黃竹坑道,vong2 zuk5 hang1 tau4
往灣西頂,vong1 van1 si1 dang3
旺角電腦中心,vong4 gok5 tien4 lau3 zung1 sim1
旺角城市中心,vong4 gok5 sang2 si1 zung1 sim1
烏鴉落陽,vu1 a1 lok6 yong2
烏格都古,vu1 gak5 du1 gu3
烏蛟騰路,vu1 gau1 ten2 lu4
烏龜沙咀,vu1 gui1 sa1 zu3
烏蠅排,vu1 yin2 pai2
烏溪沙路,vu1 kai1 sa1 lu4
烏魯木齊市,vu1 lu1 muk5 ce2 si1
烏排,vu1 pai2
烏石角,vu1 sak6 gok5
烏洲,vu1 ziu1
烏洲塘,vu1 ziu1 tong2
烏茲別克人,vu1 zu1 piet6 ket5 ngin2
湖邊大道,fu2 bien1 tai4 tau4
胡大為,fu2 tai4 vui2
蝴蝶谷道,fu2 tiap6 guk5 tau4
胡經昌,fu2 gin1 cong1
湖景道,fu2 gin3 tau4
胡漢輝中學,fu2 hon4 fui1 zung1 hok6
胡少渠紀念小學,fu2 sau4 ki2 gi3 ngiam4 siau3 hok6
胡兆熾中學,fu2 cau4 ci4 zung1 hok6
胡素貞博士紀念學校,fu2 su4 zin1 bok5 su4 gi3 ngiam4 hok6 gau3
胡忠中學,fu2 zung1 zung1 hok6
匯翔道,fui4 siong2 tau4
會德豐地產,fui4 det5 fung1 ti4 san3
匯景道,fui4 gin3 tau4
匯立銀行,fui4 lip6 ngiun2 hong2
會所街,fui4 so3 gai1
翟凱泰,cak6 koi3 tai4
澤安道南,cak6 on1 tau4 lam2
盞記燕窩,zan3 gi4 yen4 vo1
集友銀行,sip6 yiu1 ngiun2 hong2
集成中心商場,sip6 sin2 zung1 sim1 song1 cong2
集中式,sip6 zung1 sit5
扎山道,zat5 san1 tau4
昃臣道,zet5 sin2 tau4
真鐸學校,zin1 tok6 hok6 gau3
真味鮮廚,zin1 mui4 sien1 cu2
珍諾華大道,zin1 lok5 fa2 tai4 tau4
振興新村,zin3 hin1 sin1 cun1
震寰路,zin3 fan2 lu4
曾璧山,zen1 bit5 san1
曾璧山崇蘭中學,zen1 bit5 san1 cung2 lan2 zung1 hok6
曾大屋新村,zen1 tai4 vuk5 sin1 cun1
曾健明,zen1 kien4 min2
曾潔,zen1 giet5
曾貫一,zen1 gon4 yit5
曾憲備小學,zen1 hien4 pi4 siau3 hok6
曾海昌,zen1 hoi3 cong1
曾裕彤,zen1 yi4 tung2
曾琬莎,zen1 van3 so1
曾路得,zen1 lu4 det5
曾敏,zen1 men3
曾美欣,zen1 mui1 hiun1
曾梅千禧學校,zen1 moi2 cien1 hi1 hok6 gau3
罾棚角頂,zen1 pang2 gok5 dang3
增城兆霖學校,zen1 sang2 cau4 lim2 hok6 gau3
曾肇添中學,zen1 sau4 tiam1 zung1 hok6
曾淑雅,zen1 suk6 nga3
曾屋村,zen1 vuk5 cun1
曾仔坳,zen1 zai3 au4
曾展望,zen1 zien3 mong4
執毛洲,zip5 mau1 ziu1
洲背,ziu1 boi4
洲仔角,ziu1 zai3 gok5
走過十萬八千里找到你,zeu3 go4 sip6 man4 bat5 cien1 li1 zau3 dau4 li3
酒莊大道,ziu3 zong1 tai4 tau4
謝興華,cia4 hin1 fa2
謝恩靈,cia4 en1 lin2
井頭上村南,ziang3 teu2 song4 cun1 lam2
井頭中村,ziang3 teu2 zung1 cun1
鄭任安夫人學校,cang4 ngim4 on1 fu1 ngin2 hok6 gau3
鄭裕彤中學,cang4 yi4 tung2 zung1 hok6
鄭少玲,cang4 sau4 lin2
鄭華勝,cang4 fa2 sin4
鄭榮之中學,cang4 yin2 zu1 zung1 hok6
聚魚道,ci4 ng2 tau4
駿盈街,zun4 yin2 gai1
芝麻灣道,zi1 ma2 van1 tau4
茲辛瓦利,zu1 sin1 nga3 li4
資訊道,zu1 sin4 tau4
資訊科技總監辦公室,zu1 sin4 ko1 ki3 zung3 gam1 pan4 gung1 sit5
置富道,zi4 fu4 tau4
志蓮道,zi4 lien2 tau4
志士達道,zi4 su4 tat6 tau4
志成里,zi4 sin2 li1
置華里,zi4 fa2 li1
自由道,cu4 yiu2 tau4
自助美經援村,cu4 co4 mui1 gin1 yen1 cun1
偵錯,zin1 co4
正冬火鍋,zin4 dung1 fo3 vo1
正暉街,zin4 fui1 gai1
政府經濟顧問辦公室,zin4 fu3 gin1 zi4 gu4 mun4 pan4 gung1 sit5
政府統計處,zin4 fu3 tung3 ge4 cu4
政府統計處,zin4 fu3 tung3 ge4 cu3
政府資訊科技總監辦公室,zin4 fu3 zu1 sin4 ko1 ki3 zung3 gam1 pan4 gung1 sit5
政務司司長辦公室,zin4 vu4 su1 su1 cong2 pan4 gung1 sit5
佐敦中心,zo3 dun1 zung1 sim1
張保仔路,zong1 bau3 zai3 lu4
張本立,zong1 bun3 lip6
張沖,zong1 cung1
張德蘭,zong1 det5 lan2
張家港,zong1 ga1 gong3
將官中,ziong1 gon1 zung1
張公山,zong1 gung1 san1
將軍澳基德小學,ziong1 giun1 au4 gi1 det5 siau3 hok6
將軍澳官立小學,ziong1 giun1 au4 gon1 lip6 siau3 hok6
將軍澳官立中學,ziong1 giun1 au4 gon1 lip6 zung1 hok6
將軍澳香島中學,ziong1 giun1 au4 hiong1 dau3 zung1 hok6
將軍澳藍田隧道,ziong1 giun1 au4 lam2 tien2 sui4 tau4
將軍澳隧道,ziong1 giun1 au4 sui4 tau4
將軍澳隧道公路,ziong1 giun1 au4 sui4 tau4 gung1 lu4
將軍澳市中心,ziong1 giun1 au4 si1 zung1 sim1
將軍澳中心,ziong1 giun1 au4 zung1 sim1
將軍會館,ziong1 giun1 fui4 gon3
張國清,zong1 get5 cin1
張國財,zong1 get5 coi2
張洪量,zong1 fung2 liong4
張翼東,zong1 yit6 dung1
張凝文學校,zong1 ngien2 vun2 hok6 gau3
將藍公路,ziong1 lam2 gung1 lu4
張萬年,zong1 man4 ngien2
張紋嘉,zong1 vun2 ga1
張明添,zong1 min2 tiam1
張明添中學,zong1 min2 tiam1 zung1 hok6
張武孝,zong1 vu1 hau4
張沛松,zong1 pui4 cung2
張秀蘭,zong1 siu4 lan2
張詩欣,zong1 si1 hiun1
張天穎,zong1 tien1 yin3
張屋村,zong1 vuk5 cun1
張屋地,zong1 vuk5 ti4
張屋圍,zong1 vuk5 vui2
張韡騰,zong1 vui3 ten2
張惠雅,zong1 fui4 nga3
張永慶,zong1 yun1 kin4
張詠恩,zong1 yun3 en1
張煌偉小學,zong1 fong2 vui3 siau3 hok6
張駿豪,zong1 zun4 hau2
張靜婷,zong1 cin4 tin2
張趙凱渝,zong1 cau4 koi3 yi2
張祝珊英文中學,zong1 zuk5 san1 yin1 vun2 zung1 hok6
張轉男,zong1 zon3 lam2
嶂上,zong4 song4
載德街,zoi4 det5 gai1
莊易羚,zong1 yi4 lin2
棗梨雅道,zau3 li2 nga3 tau4
竹興里,zuk5 hin1 li1
中翔路,zung1 siong2 lu4
鍾叮噹,zung1 den1 dong1
中非人,zung1 fui1 ngin2
中間澳,zung1 gan1 au4
中港道,zung1 gong3 tau4
中國建設銀行,zung1 get5 gien4 siet5 ngiun2 hong2
中國旅行社,zung1 get5 li3 hang2 sa1
舂坎角泳灘,zung1 kam3 gok5 yun3 tan1
舂坎灣,zung1 kam3 van1
中興街,zung1 hin1 gai1
中興後街,zung1 hin1 heu4 gai1
中興海傍街,zung1 hin1 hoi3 pong4 gai1
中興新街,zung1 hin1 sin1 gai1
中學路,zung1 hok6 lu4
中央道,zung1 yong1 tau4
中央圖書館,zung1 yong1 tu2 su1 gon3
中源中心商場,zung1 ngien2 zung1 sim1 song1 cong2
中山紀念公園,zung1 san1 gi3 ngiam4 gung1 yen2
中西區聖安多尼學校,zung1 si1 ki1 sin4 on1 do1 li2 hok6 gau3
中心村,zung1 sim1 cun1
中心里,zung1 sim1 li1
中信大廈廣場,zung1 sin4 tai4 ha4 gong3 cong2
鐘聲學校,zung1 sang1 hok6 gau3
中華電力有限公司,zung1 fa2 tien4 lit6 yiu1 han4 gung1 su1
中華基金中學,zung1 fa2 gi1 gim1 zung1 hok6
中灣泳灘,zung1 van1 yun3 tan1
中環萬宜大廈商場,zung1 van2 man4 li2 tai4 ha4 song1 cong2
忠正街,zung1 zin4 gai1
種植道,zung3 cit6 tau4
朱敬文中學,zu1 gin4 vun2 zung1 hok6
朱國強,zu1 get5 kiong2
朱樂洺,zu1 lok6 miang2
朱石麟中學,zu1 sak6 lin2 zung1 hok6
豬黃嶺,zu1 vong2 liang1
朱正賢小學,zu1 zin4 hien2 siau3 hok6
鑽石山石澗,zon4 sak6 san1 sak6 gan4
船灣淡水湖,son2 van1 tam1 sui3 fu2
撈靜水,leu2 cin4 sui3
撈靜水,lau1 cin4 sui3
雙孖鯉魚,sung1 ma1 li1 ng2
長莆,cong2 pu2
長咀洲,zong3 zu3 ziu1
蛇餅,yi4 biang3
蛇餅,sa2 biang3
執地,zip5 ti4
鹹水話,ham2 sui3 va4
識下人,sit5 ha4 ngin2
客務中心,hak5 vu4 zung1 sim1
聽診器,tang4 zin3 hi4
聯羣結隊,lien2 kiun2 giet5 dui4
大士王,tai4 su4 vong2
興趣盎然,hin4 ci4 ong4 yen2
腥羶,siang1 zien1
腥羶,sen1 zien1
竹籃打水,zuk5 lam2 da3 sui3
校園電視,gau3 yen2 tien4 si4
逆轉勝,ngiak6 zon3 sin4
逆轉勝,ngiak6 zon4 sin4
時裝災難,si2 zong1 zai1 lan2
時裝災難,si2 zong1 zai1 lan4
鑊仔牛柳,vok6 zai3 ngiu2 liu3
兩粒一扮,liong1 lip5 yit5 pan4
塞拉耶佛,set5 lai1 ya2 fut6
財政司司長辦公室,coi2 zin4 su1 su1 cong2 pan4 gung1 sit5
講話有骨,gong3 va4 yiu1 gut5
起重設備,hi3 cung2 siet5 pi4
起重設備,hi3 cung1 siet5 pi4
四兩撥千斤,si4 liong3 pat5 cien1 gin1
朝頭夜晚,zau1 teu2 ya4 man1
