char,pron
熱頭,ngik6 täu2
飛星,fi1 säng1
掃把星,säu1 ba2 seng1
天河,ting1 ho4
天狗喫日,ting1 gäu2 hek2 yäk6
天狗喫月,ting1 gäu2 hek2 yük6
發風,fæk2 fung1
發大風,fæk2 dai6 fung1
逆風,ngæk6 fung1
雨粉,yü1 fäng2
落雨,lok6 yü1
天晴,ting1 cäng4
天好,ting1 häu2
涿雨,duk2 yü1
耷雨,däp6 yü1
雷公,löi4 gung1
雷公響,löi4 gung1 höng2
天攝,ting1 sip2
火蛇撩,fo2 se4 liu2
露水,lu6 söi2
打霧,da2 mu6
起霧,hi2 mu6
落霜,lok6 söng1
天弓,ting1 gung1
落雹,lok6 bok6
降雪,gong6 sük2
融雪,yung4 sük2
結冰,gik2 bäng1
天候,ting1 häu6
天時,ting1 si4
陰天,yäm2 ting1
天陰,ting1 yäm2
好天,häu2 ting1
天乾,ting1 gwung1
水浸,söi2 zäm1
天時熱,ting1 si4 ngik6
翳悶,ngäi4 mung6
凍鐵鐵,dung6 dik2 dik2
涼浸浸,löng4 zäm1 zäm1
涼爽,löng4 song2
和暖,wo4 nüng1
山頭,sæng1 täu4
山嶺,sæng1 läng2
山腰,sæng1 yiu1
山腳,sæng1 gök2
山崖,sæng1 ngai4
山谷,sæng1 guk2
山前,sæng1 cing4
山後,sæng1 häu6
水澗,söi2 gæng1
沙攔,sa1 læng2
坑渠,hæng1 kü4
水瀝,söi2 lek2
水氹,söi2 täm1
平地,peng6 di6
石仔,sek6 zäi2
石頭,sek6 täu4
鵝春石,ngo4 cäng1 sek6
泥沙,näi4 sa1
燥泥,zäu1 näi4
爛泥,næng6 näi4
濕泥,säp2 näi4
灰塵,fui1 cäng4
泥塵,näi4 cäng4
垃圾,lap6 sap2
生銹,sæng1 säu2
木屑,muk6 sik2
木碎,muk6 söi1
石灰,sek6 fui1
紅毛泥,hung4 mäu4 näi4
玻璃,bo1 li2
攝石,sip2 sek6
凍水,dung1 söi2
暖水,nüng1 söi2
熱水,ngik6 söi2
滾水,gwäng2 söi2
潲水,sau1 söi2
鄉下,höng1 ha2
色水,säk2 söi2
味道,mi6 däu6
風景,fung1 gäng2
前邊,cing4 bing6
後邊,häu6 bing6
後背歷,häu6 bi6 läi2
左邊,zo2 bing6
左手邊,zo2 säu2 bing6
右邊,yäu6 bing6
右手邊,yäu6 säu2 bing6
上邊,söng6 bing6
上高,söng6 gäu1
下邊,ha6 bing6
下低,ha6 däi2
入邊,yäp6 bing6
入解,yäp6 gai2
出邊,cäk2 bing6
出茅,cäk2 mau2
屋上,uk2 söng2
床下底,cong4 ha6 däi2
中間心,zung1 gæng1 säm2
側邊,zäp2 bing2
對面,döi1 ming6
近邊,gäng6 bing6
附近,fu6 gäng6
隔籬,gäk2 li4
隔籬鄰舍,gäk2 li4 läng4 se1
今年,gäm1 ning4
舊年,gäu6 ning4
前年,cing4 ning2
大前年,dai6 cing4 ning2
出年,cäk2 ning2
後年,häu6 ning2
大後年,dai6 häu6 ning2
今日,gäm1 yäk6
昨日,co1 yäk2
尋日,cäm4 yäk6
前日,cing4 yäk2
大前日,dai6 cing4 yäk2
聽日,täng1 yäk6
聽日,täng1 yäk2
後日,häu6 yäk6
大後日,dai6 häu6 yäk6
第二日,däi6 ngi6 yäk6
日日,yäk6 yäk6
日子,yäk6 zi2
鐘頭,zung1 täu4
點鐘,dim2 zung1
天光,ting1 gwong1
麻嘅,ma4 ge2
朝頭早,ziu6 täu4 zäu2
上晝,söng6 zäu1
晏晝,æng6 zäu2
下晝,ha6 zäu6
挨晚,ai1 mæng1
日頭,yäk6 täu2
晚頭黑,mæng1 täu4 hak2
入夜,yäp6 ya6
成日,seng4 yak6
天黑,ting1 häk2
月頭,yük6 täu4
月尾,yük6 mi1
舊時,gäu6 si4
舊陣時,gäu6 zäng6 si4
那下,na2 ha1
起頭,hi2 täu4
開首,fui1 säu2
後尾,häu6 mi1
收尾,säu2 mi1
最後尾,zöi1 säu1 mi1
啱先,ngam2 sing1
頭先,täu4 sing1
大年初一,dai6 ning4 co1 yäk2
五月節,ng1 yük6 zik2
扒龍船,pa4 lung4 süng4
八月十五,bæk2 yük6 säp6 ng1
重陽,cung4 yong4
重九,cung4 gäu2
九月九,gäu2 yük6 gäu2
大年卅晚,dai6 ning4 sa6 mæng1
年卅晚,ning4 sa6 mæng1
通書,tung1 sü1
通勝,tung1 säng1
一世,yäk2 säi1
成世,seng4 säi1
前世,cing4 säi1
下一世,ha6 yäk2 säi1
第二世,däi6 ngi6 säi1
一陣間,yäk2 zäng6 gæng2
眨下眼,zam2 ha1 ngæng2
時候,si4 häu6
水田,söi2 ting4
田壆,ting4 bok2
耕田,gæng1 ting4
蒔田,si1 ting4
剔禾草,tik2 wo4 cäu2
割禾,gwuk2 wo4
拌禾,pæng1 wo4
打穀,da2 guk2
禾稈草,wo4 gwung2 cäu2
禾稈頭,wo4 gwung2 täu4
鋤頭,co4 täu4
鋤頭,co4 täu2
番釘,fæng1 deng1
禾鐮,wo4 lim2
草鐮,cäu2 lim2
草鐮,cäu2 lim4
鐮刀,lim4 dau1
柴刀,cai6 däu1
水車,söi2 ce1
風車,fung1 ce1
拌桶,pæng1 tung2
穀臿,guk2 cap2
垃圾臿,lap6 sap2 cap2
穀籮,guk2 lo4
泥磨,näi4 mo2
碓坎,döi1 häm2
地堂,di6 tong2
禾堂,wo4 tong2
窩攔,wo1 læng4
擔竿,dam1 gung1
繩仔,säng4 zäi2
打樁,da2 zong1
門楔,mung4 sip2
竹棒,zuk2 pang1
發芽,fak2 nga4
掌牛,zöng2 ngäu4
斬柴,zam2 cai4
劈柴,pek2 cai4
破柴,po1 cai4
投墟,täu4 hü1
入城,yäp6 seng2
出城,cäk2 seng2
網魚,mong6 yü4
捉魚,zuk2 yü2
作壩,zok2 ba1
作壆,zok2 bok2
乾塘,gwung1 tong4
戽水,fu1 söi2
磨米,mo4 mäi1
壓米,ngak2 mäi1
菜園,cöi1 yüng4
種菜,zung1 cöi2
淋菜,läm4 cöi1
劏魚,tong1 yü4
劏雞,tong1 gäi1
𠜎雞,sing1 gäi1
劏豬,tong1 zü1
養雞,yöng1 gäi1
養豬,yöng1 zü1
做嘢,zu6 ya1
糴米,dek6 mäi1
買豬肉,mai1 zü1 yuk6
洗米,säi2 mäi1
煮飯,zü2 fæng6
焗飯,guk6 fæng6
煮餸,zü2 sung1
煲湯,bäu1 tong1
滾湯,gwäng2 tong1
盪碗,long1 wung2
洗碗,säi2 wung2
執拾,zap2 säp6
供養,gung1 yöng1
掌屋,zöng2 uk2
掌門口,zöng2 mung4 häu2
晾衫,long6 sam1
晾燥,long6 zau1
火燭,fo2 zuk2
出力,cäk2 läk6
攤凍,tæng1 dung1
泛穀,pæng1 guk2
糯米,no6 mäi1
粘米,zim1 mäi1
米仔,mäi1 zäi2
狗尾粟,gäu2 mi1 suk2
包粟,bau1 suk2
高粱,gäu1 löng4
黃豆,wong4 däu2
大豆,dai6 däu2
荷蘭豆,ho4 læng2 däu2
蠶豆,cam4 däu2
芝麻,zi1 ma4
豆角,däu6 gok2
扁豆,bing2 däu6
葛薯,guk2 sü4
荷蘭薯,ho4 læng2 sü4
薯仔,sü4 zäi2
地豆,di6 däu6
地豆米,di6 däu6 mäi1
栗子,läk6 zi1
菠菜,bo2 cöi1
黃芽白,wong4 nga4 bæk6
矮瓜,äi2 gwa1
絲瓜,si1 gwa1
番瓜,fæng1 gwa1
冬瓜,dung1 gwa1
青瓜,ceng1 gwa1
番茄,fæng1 kö2
菜頭,cöi1 täu4
紅蘿蔔,hung4 lo4 bæk6
甘筍,gäm1 säng2
辣椒,læk6 ziu2
蕹菜,ung1 cöi1
韭菜,gäu2 cöi1
莧菜,hing1 cöi1
芥菜,gai1 cöi1
芹菜,käng4 cöi1
芫荽,yim4 säi1
生菜,sæng1 cöi1
潺菜,sæng4 cöi1
慈姑,ci4 gu1
牙姑,nga4 gu1
蓮藕,ling4 ngäu1
馬蹄,ma1 täi2
菱角,läng4 gok2
蒜頭,süng1 täu4
蒜梗,süng1 kwæng2
蕎頭,kiu1 täu4
菜梗,cöi1 kwæng2
菜根,cöi1 gäng2
浮仔,fäu4 zäi2
浮薸,pou4 piu4
生果,sæng1 gwo2
李仔,li2 zäi2
腍柿,näm4 ci2
腍柿,näm4 säi4
石榴,sek6 läu4
雪梨,sük2 li4
碌柚,luk2 yäu2
梅仔,mui4 zäi2
菩提子,pu4 täi4 zi2
櫻桃,yäng1 täu4
紅棗,hung4 zäu2
合桃,häp6 täu4
山楂,sæng1 za1
牙蕉,nga4 ziu1
荔枝,läi6 zi2
龍眼,lung4 ngæng1
西瓜,säi1 gwa1
梅花,mui4 fa1
杏花,häng6 fa1
桃花,täu4 fa1
蓮花,ho4 fa1
蓮花,ling4 fa1
桂花,gwäi1 fa1
杜鵑花,du6 güng2 fa1
蘭花,læng4 fa1
雞春花,gäi1 cäng1 fa1
茉莉,muk6 li2
白蘭,bæk6 læng2
白蘭花,bæk6 læng2 fa1
金銀花,gäm1 ngäng4 fa1
菊花,guk2 fa1
葵花,kwäi4 fa1
棉花,ming4 fa1
槐樹,wai4 sü6
楓樹,fung1 sü6
苦楝樹,fu2 ling6 sü6
千層皮,cing1 cäng4 pi4
桑仔,song1 zäi1
榕樹,yung4 sü6
烏桕,wu1 käu1
白果樹,bæk6 gwo2 sü6
梧桐,ng4 tung4
茶樹,ca4 sü6
山茶,sæng1 ca4
棕櫚,zung1 lü1
樟木樹,zöng1 muk6 sü6
竹根,zuk2 gäng1
竹衣,zuk2 yi1
竹筍,zuk2 säng2
竹篾,zuk2 mik6
茅草,mau4 cäu2
榔箕,long4 gi1
青苔,ceng1 töi4
蘆葦,lu4 wäi1
樹枝,sü6 zi1
樹尾,sü6 mi2
樹頭,sü6 täu4
樹葉,sü6 yip6
粽葉,zung2 yip6
松樹,cung4 sü6
松果,cung4 gwo2
松針,cung4 zäm1
松毛,cung4 mäu4
樹膠,sü6 gau1
木頭,muk6 täu4
畜牲,cuk2 sæng1
水牛,söi2 ngäu4
黃牛,wong4 ngäu4
牛公,ngäu4 gung1
牛乸,ngäu4 na2
牛牯仔,ngäu4 gu2 zäi2
牛仔,ngäu4 zäi2
牛角,ngäu4 gok2
羊牯,yöng4 gu2
羊乸,yöng4 na2
羊仔,yöng4 zäi2
豬公,zü1 gung1
豬婆,zü1 po4
豬乸,zü1 na2
閹豬,yim1 zü1
豬仔,zü1 zäi2
生仔,sæng1 zäi2
配種,pui1 zung2
打種,da2 zung2
狗公,gäu2 gung1
狗乸,gäu2 na2
貓公,miu2 gung1
貓乸,miu2 na2
叫春,giu1 cäng1
喊春,ham1 cäng1
雞公,gäi1 gung1
雞乸,gäi1 na2
騸雞,sing1 gäi1
雞仔,gäi1 zäi2
賴伏雞,lai6 bu6 gäi1
雞春,gäi1 cäng1
雞胗,gäi1 käng2
生春,sæng1 cäng1
老虎,läu1 fu2
獅子,si1 zi2
狐狸,fu4 li2
馬騮,ma1 läu4
兔仔,tu1 zäi2
老鼠,läu1 sü2
雀仔,zök2 zäi2
麻雀,ma4 zök2
鴉賊,a1 cæk2
老鴉,läu1 a1
老鴉,läu1 a2
牙鷹,nga4 yäng1
麻鷹,ngai4 po4
枕虼,zäm2 ngak2
貓頭鷹,mau1 täu4 yäng1
燕子,ying1 zi2
蝠鼠,fuk2 sü2
盲老鼠,mæng4 läu1 sü2
白鴿,bæk6 gäp2
鷯哥,liu2 go2
蠄蟧,käm4 lo2
鵝蚿,ngo4 hüng2
蛇蚿,se4 hüng2
禾蚿,wo4 hüng2
百足,bæk2 zok2
硬殼蟲,ngæng6 hok2 cung4
簷蛇,yim4 se2
鳥蠅,fu1 yäng4
金鳥蠅,gäm1 fu1 yäng4
囓仔,ngæk2 zai2
木虱,muk6 säk2
跳蚤,tiu1 zäu2
虱乸,säk2 na2
甴曱,gak6 zak2
囊蜊,nong4 li2
囊拈,nong4 nim2
囊靚,nong4 leng2
蝴蝶,fu4 dip2
斬柴郎,zam2 cai4 long2
螢火蟲,yäng4 fo2 cung4
蜜仔,mäk6 zäi2
鵝蜂,ngo4 hung1
蛐蛐,go4 go2
烏氹仔,wu2 däm2 zäi2
蛤乸,gäp2 na2
蛤蚧,gäp2 gwai2
蛤蟆,käm4 kü4
昂龜,ngong1 gwäi1
水魚,söi2 yü4
蝦公,ha1 gung1
泥劣仔,näi4 lük2 zäi2
牛蜞,ngäu4 ki4
沙伯,sa1 bæk2
包仔螺,bau1 zäi2 lö2
鼻涕蟲,bi6 täi1 cung4
響螺,höng2 lö2
田螺,ting4 lö2
黃鱔,wong4 sing1
鯉魚,li1 yü4
鯽魚,zäk2 yü4
魚鱗,yü4 läng4
屋企,uk2 ki2
起屋,hi2 uk2
打地腳,da2 di6 gök2
築牆,zuk2 cöng4
起籬牆,hi2 li4 cöng4
磚頭,züng1 täu4
斷磚,tüng1 züng1
生磚,sæng1 züng1
爛瓦,læng6 nga1
瓦片,nga1 ping2
上樑,söng1 löng4
柱躉,cü1 däng2
房間,fong4 gæng1
天間,ting1 gæng1
花廳,fa1 teng2
天井,ting1 zeng2
籬壆,li4 bok2
窗門,cöng1 mung2
側門,zäk2 mung2
門檻,mung4 cam1
門扣,mung4 käu1
門弄,mung4 lung6
天棚,ting1 pæng2
欄河,læng4 ho2
石級,sek6 käp2
樓梯,läu4 täi1
下間,ha6 gæng1
煙通,ying1 tung1
打灶,da2 zäu1
屎坑,si2 hæng1
角落頭,gok2 lok2 täu2
雞鬥,gäi1 däu1
雞欄,gäi1 læng2
雞籠,gäi1 lung4
豬槽,zü1 cäu2
牛欄,ngäu4 læng4
傢生,ga1 sæng1
傢俬,ga1 si1
凳仔,däng1 zäi2
長凳,cöng4 däng1
板凳,bæng2 däng1
書檯,sü1 töi2
沙櫃,sa6 gwäi6
廚櫃,cü4 gwäi6
櫃桶,gwäi6 tung2
竹席,zuk2 zek6
草席,cäu2 zek6
床褥,cong4 yuk2
褥仔,yuk6 zäi2
枕頭,zäm2 täu4
毛冷,mäu4 lang2
蚊帳,mäng2 zöng1
窗簾,cöng1 lim2
面盆,ming6 pung2
手巾,säu2 gäng1
番鹼,fæng1 gæng2
牙刷,nga4 cak2
牙膏,nga4 gäu1
葫蘆殼,pu4 lu4 hok2
大甕,dai6 ung1
水甕,söi2 ung1
缽頭,buk2 täu4
茶碗,ca4 wung2
茶杯,ca4 bui1
熱水壺,ngik6 söi2 fu4
茶壺,ca4 fu4
熱水壺,yik6 söi2 fu4
調羹,tiu4 gæng1
匙羹,ci4 gæng1
飯殼,fæng6 hok2
筷子,fai1 zi2
火屎,fo2 si2
火爐,fo2 lu4
發火,fæk2 fo2
起火,hi2 fo2
鑊仔,wok6 zäi2
鑊蓋,wok6 gui1
鑊鏟,wok6 cæng2
鑊癆,wok6 läu2
鑊辣,wok6 lak2
砧板,zäm1 bæng2
蒸籠,zäng1 lung4
飯罉,fæng6 cæng2
筲箕,sau1 gi1
撈箕,lau4 gi1
竹掃,zuk2 säu2
檯布,toi2 bu1
抹碗布,mæk2 wung2 bu1
火柴,fo2 zäi2
煙筒,ying1 tung2
大碌竹,dai6 luk2 cuk2
電筒,ding6 tung4
電燈,ding6 däng2
蠟燭,lap6 zuk2
電油,ding6 yäu4
火水,fo2 söi2
屎桶,si2 tung2
屎槽,si2 cäu4
尿桶,niu6 tung4
夜壺,niu6 fu4
屎殼,si2 hok2
痰罐,tam4 gwung1
吊桶,diu2 tung2
水桶,söi2 dung2
鎖匙,so2 si4
蓑衣,so1 yi1
斗笠,däu2 läp2
掃把,säu1 ba2
大掃,dai6 säu2
糞箕,fäng1 gi1
窩欄,wo1 læng4
竹篙,zuk2 gäu1
丫叉,a1 ca1
拐杖,gwai2 zöng2
魚籠,yü4 lung4
釣竿,diu1 gwung1
傢生,ga1 cang1
錘仔,cöi4 zäi2
斧頭,fu2 täu4
鉗仔,kim4 zäi2
鉸剪,gau1 zing2
頂指,däng2 zi2
衣車,yi1 ce2
爆裂,bau1 lik6
衣裳,yi1 söng4
買布,mai1 bu1
黑布,häk2 bu1
剪布,zing2 bu1
試身,si1 säng1
恤衫,sük2 sam1
底衫,däi2 sam1
棉衲,ming4 nap6
褡仔,dap2 zäi2
大褸,dai6 läu1
冷衫,læng2 sam1
被袋,pi1 döi2
背褡,bi1 dap2
背心,bui1 säm1
短褲,düng2 fu1
牛頭褲,ngäu4 täu4 fu1
褲腳,fu1 gök2
褲襠,fu1 nong6
開襠褲,fui1 nong6 fu1
開襠褲,fui1 long6 fu1
衫袋,sam1 döi2
啪紐,bæk2 näu2
扣針,käu1 zäm1
帽仔,mäu6 zäi2
草帽,cäu2 mäu6
拖鞋,to1 hai4
水鞋,söi2 hai4
鞋墊,hai4 ding1
長筒鞋,cöng4 tung2 hai4
手襪,säu1 mæk6
手巾仔,säu2 gäng6 zäi2
頸巾,geng2 gäng1
口水肩,häu2 söi2 ging1
圍裙,wäi4 kwäng2
兜肚,däu2 tu1
尿布,niu6 bu1
燙斗,tong1 däu2
肚餓,du2 ngo6
麵粉,ming6 fäng2
冷飯,læng1 fæng6
臭餿,cäu1 säu1
臭宿,cäu1 suk2
米水,mäi1 söi2
粥飲,zuk2 yäm2
飯焦,fæng6 ziu1
喫飯,hek2 fæng6
頸渴,geng2 fuk2
飲水,yäm2 söi2
飲酒,yäm2 zäu2
米酒,mäi1 zäu2
白酒,bæk6 zäu2
黃酒,wong4 zäu2
糯米酒,no6 mäi1 zäu2
酒糟,zäu2 zäu1
夷茶,yi4 ca4
煙仔,ying1 zäi2
喫煙,hek2 ying1
煙灰,ying1 fui1
早飯,zäu2 fæng6
喫早飯,hek2 zäu2 fæng6
晏晝,æng1 zäu2
喫晏晝,hek2 æng1 zäu2
晚飯,mæng6 fæng6
吃晚飯,hek2 mæng6 fæng6
舀飯,yiu1 fæng6
豬肉,zü1 yuk6
瘦肉,säu1 yuk6
臘肉,lap6 yuk6
豬手,zü1 säu2
豬腳,zü1 gök2
豬肝,zü1 gwung1
豬潤,zü1 yäng2
豬脷,zü1 li2
豬血,zü1 hung4
雞下水,gäi1 ha6 söi2
鉗餸,kim4 sung1
撈飯,läu6 fæng6
豆腐乾,däu6 fu6 gwung1
豆腐,däu6 fu6
豆腐花,däu6 fu6 fa1
豆腐霉,däu2 fu2 mui4
萊絲,löi4 si1
粉仔,fäng2 zäi2
打思噎,da2 si1 yik2
打思噫,da2 si2 yik2
雪糕,sük2 gäu1
雪條,sük2 tiu2
雪糕條,sük2 gäu1 tiu2
水餃,söi2 gau2
雲吞,wäng4 täng1
湯圓,tong6 yüng2
糯米餈,no6 mäi1 ci4
口立濕,häu2 läp6 säp2
瘦食,säu1 säp2
茶果,ca4 gwo2
宵夜,siu1 ya6
配料,pui1 liu2
海沙,fui2 sa2
豬油,zü1 yäu4
麻油,ma4 yäu4
黃糖,wong4 tong4
砂糖,sa6 tong4
白糖,bæk6 tong4
麻糖,ma4 tong2
豉油,si6 yäu4
蜜糖,mäk6 tong4
大隻,dai6 zek2
頭殼,täu4 hok2
光頭,gwong1 täu4
頭毛,täu4 mäu4
頭皮,täu4 pi4
酒凹,zäu2 näp2
額頭,ngæk6 täu4
魂精,wäng4 zeng2
腦囟,näu1 säng2
眼光仔,ngæng1 gwong1 zäi2
眼核,ngæng1 wäk6
眼淚,ngæng1 löi6
眼水,ngæng1 söi2
淚水,löi6 söi2
眼泣毛,ngæng6 yäp2 mäu4
眼眉毛,ngæng6 mi4 mäu4
鼻公,bi6 gung1
鼻哥窿,bi6 go2 lung2
鼻膿,bi6 nung4
擤鼻膿,säng1 bi6 nung4
鼻屎,bi6 si2
耳仔,ngi1 zäi2
耳梗,ngi1 gäk2
耳屎,ngi1 si2
嘴唇,zöi2 säng4
大牙,dai6 nga4
齙牙,bau1 nga4
牙肉,nga4 yuk6
牙屎,nga4 si2
鬍鬚,wu4 su1
下巴,ha6 pa4
口水,häu2 söi2
喉嚨,häu4 lung4
膞頭,bok2 täu4
心口,säm1 häu2
背脊,bui1 zek2
背樑,bi1 löng1
背裡,bi1 läi4
屏骨,peng2 gwäk2
打赤勒,da2 cek2 lak2
手臂,säu2 bi1
手踭,säu2 zæng2
手凹,säu2 näp2
左手,zo2 säu2
右手,yäu2 säu2
手掌,säu2 zöng2
拳頭,küng4 täu4
手指,säu2 zi2
手指公,säu2 zi2 gung1
手指尾,säu2 zi2 mi1
指甲,zi2 gap2
起枕,hi2 zäm2
隔肋底,gak2 lak2 däi2
媽仔,ma2 zäi2
奶頭,nai2 täu4
肚臍,du2 ci4
屎窟,si1 fäk2
屎窟窿,si2 fäk2 lung2
打出屎窟,da2 cäk2 si2 fäk2
褲襠,fu6 nong6
褲襠底,fu6 long6 däi2
卡窿下,ka6 la6 ha2
春袋,cäng1 döi6
鵝仔,ngo4 zäi2
大髀,dai6 bi2
腳肚仔,gök2 du2 zäi2
膝頭哥,säk2 täu4 go2
腳腩肚,gök2 nam1 du2
腳囊肚,gök2 nöng4 du2
腳眼,gök2 ngæng1
腳踭,gök2 zæng2
腳趾,gök2 zi2
腳板底,gök2 bæng6 däi2
腳掌心,gök2 zöng2 säm1
腳印,gök2 yäng2
老泥,läu1 näi4
婦娘,fu1 löng4
老大,läu1 dai2
伯爺公,äi2 ya2 gung2
伯爺婆,bak2 ye2 po2
後生,häu6 sæng2
妹仔,mui6 zäi2
後生仔,häu6 sæng1 zäi2
細民仔,säi6 mæng1 zäi2
耕田佬,gæng1 ting4 läu2
鄉下佬,höng1 ha2 läu2
寡佬,gwa2 läu2
老姑婆,läu2 gu1 po4
寡婦婆,gwa2 fu1 po2
冇爺冇奶,mäu1 ya4 mäu1 näi1
單眼佬,dæng1 ngæng1 läu2
蒙豬眼,mung2 zü6 ngæng2
突眼,däk6 ngæng2
鬥皮,däu6 pi4
鬥雞,däu6 gäi1
鬥雞眼,däu6 gäi1 ngæng1
盲眼佬,mæng4 ngæng1 läu2
聾佬,lung4 läu2
啞缽,a2 buk2
漏口,läu1 häu2
缺嘴,kük2 zöi2
甩牙,läk2 nga4
歪頸,me2 geng2
左手仔,zo2 säu2 zäi2
鴨乸蹄,ap2 na2 täi4
肥佬,fi4 läu2
高佬,gäu1 läu2
爆牙,bau1 nga4
痘皮,däu6 pi4
瘌痢頭,læk2 li6 täu4
六指,luk2 zi2
駝背,to1 bui1
哭包,huk2 bau2
哭袋,huk2 döi2
發癲佬,fæk2 ding1 läu2
癲佬,ding1 läu2
跛腳佬,bäi1 gök2 läu2
傻佬,so4 läu2
拐子佬,gwai2 zi2 läu2
賊仔,cæk6 zäi2
賊佬,zæk6 läu2
乞兒,häk2 yi4
乞兒,häk2 yi1
契家佬,käi1 ga1 läu2
契家婆,käi1 ga1 po4
勾佬,ngäu2 läu2
老舉,läu1 gü2
在行,zöi6 hong4
外行,wui6 hong2
伙頭,fo2 täu2
鬥木佬,däu1 muk6 läu2
打鐵佬,da2 tik2 läu2
先生,sing1 sæng1
剃頭佬,täi1 täu4 läu2
泥水佬,näi4 söi2 läu2
生意佬,sæng6 yi6 läu2
生保人,sæng1 bäu2 yäng4
人客,yäng4 hæk2
大火氣,dai6 fo2 hi1
火氣猛,fo2 hi1 mæng1
小氣,siu2 hi2
大方,dai6 fong2
能解,läng4 hai1
勤力,gäng4 läk6
懶散,læng1 sæng2
慳儉,hæng1 gim6
叻仔,lek2 zäi2
聰明,cung1 mäng4
爽快,song2 fai1
笨實,bäng6 säk6
牛精,ngäu4 zäng2
牛王,ngäu4 wong4
刻薄,häk2 bok6
陰毒,yäm1 duk6
整蠱,zäng2 gu2
好心,häu2 säm1
老實,läu1 säk6
唔出聲,m4 cäk2 seng1
怕醜,pa1 cäu2
陰公,yäm1 gung1
後生,häu6 sæng1
肉酸,yuk6 süng1
唔好睇,m4 häu2 täi2
企理,ki1 li1
垠屎,ngäng2 si2
邋遢,læk6 täk2
百厭,bæk2 yim1
硬頸,ngæng6 geng2
牛頸,ngäu4 geng2
偷懶,täu2 læng1
糜摸,mi2 mo2
古惑,gu2 wæk6
賴死,lai6 si2
下流,ha6 läu4
賤格,zing6 gäk2
唔愛面,m4 wui1 ming2
講大話,gong2 dai6 wa6
詐傻,za1 so4
扮懵,bang6 mung2
爛叻,læng2 læk2
阿爸,a1 ba4
老豆,läu1 däu6
阿媽,a1 ma2
阿奶,a1 nai1
老母,läu1 mu2
老豆老母,läu1 däu6 läu1 mu2
阿公,a1 gung2
阿爺,a1 ya4
阿婆,a1 po4
阿嫲,a1 ma4
太公,tai1 gung2
太婆,tai1 po4
阿伯,a1 bæk2
大伯,dai6 bæk2
伯娘,bæk2 nöng4
阿叔,a1 suk2
叔仔,suk2 zäi2
阿嬸,a1 säm2
嬸仔,säm2 zäi2
姑丈,gu1 zöng2
大姑,dai6 gu1
姑仔,gu1 zäi2
姨丈,yi4 zöng2
大姨,dai6 yi2
阿姨,a1 yi2
大舅,dai6 käu1
阿舅,a1 käu2
大妗,dai6 käm1
阿妗,a1 käm1
妗仔,käm1 zäi2
大佬,dai6 läu2
阿哥,a1 go1
阿哥,go4 go2
阿嫂,a1 säu2
大姊,dai6 zi2
姐夫,ze2 fu1
姊夫,zi2 fu1
細佬,säi1 läu2
阿妹,a1 mui6
妹夫,mui6 fu1
阿弟,a1 täi1
大伯,dai6 bæk6
大姨,dai6 yi4
姨仔,yi2 zäi2
舅仔,käu1 zäi2
老襟,läu1 käm2
妯娌,cuk2 li2
老公,läu1 gung1
老婆,lau1 po4
外父,wui6 fu2
岳父,ngok6 fu2
著人公,zü1 yäng4 gung1
外母,wui6 mu2
岳母,ngok6 mu2
著人婆,zü1 yäng4 po4
家公,ga1 gung1
大人公,dai6 yäng4 gung1
家婆,ga1 po4
親家,cäng1 ga1
後歸婆,häu6 gwäi1 po4
後仔乸,häu6 zäi2 na2
後繼婆,häu6 gäi1 po4
契爺,käi1 ya4
契娘,käi1 nöng4
契媽,käi1 ma2
細民仔,säi1 mäng1 zäi2
孻仔,lai1 zäi2
新婦,säng1 fu1
孻女,lai1 nü2
女婿,nü1 säi1
女孫,nü1 süng1
孫女,süng1 nü1
外孫,wui6 süng1
外孫女,wui6 süng1 nü2
外甥,wui6 sæng1
外甥女,wui6 sæng1 nü2
侄女,zäk6 nü1
兩仔爺,löng1 zäi2 ya4
兩公婆,löng1 gung1 po4
兄弟,häng1 däi6
姊妹,zi2 mui6
兩兄弟,löng1 häng6 däi6
兩姊妹,löng1 zi2 mui6
兩兄妹,löng1 häng6 mui6
兩姐弟,löng1 zi2 däi6
叔伯兄弟,suk2 bæk2 häng1 däi6
表姊妹,biu2 zi2 mui6
親戚,cäng6 cäk2
輩份,bui6 fäng6
乳名,yöi1 meng2
花名,fa1 meng2
做媒人,zu6 mui4 yäng2
媒人,mui4 yäng4
媒人婆,mui4 yäng4 po4
過定,gwo1 deng6
娶老婆,cü2 läu1 po4
娶老婆,cu1 läu1 po4
嫁人,ga1 yäng4
娶新婦,cu2 säng6 fu1
娶新婦,cü2 säng6 fu1
入贅,yäp6 zöi6
新郎哥,säng6 long4 go2
新娘,säng1 nöng2
擺酒,bäi2 zäu2
去飲,hü1 yäm2
外家,wui6 ga1
返頭嫁,fæng1 täu4 ga1
續弦,zuk6 yüng4
娶填房,cu2 ting4 fong4
大肚,dai6 du2
漚仔,äu1 zäi2
小產,siu2 cæng2
大肚婆,dai6 du2 po4
作動,zuk2 dung6
難產,næng4 cæng2
接生,zip2 sæng1
胎盤,töi1 pung4
孖仔,ma1 zäi2
蘇蝦,su2 ha1
伢伢仔,nga4 nga2 zäi2
坐月,co1 yük2
餵奶,wäi1 näi1
餵飯,wäi1 fæng6
奶嘴,nai1 zöi2
兜尿,däu1 niu6
殊尿,sü4 niu6
瀨尿,lai4 niu6
抆屎,ming2 si2
抆屎窟,mäng2 si2 fäk2
短命,düng2 meng6
吊頸,diu1 geng2
跳河,tiu1 ho4
病死,beng6 si2
過身,gwo1 säng1
白事,bæk6 si6
棺材,gwung1 cöi4
壽板,säu6 bæng2
出喪,cäk2 song1
出殯,cäk2 bäng1
落葬,lok6 zong1
溪錢,käi1 cing4
仵作,ng6 zok2
棺材佬,gwung1 cöi4 läu2
炮仗,pau1 zöng2
連排,ling4 pai4
墳頭,fäng4 täu4
墓碑,mu6 bi1
拜山,bai1 sæng1
難頂,nang4 däng2
頂唔順,däng2 m4 säng6
發燒,fæk2 siu1
發冷,fæk2 læng1
發吽豆,fæk2 ngäu6 däu6
打冷震,da2 læng1 zäng1
感親,gam2 cäng1
扯蝦,ce2 ha1
咳嗽,käk2 säu1
攝親,sip2 cäng6
中暑,zung1 sü2
熱氣,ngik6 hi1
作嘔,zok2 äu2
結恭,gik2 gung2
屙屎唔出,o1 si2 m4 cäk2
疴肚仔,ngo6 du2 zäi2
喫滯,hek2 zäi6
頭暈,täu4 wäng4
抽筋,cäu1 gäng1
嚇驚,hæk2 geng1
喊驚,ham1 geng1
出麻,cäk2 ma2
出麻仔,cäk2 ma4 zäi2
發羊吊,fæk2 yöng4 diu2
中風,zung1 fung1
肺癆,fäi1 lu4
黃疸病,wong4 tæng2 beng6
熱痱,ngik6 fäi2
酒米,zäu2 mäi2
含膿,ham4 nung4
結焦,gik2 ziu1
臭狐,cäu1 fu4
小腸氣,siu2 cöng4 hi1
墨屎,mäk2 si2
雞皮,gäi1 pi4
發雞盲,fæk2 gäi1 mäng4
痲瘋,ma4 fung1
沙聲,sa1 seng1
醫病,yi1 beng6
打脈,da2 mäk6
把脈,ba2 mäk6
苦茶,fu2 ca4
藥單,yök6 dæng1
執藥,zäp2 yök6
執茶,zäp2 ca4
丸仔,yüng4 zäi2
藥散,yök6 sæng2
煲藥,bäu6 yök6
煲茶,bäu6 ca4
見效,ging6 hau6
起身,hi2 säng1
抹面,mæk2 ming6
洗面,säi2 ming6
梳頭,so1 täu4
剃鬚筍,täi1 fu4 su1
剃鬚,täi1 su1
磨頭,mo4 täu4
剃頭,täi1 täu4
返工,fæng1 gung1
收工,säu1 gung1
去歸,hü1 gwäi1
屙屎,o1 si2
屙尿,o1 niu6
屙屁,o1 pi1
放屁,fong1 pi1
洗身,säi2 säng1
抹身,mæk2 säng1
敨涼,täu2 löng4
稍涼,säu2 löng4
熱頭烘,ngik6 täu4 hung1
打牙交,da2 nga4 gau1
瞌眼睏,häp2 ngang1 fäng1
眯下,mi2 ha1
瞌一陣,häp2 yäk2 zäng2
打喊路,da2 ham1 lu1
打哈嗤,da2 häk2 ci4
鋪床,pu1 cong4
睏底,fäng1 däi1
睏覺,fäng1 gäu1
閂燈,sang1 däng1
睏著,fäng1 zök6
發夢,fæk2 mung6
發開口夢,fæk2 fui1 häu2 mung6
睏唔著,fäng1 m4 zök6
扯鼻鼾,ce2 bi6 fung4
打天眠,da2 ting6 ming6
打側睏,da2 zäk2 fäng1
扒頭瞓,pa4 täu4 fäng1
睏戾頸,fäng1 läi2 geng2
書館,sü1 gwäng2
學堂,hok6 tong2
書房,sü1 fong2
啟蒙,käi2 mung4
返學,fæng1 hok6
放學,fong1 hok6
書本,sü1 bung2
教書先生,gau1 sü1 sing1 sang1
學生,hok6 sæng2
第一名,däi6 yäk2 mäng4
孻尾,lai1 mi1
第尾,däi6 mi2
毛筆,mäu4 bäk2
墨水筆,mäk4 söi2 bäk2
鉛筆,yüng4 bäk2
筆筒,bäk2 tung2
撳釘,gäm6 deng2
信封,säng1 fung2
信紙,säng1 zi2
漿糊,zöng1 fu4
刀仔,däu1 zäi2
間尺,gæng1 cek2
擦紙膠,cæk2 zi2 gau1
擦膠,cæk2 gau1
橡筋,zöng6 gäng2
墨硯,mäk6 hing2
墨汁,mäk6 zäp2
墨水,mäk6 söi2
草書,zäu1 sü1
走學,zäu2 hok2
走堂,zäu2 tong4
考試,hau2 si1
考唔倒,hau2 m1 dau2
罰徛,fäk2 ki1
印鋻,yäng1 gam1
圖章,tu4 zöng1
襟章,käm1 zöng1
郵電局,yäu4 ding6 kuk2
郵局,yäu4 kuk2
士擔,si4 dam2
影畫戲,yäng2 wa2 hi1
對聯,döi1 lüng2
踢波,täk2 bo1
打韆鞦,da2 cing2 cäu2
放紙鷂,fong1 zi2 yiu2
講古,gong2 gu2
唱歌,cöng1 go1
唱歌仔,cöng1 go2 zäi2
銀雞,ngäng4 gäi1
啤啤,bi1 bi1
吹銀雞,cöi1 ngäng4 gäi1
吹簫,cöi1 siu1
吹笛,cöi1 dek2
捉棋,zuk2 ki4
拎牌,lip2 pai2
游水,yäu4 söi2
沕水,mi6 söi2
潛水,cim4 söi2
打水片,da2 söi2 ping2
識打功夫,säk2 da2 gung1 fu2
變把戲,bing1 ba2 hi1
變戲法,bing1 hi1 fak2
打關斗,da2 gwäng1 däu2
掃堂腿,säu1 dong4 töi2
耍盲雞,sa2 mæng4 gäi1
抓癢,au2 yöng2
跳飛機,tiu1 fi1 gi1
舞龍,mu1 lung4
拉二胡,lai6 ngi6 wu2
燒連排,siu1 ling4 pai4
燒炮仗,siu1 pau1 zong2
騎膊馬,ke4 bok2 ma1
倒豎蔥,däu2 sü6 cung2
鬼面殼,gwäi2 ming6 hok2
猜枚,cai1 mui2
執籌,zäp2 cäu2
磧年利市,zæk2 ning4 läi6 si6
利市,li6 si6
磧年利市,zæk2 ning4 li6 si6
擺酒,bai2 zäu2
做人情,zu6 yäng4 cäng4
收禮,säu1 läi1
多謝,do1 ze6
生保,sæng1 bäu2
生保人,sæng1 bäu2 hæk2
生保客,sæng1 bäu2 hæk2
請坐,ceng2 co1
客氣,hæk2 hi2
開始,fui1 ci2
入席,yäp6 zäk6
起菜,hi2 cöi1
斟酒,zäm1 zäu2
飲勝,yäm2 säng1
慢慢行,mang6 mang2 hang4
發嗑風,fæk2 ngäp2 fung1
招呼,ziu1 fu1
招待,ziu1 doi1
叩頭,käu1 täu4
叩首,käu1 säu2
打拱,da2 gung2
作揖,zok2 yäp2
風光,fung1 gwong1
充大頭鬼,cung1 dai6 täu4 gwäi2
爛醒,lang2 säng2
爛叻,lang2 lek2
冇面,mäu1 ming2
陀累,to4 löi6
難為你,næng4 wäi2 ni2
撞到,zong6 däu2
撞見,zong6 ging1
講話,gong2 wa6
傾計,käng1 gäi2
托大腳,to2 dai6 gök2
吩咐,fäng1 fu1
搭嘴,dap2 zöi2
插嘴,cap2 zöi2
死啦,si2 la1
死得啦,si2 däk2 la1
鬧爛口,nau6 læng6 häu2
講爛口,gong2 lang6 häu2
挨打,ngai4 da2
畀人打,bi2 yäng4 da2
嗌交,ai1 gau2
打交,da2 gau2
勸交,hüng1 gau1
幫住,bong1 zü2
唔錯,m4 co1
唔准,m4 zäng2
唆擺,so1 bai2
頂嘴,däng2 zöi2
駁嘴,bok2 zöi2
返歸,fang1 gwäi1
返鄉下,fang1 höng1 ha2
探親戚,tam1 cäm1 cäk2
唔得閒,m4 däk2 hæng4
得閒,däk2 hæng4
搞掂,gau2 dim6
行運,hæng4 wäng6
行衰運,hæng4 söi1 wäng6
鋪頭,pu1 täu2
鋪頭仔,pu1 täu4 zäi2
茶樓,ca4 läu4
茶居,ca4 gü2
客棧,hæk2 zæng2
擺檔,bai2 dong2
小販,siu2 fæng2
開張,fui1 zöng2
盤點,pung4 dim2
計數,gäi2 su1
執笠,zäp2 läp2
櫃台,gwäi6 töi2
櫃面,gwäi6 ming2
侍頭,si6 täu2
侍頭婆,si6 täu4 po4
伙記,fo2 gi1
師傅,si1 fu2
徒弟,tu4 däi2
人客,yäng4 hek2
講價,gong2 ga1
殺價,sæk2 ga1
還價,wæng4 ga1
減價,gam2 ga1
磧數,zæk2 su1
爭數,zæng1 su2
追債,zöi1 zai2
算盤,süng1 pung4
厘秤,li4 cäng1
皮費,pi4 fäi2
佮分,gap2 fäng2
銀紙,ngäng4 zi2
大銀,dai6 ngäng2
大紙,dai6 zi2
散紙,sæng2 zi2
利息,li6 säk2
蝕本,sik6 bung2
足秤,zuk2 cäng1
唔夠秤,m4 gäu1 cäng1
呃秤,ak2 cäng1
著數,zök6 su1
唔著數,m4 zök6 su1
車站,ce1 cam6
碼頭,ma1 täu4
渡頭,du6 täu4
行人路,hæng4 yäng4 lu6
馬路,ma1 lu6
私家車,si2 ga2 ce2
車仔,ce1 zäi2
客車,hak2 ce1
巴士,ba2 si2
單車,dæng2 ce2
黃包車,wong4 bau1 ce2
東洋車,dung1 yöng4 ce2
三輪車,sam1 läng2 ce1
單輪車,dæng1 läng2 ce1
車轆,ce2 luk2
火船,fo2 süng4
帆船,fæng4 süng4
艇仔,teng1 zai2
汽艇,hi1 teng1
竹簰,zuk2 pai4
滲水,säm1 söi2
飛機,fi1 gi1
搭客,dap2 hæk2
水腳,söi2 gök2
車飛,ce1 fi2
搭車,dap2 ce1
搭唔切車,dap2 m4 cik2 ce1
趕唔到車,gwung2 m4 däu2 ce2
暈車浪,wäng4 ce1 long6
揸車佬,za1 ce2 läu2
揸車,za1 ce2
擔高頭,dam1 gäu1 täu4
耷頭,däp2 täu4
耷低頭,däp2 däi1 täu4
點頭,dim2 täu4
擰頭,näng2 täu4
擰轉,näng6 täu4
擘大眼,mak2 dai1 ngæng2
眯埋眼,mi1 mai4 ngæng2
睜大眼,zäng1 dai1 ngæng2
睇住,täi2 zü6
磨利,mo4 li6
保頭,bäu2 täu4
上來,söng1 löi4
落去,lok6 hü1
唔見,m4 ging1
浸死,zäm1 si2
屈路,wäk2 lu6
兜路,däu2 lu6
氹氹轉,täm4 täm4 züng2
調換,diu6 wung6
調轉,diu4 züng2
輪流,läng4 läu2
輪住,läng4 zü6
屏埋,beng1 mai4
醃眼,yip2 ngæng1
以為,yi1 wäi4
覺得,gok2 däk2
掛住,kwa1 zü6
擔心,dam1 säm1
愁心,cäu1 säm1
怒氣,nu6 hi1
谷氣,guk2 hi1
委屈,wäi2 wäk2
小心,siu2 säm1
諗起,näm2 hi2
情願,cäng4 yüng6
寧願,näng4 yüng2
中意,zung1 yi1
唔中意,m4 zung1 yi1
眼紅,ngang1 hung4
眼赤,ngang1 ce2
心煩,säm1 fæng4
得戚,däk2 cäk2
唔記得,m4 gi1 däk2
埋怨,mai4 yüng2
思疑,wai4 yi4
傷心,söng1 sam2
高興,gäu1 häng1
唔捨得,m4 se2 däk2
心痛,säm1 dung1
陰涼,yäm1 löng4
好過,häu2 gwo1
晟眼,cang4 ngang1
攻鼻,gung1 bi6
刺耳,ci1 yi1
夾腳,gap6 gök2
肥膩,fi4 ni6
翳焗,ngäi1 kuk6
拮肉,gäk2 yuk6
圓揼朵,yüng4 däm4 dö4
穩陣,wäng2 zäng6
密麻麻,mäk6 ma4 ma4
厲害,li6 fui6
硬淨,ngæng6 zæng6
伶俐,läng4 li6
骯屎,äng2 si2
麻煩,ma4 fæng4
容易,yung4 yi6
好直,häu2 zäk6
直筆甩,zäk6 bäk2 läk2
好粗,häu2 cu1
好幼,häu2 yäu1
好滿,häu2 mung1
好拼,häu2 päng1
好薄,häu2 bok6
好皓,häu2 hau6
臭腥,cäu1 seng1
好嫩,häu2 nüng6
好腍,häu2 näm4
好痛,häu2 tung1
矮耷耷,äi2 däp2 däp2
肥騰騰,fi4 täng4 täng4
瘦蜢蜢,säu1 mæng2 mæng2
老壓壓,läu1 ngäk6 ngäk6
快脆,fai1 cöi1
慢吞吞,mæng6 täng4 täng4
好利,häu2 li6
熱辣辣,yik6 læk6 læk6
凍赤赤,dung1 zek2 zek2
凍喋喋,dung1 tik2 tik2
鮮紅,sing1 hung4
紅當當,hung4 dong2 dong1
黃金金,wong4 gäm4 gäm4
青綠,ceng1 luk6
青比比,ceng1 bi2 bi2
白嗮嗮,bæk6 sai1 sai1
白吞吞,bæk6 täng1 täng1
白雪雪,bæk6 sük2 sük2
黑聞聞,häk2 mäng4 mäng4
酸咪咪,süng1 mi2 mi2
甜耶耶,tim4 yai4 yai4
香噴噴,höng2 päng1 päng1
臭脝,cäu1 häng2
臭臊,cäu1 ou1
滑溜溜,wæk6 lük2 lük2
滑潺潺,wæk6 sang2 sang2
重沉沉,cung1 däm4 däm4
輕青青,heng1 ceng4 ceng4
燥乾,zau1 gwung1
濕吶吶,säp2 näp6 näp6
硬轟轟,ngang6 gwäng4 gwäng4
軟腍腍,yüng1 näm4 näm4
光滑,gwong6 wak6
滑律律,wak6 lük2 lük2
十五,säp6 ng1
二十二,ngi6 säp6 ngi6
廿二,ngip6 ngi6
三十三,sam1 säp6 sam1
百一,bæk2 yäk2
一百一十一,yäk2 bæk2 yäk2 säp6 yäk2
二百五,ngi6 bæk2 ng1
三四個人,sam6 si6 go1 yäng4
十幾個,säp6 gi2 go1
成個,seng4 go1
兩斤,löng1 gäng1
二兩,ngi6 löng2
兩斤二,löng1 gäng1 ngi6
兩尺,löng1 cek2
斤半,gäng1 bung1
一苲長,yäk2 za6 cöng4
一抩長,yäk2 ngam1 cöng4
一抩,yäk2 nam1
銀錢,ngäng4 cing2
毫子,häu4 zi2
仙士,sing2 si2
我哋,ngo4 di2
你哋,ni1 yäng4
你人,ni1 di6
佢哋,kü4 di2
佢人,kü2 yäng4
邊個,bing2 go2
阿誰,a1 söi4
哪誰,nai4 söi4
人囉,yäng4 lo2
大家,dai6 ga1
自己,zi6 gi2
我嘅,ngo1 ge1
你嘅,ni1 ge1
佢嘅,kü4 ge1
我哋嘅,ngo4 di2 ge1
你人嘅,ni1 yäng4 ge1
佢人嘅,kü2 yäng4 ge1
那誰嘅,nai4 söi4 ge1
呢個,ni2 go1
嗰個,go2 go1
選個,süng2 go1
呢滴,ni2 di2
嗰滴,go2 di2
邊啲,bing2 di2
選啲,süng2 di2
一滴,yäk2 di2
呢頭,nge2 täu4
嗰頭,go2 täu4
選頭,süng2 täu4
呢邊,ne2 bing6
個邊,go2 bing6
選邊,süng2 bing6
點做,dim2 zu1
呢下,ne2 ha1
嗰陣,go2 zäng2
幾時,gi2 si4
幾耐,gi2 nöi2
幾多斤,gi2 do6 gäng1
第二頭,däi6 ngi6 täu4
第二滴,däi6 yi6 di2
四圍,si6 wäi4
咩嘢,mi2 ya2
點解,dim2 gai2
上下,söng6 ha6
啱啱,ngam2 ngam2
眨下眼,zam2 ha1 ngang1
不留,bäk2 läu2
經常,gäng1 söng4
快趣,fai1 cöi1
成日,seng4 yäk6
即刻,zäk2 häk2
陣間,zäng6 gang2
太過,tai1 gwo1
特別,däk6 bik6
有滴,yäu1 dik2
少少,siu2 siu2
共埋,gung6 mai4
好彩,hou2 cöi2
特只,däk6 zi2
橫掂,wæng4 dim6
淨係,zeng6 häi6
偏偏,ping1 ping1
一齊,yäk2 cäi4
一定,yäk2 däng6
唔係,m4 häi6
唔使,m4 säi2
唔好,m4 mäu2
忽然間,fäk2 ying4 gæng1
搏命,bok2 meng6
重加,zung6 ga1
約莫,yök2 mok2
爭滴,zæng2 dik2
直情,zäk6 cäng4
一早,yäk2 zou2
仲係,zung6 häi6
好似,hou2 ci1
連隨,ling4 cöi4
獨係,duk6 häi6
經已,gäng1 yi1
稍為,sau2 wäi4
臨時,läm4 si4
臨急,läm4 gäp2
真係,zäng6 häi6
先講,sing2 gong2
話唔定,wa6 m4 däng6
只要,zi2 yiu1
剩得,säng6 däk2
淨得,zäng6 däk2
照樣,ziu1 yöng2
則小,zäk2 siu2
自細,zi6 säi1
由得,yäu4 däk2
餓到死咯,ngo6 däu1 si2 lo1
餓死嘅,ngo6 si2 ge1
冷死咯,læng1 si2 lo1
冷到死,læng1 däu1 si2
冷死嘅,læng1 si2 ge1
攰死咯,gwui6 si2 lo1
攰到死,gwui6 däu1 si2
攰死嘅,gwui6 si2 ge1
磧死咯,zak2 si2 lo1
磧死嘅,zæk2 si2 ge1
咬死咯,ngau1 si2 lo1
咬到死,ngau1 däu1 si2
咬死嘅,ngau1 si2 ge1
高興死咯,gäu1 häng1 si2 lo1
高興到死,gäu1 häng1 däu1 si2
抄勻,cau1 wäng4
講好,gong2 häu2
講掂,gong2 dim6
做完,zou1 yüng4
辣得滯,næk6 däk2 zäi6
辣過頭,næk6 gwo1 täu4
爛囉,læng6 lo6
睇唔見,täi2 m4 ging1
睇唔到,täi2 m4 dau2
入唔到,yäp2 m4 däu2
出唔到,cäk2 m4 däu2
裝唔落,zong1 m4 lok6
頭唔痛,täu4 m4 tung1
俾佢估中,bi2 kü4 gu2 zung1
唔夠佢打,m4 gäu1 kü4 da2
打得過佢,da2 däk2 gwo1 kü4
敨唔到氣,täu2 m4 däu2 hi1
氹唔到我,täm1 m4 däu2 ng6
喊佢唔郁,ham1 kü4 m4 yuk2
得人鍾意,däk2 yäng4 zung1 yi1
乞人憎,häk2 yäng4 zäng1
返來,fæng1 löi4
返去,fæng1 hü1
慢慢行,mæng6 mæng2 hang4
俾我睇下,bi2 ngo1 täi2 ha1
好短繩仔,häu2 düng2 säng4 zäi2
彎彎牛角,wæng1 wæng1 ngäu4 gok2
一樣長繩仔,yäk2 yöng6 cöng4 säng4 zäi2
淨係愛滴,zeng6 häi6 wui2 däk6
等陣佢就來,däng2 zäng6 kü1 zäu6 loi4
俾本書佢,bi2 bung2 sü1 kü4
畀多滴得唔得,bi2 do2 däk6 däk2 m4 däk2
寫過,se2 gwo1
沖過壺,cung2 gwo2 fu4
畀佢喫先,bi2 kü4 hek2 sing1
你行先,ni1 hæng4 sing2
吃多碗,hek2 do2 wung2
坐多陣間,co1 do2 zäng6 gæng2
㧡唔㧡得起,kai1 m4 kai1 däk2 hi2
㧡得起,kai1 däk2 hi2
來唔來得,löi4 m4 löi4 däk2
有冇去佢屋企,yäu1 mäu1 hü1 kü4 uk2 ki2
有去,yäu1 hü1
唔飲得酒,m4 yäm2 däk2 zäu2
唔坐得耐,m4 co1 däk2 noi6
出茅落緊雨,zäk2 mäu2 lok6 gäng2 yü1
坐頭喫,co2 täu4 hek2
門打開,mung4 da2 fui1
徛頭唔好郁,ki2 däu4 m4 häu2 yuk2
唔好插嘴等佢講落去,m4 häu2 cap2 zü2 däng2 gi4 gong2 lok6 hü1
發爐先,fæk2 lu2 sing1
發定爐,fæk2 däng6 lu2
我去過廣州又去過上海,ngo1 hü1 gwo1 gwong2 zäu1 yäu6 hü1 gwo1 söng6 fui1
我講過佢聽,ngo1 gong2 gwo1 kü4 teng1
花開好兩朵,fui1 zo2 löng1 do2 fa1
吃飽飯先講,hek2 bau2 fæng6 sing2 gong2
閂埋門先,sang1 mai4 mung4 sing2
擰緊個蓋,läng2 gäng2 go1 goi1
吃埋飯佢,hek2 mai4 fæng6 kü4
唔好打爛我個碗,m4 häu2 da2 læng1 ngo1 go1 wung2
去睇戲囉,hü1 täi2 hi1 lo1
走去睇戲,zäu2 hü1 däi2 hi1
我大過佢,ngo1 dai6 gwo1 kü4
我大佢一歲,ngo1 dai6 kü4 yäk2 söi1
我冇佢咁大,ngo1 mäu1 kü4 gäm1 dai6
兩個一樣高,löng1 go1 yäk2 yöng6 gäu1
講講下就哭,gong2 gong2 ha1 zäu6 huk2
佢係都話去,kü4 häi6 du2 wa6 hü1
一下,yäk2 ha1
一年半載,yäk2 ning4 bung1 zöi2
一暴十寒,yäk2 buk6 säp6 fung4
一條縫,yäk2 tiu4 fung6
一蹶不振,yäk2 kük2 bäk2 zäng1
丈八金剛,zöng6 bæk2 gäm1 gong1
丈夫,zöng6 fu1
三分之一,sam1 fäng6 zi1 yäk2
三更,sam1 gæng1
上去,söng1 hü1
上等,söng6 däng2
上鍊,söng1 ling6
丞相,säng4 söng1
中華,zung1 wa4
中間,zung1 gæng1
中鵠,zung1 guk2
乘涼,säng4 löng4
乜介,mäk2 gai1
乾隆,king4 lung4
互相,wu6 söng1
交易,gau1 yäk6
交錯,gau1 cok2
人參,yäng4 säm1
人影幢幢,yäng4 yäng2 cong4 cong4
人質,yäng4 zi1
今朝,gäm1 ziu1
仔細,zi2 säi1
仗義,zöng6 yi6
伴隨,bung6 cöi4
住得近,zü6 däk2 käng1
作為,zok2 wäi4
依傍,yi1 bong6
便利,bing6 li6
便宜,ping4 yi4
倒垃圾,däu2 lap6 sap2
倒後,däu1 häu6
倭寇,wo1 käu1
倭遲,wäi1 ci4
假期,ga1 ki4
做禡,zu6 nga4
傀儡,fai1 löi1
傀奇,gwäi1 ki4
傍晚,bong6 mæng1
傳播,cüng4 bo1
傳記,züng6 gi1
傾斜,käng1 ce4
僕射,buk6 ye6
僮族,zong6 zuk6
兩個,löng1 go1
凝聚,yäng4 zü6
凹陷,näp2 ham6
分辨,fäng1 bing6
判斷,pung1 düng1
到齊,däu1 cäi4
刺探,ci1 tam1
刺激,ci1 gäk2
刻圖章,hæk2 tu4 zöng1
刻意,häk2 yi1
剡溪,sim6 käi1
剡章,yim2 zöng1
剩餘,säng6 yü4
力量,läk6 löng6
劻勷,hong1 yöng4
勇士,yung2 si6
勉強,ming1 köng1
半鹹淡,bung1 ham4 tam1
即使,zik2 si2
原告,yüng4 gäu1
厭惡,yim1 wu1
參加,cam1 ga1
反省,fæng2 säng2
句讀,gü1 däu6
可惜,ho2 säk2
叱吒,cäk2 cak2
吃吃,hek2 hek2
否定,fäu2 däng6
否極泰來,pi2 gik6 tai1 löi4
呢喃,ni4 nam4
呱呱叫,gwa1 gwa1 giu1
咀嚼,zöi2 zök2
咁樣,gäm2 yöng6
和尚,wo4 söng6
咯咯叫,lok2 lok2 giu1
咽喉,ying1 häu4
品行,bäng2 häng6
品質,bäng2 zäk2
哪吒,na4 za1
哪裏,na1 li1
唔使客氣,m4 säi2 hæk2 hi1
唔曾,m4 ceng4
唱和,cöng1 wo6
商賈,söng1 gwu2
商量,söng1 löng4
啤牌,pe1 pai4
啤酒,be1 zäu2
喁喁私語,yung4 yung4 si1 yü1
喇嘛,la1 ma4
嗚咽,wu1 yik2
嘍囉,läu4 lo4
嘍狗,läu1 gäu2
嘽嘽,tæng1 tæng1
嚇一驚,hæk2 yäk2 geng1
嚼碎,ziu6 söi1
困難,kwäng1 næng4
在家,cöi1 ga1
在意,zöi6 yi1
埋沒,mai4 muk6
培塿,pui4 läu1
塞滿,säk2 mung1
塞翁失馬,cöi1 yung1 säk2 ma1
墊牌,ding6 pai4
墊頭,zing1 täu4
壓等,æk2 däng2
多少,do1 siu2
大使館,dai6 si1 gwung2
大嶼山,dai6 yü4 sæng1
大石磧死蟹,dai6 sek6 zæk2 si2 hai1
大聲,dai6 säng1
大話,dai6 wa6
大阪,dai6 bæng2
夭閼,yiu1 æk2
女人,nü1 yäng4
好動,häu1 dung6
好壞,häu2 wai6
如松之盛,yü4 cung4 zi1 säng6
委蛇,wäi2 yi4
子女,zi2 nü1
存在,cüng4 zöi6
學校,hok6 hau6
學生,hok6 sæng1
家屬,ga1 suk6
射箭,se6 zing1
少年,siu1 ning4
尿片,niu6 ping2
屋頂,uk2 deng2
屏山,peng4 sæng1
屏息,bäng2 säk2
屏風,päng4 fung1
屢見不鮮,lü1 ging1 bäk2 sing2
屬意,zuk2 yi1
島嶼,däu2 zü6
峽崥,hap6 bi2
嶺南,läng1 nam4
差別,ca1 bik6
平常,päng4 söng4
平貨,peng4 fo1
幽靈,yäu1 läng4
底下,däi2 ha6
度高,dok6 gäu1
廣東省,gwong2 dung1 sæng2
引吭高歌,yäng1 hong4 gäu1 go1
強壯,köng4 zong1
彈琴,tæng4 käm4
從兄弟,zung6 häng1 däi6
從容,sung1 yung4
從此,cung4 ci2
徼倖,hiu1 häng6
徼巡,giu1 cäng4
心廣體胖,säm1 gwong2 täi2 pung4
忠告,zung1 guk2
快樂,fai1 lok6
恁久呀,yäm6 gäu2 a4
惜別,säk2 bik6
惡人,ok2 yäng4
愚戇,yü4 zong1
感覺,gäm2 gok2
成功,säng4 gung1
戰爭,zing1 zäng1
手背,säu2 bui1
扢搭,ngäk6 dap2
投降,täu4 hong4
拚命,pung1 mäng6
捩琵琶,läi6 pi4 pa4
掊挖,päu4 wæk2
排毒,pai4 duk6
掣後腳,cik2 häu6 gök2
掣肘,zäi1 zau2
掩映,yim2 yöng2
揲法,sik6 fæk2
揲貫萬物,dip6 gwung1 mæng6 mäk6
摟抱,läu1 päu1
摽搒,biu1 bong2
撣族,sing6 zuk6
收聽,säu1 teng1
散播,sæng1 bo1
敬業樂業,gäng1 yip6 ngau6 yip6
斜布,ce4 bu1
新鮮,säng1 sing1
斷章取義,düng6 zöng1 cü2 yi6
日暈,yäk6 wäng6
旺盛,wong6 säng6
映照,yäng2 ziu1
晦暝,fui1 mäng4
暈厥,wäng4 kük2
暴力,bäu6 läk6
更加,gäng1 ga1
更換,gäng1 wung6
書僮,sü1 tung4
朝廷,ciu4 täng4
未曾,mi6 cäng4
東莞,dung1 gwung2
校對,gau1 döi1
核准,häk6 zäng2
桑椹,song1 säm6
棉被,ming4 pi1
楷書,gai1 sü1
樓上,läu4 söng6
檻羊,ham1 yöng4
毒藥,duk6 yök6
汀九,däng1 gäu2
汀洲,täng1 zäu1
決眥,kük2 zi6
汽車,hi1 ce1
沒收,muk6 säu1
沒水,mi6 söi2
沮喪,zü2 song1
沮誦,zü1 zung6
河瀝,ho4 läk2
泓噌,wäng4 zäng1
泡沫,päu1 muk6
泡菜,pau1 cöi1
洗腎,säi2 säng6
活塞,wuk6 säk2
海幢寺,fui2 tung4 zi6
淜滂,päng4 pong4
淡水,dam6 söi2
淡泊,dam6 bok6
淵藪,yüng1 säu2
測度,cäk2 dok6
湊伴,cäu1 pung1
湫底,cäu1 däi2
湫水河,zäu1 söi2 ho4
溫度,wäng1 du6
滄溟,cong1 mäng4
潦草,liu4 cäu2
澠池,mäng1 ci4
瀝源,läk2 yüng4
為己為人,wäi6 gi2 wäi6 yäng4
無稽,mu4 käi1
燈泡,däng1 pau1
爭執,zäng1 zäp2
爭氣,zæng1 hi1
片糖,ping1 tong4
犍牛,ging1 ngäu4
狗仔,gäu2 zäi2
狼藉,long4 zäk6
玩耍,wæng4 sa2
瓠子,wu6 zi2
瓠蘆,wu4 lu4
甌窶,äu1 läu4
生命,säng1 mäng6
生日,sæng1 yäk6
用剩,yung6 zäng6
甫里,pu2 li1
番禺,pung1 yü4
番茄,fæng1 kö4
畫家,wa6 ga1
畫眉,wa6 mi4
畫符,wæk6 fu4
癩痢,læk2 li6
癩瘡,lai1 cong1
白薟,bæk6 lim4
百褶裙,bæk2 zip2 kwäng4
的士,däk2 si2
盛一桶水,säng4 yäk2 tung2 söi2
相撲,söng1 pok2
真假,zäng1 ga2
着手,zök6 säu2
睡覺,söi6 gau1
瞭望,liu4 mong6
知己,zi1 gi2
知識,zi1 säk2
石磧州,sek6 zäk2 zäu1
砒霜,pi1 söng1
磨刀,mo4 däu1
磨豆腐,mo6 däu6 fu6
神祇,säng4 ki4
禪宗,sim4 zung1
禪讓,sing4 yöng6
稔灣,nim1 wæng1
稔熟,näm1 suk6
種植,zung1 zäk6
種類,zung2 löi6
稽首,käi2 säu2
笑咪咪,siu1 mi1 mi1
箠杖,cöi4 zöng6
簿記,bu6 gi1
粉嶺,fäng2 leng1
粘貼,nim4 tip2
經濟,gäng1 zäi1
綢繆,cäu4 mäu4
縫紉,fung4 yäng6
羅經,lo4 gæng1
老人,läu1 yäng4
耕耘,gäng1 wäng4
聲明,säng1 mäng4
聽到,teng1 däu1
聽天由命,täng1 ting1 yäu4 mäng6
肥胖,fi4 bung6
肥腯腯,fi4 täng4 täng4
胍肫,gwu1 zäng1
脊椎,zek2 zöi1
腥風血雨,säng1 fung1 hük2 yü1
膴仕,mu1 si6
膻中,dæng6 zung1
自由行,zi6 yäu4 häng4
芒萁,mong4 gi1
芭蕾,ba1 löi4
花蕾,fa1 löi1
茄子,kö4 zi2
荒繆,fong1 mäu6
莎草,so1 cäu2
莞爾,wung1 yi1
菑川,zi1 cüng1
華山,wa6 sæng1
著作,zü1 zok2
蓼花,liu2 fa1
蓼蓼者莪,luk6 luk6 ze2 ngo4
藉口,ze1 häu2
蘋果核,päng4 gwo2 wäk6
蚍衃,pi4 fäu4
螵蛸,piu1 siu1
衣着,yi1 zök2
衣領,yi1 leng1
裨將,pi4 zöng1
裨益,bi1 yäk2
褲襠,fu1 dong1
褶衣,säp6 yi1
西片,säi1 ping2
解款,gai1 fung2
解釋,gai2 säk2
詩經,si1 gäng1
說服,söi1 fuk6
調節,tiu4 zik2
請客,ceng2 hæk2
請願,cäng2 yüng6
諗思,säm2 si1
讀書,duk6 sü1
豁閜,kwuk2 ha1
豆萁,däu6 ki4
豨薟,hi1 cim1
貓狗,mau1 gäu2
貧窶,päng4 gü6
買斷,mai1 tüng1
賁臨,bi1 läm4
賁門,bäng1 mung4
賴伏雞嫲,lai6 bu6 gäi1 ma4
贛江,gäm1 gong1
跛子,bo2 zi2
跛腳,bäi1 gök2
跳踉,tiu1 löng4
踉蹌,long4 cong1
蹢躅,zæk6 zuk2
車馬炮,gü1 ma1 pau1
載客,zöi1 hæk2
輕佻,häng1 tiu1
轉彎,züng1 wæng1
轉軸,züng1 zuk6
轉運,züng2 wäng6
近來,gäng6 löi4
迭逿,dik2 tong4
遇上,yü6 söng1
遊玩,yäu4 wung6
道路,däu6 lu6
邯鄲,fung4 dæng1
郵差,yäu4 cai1
醒來,seng2 löi4
醒目,säng2 muk6
醒醒,seng2 seng2
重視,zung6 si6
重陽,cung4 yöng4
釘子戶,däng1 zi2 wu6
銀行,ngäng4 hong4
錞于,säng2 yü1
錯誤,co1 ng6
鐵釘,tik2 deng1
門檻,mung4 lam6
間中,gæng1 zung1
間房,gæng1 fong4
閜砢,ho2 lo2
閼氏,ying1 si6
阪田,fæng2 ting4
阿叔,a1 suk6
阿諛奉承,o1 yü4 fung6 säng4
降落,gong1 lok6
陜西,sim2 säi1
陶醉,täu4 zöi1
陶陶,yiu4 yiu4
難民,næng6 mäng4
雪茄,sük2 ga1
零星,läng4 säng1
靈活,läng4 wuk6
青海,cäng1 fui2
青色,ceng1 säk2
靚衣,zäng6 yi1
音樂,yäm1 ngok6
頂級,däng2 käp2
領先,läng1 sing1
食品,säk6 bäng2
餅餤,beng2 dam6
首崵山,säu2 yöng4 sæng1
駔儈,zong2 kwui2
駔子,cong2 zi2
驚喜,gäng1 hi2
魋結,cöi4 gik2
魚腥,yü4 säng1
鮮有,sing2 yäu1
鳱鵲,gwung1 zök2
鴨腎,ap2 säng1
鴻鵠,hung4 huk6
鶬鶊,cong1 gäng1
鶴藪,hok6 däu1
點滴,dim2 däk6
黯黮,äm1 tam1
因為,yäng1 wäi6
已經,yi1 gäng1
如估,yü4 gwu2
都係,du1 häi6
時間,si4 gæng1
好似,häu2 ci1
最後,zöi1 häu6
沒有,muk6 yäu1
好多,häu2 do1
唔好,m4 häu2
機會,gi1 wui6
即刻,zik2 hæk2
個月,go1 ngük6
都會,du1 wui6
包括,bau1 kwuk2
相信,söng1 säng1
都好,du1 häu2
電話,ding6 wa2
發生,fæk2 säng1
成為,säng4 wäi4
醫生,yi1 säng1
球員,käu4 yüng4
生活,säng1 wuk6
部分,bu6 fäng6
加上,ga1 söng1
人士,yäng4 si6
我哋,ngo1 di1
申請,säng1 cäng2
有冇,yäu1 mäu1
最近,zöi1 gäng6
進行,zäng1 häng4
計劃,gäi1 wæk6
重要,zung6 yiu1
調查,diu6 ca4
行動,häng4 dung6
方面,fong1 ming6
第二,däi6 yi6
嚴重,yim4 zung6
最多,zöi1 do1
研究,ying4 gäu1
最好,zöi1 häu2
不少,bäk2 siu2
壓力,æk2 läk6
好好,häu2 häu2
面對,ming6 döi1
成日,säng4 yäk6
使用,si2 yung6
是否,si6 fäu2
不斷,bäk2 düng6
網上,mong1 söng6
全球,cüng4 käu4
最終,zöi1 zung1
以上,yi1 söng6
冇人,mäu1 yäng4
期間,ki4 gæng1
參與,cam1 yü1
生意,sæng1 yi1
了解,liu1 gai2
瞭解,liu1 gai2
即刻,zik2 häk2
行為,häng4 wäi4
平均,päng4 gwäng1
最高,zöi1 gäu1
宣傳,süng1 cüng4
傳媒,cüng4 mui4
巴士,ba1 si2
經過,gäng1 gwo1
報道,bäu1 däu6
解決,gai2 kük2
一刻,yäk2 hæk2
完成,yüng4 säng4
成員,säng4 yüng4
平時,päng4 si4
至少,zi1 siu2
精神,zäng1 säng4
遊行,yäu4 häng4
變成,bing1 seng4
變成,bing1 säng4
舉行,gü2 häng4
就好,zäu6 häu2
位置,wäi6 zi1
人生,yäng4 säng1
長期,cöng4 ki4
足球,zuk2 käu4
水平,söi2 päng4
剩係,zäng6 häi6
淨係,zäng6 häi6
經驗,gäng1 yim6
的話,däk2 wa6
成本,säng4 bung2
球迷,käu4 mäi4
入面,yäp6 ming6
大量,dai6 löng6
強調,köng4 diu6
空間,hung1 gæng1
成交,säng4 gau1
方便,fong1 bing6
老師,läu1 si1
相關,söng1 gwæng1
唔少,m4 siu2
數據,su1 gü1
老闆,läu1 bæng2
大部分,dai6 bu6 fäng6
好多人,häu2 do1 yäng4
爭取,zäng1 cü2
近年,gäng6 ning4
為了,wäi6 liu1
老婆,läu1 po4
質素,zäk2 su1
近日,gäng6 yäk6
估計,gwu2 gäi1
抗爭,kong1 zäng1
擁有,yung2 yäu1
被捕,bi6 bu6
減少,gam2 siu2
上升,söng6 säng1
身上,säng1 söng6
價錢,ga1 cing4
下午,ha6 ng1
城市,säng4 si1
成績,säng4 zäk2
重新,cung4 säng1
女友,nü1 yäu1
上網,söng1 mong1
反映,fæng2 yäng2
旅行,lü1 häng4
曾經,cäng4 gäng1
食物,säk6 mäk6
相處,söng1 cü1
諗住,näm2 zü6
程度,cäng4 du6
多數,do1 su1
上便,söng6 bing6
上面,söng6 ming6
傳統,cüng4 tung2
二手,yi6 säu2
病毒,beng6 duk6
增長,zäng1 zöng2
人數,yäng4 su1
女仔,nü1 zäi2
攝影,sip2 yäng2
拍攝,pæk2 sip2
接近,zip2 gäng6
之間,zi1 gæng1
年輕,ning4 häng1
刻意,hæk2 yi1
打算,da2 süng1
質疑,zäk2 yi4
印度,yäng1 du6
挑戰,tiu1 zing1
冇得,mäu1 däk2
成立,säng4 läp6
最佳,zöi1 gai1
上海,söng6 fui2
指數,zi2 su1
好彩,häu2 cöi2
尊重,züng1 zung6
會議,wui6 yi1
否則,fäu2 zäk2
好處,häu2 cü1
女子,nü1 zi2
經歷,gäng1 läk6
態度,tai1 du6
冇乜,mäu1 mäk2
制度,zäi1 du6
上市,söng1 si1
重點,zung6 dim2
相當,söng1 dong1
數字,su1 zi6
基本上,gi1 bung2 söng6
地下,di6 ha6
就話,zäu6 wa6
上次,söng6 ci1
針對,zäm1 döi1
近期,gäng6 ki4
時刻,si4 hæk2
女性,nü1 säng1
巴塞,ba1 cöi1
平台,päng4 töi4
全面,cüng4 ming6
西班牙,säi1 bæng1 nga4
調整,tiu4 zäng2
男女,nam4 nü1
最少,zöi1 siu2
嘅話,ge1 wa2
反彈,fæng2 dæng6
啱啱,ngam1 ngam1
又話,yäu6 wa6
少女,siu1 nü1
輕鬆,häng1 sung1
以下,yi1 ha6
娛樂,yü4 lok6
家長,ga1 zöng2
梗係,gäng2 häi6
為主,wäi4 zü2
食飯,säk6 fæng6
讀者,duk6 ze2
速度,cuk2 du6
幾好,gi2 häu2
道歉,däu6 hip2
女兒,nü1 yi4
參考,cam1 hau2
面積,ming6 zäk2
都得,du1 däk2
下次,ha6 ci1
更新,gäng1 säng1
經理,gäng1 li1
裝修,zong1 säu1
加強,ga1 köng4
相對,söng1 döi1
乘客,säng4 hæk2
漫畫,mæng6 wa6
角度,gok2 du6
和平,wo4 päng4
單車,dæng1 ce1
青年,cäng1 ning4
人哋,yäng4 di1
那麼,na1 mo1
晚上,mæng1 söng6
事實上,si6 säk6 söng6
屬於,suk6 yü1
相反,söng1 fæng2
理解,li1 gai2
你哋,ni1 di1
隊長,döi6 zöng2
行業,hong4 yip6
動畫,dung6 wa6
一度,yäk2 du6
打開,da2 fui1
難以,næng4 yi1
靚仔,leng1 zäi2
打擊,da2 gäk2
提醒,täi4 säng2
聲稱,säng1 cäng1
背景,bui1 gäng2
背後,bui1 häu6
發覺,fæk2 gok2
上月,söng6 ngük6
浪費,long6 fäi1
做乜,zu6 mäk2
之下,zi1 ha6
生產,säng1 cæng2
地位,di6 wäi6
聲音,säng1 yäm1
校長,hau6 zöng2
經營,gäng1 yäng4
行政,häng4 zäng1
正面,zäng1 ming6
邀請,yiu1 cäng2
照片,ziu1 ping2
立刻,läp6 hæk2
灣仔,wæng1 zäi2
面前,ming6 cing4
為你,wäi6 ni1
下跌,ha6 dik2
飲食,yäm2 säk6
打機,da2 gi1
貿易,mäu6 yäk6
球場,käu4 cöng4
執行,zäp2 häng4
那些,na1 se1
儘量,zäng6 löng6
盡量,zäng6 löng6
喺度,häi2 du6
響度,höng2 du6
難度,næng4 du6
早上,zäu2 söng6
手上,säu2 söng6
旗下,ki4 ha6
月底,ngük6 däi2
地上,di6 söng6
我都,ngo1 du1
對話,döi1 wa6
平衡,päng4 häng4
後便,häu6 bing6
後面,häu6 ming6
玩具,wung6 gü6
自從,zi6 cung4
地球,di6 käu4
產生,cæng2 säng1
局長,guk6 zöng2
都有,du1 yäu1
乜嘢,mäk2 ya1
道理,däu6 li1
經典,gäng1 ding2
好少,häu2 siu2
自行,zi6 häng4
那個,na1 go1
公平,gung1 päng4
好友,häu2 yäu1
女朋友,nü1 päng4 yäu1
位於,wäi6 yü1
上場,söng1 cöng4
亦都,yäk6 du1
華人,wa4 yäng4
上車,söng1 ce1
話題,wa6 täi4
會長,wui6 zöng2
片段,ping1 düng6
信用卡,säng1 yung6 kæk2
廣東話,gwong2 dung1 wa2
強姦,köng4 gæng1
人話,yäng4 wa2
一刻,yäk2 häk2
女神,nü1 säng4
難得,næng4 däk2
平日,päng4 yäk6
入波,yäp6 bo1
前便,cing4 bing6
前面,cing4 ming6
影片,yäng2 ping2
道德,däu6 däk2
見面,ging1 ming6
參選,cam1 süng2
月份,ngük6 fäng6
聽過,teng1 gwo1
從來,cung4 löi4
下降,ha6 gong1
護士,wu6 si6
一便,yäk2 bing6
一面,yäk2 ming6
成熟,säng4 suk6
好像,häu2 zöng6
打得,da2 däk2
並冇,bäng6 mäu1
馬上,ma1 söng6
打壓,da2 æk2
好多時,häu2 do1 si4
成長,säng4 zöng2
上陣,söng1 zäng6
各種,gok2 zung2
年度,ning4 du6
公仔,gung1 zäi2
女生,nü1 säng1
處長,cü1 zöng2
過分,gwo1 fäng6
男仔,nam4 zäi2
上水,söng6 söi2
長者,zöng2 ze2
咁多,gäm1 do1
好易,häu2 yi6
邊度,bing1 du6
跳舞,tiu1 mu1
上訴,söng6 su1
巴打,ba1 da2
強烈,köng4 lik6
為人,wäi4 yäng4
核心,häk6 säm1
真相,zäng1 söng1
上述,söng6 säk6
相同,söng1 tung4
樂觀,lok6 gwung1
留下,läu4 ha6
差不多,ca1 bäk2 do1
傳出,cüng4 cäk2
對上,döi1 söng6
身為,säng1 wäi4
相比,söng1 bi2
焦點,ziu1 dim2
領導,läng1 däu6
生存,säng1 cüng4
下去,ha6 hü1
數量,su1 löng6
金錢,gäm1 cing4
下來,ha6 löi4
爭議,zäng1 yi1
大學生,dai6 hok6 sæng1
環球,wæng4 käu4
假設,ga2 cik2
一生,yäk2 säng1
包裝,bau1 zong1
表面,biu2 ming6
車路士,ce1 lu6 si6
九成,gäu2 säng4
天下,ting1 ha6
左面,zo2 ming6
重建,cung4 ging1
發聲,fæk2 säng1
裝備,zong1 bi6
領袖,läng1 zäu6
判斷,pung1 düng6
良好,löng4 häu2
藉口,zäk6 häu2
會同,wui6 tung4
球證,käu4 zäng1
瑞士,söi6 si6
普通話,pu2 tung1 wa2
少數,siu2 su1
長遠,cöng4 yüng1
達成,dæk6 säng4
樓下,läu4 ha6
火車,fo2 ce1
上限,söng6 hæng6
真係好,zäng1 häi6 häu2
真繫好,zäng1 häi6 häu2
上台,söng1 töi4
成就,säng4 zäu6
被迫,bi6 bäk2
被逼,bi6 bäk2
成份,säng4 fäng6
成分,säng4 fäng6
上前,söng1 cing4
籃球,lam4 käu4
都冇,du1 mäu1
出聲,cäk2 säng1
數目,su1 muk6
其間,ki4 gæng1
都要,du1 yiu1
成人,säng4 yäng4
假如,ga2 yü4
難怪,næng4 gwai1
射手,se6 säu2
要好,yiu1 häu2
上街,söng1 gai1
暴動,bäu6 dung6
平安,päng4 wung1
民間,mäng4 gæng1
都叫,du1 giu1
齊齊,cäi4 cäi4
私家車,si1 ga1 ce1
女士,nü1 si6
放假,fong1 ga1
高度,gäu1 du6
並沒有,bäng6 muk6 yäu1
一片,yäk2 ping1
轉頭,züng1 täu4
組成,zu2 säng4
老細,läu1 säi1
誤會,ng6 wui6
解放軍,gai2 fong1 gwäng1
強制,köng1 zäi1
會見,wui6 ging1
再度,zöi1 du6
上身,söng1 säng1
為止,wäi4 zi2
出生,cäk2 säng1
停車場,täng4 ce1 cöng4
打工,da2 gung1
冇事,mäu1 si6
最愛,zöi1 wui1
實行,säk6 häng4
最初,zöi1 co1
發行,fæk2 hong4
珍惜,zäng1 säk2
好人,häu2 yäng4
會考,wui6 hau2
俾人,bi2 yäng4
重大,zung6 dai6
打電話,da2 ding6 wa2
評估,päng4 gwu2
出道,cäk2 däu6
舞台,mu1 töi4
被控,bi6 hung1
好奇,häu1 ki4
帶領,dai1 läng1
形成,yäng4 säng4
職位,zäk2 wäi6
博士,bok2 si6
分子,fäng6 zi2
天使,ting1 si1
首都,säu2 du1
降低,gong1 däi1
請問,cäng2 mäng6
行山,hæng4 sæng1
拍片,pæk2 ping2
係呢,häi6 ne1
差距,ca1 kü1
行程,häng4 cäng4
生物,säng1 mäk6
低調,däi1 diu6
變相,bing1 söng1
米蘭,mai1 læng4
上班,söng1 bæng1
從未,cung4 mi6
時裝,si4 zong1
青春,cäng1 cäng1
沙士,sa1 si2
經理人,gäng1 li1 yäng4
一國兩制,yäk2 gwok2 löng1 zäi1
深刻,säm1 hæk2
都大,du1 dai6
入行,yäp6 hong4
落車,lok6 ce1
老人家,läu1 yäng4 ga1
傳聞,cüng4 mäng4
掛住,gwa1 zü6
能否,näng4 fäu2
一月,yäk2 ngük6
迪士尼,däk6 si6 ni4
列車,lik6 ce1
球賽,käu4 cöi1
轉移,züng2 yi4
聽講,teng1 gong2
會面,wui6 ming6
打扮,da2 bæng6
可以話,ho2 yi1 wa6
著名,zü1 mäng4
散户,sæng2 wu6
精英,zäng1 yäng1
時刻,si4 häk2
流浪,läu4 long6
上司,söng6 si1
財經,cöi4 gäng1
實際上,säk6 zäi1 söng6
電單車,ding6 dæng1 ce1
打破,da2 po1
強國,köng4 gwok2
華為,wa4 wäi4
暑假,sü2 ga1
隧道,söi6 däu6
平民,päng4 mäng4
包圍,bau1 wäi4
月尾,ngük6 mi1
近排,gäng6 pai4
石油,sek6 yäu4
下載,ha6 zöi1
食得,säk6 däk2
重複,cung4 fuk2
重覆,cung4 fuk2
相似,söng1 ci1
貨車,fo1 ce1
冇用,mäu1 yung6
重申,cung4 säng1
此刻,ci2 hæk2
不錯,bäk2 co1
下便,ha6 bing6
下面,ha6 ming6
推行,töi1 häng4
笑話,siu1 wa2
接種,zip2 zung1
長大,zöng2 dai6
我覺得,ngo1 gok2 däk2
流行,läu4 häng4
銷量,siu1 löng6
規劃,kwäi1 wæk6
為甚麼,wäi6 säm6 mo1
係呀,häi6 a4
佔領,zim1 läng1
傳真,cüng4 zäng1
相片,söng1 ping2
成年,säng4 ning4
大多數,dai6 do1 su1
浪漫,long6 mæng6
能量,näng4 löng6
金屬,gäm1 suk6
參賽,cam1 cöi1
圖片,tu4 ping2
參觀,cam1 gwung1
重心,zung6 säm1
下場,ha6 cöng4
從而,cung4 yi4
視為,si6 wäi4
美食,mi1 säk6
罪行,zöi6 häng6
研發,ying4 fæk2
校園,hau6 yüng4
食肆,säk6 si1
數碼,su1 ma1
間唔中,gæng1 m4 zung1
美女,mi1 nü1
行李,häng4 li1
進度,zäng1 du6
女孩,nü1 hai4
難道,næng4 däu6
肥仔,fi4 zäi2
行人,häng4 yäng4
生涯,säng1 ngai4
聽聞,teng1 mäng4
史上,si2 söng6
好食,häu2 säk6
放下,fong1 ha6
強勢,köng4 säi1
海鮮,fui2 sing1
開波,fui1 bo1
月入,ngük6 yäp6
天生,ting1 sæng1
之上,zi1 söng6
正好,zäng1 häu2
打手,da2 säu2
打氣,da2 hi1
車站,ce1 zam6
右面,yäu6 ming6
一番,yäk2 fæng1
為例,wäi4 läi6
名為,mäng4 wäi4
好笑,häu2 siu1
另一方面,läng6 yäk2 fong1 ming6
花生,fa1 säng1
實質,säk6 zäk2
間隔,gæng1 gæk2
上午,söng6 ng1
重返,cung4 fæng2
冇話,mäu1 wa6
從事,cung4 si6
樂壇,ngok6 tæng4
只好,zi2 häu2
好感,häu2 gäm2
極度,gik6 du6
踢波,tek2 bo1
人為,yäng4 wäi4
女童,nü1 tung4
飛行,fi1 häng4
餘下,yü4 ha6
通話,tung1 wa6
強大,köng4 dai6
份量,fäng6 löng6
衞生,wäi6 säng1
高質,gäu1 zäk2
裏便,li1 bing6
裏面,li1 ming6
戰士,zing1 si6
上映,söng1 yäng2
上任,söng1 yäm6
上落,söng1 lok6
成都,säng4 du1
下台,ha6 töi4
士氣,si6 hi1
一方面,yäk2 fong1 ming6
無數,mu4 su1
樂園,lok6 yüng4
通道,tung1 däu6
芝士,zi1 si2
經紀,gäng1 gi2
改為,gwui2 wäi4
波動,bo1 dung6
重組,cung4 zu2
司長,si1 zöng2
六月,luk6 ngük6
神經,säng4 gäng1
都可,du1 ho2
平手,päng4 säu2
次數,ci1 su1
西裝,säi1 zong1
會計,wui6 gäi1
車廂,ce1 söng1
轉變,züng2 bing1
五月,ng1 ngük6
輕微,häng1 mi4
間接,gæng1 zip2
男生,nam4 säng1
車頭,ce1 täu4
朝早,ziu1 zäu2
大使,dai6 si1
強化,köng4 fa1
開車,fui1 ce1
都未,du1 mi6
民調,mäng4 tiu4
重傷,cung1 söng1
惡化,ok2 fa1
毒品,duk6 bäng2
墨西哥,mäk6 säi1 go1
轉身,züng1 säng1
車手,ce1 säu2
年尾,ning4 mi1
青衣,cäng1 yi1
安裝,wung1 zong1
頂住,däng2 zü6
三月,sam1 ngük6
咁啱,gäm1 ngam1
有否,yäu1 fäu2
短片,düng2 ping2
面臨,ming6 läm4
中學生,zung1 hok6 sæng1
九月,gäu2 ngük6
波幅,bo1 fuk2
延長,ying4 cöng4
江湖,gong1 wu4
解放,gai2 fong1
老友,läu1 yäu1
鎮壓,zäng1 æk2
打出,da2 cäk2
都可以,du1 ho2 yi1
揸車,za1 ce1
同行,tung4 häng4
撤回,cik2 wui4
立刻,läp6 häk2
友好,yäu1 häu2
可否,ho2 fäu2
十月,säp6 ngük6
錯過,co1 gwo1
精神病,zäng1 säng4 beng6
下一個,ha6 yäk2 go1
共和黨,gung6 wo4 dong2
估值,gwu2 zäk6
渣打,za1 da2
傳奇,züng6 ki4
稱為,cäng1 wäi4
一部分,yäk2 bu6 fäng6
七月,cäk2 ngük6
打工仔,da2 gung1 zäi2
難過,næng4 gwo1
抹黑,muk2 häk2
民生,mäng4 säng1
贊成,zæng1 säng4
主打,zü2 da2
利好,li6 häu2
幸好,häng6 häu2
路上,lu6 söng6
下半,ha6 bung1
驚人,gäng1 yäng4
航班,hong4 bæng1
重量,cung1 löng6
會所,wui6 so2
成個,säng4 go1
無聊,mu4 liu4
數學,su1 hok6
大班,dai6 bæng1
級數,käp2 su1
世上,säi1 söng6
驚訝,gäng1 nga1
打針,da2 zäm1
裝置,zong1 zi1
打死,da2 si2
好似係,häu2 ci1 häi6
行車,häng4 ce1
過度,gwo1 du6
車牌,ce1 pai4
體重,täi2 cung1
青少年,cäng1 siu1 ning4
靈魂,läng4 wäng4
好難,häu2 næng4
行街,hæng4 gai1
李嘉誠,li1 ga1 säng4
物質,mäk6 zäk2
復刻,fuk6 hæk2
二月,yi6 ngük6
暴徒,bäu6 tu4
幅度,fuk2 du6
行使,häng4 säi2
少有,siu2 yäu1
災難,zöi1 næng6
酒精,zäu2 zäng1
四月,si1 ngük6
全數,cüng4 su1
輕易,häng1 yi6
唱片,cöng1 ping2
好轉,häu2 züng2
第一時間,däi6 yäk2 si4 gæng1
小學生,siu2 hok6 sæng1
風波,fung1 bo1
強勁,köng4 gäng6
防暴,fong4 bäu6
山頂,sæng1 deng2
青蛙,cäng1 wa1
生態,säng1 tai1
平平,päng4 päng4
諷刺,fung1 ci1
風暴,fung1 bäu6
月薪,ngük6 säng1
理論上,li1 läng6 söng6
兩岸,löng1 wung6
高調,gäu1 diu6
種族,zung2 zuk6
上演,söng1 ying2
銀包,ngäng4 bau1
勁過,gäng6 gwo1
公道,gung1 däu6
局面,guk6 ming6
車主,ce1 zü2
消毒,siu1 duk6
街上,gai1 söng6
和理非,wo4 li1 fi1
你都,ni1 du1
部長,bu6 zöng2
大都,dai6 du1
雙重,söng1 cung4
有種,yäu1 zung2
協調,hip2 tiu4
平等,päng4 däng2
上載,söng6 zöi1
偷食,täu1 säk6
月餅,ngük6 beng2
好意,häu2 yi1
試下,si1 ha1
陌生,mäk6 säng1
成效,säng4 hau6
一行,yäk2 häng4
一行,yäk2 hong4
上帝,söng6 däi1
上天,söng6 ting1
丹麥,dæng1 mæk6
八月,bæk2 ngük6
清醒,cäng1 säng2
強行,köng1 häng4
發射,fæk2 se6
理會,li1 wui6
成果,säng4 gwo2
流傳,läu4 cüng4
第二日,däi6 yi6 yäk6
兩地,löng1 di6
好聽,häu2 teng1
坐監,co1 gam1
娛樂圈,yü4 lok6 hüng1
戴上,dai1 söng1
體會,täi2 wui6
較為,gau1 wäi4
好啦,häu2 la1
一道,yäk2 däu6
降班,gong1 bæng1
先行,sing1 häng4
那樣,na1 yöng6
服裝,fuk6 zong1
就讀,zäu6 duk6
大波,dai6 bo1
轉型,züng2 yäng4
外面,wui6 ming6
嗰度,go2 du6
好想,häu2 söng2
倒數,däu1 su2
成交價,säng4 gau1 ga1
波衫,bo1 sam1
球季,käu4 gwäi1
九龍城,gäu2 lung4 säng4
考生,hau2 säng1
名校,mäng4 hau6
相差,söng1 ca1
增強,zäng1 köng4
到會,däu1 wui6
都幾,du1 gi2
貿易戰,mäu6 yäk6 zing1
長線,cöng4 sing1
聚會,zü6 wui6
上堂,söng1 tong4
車長,ce1 zöng2
攝影師,sip2 yäng2 si1
豪華,häu4 wa4
聲援,säng1 wung4
女方,nü1 fong1
近況,gäng6 fong1
下體,ha6 täi2
步行,bu6 häng4
施壓,si1 æk2
伴侶,bung6 lü1
波蘭,bo1 læng4
精華,zäng1 wa4
美好,mi1 häu2
士兵,si6 bäng1
跑車,pau2 ce1
罰球,fæk6 käu4
麥當勞,mæk6 dong1 läu4
包容,bau1 yung4
剛好,gong1 häu2
解散,gai2 sæng1
精靈,zäng1 läng4
人仔,yäng4 zäi2
請教,ceng2 gäu1
請教,cäng2 gäu1
今個月,gäm1 go1 ngük6
太平,tai1 päng4
瞬間,säng1 gæng1
女團,nü1 tüng4
心靈,säm1 läng4
救護車,gäu1 wu6 ce1
電車,ding6 ce1
角球,gok2 käu4
好運,häu2 wäng6
下下,ha1 ha1
下令,ha6 läng6
和解,wo4 gai2
出錯,cäk2 co1
可行,ho2 häng4
老竇,läu1 däu6
處女,cü1 nü1
為本,wäi4 bung2
一時間,yäk2 si4 gæng1
度過,du6 gwo1
市面,si1 ming6
道具,däu6 gü6
月台,ngük6 töi4
好朋友,häu2 päng4 yäu1
話事,wa6 si6
你呢,ni1 ne1
上半,söng6 bung1
種種,zung2 zung2
否決,fäu2 kük2
係冇,häi6 mäu1
難免,næng4 ming1
性質,säng1 zäk2
橫行,wæng4 häng4
不成,bäk2 säng4
被動,bi6 dung6
晶片,zäng1 ping2
華盛頓,wa4 säng6 däng6
冇嘢,mäu1 ya1
傳送,cüng4 sung1
閣下,gok2 ha6
生前,säng1 cing4
落成,lok6 säng4
塞車,säk2 ce1
傳染,cüng4 yim1
柏林,pæk2 läm4
問下,mäng6 ha1
請人,ceng2 yäng4
平反,päng4 fæng2
強硬,köng4 ngæng6
男士,nam4 si6
裝飾,zong1 säk2
平價,peng4 ga1
上環,söng6 wæng4
擁抱,yung2 päu1
諗緊,näm2 gäng2
震驚,zäng1 gäng1
人間,yäng4 gæng1
同行,tung4 hong4
老實講,läu1 säk6 gong2
車禍,ce1 wo6
差唔多,ca1 m4 do1
吸毒,käp2 duk6
生效,säng1 hau6
恐怖分子,hung2 bu1 fäng6 zi2
食材,säk6 cöi4
逆轉,yäk6 züng2
網球,mong1 käu4
婦女,fu1 nü1
警車,gäng2 ce1
自覺,zi6 gok2
壟斷,lung1 düng6
可樂,ho2 lok6
有冇人,yäu1 mäu1 yäng4
買下,mai1 ha6
好波,häu2 bo1
月供,ngük6 gung1
約會,yök2 wui6
會話,wui6 wa2
精彩,zäng1 cöi2
射門,se6 mung4
從中,cung4 zung1
優質,yäu1 zäk2
陪伴,pui4 bung6
係因為,häi6 yäng1 wäi6
擴散,kwok2 sæng1
逃生,täu4 säng1
卡通,ka1 tung1
仇恨,säu4 häng6
渠道,kü4 däu6
運行,wäng6 häng4
未經,mi6 gäng1
好正,häu2 zäng1
顯著,hing2 zü1
全城,cüng4 säng4
重慶,cung4 häng1
差異,ca1 yi6
打劫,da2 gip2
解讀,gai2 duk6
長沙灣,cöng4 sa1 wæng1
女王,nü1 wong4
領事館,läng1 si6 gwung2
世界上,säi1 gai1 söng6
私下,si1 ha6
轉行,züng1 hong4
強迫,köng4 bäk2
從前,cung4 cing4
所屬,so2 suk6
間諜,gæng1 dip6
挑釁,tiu1 yäng6
強積金,köng1 zäk2 gäm1
死都,si2 du1
我諗,ngo1 näm2
同班,tung4 bæng1
賽車,cöi1 ce1
還好,wæng4 häu2
上山,söng1 sæng1
深度,säm1 du6
四強,si1 köng4
平靜,päng4 zäng6
吃飯,hek2 fæng6
彈性,dæng6 säng1
季尾,gwäi1 mi1
打和,da2 wo4
下個月,ha6 go1 ngük6
好耐,häu2 nöi6
上個月,söng6 go1 ngük6
傍晚,pong4 mæng1
中毒,zung1 duk6
食水,säk6 söi2
太平洋,tai1 päng4 yöng4
講解,gong2 gai2
裂口,lik6 häu2
精選,zäng1 süng2
班主,bæng1 zü2
討好,täu2 häu2
畢業生,bäk2 yip6 säng1
我都係,ngo1 du1 häi6
便利店,bing6 li6 dim1
城大,säng4 dai6
套裝,täu1 zong1
共和國,gung6 wo4 gwok2
好鬼,häu2 gwäi2
奧斯卡,äu1 si1 ka1
市長,si1 zöng2
下手,ha6 säu2
諗法,näm2 fæk2
人道,yäng4 däu6
上手,söng1 säu2
好大,häu2 dai6
下滑,ha6 wæk6
月費,ngük6 fäi1
轉向,züng2 höng1
牛油,ngäu4 yäu4
領養,läng1 yöng1
更改,gäng1 gwui2
首相,säu2 söng1
都覺,du1 gok2
解答,gai2 dap2
先好,sing1 häu2
先至好,sing1 zi1 häu2
至好,zi1 häu2
冇錯,mäu1 co1
碎片,söi1 ping2
淪為,läng4 wäi4
都唔係,du1 m4 häi6
二戰,yi6 zing1
為之,wäi4 zi1
邊間,bing1 gæng1
一會,yäk2 wui6
一會兒,yäk2 wui6 yi4
零食,läng4 säk6
至上,zi1 söng6
氣質,hi1 zäk2
炒車,cau2 ce1
誕生,dæng1 säng1
心諗,säm1 näm2
升班,säng1 bæng1
轉介,züng2 gai1
總數,zung2 su1
好比,häu2 bi2
歡樂,fung1 lok6
成事,seng4 si6
成事,säng4 si6
減輕,gam2 heng1
孖展,ma1 zing2
係都,häi6 du1
下調,ha6 tiu4
犯錯,fæng6 co1
背囊,bui1 nong4
連登仔,ling4 däng1 zäi2
賭波,du2 bo1
傳中,cüng4 zung1
罪成,zöi6 säng4
打波,da2 bo1
小食,siu2 säk6
大肚,dai6 tu1
察覺,cæk2 gok2
相識,söng1 säk2
為此,wäi6 ci2
靈感,läng4 gäm2
樂趣,lok6 cü1
變種,bing1 zung2
上學,söng1 hok6
京都,gäng1 du1
點都,dim2 du1
更衣室,gäng1 yi1 säk2
進食,zäng1 säk6
注射,zü1 se6
不惜,bäk2 säk2
都市,du1 si1
好清,häu2 cäng1
部位,bu6 wäi6
絲打,si1 da2
車尾,ce1 mi1
與否,yü1 fäu2
惡意,ok2 yi1
廢話,fäi1 wa2
虛假,hü1 ga2
行人路,häng4 yäng4 lu6
核突,wäk6 däk6
申請人,säng1 cäng2 yäng4
最低工資,zöi1 däi1 gung1 zi1
聽歌,teng1 go1
聖經,säng1 gäng1
長達,cöng4 dæk6
好意思,häu2 yi1 si1
聊天,liu4 ting1
馬體會,ma1 täi2 wui6
精神科,zäng1 säng4 fo1
不便,bäk2 bing6
主客和,zü2 hæk2 wo4
被困,bi6 kwäng1
地道,di6 däu6
衞生署,wäi6 säng1 cü1
鬥爭,däu1 zäng1
計數,gäi1 su1
都想,du1 söng2
月內,ngük6 nöi6
改裝,gwui2 zong1
武裝,mu1 zong1
撤消,cik2 siu1
撤銷,cik2 siu1
少許,siu2 hü2
近乎,gäng6 fu4
車身,ce1 säng1
波鞋,bo1 hai4
好幾,häu2 gi2
研究所,ying4 gäu1 so2
升降機,säng1 gong1 gi1
年青,ning4 cäng1
球手,käu4 säu2
限量,hæng6 löng6
班人,bæng1 yäng4
咁大,gäm1 dai6
打仗,da2 zöng1
時間表,si4 gæng1 biu2
毆打,äu2 da2
汽油,hi1 yäu4
神話,säng4 wa2
都話,du1 wa6
百分點,bæk2 fäng6 dim2
衡量,häng4 löng6
油麻地,yäu4 ma4 di6
波膽,bo1 dam2
馬仔,ma1 zäi2
食用,säk6 yung6
正經,zäng1 gäng1
解除,gai2 cü4
同好,tung4 häu1
易手,yäk6 säu2
尾場,mi1 cöng4
轉投,züng2 täu4
本質,bung2 zäk2
月後,ngük6 häu6
從不,cung4 bäk2
下水,ha6 söi2
剩下,säng6 ha6
球衣,käu4 yi1
兩家,löng1 ga1
長洲,cöng4 zäu1
好味,häu2 mi6
定下,däng6 ha6
沉重,cäm4 zung6
鄰近,läng4 gäng6
巴士站,ba1 si2 zam6
容量,yung4 löng6
中伏,zung1 fuk6
原裝,yüng4 zong1
交易所,gau1 yäk6 so2
重生,cung4 säng1
同上,tung4 söng6
歲月,söi1 ngük6
大家都,dai6 ga1 du1
兩粒,löng1 näp2
領軍,läng1 gwäng1
下屬,ha6 suk6
藉此,zäk6 ci2
坊間,fong1 gæng1
控球,hung1 käu4
夥伴,fo2 bung6
極為,gik6 wäi4
好快,häu2 fai1
旅行社,lü1 häng4 se1
深刻,säm1 häk2
聘請,päng1 cäng2
撞車,zong6 ce1
士的,si6 däk2
爭奪,zäng1 dük6
冇問,mäu1 mäng6
個個都,go1 go1 du1
羽毛球,yü1 mäu4 käu4
庭上,täng4 söng6
富貴,fu1 gwäi1
擅長,sing6 cöng4
策劃,cæk2 wæk6
瞓覺,fäng1 gau1
難忘,næng4 mong4
打鬥,da2 däu1
有機會,yäu1 gi1 wui6
以便,yi1 bing6
香港特別行政區,höng1 gong2 däk6 bik6 häng4 zäng1 kü1
重現,cung4 ying6
如估你,yü4 gwu2 ni1
如估您,yü4 gwu2 ni1
不和,bäk2 wo4
通車,tung1 ce1
散步,sæng1 bu6
生性,sæng1 säng1
校服,hau6 fuk6
和諧,wo4 hai4
重用,zung6 yung6
係話,häi6 wa6
放生,fong1 sæng1
想問下,söng2 mäng6 ha1
街道,gai1 däu6
差佬,cai1 läu2
百分之,bæk2 fäng6 zi1
上路,söng1 lu6
一下子,yäk2 ha1 zi2
當成,dong1 säng4
行路,hæng4 lu6
相應,söng1 yäng1
火車站,fo2 ce1 zam6
注重,zü1 zung6
邪惡,ce4 ok2
有好多,yäu1 häu2 do1
十一月,säp6 yäk2 ngük6
船長,süng4 zöng2
好戲,häu2 hi1
舞台劇,mu1 töi4 kek6
車程,ce1 cäng4
中華民國,zung1 wa4 mäng4 gwok2
話我,wa6 ngo1
經濟學,gäng1 zäi1 hok6
紀錄片,gi2 luk6 ping2
球壇,käu4 tæng4
十二月,säp6 yi6 ngük6
暴露,bäu6 lu6
領取,läng1 cü2
視覺,si6 gok2
請假,ceng2 ga1
牛仔褲,ngäu4 zäi2 fu1
格仔,gæk2 zäi2
所為,so2 wäi4
糧食,löng4 säk6
面子,ming6 zi2
食環署,säk6 wæng4 cü1
產量,cæng2 löng6
相約,söng1 yök2
長輩,zöng2 bui1
重演,cung4 ying2
廢老,fäi1 läu1
陌生人,mäk6 säng1 yäng4
仲好,zung6 häu2
打架,da2 ga1
比重,bi2 cung1
包含,bau1 häm4
青山,cäng1 sæng1
覆核,fuk2 häk6
少量,siu2 löng6
席位,zäk6 wäi6
假日,ga1 yäk6
難受,næng4 säu6
貼上,tip2 söng1
此刻,ci2 häk2
履行,lü1 häng4
列為,lik6 wäi4
乜都,mäk2 du1
冇咩,mäu1 me1
轉換,züng2 wung6
唔係好,m4 häi6 häu2
警長,gäng2 zöng2
面具,ming6 gü6
食客,säk6 hæk2
復仇,fuk6 säu4
好冇,häu2 mäu1
為期,wäi4 ki4
台下,töi4 ha6
附屬,fu6 suk6
新生,säng1 säng1
差價,ca1 ga1
質問,zäk2 mäng6
好容易,häu2 yung4 yi6
折磨,zik2 mo4
香港仔,höng1 gong2 zäi2
扭轉,näu2 züng2
董事長,dung2 si6 zöng2
大道,dai6 däu6
力爭,läk6 zäng1
長江,cöng4 gong1
平倉,päng4 cong1
少於,siu2 yü1
俾你,bi2 ni1
堅強,ging1 köng4
心聲,säm1 säng1
喜好,hi2 häu1
打爆,da2 bau1
士多,si6 do1
親生,cäng1 sæng1
難聽,næng4 teng1
聆聽,läng4 täng1
被殺,bi6 sæk2
低估,däi1 gwu2
下班,ha6 bæng1
倒不如,däu2 bäk2 yü4
大中華,dai6 zung1 wa4
你話,ni1 wa6
縱使,zung1 si2
品種,bäng2 zung2
自動波,zi6 dung6 bo1
校友,hau6 yäu1
好嘢,häu2 ya1
交叉,gau1 ca1
貼近,tip2 gäng6
手下,säu2 ha6
重拾,cung4 säp6
打招呼,da2 ziu1 fu1
壓迫,æk2 bäk2
單打,dæng1 da2
塔里班,tap2 li1 bæng1
塔利班,tap2 li6 bæng1
幾咁,gi2 gäm1
再生,zöi1 säng1
大家樂,dai6 ga1 lok6
挑選,tiu1 süng2
都似,du1 ci1
安樂,wung1 lok6
本錢,bung2 cing4
最大,zöi1 dai6
平穩,päng4 wäng2
傳染病,cüng4 yim1 beng6
突然間,däk6 ying4 gæng1
突然之間,däk6 ying4 zi1 gæng1
表面上,biu2 ming6 söng6
艱難,gæng1 næng4
碩士,sek6 si6
車門,ce1 mung4
如估唔,yü4 gwu2 m4
最為,zöi1 wäi4
湖南,wu4 nam4
畫畫,wæk6 wa6
恤衫,säk2 sam1
妓女,gi6 nü1
遺傳,wäi4 cüng4
唱好,cöng1 häu2
焦慮,ziu1 lü6
又好,yäu6 häu2
食屎,säk6 si2
找數,zau2 su1
調動,diu6 dung6
加重,ga1 cung1
相當於,söng1 dong1 yü1
線上,sing1 söng6
社長,se1 zöng2
行內,hong4 nöi6
薯片,sü4 ping2
厘米,li4 mai1
掃貨,säu1 fo1
輕鐵,häng1 tik2
珍貴,zäng1 gwäi1
行駛,häng4 säi2
乘機,säng4 gi1
體質,täi2 zäk2
重要性,zung6 yiu1 säng1
貴族,gwäi1 zuk6
平息,päng4 säk2
女皇,nü1 wong4
掌聲,zöng2 säng1
羅湖,lo4 wu4
平凡,päng4 fæng4
點解唔,dim2 gai2 m4
波圖,bo1 tu4
生長,säng1 zöng2
反轉,fæng2 züng1
企硬,ki1 ngæng6
含量,häm4 löng6
時分,si4 fäng6
食嘢,säk6 ya1
解僱,gai2 gwu1
亮相,löng6 söng1
華麗,wa4 läi6
相繼,söng1 gäi1
下游,ha6 yäu4
同伴,tung4 bung6
中上,zung1 söng6
兩份,löng1 fäng6
上庭,söng1 täng4
測量,cäk2 löng4
一個月,yäk2 go1 ngük6
血腥,hük2 säng1
唔覺,m4 gok2
咁好,gäm1 häu2
八強,bæk2 köng4
轉機,züng1 gi1
輻射,fuk2 se6
肚餓,tu1 ngo6
靠近,kau1 gäng6
成名,säng4 mäng4
打卡,da2 kæk2
亂咁,lüng6 gäm1
頂多,däng2 do1
義士,yi6 si6
暴雨,bäu6 yü1
掛牌,gwa1 pai4
長沙,cöng4 sa1
單方面,dæng1 fong1 ming6
踩單車,cai2 dæng1 ce1
誤解,ng6 gai2
咁耐,gäm1 nöi6
為首,wäi4 säu2
領事,läng1 si6
爵士,zök2 si6
武士,mu1 si6
留學生,läu4 hok6 sæng1
乘坐,säng4 co1
變數,bing1 su1
老化,läu1 fa1
兩老,löng1 läu1
賣相,mai6 söng1
會計師,wui6 gäi1 si1
下晝,ha6 zäu1
已經係,yi1 gäng1 häi6
大球場,dai6 käu4 cöng4
上課,söng1 fo1
下身,ha6 säng1
車廠,ce1 cong2
重重,cung4 cung4
生育,säng1 yuk6
聽話,teng1 wa6
我都唔,ngo1 du1 m4
司法覆核,si1 fæk2 fuk2 häk6
升降,säng1 gong1
傳單,cüng4 dæng1
差點,ca1 dim2
打邊爐,da2 bing1 lu4
打理,da2 li1
面部,ming6 bu6
某程度,mäu1 cäng4 du6
某程度上,mäu1 cäng4 du6 söng6
報仇,bäu1 säu4
質量,zäk2 löng6
為生,wäi4 säng1
老百姓,läu1 bæk2 säng1
全部都,cüng4 bu6 du1
月亮,ngük6 löng6
書包,sü1 bau1
署長,cü1 zöng2
其實都,ki4 säk6 du1
壓抑,æk2 yäk2
刻薄,hæk2 bok6
頭頂,täu4 deng2
射擊,se6 gäk2
精品,zäng1 bäng2
搞錯,gau2 co1
撕裂,si1 lik6
咁快,gäm1 fai1
轉工,züng1 gung1
重創,cung1 cong1
強度,köng4 du6
嘉年華,ga1 ning4 wa4
又冇,yäu6 mäu1
促請,cuk2 cäng2
乜人,mäk2 yäng4
相隔,söng1 gæk2
冷淡,læng1 dam6
度假,du6 ga1
估價,gwu2 ga1
上址,söng6 zi2
便衣,bing6 yi1
俱樂部,kü1 lok6 bu6
使館,si1 gwung2
領土,läng1 tu2
為重,wäi4 zung6
生理,säng1 li1
難做,næng4 zu6
都算,du1 süng1
電動車,ding6 dung6 ce1
收成,säu1 säng4
跑道,pau2 däu6
大和,dai6 wo4
季度,gwäi1 du6
直覺,zäk6 gok2
話你,wa6 ni1
話係,wa6 häi6
黑面,häk2 ming6
包袱,bau1 fuk6
旅行團,lü1 häng4 tüng4
野生,ye1 säng1
追數,zöi1 su1
上層,söng6 cäng4
現行,ying6 häng4
調味,tiu4 mi6
第二時,däi6 yi6 si4
合成,häp6 säng4
創下,cong1 ha6
唱片公司,cöng1 ping2 gung1 si1
長途,cöng4 tu4
荷李活,ho4 li1 wuk6
覺得好,gok2 däk2 häu2
下個,ha6 go1
行政長官,häng4 zäng1 zöng2 gwung1
有行,yäu1 hong4
指摘,zi2 zæk6
廢青,fäi1 cäng1
行家,hong4 ga1
會合,wui6 häp6
上漲,söng6 zöng1
節省,zik2 sæng2
打到,da2 däu1
散熱,sæng1 ngik6
衍生,hing2 säng1
班次,bæng1 ci1
女權,nü1 küng4
食煙,säk6 ying1
票數,piu1 su1
如估係,yü4 gwu2 häi6
兩年,löng1 ning4
迫使,bäk2 si2
逼使,bäk2 si2
市道,si1 däu6
不下,bäk2 ha6
權貴,küng4 gwäi1
乘搭,säng4 dap2
片刻,ping1 hæk2
水上,söi2 söng6
你班,ni1 bæng1
散發,sæng1 fæk2
傳承,cüng4 säng4
承傳,säng4 cüng4
失波,säk2 bo1
才華,cöi4 wa4
種子,zung2 zi2
種籽,zung2 zi2
你好,ni1 häu2
相近,söng1 gäng6
電話號碼,ding6 wa2 häu6 ma1
老闆娘,läu1 bæng2 nöng4
班底,bæng1 däi2
畫質,wa6 zäk2
惡魔,ok2 mo1
前度,cing4 du6
背包,bui1 bau1
樂器,ngok6 hi1
一兩,yäk2 löng1
解開,gai2 fui1
因為我,yäng1 wäi6 ngo1
無時無刻,mu4 si4 mu4 hæk2
日食,yäk6 säk6
性行為,säng1 häng4 wäi4
精力,zäng1 läk6
車房,ce1 fong4
爭拗,zäng1 au1
診斷,cäng2 düng6
點解要,dim2 gai2 yiu1
經費,gäng1 fäi1
油塘,yäu4 tong4
重播,cung4 bo1
核武,häk6 mu1
華裔,wa4 yöi6
女裝,nü1 zong1
樂意,lok6 yi1
自己都,zi6 gi2 du1
點都好,dim2 du1 häu2
和牛,wo4 ngäu4
抗生素,kong1 säng1 su1
打風,da2 fung1
數值,su1 zäk6
相連,söng1 ling4
諗過,näm2 gwo1
外傳,wui6 cüng4
接班人,zip2 bæng1 yäng4
抱怨,päu1 yüng1
感覺上,gäm2 gok2 söng6
老土,läu1 tu2
桌球,cök2 käu4
出沒,cäk2 muk6
肚腩,tu1 nam1
打交,da2 gau1
粟米,suk2 mai1
有乜,yäu1 mäk2
舞蹈,mu1 däu6
不覺,bäk2 gok2
行走,häng4 zäu2
俾我,bi2 ngo1
爭住,zæng1 zü6
從小,cung4 siu2
女郎,nü1 long4
兩日,löng1 yäk6
數以,su1 yi1
唔好再,m4 häu2 zöi1
更正,gäng1 zäng1
叉燒,ca1 siu1
暴政,bäu6 zäng1
轉手,züng1 säu2
咁多人,gäm1 do1 yäng4
月頭,ngük6 täu4
話要,wa6 yiu1
轉戰,züng1 zing1
浮現,fäu4 ying6
好手,häu2 säu2
鮮血,sing1 hük2
新鮮感,säng1 sing1 gäm2
途經,tu4 gäng1
童話,tung4 wa2
沒法,muk6 fæk2
走數,zäu2 su1
已經唔,yi1 gäng1 m4
打字,da2 zi6
復刻,fuk6 häk2
兩隻,löng1 zek2
化解,fa1 gai2
面世,ming6 säi1
病假,beng6 ga1
車費,ce1 fäi1
血壓,hük2 æk2
解約,gai2 yök2
使用者,si2 yung6 ze2
強力,köng4 läk6
聲譽,säng1 yü6
倒退,däu2 töi1
倒退,däu1 töi1
長度,cöng4 du6
一面倒,yäk2 ming6 däu2
月大,ngük6 dai6
生氣,säng1 hi1
特質,däk6 zäk2
諗下,näm2 ha1
算數,süng1 su1
面向,ming6 höng1
洗手間,säi2 säu2 gæng1
追上,zöi1 söng1
平方米,päng4 fong1 mai1
上癮,söng1 yäng1
上調,söng6 tiu4
下午茶,ha6 ng1 ca4
坐低,co1 däi1
爭論,zäng1 läng6
相遇,söng1 yü6
長城,cöng4 säng4
撤退,cik2 töi1
米路,mai1 lu6
越位,yük6 wäi6
行行,hong4 hong4
跌倒,dik2 däu2
着數,zök6 su1
好用,häu2 yung6
好話,häu2 wa6
應該都,yäng1 gwui1 du1
日間,yäk6 gæng1
低下,däi1 ha6
上衣,söng6 yi1
種族歧視,zung2 zuk6 ki4 si6
潛質,cim4 zäk2
朝鮮,ciu4 sing1
師生,si1 säng1
冇影,mäu1 yäng2
如估唔係,yü4 gwu2 m4 häi6
下落,ha6 lok6
同屬,tung4 suk6
平安夜,päng4 wung1 ye6
行列,hong4 lik6
湯底,tong1 däi2
平淡,päng4 dam6
行政會議,häng4 zäng1 wui6 yi1
正能量,zäng1 näng4 löng6
肚痛,tu1 tung1
使出,säi2 cäk2
質感,zäk2 gäm2
打飛機,da2 fi1 gi1
首映,säu2 yäng2
難題,næng4 täi4
手提電話,säu2 täi4 ding6 wa2
原著,yüng4 zü1
文憑,mäng4 päng4
上心,söng1 säm1
話咩,wa6 me1
遊樂場,yäu4 lok6 cöng4
密度,mäk6 du6
半數,bung1 su1
量度,löng4 dok6
為自己,wäi6 zi6 gi2
充分,cung1 fäng6
潛艇,cim4 täng1
同為,tung4 wäi4
兒女,yi4 nü1
快艇,fai1 täng1
月球,ngük6 käu4
平權,päng4 küng4
聽見,teng1 ging1
撐場面,cæng1 cöng4 ming6
養生,yöng1 säng1
關上,gwæng1 söng1
降臨,gong1 läm4
重啟,cung4 käi2
生活費,säng1 wuk6 fäi1
破解,po1 gai2
推斷,töi1 düng6
已經有,yi1 gäng1 yäu1
臨近,läm4 gäng6
細路仔,säi1 lu6 zäi2
露面,lu6 ming6
貴人,gwäi1 yäng4
吃力,hek2 läk6
覺得自己,gok2 däk2 zi6 gi2
百分百,bæk2 fäng6 bæk2
硬食,ngæng6 säk6
撤離,cik2 li4
你覺得,ni1 gok2 däk2
高估,gäu1 gwu2
從政,cung4 zäng1
打官司,da2 gwung1 si1
會談,wui6 tam4
警覺,gäng2 gok2
過數,gwo1 su1
疏散,so1 sæng1
埋怨,mai4 yüng1
盛傳,säng6 cüng4
科研,fo1 ying4
港產片,gong2 cæng2 ping2
雙重標準,söng1 cung4 biu1 zäng2
傳遞,cüng4 däi6
更多,gäng1 do1
笑聲,siu1 säng1
齊心,cäi4 säm1
風球,fung1 käu4
好勁,häu2 gäng6
核電,häk6 ding6
城巴,säng4 ba1
年長,ning4 zöng2
契仔,käi1 zäi2
穿着,cüng1 zök2
上級,söng6 käp2
老爺,läu1 ye4
言行,ying4 häng4
打靶,da2 ba2
傷痕,söng1 häng4
倒閉,däu2 bäi1
卡數,kæk2 su1
黑仔,häk2 zäi2
上進,söng6 zäng1
下文,ha6 mäng4
持平,ci4 päng4
打敗,da2 bai6
整齊,zäng2 cäi4
打倒,da2 däu2
一種,yäk2 zung2
交易日,gau1 yäk6 yäk6
如估有,yü4 gwu2 yäu1
上頭,söng6 täu4
波經,bo1 gäng1
壓制,æk2 zäi1
我冇,ngo1 mäu1
長久,cöng4 gäu2
唔俾,m4 bi2
招數,ziu1 su1
開咪,fui1 mäi1
接班,zip2 bæng1
氣球,hi1 käu4
小便,siu2 bing6
愛好,wui1 häu1
大球,dai6 käu4
尾聲,mi1 säng1
為準,wäi4 zäng2
空難,hung1 næng6
平地,päng4 di6
無上,mu4 söng6
比數,bi2 su1
排球,pai4 käu4
毫米,häu4 mai1
頗為,po2 wäi4
中斷,zung1 tüng1
話時話,wa6 si4 wa6
兩下,löng1 ha1
道出,däu6 cäk2
絕食,zük6 säk6
上岸,söng1 wung6
都是,du1 si6
不行,bäk2 häng4
大大聲,dai6 dai6 säng1
那裏,na1 li1
難頂,næng4 däng2
一間,yäk2 gæng1
加班,ga1 bæng1
上榜,söng1 bong2
墨爾本,mäk6 yi1 bung2
倒戈,däu2 gwo1
耳仔,yi1 zäi2
開玩笑,fui1 wæng4 siu1
開玩笑,fui1 wung6 siu1
看更,fung1 gæng1
卡塔爾,ka1 tap2 yi1
漫長,mæng6 cöng4
係覺得,häi6 gok2 däk2
方針,fong1 zäm1
解鎖,gai2 so2
果斷,gwo2 düng6
請求,cäng2 käu4
講波,gong2 bo1
老翁,läu1 yung1
下人,ha6 yäng4
入讀,yäp6 duk6
老翻,läu1 fæng1
好似好,häu2 ci1 häu2
成晚,seng4 mæng1
戰車,zing1 ce1
打爛,da2 læng6
我都想,ngo1 du1 söng2
學士,hok6 si6
射波,se6 bo1
審核,säm2 häk6
油站,yäu4 zam6
醒覺,säng2 gok2
生人,sæng1 yäng4
參戰,cam1 zing1
行政長官,häng4 zäng1 cöng4 gwung1
打錯,da2 co1
私底下,si1 däi2 ha6
行開,hæng4 fui1
聚焦,zü6 ziu1
阻撓,zo2 nau4
煮食,zü2 säk6
打救,da2 gäu1
空降,hung1 gong1
自以為,zi6 yi1 wäi4
助長,zo6 zöng2
記載,gi1 zöi1
收聲,säu1 säng1
販毒,fæng1 duk6
耳朵,yi1 do2
轉播,züng2 bo1
老老實實,läu1 läu1 säk6 säk6
惡搞,ok2 gau2
年老,ning4 läu1
適量,säk2 löng6
包裹,bau1 gwo2
好做,häu2 zu6
長短,cöng4 düng2
長命,cöng4 mäng6
差人,cai1 yäng4
擁護,yung2 wu6
波箱,bo1 söng1
緩和,wung6 wo4
個仔,go1 zäi2
重整,cung4 zäng2
關卡,gwæng1 ka1
埋伏,mai4 fuk6
即食,zik2 säk6
不平,bäk2 päng4
咩好,me1 häu2
元老,yüng4 läu1
換衫,wung6 sam1
驅散,kü1 sæng1
減壓,gam2 æk2
都講,du1 gong2
有平,yäu1 peng4
都唔識,du1 m4 säk2
假若,ga2 yök6
遊艇,yäu4 täng1
坐車,co1 ce1
泳裝,wäng6 zong1
那人,na1 yäng4
包皮,bau1 pi4
高貴,gäu1 gwäi1
有聲,yäu1 säng1
校董,hau6 dung2
有少少,yäu1 siu2 siu2
親屬,cäng1 suk6
促成,cuk2 säng4
下層,ha6 cäng4
生計,säng1 gäi1
十二碼,säp6 yi6 ma1
眼球,ngæng1 käu4
解封,gai2 fung1
塞爾維亞,cöi1 yi1 wäi4 a1
咁有,gäm1 yäu1
工種,gung1 zung2
成日都,seng4 yäk6 du1
成日都,säng4 yäk6 du1
透明度,täu1 mäng4 du6
爛尾,læng6 mi1
相撞,söng1 zong6
無從,mu4 cung4
最緊要,zöi1 gäng2 yiu1
烈士,lik6 si6
富二代,fu1 yi6 döi6
促使,cuk2 si2
難關,næng4 gwæng1
錯失,co1 säk2
條片,tiu4 ping1
好靚,häu2 leng1
繁忙時間,fæng4 mong4 si4 gæng1
素食,su1 säk6
缺少,kük2 siu2
刺身,ci1 säng1
國際學校,gwok2 zäi1 hok6 hau6
屬實,suk6 säk6
推倒,töi1 däu2
一班,yäk2 bæng1
聲線,säng1 sing1
講下,gong2 ha1
旁聽,pong4 täng1
精準,zäng1 zäng2
轉車,züng1 ce1
流量,läu4 löng6
轉數,züng1 su1
怨氣,yüng1 hi1
聽眾,täng1 zung1
行經,hæng4 gäng1
都已經,du1 yi1 gäng1
小生,siu2 säng1
話人,wa6 yäng4
天上,ting1 söng6
平行,päng4 häng4
粗暴,cu1 bäu6
瘋傳,fung1 cüng4
上蓋,söng6 gwui1
散水,sæng1 söi2
話有,wa6 yäu1
你估,ni1 gwu2
就唔好,zäu6 m4 häu2
哪個,na1 go1
老牌,läu1 pai4
大仔,dai6 zäi2
康樂,hong1 lok6
對焦,döi1 ziu1
反面,fæng2 ming6
要打,yiu1 da2
見解,ging1 gai2
少人,siu2 yäng4
估唔到,gwu2 m4 däu1
後話,häu6 wa6
破裂,po1 lik6
真話,zäng1 wa2
兩次,löng1 ci1
上報,söng6 bäu1
冇心,mäu1 säm1
波及,bo1 käp6
班機,bæng1 gi1
為食,wäi6 säk6
搭上,dap2 söng1
唔係話,m4 häi6 wa6
話明,wa6 mäng4
玩意,wung6 yi1
近視,gäng6 si6
轉讓,züng2 yöng6
之嘛,zi1 ma1
背面,bui1 ming6
卡片,kæk2 ping2
好看,häu2 fung1
磨擦,mo4 cæk2
原油,yüng4 yäu4
乳房,yü1 fong4
為乜,wäi6 mäk2
爭冠,zäng1 gwung1
湊仔,cäu1 zäi2
接着,zip2 zök6
近代,gäng6 döi6
行情,hong4 cäng4
從頭到尾,cung4 täu4 däu1 mi1
由頭到尾,yäu4 täu4 däu1 mi1
錯字,co1 zi6
期油,ki4 yäu4
翻生,fæng1 sæng1
驚嚇,gäng1 hæk2
堂食,tong4 säk6
馬車,ma1 ce1
攻打,gung1 da2
好受,häu2 säu6
冇問題,mäu1 mäng6 täi4
放映,fong1 yäng2
堵塞,du2 säk2
飲食業,yäm2 säk6 yip6
嘢食,ya1 säk6
叉電,ca1 ding6
玩笑,wæng4 siu1
打底,da2 däi2
負荷,fu6 ho6
生產力,säng1 cæng2 läk6
逼近,bäk2 gäng6
精緻,zäng1 zi1
挑機,tiu1 gi1
轉移視線,züng2 yi4 si6 sing1
真係冇,zäng1 häi6 mäu1
軌道,gwäi2 däu6
高壓,gäu1 æk2
幻覺,wæng6 gok2
波子,bo1 zi2
上流,söng6 läu4
相見,söng1 ging1
橫掃,wæng4 säu1
行埋,hæng4 mai4
老婦,läu1 fu1
上香,söng1 höng1
首長,säu2 zöng2
好唔好,häu2 m4 häu2
華府,wa4 fu2
應否,yäng1 fäu2
卡路里,ka1 lu6 li1
城堡,säng4 bäu2
寶貴,bäu2 gwäi1
面色,ming6 säk2
時下,si4 ha6
為意,wäi4 yi1
精采,zäng1 cöi2
日本仔,yäk6 bung2 zäi2
錯覺,co1 gok2
服從,fuk6 cung4
智能電話,zi1 näng4 ding6 wa2
失調,säk2 tiu4
倒塌,däu2 tap2
下限,ha6 hæng6
過山車,gwo1 sæng1 ce1
新會,säng1 wui6
貨尾,fo1 mi1
名下,mäng4 ha6
差餉,cai1 höng2
好驚,häu2 geng1
排行,pai4 häng4
火車頭,fo2 ce1 täu4
濃度,nung4 du6
些少,se1 siu2
和服,wo4 fuk6
一直都,yäk2 zäk6 du1
連番,ling4 fæng1
年少,ning4 siu1
長褲,cöng4 fu1
我估,ngo1 gwu2
傳言,cüng4 ying4
大片,dai6 ping2
點數,dim2 su1
長子,zöng2 zi2
雷射,löi4 se6
相熟,söng1 suk6
率領,säk2 läng1
包庇,bau1 bi1
散貨,sæng2 fo1
屬性,suk6 säng1
打完,da2 yüng4
暴龍,bäu6 lung4
旋轉,süng4 züng2
英女皇,yäng1 nü1 wong4
就好似,zäu6 häu2 ci1
女優,nü1 yäu1
我已經,ngo1 yi1 gäng1
射中,se6 zung1
少林,siu1 läm4
有為,yäu1 wäi4
追平,zöi1 päng4
荷爾蒙,ho6 yi1 mung4
唔打,m4 da2
幾個月,gi2 go1 ngük6
做好,zu6 häu2
打飛,da2 fi1
食環,säk6 wæng4
強項,köng4 hong6
物種,mäk6 zung2
上腦,söng1 näu1
建築面積,ging1 zuk2 ming6 zäk2
面對面,ming6 döi1 ming6
打爆機,da2 bau1 gi1
打斷,da2 tüng1
咁滯,gäm1 zäi6
醒神,säng2 säng4
食譜,säk6 pu2
時差,si4 ca1
唔差,m4 ca1
被人,bi6 yäng4
哥爾夫球,go1 yi1 fu1 käu4
高爾夫球,gäu1 yi1 fu1 käu4
賽道,cöi1 däu6
上空,söng6 hung1
問話,mäng6 wa6
叫聲,giu1 säng1
車速,ce1 cuk2
面目,ming6 muk6
跟着,gäng1 zök6
上個,söng6 go1
成因,säng4 yäng1
結尾,gik2 mi1
好似唔,häu2 ci1 m4
搭的士,dap2 däk2 si2
有着,yäu1 zök6
過量,gwo1 löng6
相互,söng1 wu6
男裝,nam4 zong1
轉載,züng2 zöi1
長年,cöng4 ning4
啱啱好,ngam1 ngam1 häu2
都應該,du1 yäng1 gwui1
波音,bo1 yäm1
覺得係,gok2 däk2 häi6
陰道,yäm1 däu6
樂天,lok6 ting1
跟車,gäng1 ce1
如估我,yü4 gwu2 ngo1
榜尾,bong2 mi1
靈堂,läng4 tong4
上訴庭,söng6 su1 täng4
解圍,gai2 wäi4
轄下,häk6 ha6
西面,säi1 ming6
個女仔,go1 nü1 zäi2
違背,wäi4 bui1
惡行,ok2 häng6
好講,häu2 gong2
代為,döi6 wäi4
女足,nü1 zuk2
歌聲,go1 säng1
瓦解,nga1 gai2
哩數,li1 su1
里數,li1 su1
明點解,mäng4 dim2 gai2
求生,käu4 säng1
靜坐,zäng6 zo6
上電,söng1 ding6
打你,da2 ni1
浮誇,fäu4 kwa1
當打,dong1 da2
包住,bau1 zü6
投射,täu4 se6
全球化,cüng4 käu4 fa1
掛鈎,gwa1 ngäu1
實屬,säk6 suk6
生肖,säng1 ciu1
罪惡,zöi6 ok2
好多都,häu2 do1 du1
拼音,päng1 yäm1
尾隨,mi1 cöi4
上揚,söng6 yöng4
管道,gwung2 däu6
兩邊,löng1 bing1
頂尖,däng2 zim1
難搞,næng4 gau2
肉食,yuk6 säk6
好學,häu1 hok6
喚醒,wung6 säng2
生平,säng1 päng4
唔啱,m4 ngam1
化為,fa1 wäi4
咁易,gäm1 yi6
好吃,häu2 hek2
長處,cöng4 cü1
生產線,säng1 cæng2 sing1
濃厚,nung4 häu1
女單,nü1 dæng1
精子,zäng1 zi2
倒轉,däu1 züng1
爭勝,zäng1 säng1
古裝,gwu2 zong1
以為自己,yi1 wäi4 zi6 gi2
班子,bæng1 zi2
傻仔,so4 zäi2
最重,zöi1 cung1
聲響,säng1 höng2
接載,zip2 zöi1
休班警,yäu1 bæng1 gäng2
荷包,ho4 bau1
封城,fung1 säng4
談話,tam4 wa6
手球,säu2 käu4
燦爛,cæng1 læng6
話齋,wa6 zai1
我話,ngo1 wa6
新仔,säng1 zäi2
勁旅,gäng6 lü1
行蹤,häng4 zung1
長揸,cöng4 za1
專屬,züng1 suk6
呼聲,fu1 säng1
磨合,mo4 häp6
經濟體,gäng1 zäi1 täi2
鬥士,däu1 si6
都識,du1 säk2
強權,köng4 küng4
面孔,ming6 hung2
啱啱先,ngam1 ngam1 sing1
啱先,ngam1 sing1
開齋,fui1 zai1
土生土長,tu2 säng1 tu2 zöng2
報讀,bäu1 duk6
經由,gäng1 yäu4
行徑,häng4 gäng1
古老,gwu2 läu1
核實,häk6 säk6
傳人,cüng4 yäng4
文青,mäng4 cäng1
誤以為,ng6 yi1 wäi4
手掣,säu2 zäi1
醬油,zöng1 yäu4
假扮,ga2 bæng6
仲話,zung6 wa6
南下,nam4 ha6
傳召,cüng4 ziu6
都夠,du1 gäu1
打起,da2 hi2
聲言,säng1 ying4
打通,da2 tung1
玩弄,wung6 lung6
爭相,zäng1 söng1
全部都係,cüng4 bu6 du1 häi6
熱量,ngik6 löng6
因為你,yäng1 wäi6 ni1
轉發,züng2 fæk2
重災區,cung1 zöi1 kü1
民怨,mäng4 yüng1
終生,zung1 säng1
打的,da2 däk2
國度,gwok2 du6
班友,bæng1 yäu1
霸道,ba1 däu6
上線,söng1 sing1
包機,bau1 gi1
親近,cäng1 gäng6
深井,säm1 zäng2
相愛,söng1 wui1
衝刺,cung1 ci1
飛車,fi1 ce1
中間人,zung1 gæng1 yäng4
想話,söng2 wa6
仲以為,zung6 yi1 wäi4
難食,næng4 säk6
米線,mai1 sing1
掃描,säu1 miu4
掃瞄,säu1 miu4
轉台,züng1 töi4
講到尾,gong2 däu1 mi1
話到尾,wa6 däu1 mi1
放蛇,fong1 se4
架車,ga1 ce1
唔上,m4 söng1
強攻,köng4 gung1
解畫,gai2 wa6
攝取,sip2 cü2
聽取,teng1 cü2
估算,gwu2 süng1
講聲,gong2 säng1
驚險,gäng1 him2
略為,lök6 wäi4
晚間,mæng1 gæng1
襯衫,cäng1 sam1
鬼咁,gwäi2 gäm1
欖球,lam2 käu4
肚子,tu1 zi2
麥記,mæk6 gi1
都好似,du1 häu2 ci1
條仔,tiu4 zäi2
納米,nap6 mai1
奈米,nöi6 mai1
苛刻,ho1 hæk2
最重要,zöi1 zung6 yiu1
昂貴,ngong4 gwäi1
次次都,ci1 ci1 du1
打動,da2 dung6
好景,häu2 gäng2
小量,siu2 löng6
食雞,säk6 gäi1
撤出,cik2 cäk2
斷正,tüng1 zäng1
食完,säk6 yüng4
解禁,gai2 gäm1
我呢,ngo1 ne1
我打,ngo1 da2
都唔想,du1 m4 söng2
抵食,däi2 säk6
只差,zi2 ca1
壓倒,æk2 däu2
倒台,däu2 töi4
着重,zök6 zung6
好重,häu2 cung1
觸覺,zuk2 gok2
舞弊,mu1 bäi6
執着,zäp2 zök6
數一數二,su2 yäk2 su2 yi6
淨化,zäng6 fa1
撈底,läu4 däi2
反射,fæng2 se6
包辦,bau1 bæng6
解體,gai2 täi2
轉職,züng1 zäk2
例行,läi6 häng4
紳士,säng1 si2
開聲,fui1 säng1
瞓醒,fäng1 seng2
咁多年,gäm1 do1 ning4
長出,zöng2 cäk2
全盛,cüng4 säng6
通行,tung1 häng4
無間,mu4 gæng1
平常心,päng4 söng4 säm1
聖誕老人,säng1 dæng1 läu1 yäng4
超班,ciu1 bæng1
本身都,bung2 säng1 du1
鮮花,sing1 fa1
出車,cäk2 ce1
遊樂,yäu4 lok6
潛伏,cim4 fuk6
壓縮,æk2 suk2
好鍾意,häu2 zung1 yi1
強人,köng4 yäng4
側邊,zäk2 bing1
好嘅,häu2 ge1
唔食,m4 säk6
轉交,züng2 gau1
鮮明,sing1 mäng4
冇可能,mäu1 ho2 näng4
和好,wo4 häu2
第二個,däi6 yi6 go1
青島,cäng1 däu2
高下,gäu1 ha6
長傳,cöng4 cüng4
會心,wui6 säm1
係乜,häi6 mäk2
咁高,gäm1 gäu1
手尾,säu2 mi1
家暴,ga1 bäu6
好明顯,häu2 mäng4 hing2
都用,du1 yung6
種票,zung1 piu1
真面目,zäng1 ming6 muk6
歌舞,go1 mu1
假貨,ga2 fo1
食正,säk6 zäng1
阻塞,zo2 säk2
齊全,cäi4 cüng4
李斯特城,li1 si1 däk6 säng4
對打,döi1 da2
休假,yäu1 ga1
難保,næng4 bäu2
長跑,cöng4 pau2
淡定,dam6 däng6
一時三刻,yäk2 si4 sam1 hæk2
冇諗,mäu1 näm2
食花生,säk6 fa1 säng1
衫褲,sam1 fu1
上鏡,söng1 geng1
我都覺,ngo1 du1 gok2
單憑,dæng1 päng4
難講,næng4 gong2
就即刻,zäu6 zik2 hæk2
老年,läu1 ning4
舊生,gäu6 säng1
養老,yöng1 läu1
米芝蓮,mai1 zi1 ling4
你唔好,ni1 m4 häu2
生還,säng1 wæng4
成數,säng4 su1
長假,cöng4 ga1
水炮車,söi2 pau1 ce1
依家都,yi1 ga1 du1
而家都,yi4 ga1 du1
轉左,züng1 zo2
好高,häu2 gäu1
把聲,ba2 säng1
開班,fui1 bæng1
唔明點解,m4 mäng4 dim2 gai2
乾燥,gung1 cäu1
車輪,ce1 läng4
有米,yäu1 mai1
王朝,wong4 ciu4
皇朝,wong4 ciu4
皮球,pi4 käu4
下風,ha6 fung1
道別,däu6 bik6
世間,säi1 gæng1
使乜,säi2 mäk2
味精,mi6 zäng1
相距,söng1 kü1
軍裝,gwäng1 zong1
輕判,häng1 pung1
釀成,yöng6 säng4
兩三,löng1 sam1
月經,ngük6 gäng1
皇上,wong4 söng6
日日都,yäk6 yäk6 du1
起伏,hi2 fuk6
成全,säng4 cüng4
吃喝玩樂,hek2 fuk2 wung6 lok6
燃油,ying4 yäu4
面皮,ming6 pi4
精液,zäng1 yäk6
點解我,dim2 gai2 ngo1
我都有,ngo1 du1 yäu1
村長,cüng1 zöng2
除衫,cü4 sam1
難以置信,næng4 yi1 zi1 säng1
齊人,cäi4 yäng4
大便,dai6 bing6
驚慌,gäng1 fong1
算好,süng1 häu2
桃園,täu4 yüng4
假髮,ga2 fæk2
扮靚,bæng6 leng1
老千,läu1 cing1
重型,cung1 yäng4
去食,hü1 säk6
都係得,du1 häi6 däk2
肉質,yuk6 zäk2
貴州,gwäi1 zäu1
從業員,cung4 yip6 yüng4
生活習慣,säng1 wuk6 zap6 gwæng1
壓低,æk2 däi1
稱得上,cäng1 däk2 söng1
矜貴,gäng1 gwäi1
下海,ha6 fui2
係好多,häi6 häu2 do1
完全冇,yüng4 cüng4 mäu1
華語,wa4 yü1
州長,zäu1 zöng2
傳達,cüng4 dæk6
相比之下,söng1 bi2 zi1 ha6
大米,dai6 mai1
到尾,däu1 mi1
純屬,säng4 suk6
浪潮,long6 ciu4
畫作,wa6 zok2
配樂,pui1 ngok6
強者,köng4 ze2
多士,do1 si2
成績表,säng4 zäk2 biu2
掃蕩,säu1 dong6
細聲,säi1 säng1
爭吵,zäng1 cau2
暴行,bäu6 häng6
驚動,gäng1 dung6
都唔得,du1 m4 däk2
附上,fu6 söng1
油尖旺,yäu4 zim1 wong6
中和,zung1 wo4
年華,ning4 wa4
打尖,da2 zim1
高血壓,gäu1 hük2 æk2
柴油,cai4 yäu4
電壓,ding6 æk2
行頭,hong4 täu4
養成,yöng1 säng4
安樂死,wung1 lok6 si2
上當,söng1 dong1
射程,se6 cäng4
寄生,gi1 säng1
單挑,dæng1 tiu1
好開心,häu2 fui1 säm1
小強,siu2 köng4
最新,zöi1 säng1
廣傳,gwong2 cüng4
為時,wäi4 si4
獨一無二,duk6 yäk2 mu4 yi6
都唔夠,du1 m4 gäu1
盛世,säng6 säi1
參差,cam1 ci1
古惑仔,gwu2 wæk6 zäi2
食過,säk6 gwo1
連載,ling4 zöi1
講道,gong2 däu6
隊波,döi6 bo1
月光,ngük6 gwong1
好正常,häu2 zäng1 söng4
到頂,däu1 deng2
食評,säk6 päng4
垃圾車,lap6 sap2 ce1
咁勁,gäm1 gäng6
有冇得,yäu1 mäu1 däk2
聲勢,säng1 säi1
個班,go1 bæng1
華僑,wa4 kiu4
真係咁,zäng1 häi6 gäm1
嗜好,si3 häu1
從來沒,cung4 löi4 muk6
到最後,däu1 zöi1 häu6
生蠔,sæng1 häu4
打埋,da2 mai4
都只係,du1 zi2 häi6
轉眼,züng2 ngæng1
色調,säk2 diu6
店長,dim1 zöng2
梅開二度,mui4 fui1 yi6 du6
挑剔,tiu1 täk2
坐正,co1 zäng1
錢包,cing4 bau1
好慘,häu2 cam2
唔覺得,m4 gok2 däk2
好辛苦,häu2 säng1 fu2
魚生,yü4 sæng1
畫風,wa6 fung1
圍城,wäi4 säng4
惡性,ok2 säng1
首領,säu2 läng1
背負,bui1 fu6
個波,go1 bo1
覺得有,gok2 däk2 yäu1
老屈,läu1 wäk2
鏡片,geng1 ping2
但如估,dæng6 yü4 gwu2
母校,mu1 hau6
名聲,mäng4 säng1
間公司,gæng1 gung1 si1
使得,si2 däk2
用量,yung6 löng6
時時刻刻,si4 si4 hæk2 hæk2
老家,läu1 ga1
劃一,wæk6 yäk2
請辭,cäng2 ci4
掉轉,diu6 züng1
平復,päng4 fuk6
兩條,löng1 tiu4
沒甚麼,muk6 säm6 mo1
上連登,söng1 ling4 däng1
聽人講,teng1 yäng4 gong2
要俾,yiu1 bi2
將近,zöng1 gäng6
纜車,lam6 ce1
壓軸,æk2 zuk6
尺度,cek2 du6
仲有冇,zung6 yäu1 mäu1
油漆,yäu4 cäk2
繪畫,kwui2 wa6
側面,zäk2 ming6
此時此刻,ci2 si4 ci2 hæk2
精明,zäng1 mäng4
都有人,du1 yäu1 yäng4
一球,yäk2 käu4
播映,bo1 yäng2
傳銷,cüng4 siu1
係唔係都,häi6 m4 häi6 du1
點解你,dim2 gai2 ni1
乾脆,gung1 cöi1
更好,gäng1 häu2
重口味,cung1 häu2 mi6
漢堡包,fung1 bäu2 bau1
善長,sing6 zöng2
似冇,ci1 mäu1
大食,dai6 säk6
淨係識,zäng6 häi6 säk2
面貌,ming6 mau6
相提並論,söng1 täi4 bäng6 läng6
好的,häu2 däk2
勁多,gäng6 do1
糯米,no6 mai1
賭仔,du2 zäi2
覺悟,gok2 ng6
老死,läu1 si2
冇機,mäu1 gi1
追打,zöi1 da2
喺邊度,häi2 bing1 du6
上水,söng1 söi2
射出,se6 cäk2
有人話,yäu1 yäng4 wa6
聲討,säng1 täu2
兄長,häng1 zöng2
現成,ying6 säng4
視聽,si6 täng1
會晤,wui6 ng6
朝聖,ciu4 säng1
冇巴打,mäu1 ba1 da2
華南,wa4 nam4
下放,ha6 fong1
公眾假期,gung1 zung1 ga1 ki4
救生員,gäu1 säng1 yüng4
攝氏,sip2 si6
零用錢,läng4 yung6 cing4
有交易,yäu1 gau1 yäk6
綠卡,luk6 kæk2
和味,wo4 mi6
有冇巴打,yäu1 mäu1 ba1 da2
都未必,du1 mi6 bik2
裝甲,zong1 gap2
陶瓷,täu4 ci4
紛爭,fäng1 zäng1
唔驚,m4 geng1
好事,häu2 si6
上游,söng6 yäu4
食到,säk6 däu1
風度,fung1 du6
無差別,mu4 ca1 bik6
長官,cöng4 gwung1
夜間,ye6 gæng1
知識份子,zi1 säk2 fäng6 zi2
知識分子,zi1 säk2 fäng6 zi2
長官,zöng2 gwung1
揀選,gæng2 süng2
劑量,zäi1 löng6
有咁多,yäu1 gäm1 do1
樂富,lok6 fu1
申領,säng1 läng1
盛行,säng6 häng4
片場,ping2 cöng4
為數,wäi4 su1
叮噹,däng1 dong1
覺得你,gok2 däk2 ni1
女主,nü1 zü2
選拔,süng2 bäk6
剩低,zäng6 däi1
乜乜,mäk2 mäk2
望下,mong6 ha1
白車,bæk6 ce1
如估真係,yü4 gwu2 zäng1 häi6
就已經,zäu6 yi1 gäng1
我聽,ngo1 teng1
打橫,da2 wæng4
輕度,häng1 du6
你冇,ni1 mäu1
都買,du1 mai1
議長,yi1 zöng2
葵青,kwäi4 cäng1
華文,wa4 mäng4
就覺得,zäu6 gok2 däk2
下雨,ha6 yü1
知識產權,zi1 säk2 cæng2 küng4
刺客,ci1 hæk2
以為係,yi1 wäi4 häi6
微波爐,mi4 bo1 lu4
貴賓,gwäi1 bäng1
上畫,söng1 wa6
係好難,häi6 häu2 næng4
驚覺,gäng1 gok2
便當,bing6 dong1
好遠,häu2 yüng1
太和,tai1 wo4
今生,gäm1 säng1
幾經,gi2 gäng1
受驚,säu6 gäng1
尾巴,mi1 ba1
華夏,wa4 ha6
兩個月,löng1 go1 ngük6
輕生,häng1 säng1
一年一度,yäk2 ning4 yäk2 du6
假象,ga2 zöng6
做下,zu6 ha1
球技,käu4 gi6
發難,fæk2 næng6
薄荷,bok6 ho4
上馬,söng1 ma1
車子,ce1 zi2
鼓舞,gwu2 mu1
坐定定,co1 däng6 däng6
大會堂,dai6 wui6 tong4
我以為,ngo1 yi1 wäi4
城鎮,säng4 zäng1
斷線,tüng1 sing1
申請表,säng1 cäng2 biu2
上色,söng1 säk2
陣間,zäng6 gæng1
講數,gong2 su1
長裙,cöng4 kwäng4
打包,da2 bau1
車頂,ce1 deng2
生動,säng1 dung6
浮動,fäu4 dung6
顯示卡,hing2 si6 kæk2
隸屬,däi6 suk6
最後都,zöi1 häu6 du1
幾度,gi2 du6
樂團,ngok6 tüng4
轉個頭,züng1 go1 täu4
食堂,säk6 tong4
染上,yim1 söng1
學生哥,hok6 sæng1 go1
諒解,löng6 gai2
有請,yäu1 ceng2
推車,töi1 ce1
宴會,ying1 wui6
疤痕,ba1 häng4
列強,lik6 köng4
老手,läu1 säu2
之前都,zi1 cing4 du1
接聽,zip2 teng1
都係要,du1 häi6 yiu1
換領,wung6 läng1
便服,bing6 fuk6
避難,bi6 næng6
保重,bäu2 zung6
放行,fong1 häng4
娛樂性,yü4 lok6 säng1
重頭,cung4 täu4
懸掛,yüng4 gwa1
專長,züng1 cöng4
冇腦,mäu1 näu1
硬幣,ngæng6 bäi6
失靈,säk2 läng4
能成為,näng4 säng4 wäi4
背影,bui1 yäng2
番工,fæng1 gung1
調配,diu6 pui1
射精,se6 zäng1
逼和,bäk2 wo4
入球,yäp6 käu4
驚恐,gäng1 hung2
四面,si1 ming6
哪些,na1 se1
食飽,säk6 bau2
一相情願,yäk2 söng1 cäng4 yüng6
比卡超,bi2 ka1 ciu1
啱用,ngam1 yung6
掛靴,gwa1 hö1
高球,gäu1 käu4
恩怨,yäng1 yüng1
濕度,säp2 du6
示好,si6 häu2
頭痕,täu4 häng4
音質,yäm1 zäk2
幾靚,gi2 leng1
清淡,cäng1 dam6
歪理,wai1 li1
兩旁,löng1 pong4
調理,tiu4 li1
成品,säng4 bäng2
想食,söng2 säk6
話之,wa6 zi1
外間,wui6 gæng1
生路,sæng1 lu6
重手,cung1 säu2
多好,do1 häu2
腰間,yiu1 gæng1
兩場,löng1 cöng4
應聲,yäng1 säng1
最低,zöi1 däi1
面紅,ming6 hung4
冇諗過,mäu1 näm2 gwo1
你有冇,ni1 yäu1 mäu1
毒男,duk6 nam4
飽和,bau2 wo4
打低,da2 däi1
碰上,pung1 söng1
盛事,säng6 si6
長壽,cöng4 säu6
老是,läu1 si6
平壤,päng4 yöng6
問好,mäng6 häu2
好多人都,häu2 do1 yäng4 du1
或多或少,wæk6 do1 wæk6 siu2
浮屍,fäu4 si1
有班,yäu1 bæng1
活生生,wuk6 sæng1 sæng1
斜坡,ce4 bo1
乜鬼,mäk2 gwäi2
少爺,siu1 ye4
慘重,cam2 zung6
係勁,häi6 gäng6
大機會,dai6 gi1 wui6
出便,cäk2 bing6
出面,cäk2 ming6
解凍,gai2 dung1
打人,da2 yäng4
墊底,zing1 däi2
生機,säng1 gi1
巴打你,ba1 da2 ni1
十二,säp6 yi6
大少,dai6 siu1
乳頭,yü1 täu4
超聲波,ciu1 säng1 bo1
下馬,ha6 ma1
餅乾,beng2 gung1
女廁,nü1 ci1
沙包,sa1 bau1
去旅行,hü1 lü1 häng4
情況下,cäng4 fong1 ha6
我相信,ngo1 söng1 säng1
評核,päng4 häk6
校巴,hau6 ba1
你都係,ni1 du1 häi6
槍聲,cöng1 säng1
附和,fu6 wo6
使費,säi2 fäi1
順道,säng6 däu6
自強,zi6 köng4
鈴聲,läng4 säng1
為香港,wäi6 höng1 gong2
精心,zäng1 säm1
哪怕,na1 pa1
平庸,päng4 yung4
上圍,söng6 wäi4
好似都,häu2 ci1 du1
負數,fu6 su1
淡出,dam6 cäk2
翻轉,fæng1 züng1
唔好意思,m4 häu2 yi1 si1
撤走,cik2 zäu2
客貨車,hæk2 fo1 ce1
成隊,säng4 döi6
坐飛機,co1 fi1 gi1
插畫,cap2 wa6
好得,häu2 däk2
兩句,löng1 gü1
散工,sæng2 gung1
暴走,bäu6 zäu2
長時,cöng4 si4
轉動,züng1 dung6
稱之為,cäng1 zi1 wäi4
車公,ce1 gung1
和氣,wo4 hi1
食指,säk6 zi2
財仔,cöi4 zäi2
鮮味,sing1 mi6
班主任,bæng1 zü2 yäm6
面書,ming6 sü1
五行,ng1 häng4
五行,ng1 hong4
上邊,söng6 bing1
平和,päng4 wo4
裂痕,lik6 häng4
女巫,nü1 mu4
遵從,zäng1 cung4
輾轉,zing2 züng2
轉乘,züng2 säng4
彈開,dæng6 fui1
倒卧,däu2 ngo6
驅使,kü1 si2
想打,söng2 da2
簡易,gæng2 yi6
碌卡,luk2 kæk2
日更,yäk6 gæng1
永遠都,wäng1 yüng1 du1
年假,ning4 ga1
馬尾,ma1 mi1
好奇心,häu1 ki4 säm1
乳癌,yü1 ngam4
唔好講,m4 häu2 gong2
調景嶺,tiu4 gäng2 leng1
多位,do1 wäi6
油脂,yäu4 zi1
限度,hæng6 du6
唔難,m4 næng4
將領,zöng1 läng1
青山公路,cäng1 sæng1 gung1 lu6
重判,cung1 pung1
冇波,mäu1 bo1
咁鬼,gäm1 gwäi2
趕時間,gwung2 si4 gæng1
你食,ni1 säk6
低質,däi1 zäk2
更生,gäng1 säng1
打亂,da2 lüng6
女排,nü1 pai4
任食,yäm6 säk6
茄汁,kö4 zäp2
要食,yiu1 säk6
排長龍,pai4 cöng4 lung4
片刻,ping1 häk2
驚醒,gäng1 säng2
私生活,si1 säng1 wuk6
基數,gi1 su1
最新消息,zöi1 säng1 siu1 säk2
你諗,ni1 näm2
都仲有,du1 zung6 yäu1
都好過,du1 häu2 gwo1
寄生蟲,gi1 säng1 cung4
有咩好,yäu1 me1 häu2
都唔敢,du1 m4 gäm2
中華民族,zung1 wa4 mäng4 zuk6
剎那,sæk2 na1
大包,dai6 bau1
已經冇,yi1 gäng1 mäu1
百分比,bæk2 fäng6 bi2
打殘,da2 cæng4
好聲,häu2 säng1
石油氣,sek6 yäu4 hi1
扯上,ce2 söng1
班長,bæng1 zöng2
二十,yi6 säp6
你都唔,ni1 du1 m4
差館,cai1 gwung2
偏差,ping1 ca1
素質,su1 zäk2
修行,säu1 häng6
倍數,pui1 su1
被譽為,bi6 yü6 wäi4
講乜,gong2 mäk2
反差,fæng2 ca1
輕視,häng1 si6
照射,ziu1 se6
打滾,da2 gwäng2
報平安,bäu1 päng4 wung1
無時無刻,mu4 si4 mu4 häk2
雙打,söng1 da2
得番,däk2 fæng1
好差,häu2 ca1
沒落,muk6 lok6
大車,dai6 ce1
參演,cam1 ying2
都一樣,du1 yäk2 yöng6
虐打,yök6 da2
兩個都,löng1 go1 du1
蛇王,se4 wong4
煞車,sæk2 ce1
傾電話,käng1 ding6 wa2
坐擁,zo6 yung2
貴為,gwäi1 wäi4
眾生,zung1 säng1
眼仔,ngæng1 zäi2
鮮奶,sing1 nai1
哽咽,gäng2 ying1
做錯,zu6 co1
可以打,ho2 yi1 da2
淡水,tam1 söi2
作畫,zok2 wa6
全盛期,cüng4 säng6 ki4
全盛時期,cüng4 säng6 si4 ki4
因為有,yäng1 wäi6 yäu1
變更,bing1 gäng1
長袖,cöng4 zäu6
王道,wong4 däu6
攝錄,sip2 luk6
長老,zöng2 läu1
並重,bäng6 zung6
打印,da2 yäng1
浸會大學,zäm1 wui6 dai6 hok6
斷估,düng1 gwu2
傳訊,cüng4 säng1
樂迷,ngok6 mäi4
上萬,söng1 mæng6
打聽,da2 täng1
好重要,häu2 zung6 yiu1
調校,tiu4 gau1
補上,bu2 söng1
研究生,ying4 gäu1 säng1
暴亂,bäu6 lüng6
明月,mäng4 ngük6
厚度,häu1 du6
鑽研,züng1 ying4
仲諗,zung6 näm2
壓價,æk2 ga1
解像度,gai2 zöng6 du6
熟食,suk6 säk6
名貴,mäng4 gwäi1
切斷,cik2 tüng1
咁少,gäm1 siu2
好氣,häu2 hi1
精通,zäng1 tung1
醒起,säng2 hi2
覺得我,gok2 däk2 ngo1
假裝,ga2 zong1
相戀,söng1 lüng2
空手道,hung1 säu2 däu6
教仔,gäu1 zäi2
平安鐘,päng4 wung1 zung1
下世,ha6 säi1
高聲,gäu1 säng1
都冇用,du1 mäu1 yung6
絕種,zük6 zung2
趕上,gwung2 söng1
第二朝,däi6 yi6 ziu1
面大,ming6 dai6
惡性循環,ok2 säng1 cäng4 wæng4
外掛,wui6 gwa1
車票,ce1 piu1
波台,bo1 töi4
生病,säng1 beng6
龍尾,lung4 mi1
打擾,da2 yiu2
烹調,pæng1 tiu4
剪片,zing2 ping2
我都覺得,ngo1 du1 gok2 däk2
噴射,päng1 se6
辯解,bing6 gai2
怨婦,yüng1 fu1
巴士司機,ba1 si2 si1 gi1
好似話,häu2 ci1 wa6
解剖,gai2 fäu2
靈異,läng4 yi6
變質,bing1 zäk2
裝甲車,zong1 gap2 ce1
行到,hæng4 däu1
波士頓,bo1 si6 däng6
可口可樂,ho2 häu2 ho2 lok6
苦難,fu2 næng6
單調,dæng1 diu6
行過,hæng4 gwo1
棍波,gwäng1 bo1
刀片,däu1 ping2
仇人,säu4 yäng4
都冇人,du1 mäu1 yäng4
降級,gong1 käp2
有時間,yäu1 si4 gæng1
攝影機,sip2 yäng2 gi1
安好,wung1 häu2
波斯,bo1 si1
我食,ngo1 säk6
吸食,käp2 säk6
糞便,fäng1 bing6
身體力行,säng1 täi2 läk6 häng4
轉化,züng2 fa1
奉行,fung6 häng4
雕刻,diu1 hæk2
下旬,ha6 cäng4
人種,yäng4 zung2
捱打,ngai4 da2
通常都,tung1 söng4 du1
白領,bæk6 leng1
要諗,yiu1 näm2
重點係,zung6 dim2 häi6
磨練,mo4 ling6
得幾好,däk2 gi2 häu2
記錯,gi1 co1
片酬,ping2 cäu4
叫醒,giu1 seng2
毒素,duk6 su1
聲氣,säng1 hi1
兩個人,löng1 go1 yäng4
平板,päng4 bæng2
和應,wo6 yäng1
根本冇,gäng1 bung2 mäu1
相傳,söng1 cüng4
唔好話,m4 häu2 wa6
未夠班,mi6 gäu1 bæng1
女校,nü1 hau6
劃清界線,wæk6 cäng1 gai1 sing1
成功爭取,säng4 gung1 zäng1 cü2
工仔,gung1 zäi2
用卡,yung6 ka1
面容,ming6 yung4
思覺失調,si1 gok2 säk2 tiu4
最有,zöi1 yäu1
俾個,bi2 go1
卡通片,ka1 tung1 ping2
所作所為,so2 zok2 so2 wäi4
腐爛,fu6 læng6
熱錢,ngik6 cing4
冇講,mäu1 gong2
氣泡,hi1 pau1
有生之年,yäu1 säng1 zi1 ning4
詞彙,ci4 wui6
辭彙,ci4 wui6
爭先,zäng1 sing1
強推,köng1 töi1
同聲,tung4 säng1
舉重,gü2 cung1
畢生,bäk2 säng1
成日話,seng4 yäk6 wa6
成日話,säng4 yäk6 wa6
係好正,häi6 häu2 zäng1
四散,si1 sæng1
成件事,säng4 ging6 si6
撤資,cik2 zi1
藥劑士,yök6 zäi1 si6
應該冇,yäng1 gwui1 mäu1
頭尾,täu4 mi1
為難,wäi4 næng4
調控,tiu4 hung1
大條道理,dai6 tiu4 däu6 li1
欺壓,hi1 æk2
兩人,löng1 yäng4
暴風,bäu6 fung1
都幾好,du1 gi2 häu2
散落,sæng1 lok6
成本價,säng4 bung2 ga1
米粉,mai1 fäng2
行人天橋,häng4 yäng4 ting1 kiu4
音量,yäm1 löng6
上班族,söng1 bæng1 zuk6
相助,söng1 zo6
耐冇,nöi6 mäu1
傾下,käng1 ha1
長春,cöng4 cäng1
拆散,cæk2 sæng1
重任,zung6 yäm6
量產,löng6 cæng2
有巴打,yäu1 ba1 da2
讀音,duk6 yäm1
生食,sæng1 säk6
成語,säng4 yü1
城市大學,säng4 si1 dai6 hok6
打過,da2 gwo1
兩樣,löng1 yöng6
速成,cuk2 säng4
做得好,zu6 däk2 häu2
成行,säng4 häng4
好飲,häu2 yäm2
地波,di6 bo1
老伯,läu1 bæk2
各行各業,gok2 hong4 gok2 yip6
校舍,hau6 se1
音樂劇,yäm1 ngok6 kek6
重量級,cung1 löng6 käp2
輕便,häng1 bing6
斷裂,tüng1 lik6
從頭,cung4 täu4
靈車,läng4 ce1
消防車,siu1 fong4 ce1
兩難,löng1 næng4
齊集,cäi4 zap6
多少少,do1 siu2 siu2
下注,ha6 zü1
斷絕,tüng1 zük6
度數,du6 su1
貨櫃車,fo1 gwäi6 ce1
聽從,teng1 cung4
尊貴,züng1 gwäi1
老鬼,läu1 gwäi2
上客,söng1 hæk2
好煩,häu2 fæng4
好緊,häu2 gäng2
二等,yi6 däng2
二次,yi6 ci1
會戰,wui6 zing1
衞生局,wäi6 sæng1 guk6
傳波,cüng4 bo1
顛倒,ding1 däu2
二讀,yi6 duk6
有沒,yäu1 muk6
長篇,cöng4 ping1
強求,köng1 käu4
摩打,mo1 da2
相就,söng1 zäu6
發惡,fæk2 ok2
夠數,gäu1 su1
生粉,sæng1 fäng2
少男,siu1 nam4
好地地,häu2 di6 di6
嗰班,go2 bæng1
衰仔,söi1 zäi2
歲數,söi1 su1
核爆,häk6 bau1
轉而,züng1 yi4
生事,säng1 si6
調解,tiu4 gai2
乞食,häk2 säk6
最強,zöi1 köng4
上文,söng6 mäng4
都唔明,du1 m4 mäng4
學車,hok6 ce1
風聲,fung1 säng1
白卡,bæk6 kæk2
行兇,häng4 hung1
米飯,mai1 fæng6
一聲,yäk2 säng1
老餅,läu1 beng2
月曆,ngük6 läk6
有朝一日,yäu1 ziu1 yäk2 yäk6
轉角,züng1 gok2
喬裝,kiu4 zong1
場波,cöng4 bo1
晚裝,mæng1 zong1
鬼仔,gwäi2 zäi2
貴金屬,gwäi1 gäm1 suk6
矮仔,ai2 zäi2
副學士,fu1 hok6 si6
過街老鼠,gwo1 gai1 läu1 sü2
上風,söng6 fung1
食物中毒,säk6 mäk6 zung1 duk6
原生,yüng4 säng1
頂硬上,däng2 ngæng6 söng1
近似,gäng6 ci1
油畫,yäu4 wa6
都好多,du1 häu2 do1
幾勁,gi2 gäng6
口口聲聲,häu2 häu2 säng1 säng1
下跪,ha6 gwäi6
性生活,säng1 säng1 wuk6
長工,cöng4 gung1
怡和,yi4 wo4
惡毒,ok2 duk6
滅聲,mik6 säng1
參照,cam1 ziu1
上季,söng6 gwäi1
濃烈,nung4 lik6
乜都唔,mäk2 du1 m4
鴉片,a1 ping1
聽覺,täng1 gok2
事成,si6 säng4
目前為止,muk6 cing4 wäi4 zi2
最快,zöi1 fai1
出差,cäk2 cai1
買少見少,mai1 siu2 ging1 siu2
冇癮,mäu1 yäng1
毒性,duk6 säng1
施暴,si1 bäu6
轉捩點,züng2 lik6 dim2
得人驚,däk2 yäng4 geng1
白老鼠,bæk6 läu1 sü2
斷定,düng1 däng6
心理醫生,säm1 li1 yi1 säng1
頂替,däng2 täi1
省市,sæng2 si1
都死,du1 si2
嗰種,go2 zung2
節食,zik2 säk6
味覺,mi6 gok2
和音,wo6 yäm1
覺得呢,gok2 däk2 ne1
引領,yäng1 läng1
真係好難,zäng1 häi6 häu2 næng4
驚死,geng1 si2
裝扮,zong1 bæng6
重力,cung1 läk6
度日,du6 yäk6
航行,hong4 häng4
迷上,mäi4 söng1
話劇,wa2 kek6
仲有好多,zung6 yäu1 häu2 do1
衍生工具,hing2 säng1 gung1 gü6
冇做,mäu1 zu6
大家都係,dai6 ga1 du1 häi6
專為,züng1 wäi4
空調,hung1 tiu4
我成日,ngo1 seng4 yäk6
我成日,ngo1 säng4 yäk6
兩張,löng1 zöng1
打我,da2 ngo1
番去,fæng1 hü1
幾難,gi2 næng4
企劃,ki1 wæk6
唱反調,cöng1 fæng2 diu6
雞尾酒,gäi1 mi1 zäu2
一生一世,yäk2 säng1 yäk2 säi1
落班,lok6 bæng1
領悟,läng1 ng6
通頂,tung1 deng2
差好遠,ca1 häu2 yüng1
飽肚,bau2 tu1
中轉,zung1 züng2
籃球場,lam4 käu4 cöng4
有兩個,yäu1 löng1 go1
揮舞,fäi1 mu1
好打,häu2 da2
都去,du1 hü1
卷土重來,güng2 tu2 cung4 löi4
捲土重來,güng2 tu2 cung4 löi4
便衣警,bing6 yi1 gäng2
解碼,gai2 ma1
下半場,ha6 bung1 cöng4
好貴,häu2 gwäi1
武打,mu1 da2
其實都係,ki4 säk6 du1 häi6
輕取,häng1 cü2
順理成章,säng6 li1 säng4 zöng1
掉以輕心,diu6 yi1 häng1 säm1
試行,si1 häng4
昇華,säng1 wa4
影射,yäng2 se6
掃地,säu1 di6
平心而論,päng4 säm1 yi4 läng6
疑為,yi4 wäi4
咩咁,me1 gäm1
蠶食,cam4 säk6
好不容易,häu2 bäk2 yung4 yi6
獨食,duk6 säk6
唔靚,m4 leng1
都好正,du1 häu2 zäng1
倒掛,däu1 gwa1
好了,häu2 liu1
組裝,zu2 zong1
唔成,m4 seng4
冇出,mäu1 cäk2
唔好用,m4 häu2 yung6
屬下,suk6 ha6
老子,läu1 zi2
歸屬感,gwäi1 suk6 gäm2
吃香,hek2 höng1
全校,cüng4 hau6
解密,gai2 mäk6
咁難,gäm1 næng4
微不足道,mi4 bäk2 zuk2 däu6
都食,du1 säk6
都係有,du1 häi6 yäu1
服食,fuk6 säk6
攝錄機,sip2 luk6 gi1
着想,zök6 söng2
研製,ying4 zäi1
掛念,gwa1 nim6
大致上,dai6 zi1 söng6
方丈,fong1 zöng6
領導層,läng1 däu6 cäng4
為個,wäi6 go1
傳開,cüng4 fui1
宣讀,süng1 duk6
打緊,da2 gäng2
包紮,bau1 zæk2
撈飯,läu1 fæng6
上吊,söng1 diu1
巴士線,ba1 si2 sing1
巴士專線,ba1 si2 züng1 sing1
都冇得,du1 mäu1 däk2
塊面,fai1 ming6
好多次,häu2 do1 ci1
蜜月,mäk6 ngük6
斯里蘭卡,si1 li1 læng4 ka1
可貴,ho2 gwäi1
牛油果,ngäu4 yäu4 gwo2
通行證,tung1 häng4 zäng1
女同,nü1 tung4
書生,sü1 säng1
尾數,mi1 su1
濃郁,nung4 yuk2
朋友仔,päng4 yäu1 zäi2
畜生,cuk2 säng1
驚奇,gäng1 ki4
請勿,cäng2 mäk6
冇手,mäu1 säu2
好日,häu2 yäk6
水質,söi2 zäk2
上唔到,söng6 m4 däu1
女傭,nü1 yung4
冰鮮,bäng1 sing1
成點,säng4 dim2
未驚過,mi6 geng1 gwo1
柔和,yäu4 wo4
一定唔會,yäk2 däng6 m4 wui6
鬼片,gwäi2 ping2
習近平,zap6 gäng6 päng4
閒聊,hæng4 liu4
墜落,zöi6 lok6
防毒,fong4 duk6
真係唔好,zäng1 häi6 m4 häu2
富士山,fu1 si6 sæng1
曼城,mæng6 säng4
微調,mi4 tiu4
從來都,cung4 löi4 du1
論調,läng6 diu6
打發,da2 fæk2
都多,du1 do1
其實呢,ki4 säk6 ne1
爛賭,læng6 du2
多數都,do1 su1 du1
地質,di6 zäk2
守行為,säu2 häng4 wäi4
扑頭,pok2 täu4
量化,löng6 fa1
走下坡,zäu2 ha6 bo1
除淨,cü4 zäng6
僵硬,göng1 ngæng6
平行時空,päng4 häng4 si4 hung1
和風,wo4 fung1
為人民,wäi6 yäng4 mäng4
全球暖化,cüng4 käu4 nüng1 fa1
從新,cung4 säng1
打好,da2 häu2
貪靚,tam1 leng1
氣壓,hi1 æk2
迎面,yäng4 ming6
着火,zök6 fo2
面相,ming6 söng1
世界波,säi1 gai1 bo1
平靚正,peng4 leng1 zäng1
保鮮紙,bäu2 sing1 zi2
電纜,ding6 lam6
流行曲,läu4 häng4 kuk2
好好多,häu2 häu2 do1
都唔錯,du1 m4 co1
已經夠,yi1 gäng1 gäu1
咁簡單,gäm1 gæng2 dæng1
洗衫,säi2 sam1
都輸,du1 sü1
年輕人,ning4 häng1 yäng4
打掃,da2 säu1
誤差,ng6 ca1
也沒,ya1 muk6
精簡,zäng1 gæng2
核對,häk6 döi1
全世界都,cüng4 säi1 gai1 du1
尾燈,mi1 däng1
毒打,duk6 da2
張卡,zöng1 ka1
掌上壓,zöng2 söng6 æk2
學下,hok6 ha1
莫講話,mok6 gong2 wa6
坐大,zo6 dai6
頂到,däng2 däu1
批核,päi1 häk6
生果金,sæng1 gwo2 gäm1
下挫,ha6 co1
看上,fung1 söng1
熱焫焫,ngik6 nat2 nat2
打去,da2 hü1
百花齊放,bæk2 fa1 cäi4 fong1
微波,mi4 bo1
直通車,zäk6 tung1 ce1
彈弓,dæng6 gung1
女僕,nü1 buk6
成形,säng4 yäng4
勁到,gäng6 däu1
二世祖,yi6 säi1 zu2
升讀,säng1 duk6
正數,zäng1 su1
新近,säng1 gäng6
擠塞,zäi1 säk2
都試過,du1 si1 gwo1
裂縫,lik6 fung4
就係因為,zäu6 häi6 yäng1 wäi6
長安,cöng4 wung1
都未有,du1 mi6 yäu1
錯處,co1 cü1
柔道,yäu4 däu6
你聽,ni1 teng1
潛伏期,cim4 fuk6 ki4
鎖上,so2 söng1
惡果,ok2 gwo2
奢華,ce1 wa4
好似幾,häu2 ci1 gi2
上試,söng6 si1
斷斷續續,tüng1 tüng1 zuk6 zuk6
包養,bau1 yöng1
成功感,säng4 gung1 gäm2
濃縮,nung4 suk2
件衫,ging6 sam1
好似你,häu2 ci1 ni1
咁出,gäm1 cäk2
焦土,ziu1 tu2
結伴,gik2 bung6
熟女,suk6 nü1
考核,hau2 häk6
油田,yäu4 ting4
假定,ga2 däng6
走難,zäu2 næng6
伏線,fuk6 sing1
之後都,zi1 häu6 du1
平方,päng4 fong1
爛仔,læng6 zäi2
聽電話,teng1 ding6 wa2
接電話,zip2 ding6 wa2
月中,ngük6 zung1
貴婦,gwäi1 fu1
掃射,säu1 se6
戒毒,gai1 duk6
自以為是,zi6 yi1 wäi4 si6
好死,häu2 si2
就最,zäu6 zöi1
賤種,zing6 zung2
讀緊,duk6 gäng2
精密,zäng1 mäk6
傳教,cüng4 gäu1
奶油,nai1 yäu4
個球,go1 käu4
女伴,nü1 bung6
下列,ha6 lik6
以為你,yi1 wäi4 ni1
班垃圾,bæng1 lap6 sap2
手推車,säu2 töi1 ce1
怨言,yüng1 ying4
平成,päng4 säng4
童裝,tung4 zong1
雜種,zap6 zung2
掃街,säu1 gai1
夠班,gäu1 bæng1
老本,läu1 bung2
最鍾意,zöi1 zung1 yi1
重臨,cung4 läm4
聽下,teng1 ha1
集齊,zap6 cäi4
換轉,wung6 züng1
打消,da2 siu1
打火機,da2 fo2 gi1
講波佬,gong2 bo1 läu2
封頂,fung1 deng2
精髓,zäng1 söi1
油膩,yäu4 ni6
食慾,säk6 yuk6
好諗,häu2 näm2
如估要,yü4 gwu2 yiu1
男人老狗,nam4 yäng4 läu1 gäu2
拼圖,päng1 tu4
好好笑,häu2 häu2 siu1
啱聽,ngam1 teng1
直屬,zäk6 suk6
伏筆,fuk6 bäk2
內側,nöi6 zäk2
膳食,sing6 säk6
流浪狗,läu4 long6 gäu2
最勁,zöi1 gäng6
重讀,cung4 duk6
條數,tiu4 su1
三個月,sam1 go1 ngük6
成敗,säng4 bai6
他朝,ta1 ziu1
生命力,säng1 mäng6 läk6
都走,du1 zäu2
暴躁,bäu6 cäu1
都得啦,du1 däk2 la1
最正,zöi1 zäng1
經緯,gäng1 wäi1
多時間,do1 si4 gæng1
散場,sæng1 cöng4
量刑,löng6 yäng4
長方形,cöng4 fong1 yäng4
恐怖片,hung2 bu1 ping2
電波,ding6 bo1
唔好比,m4 häu2 bi2
唔撈,m4 läu1
人心惶惶,yäng4 säm1 wong4 wong4
醜惡,cäu2 ok2
都好好,du1 häu2 häu2
人道毀滅,yäng4 däu6 wäi2 mik6
死硬,si2 ngæng6
打磨,da2 mo4
嘅感覺,ge1 gäm2 gok2
難看,næng4 fung1
相擁,söng1 yung2
更加唔,gäng1 ga1 m4
好多年,häu2 do1 ning4
二人,yi6 yäng4
壞話,wai6 wa2
你最,ni1 zöi1
等下,däng2 ha1
又好似,yäu6 häu2 ci1
重逢,cung4 fung4
我驚,ngo1 geng1
相好,söng1 häu2
有面,yäu1 ming6
我覺得係,ngo1 gok2 däk2 häi6
世道,säi1 däu6
輕重,häng1 cung1
喻為,yü6 wäi4
打中,da2 zung1
淹沒,yim1 muk6
包底,bau1 däi2
個人覺得,go1 yäng4 gok2 däk2
道友,däu6 yäu1
參展,cam1 zing2
入面有,yäp6 ming6 yäu1
冇時,mäu1 si4
片商,ping2 söng1
惡作劇,ok2 zok2 kek6
實話,säk6 wa2
實話,säk6 wa6
車資,ce1 zi1
豐盛,fung1 säng6
心淡,säm1 tam1
消磨,siu1 mo4
風浪,fung1 long6
裝束,zong1 cuk2
重病,cung1 beng6
強弱,köng4 yök6
調停,tiu4 täng4
請你,cäng2 ni1
長青,cöng4 cäng1
來生,löi4 säng1
小麥,siu2 mæk6
死咁,si2 gäm1
冇到,mäu1 däu1
好亂,häu2 lüng6
憑藉,päng4 zäk6
相聚,söng1 zü6
共和,gung6 wo4
應該都係,yäng1 gwui1 du1 häi6
散開,sæng1 fui1
齊上齊落,cäi4 söng1 cäi4 lok6
屹立,ngäk6 läp6
牽強,hing1 köng1
小數民族,siu2 su1 mäng4 zuk6
少數民族,siu2 su1 mäng4 zuk6
左上,zo2 söng6
讀完,duk6 yüng4
一兩個,yäk2 löng1 go1
惋惜,yüng2 säk2
好嗎,häu2 ma1
海拔,fui2 bäk6
他都,ta1 du1
行得,hæng4 däk2
真係好好,zäng1 häi6 häu2 häu2
志同道合,zi1 tung4 däu6 häp6
點打,dim2 da2
好細,häu2 säi1
正月,zäng1 ngük6
參拜,cam1 bai1
重擊,cung1 gäk2
經常性,gäng1 söng4 säng1
聲浪,säng1 long6
修長,säu1 cöng4
成條,seng4 tiu4
係驚,häi6 geng1
邊度有,bing1 du6 yäu1
都可能,du1 ho2 näng4
冇理,mäu1 li1
曲解,kuk2 gai2
皺紋,zäu1 mäng4
保鮮,bäu2 sing1
生硬,sæng1 ngæng6
外相,wui6 söng1
一瞬間,yäk2 säng1 gæng1
拼搏,päng1 bok2
行出,hæng4 cäk2
腸道,cöng4 däu6
要塞,yiu1 cöi1
輸打贏要,sü1 da2 yeng4 yiu1
老人痴呆,läu1 yäng4 ci1 wui4
兩隊,löng1 döi6
頂頭,däng2 täu4
自己諗,zi6 gi2 näm2
都變,du1 bing1
斷氣,tüng1 hi1
坐牢,zo6 läu4
講兩句,gong2 löng1 gü1
利淡,li6 dam6
歪曲,wai1 kuk2
間開,gæng1 fui1
玩味,wung6 mi6
好大機會,häu2 dai6 gi1 wui6
諗諗,näm2 näm2
精美,zäng1 mi1
就近,zäu6 gäng6
準備好,zäng2 bi6 häu2
清湯,cäng1 tong1
係幾好,häi6 gi2 häu2
城邦,säng4 bong1
永生,wäng1 säng1
係靚,häi6 leng1
沒用,muk6 yung6
打拼,da2 päng1
好傾,häu2 käng1
點都要,dim2 du1 yiu1
唔聽,m4 teng1
做生意,zu6 sæng1 yi1
本末倒置,bung2 muk6 däu2 zi1
假冒,ga2 mäu6
間屋,gæng1 uk2
有冇諗,yäu1 mäu1 näm2
量力而為,löng6 läk6 yi4 wäi4
堅尼地城,ging1 ni4 di6 säng4
凹凸,näp2 däk6
卡士,ka1 si2
行善,häng4 sing6
靈性,läng4 säng1
真係好正,zäng1 häi6 häu2 zäng1
無能為力,mu4 näng4 wäi4 läk6
小數,siu2 su1
懇請,häng2 cäng2
夜更,ye6 gæng1
錯漏,co1 läu6
覺醒,gok2 säng2
痕跡,häng4 zäk2
核酸,häk6 süng1
好市,häu2 si1
滿面,mung1 ming6
取經,cü2 gäng1
係讀,häi6 duk6
散心,sæng1 säm1
執生,zäp2 sæng1
點解可以,dim2 gai2 ho2 yi1
強心針,köng4 säm1 zäm1
焦急,ziu1 gäp2
較好,gau1 häu2
相等,söng1 däng2
對質,döi1 zäk2
月結單,ngük6 gik2 dæng1
一意孤行,yäk2 yi1 gwu1 häng4
電話卡,ding6 wa2 kæk2
好低,häu2 däi1
拳打腳踢,küng4 da2 gök2 tek2
不曾,bäk2 cäng4
傍身,pong4 säng1
好客,häu1 hæk2
淨值,zäng6 zäk6
下季,ha6 gwäi1
舞步,mu1 bu6
好小,häu2 siu2
聲望,säng1 mong6
餵食,wäi1 säk6
二氧化碳,yi6 yöng1 fa1 tæng1
高波,gäu1 bo1
投資銀行,täu4 zi1 ngäng4 hong4
憤青,fäng1 cäng1
提款卡,täi4 fung2 kæk2
釘牌,deng1 pai4
都聽,du1 teng1
異口同聲,yi6 häu2 tung4 säng1
落井下石,lok6 zäng2 ha6 sek6
二人世界,yi6 yäng4 säi1 gai1
殘暴,cæng4 bäu6
醒你,säng2 ni1
暴斃,bäu6 bäi6
咁早,gäm1 zäu2
好耐冇,häu2 nöi6 mäu1
兩件,löng1 ging6
生父,säng1 fu6
挑逗,tiu1 däu6
大家唔好,dai6 ga1 m4 häu2
題外話,täi4 wui6 wa6
放上,fong1 söng1
沒完沒了,muk6 yüng4 muk6 liu1
冇見,mäu1 ging1
必經,bik2 gäng1
係最好,häi6 zöi1 häu2
二百,yi6 bæk2
冰毒,bäng1 duk6
刺殺,ci1 sæk2
平方公里,päng4 fong1 gung1 li1
皺眉,zäu1 mi4
錦上路,gäm2 söng6 lu6
咁正,gäm1 zäng1
繞道,yiu2 däu6
老友記,läu1 yäu1 gi1
好悶,häu2 mung6
拖車,to1 ce1
笑片,siu1 ping2
輕身,heng1 säng1
斷言,düng6 ying4
手痕,säu2 häng4
紙包,zi2 bau1
青春期,cäng1 cäng1 ki4
喪生,song1 säng1
聽力,täng1 läk6
倒米,däu2 mai1
言下之意,ying4 ha6 zi1 yi1
施行,si1 häng4
怨恨,yüng1 häng6
墨魚,mäk6 yü4
第二次,däi6 yi6 ci1
打從,da2 cung4
行去,hæng4 hü1
微生物,mi4 säng1 mäk6
每個月,mui1 go1 ngük6
想聽,söng2 teng1
話俾,wa6 bi2
冇啦,mäu1 la1
一開波,yäk2 fui1 bo1
跟從,gäng1 cung4
冇所謂,mäu1 so2 wäi6
隆重,lung4 zung6
保平安,bäu2 päng4 wung1
好簡單,häu2 gæng2 dæng1
班馬,bæng1 ma1
壓倒性,æk2 däu2 säng1
成千上萬,säng4 cing1 söng1 mæng6
淡然,dam6 ying4
咁靚,gäm1 leng1
都好難,du1 häu2 næng4
大假,dai6 ga1
收數,säu1 su1
今日都,gäm1 yäk6 du1
好買,häu2 mai1
好些,häu2 se1
實冇,säk6 mäu1
少主,siu1 zü2
話語權,wa6 yü1 küng4
已經唔係,yi1 gäng1 m4 häi6
係人都,häi6 yäng4 du1
成隻,seng4 zek2
撤控,cik2 hung1
咁貴,gäm1 gwäi1
路經,lu6 gäng1
產假,cæng2 ga1
大聲公,dai6 säng1 gung1
擁躉,yung2 däng2
女真,nü1 zäng1
生抽,sæng1 cäu1
轉嫁,züng2 ga1
餘生,yü4 säng1
唔好諗,m4 häu2 näm2
最後都係,zöi1 häu6 du1 häi6
大個仔,dai6 go1 zäi2
多球,do1 käu4
好廢,häu2 fäi1
太好,tai1 häu2
都係冇,du1 häi6 mäu1
逆行,yäk6 häng4
零下,läng4 ha6
較量,gau1 löng6
先打,sing1 da2
間斷,gæng1 düng6
成材,säng4 cöi4
天馬行空,ting1 ma1 häng4 hung1
精細,zäng1 säi1
係好事,häi6 häu2 si6
先係最,sing1 häi6 zöi1
先上,sing1 söng1
好型,häu2 yäng4
圖畫,tu4 wa6
和局,wo4 guk6
刻苦,hæk2 fu2
咁低,gäm1 däi1
個男仔,go1 nam4 zäi2
行禮,hæng4 läi1
討回公道,täu2 wui4 gung1 däu6
再上,zöi1 söng1
指使,zi2 si2
場上,cöng4 söng6
衣食,yi1 säk6
裝潢,zong1 wong4
跑數,pau2 su1
成條街,seng4 tiu4 gai1
下邊,ha6 bing1
雷暴,löi4 bäu6
再打,zöi1 da2
都差唔多,du1 ca1 m4 do1
想請,söng2 cäng2
遲下,ci4 ha1
專車,züng1 ce1
出波,cäk2 bo1
咁重,gäm1 cung1
幾間,gi2 gæng1
行下,hæng4 ha1
一段時間,yäk2 düng6 si4 gæng1
敗仗,bai6 zöng1
有諗,yäu1 näm2
打頭陣,da2 täu4 zäng6
如估想,yü4 gwu2 söng2
畫像,wa6 zöng6
不爭,bäk2 zäng1
散文,sæng2 mäng4
萌生,mäng4 säng1
已經可以,yi1 gäng1 ho2 yi1
撤軍,cik2 gwäng1
聖誕卡,säng1 dæng1 kæk2
滿載,mung1 zöi1
同場加映,tung4 cöng4 ga1 yäng2
終老,zung1 läu1
譽為,yü6 wäi4
面上,ming6 söng6
雞蛋仔,gäi1 dæng6 zäi2
衰老,söi1 läu1
攪拌,gau2 bung6
是因為,si6 yäng1 wäi6
咁濟,gäm1 zäi1
你以為,ni1 yi1 wäi4
刻劃,hæk2 wæk6
刻畫,hæk2 wæk6
起行,hi2 häng4
散佈,sæng1 bu1
傷重,söng1 cung1
明信片,mäng4 säng1 ping2
轉校,züng1 hau6
爛片,læng6 ping2
單數,dæng1 su1
浮沉,fäu4 cäm4
用下,yung6 ha1
硬仗,ngæng6 zöng1
錯手,co1 säu2
成堆,seng4 döi1
都算係,du1 süng1 häi6
每月,mui1 ngük6
沉沒,cäm4 muk6
海參,fui2 säm1
已經開,yi1 gäng1 fui1
乾糧,gung1 löng4
斷層,tüng1 cäng4
重金屬,cung1 gäm1 suk6
係唔係冇,häi6 m4 häi6 mäu1
唔重,m4 cung1
成家立室,säng4 ga1 läp6 säk2
裝作,zong1 zok2
國難,gwok2 næng6
都驚,du1 geng1
冇機會,mäu1 gi1 wui6
咁耐都,gäm1 nöi6 du1
輕敵,häng1 däk6
先入為主,sing1 yäp6 wäi4 zü2
背書,bui6 sü1
卡車,ka1 ce1
平平無奇,päng4 päng4 mu4 ki4
想轉,söng2 züng2
好平,häu2 päng4
食字,säk6 zi6
一分子,yäk2 fäng6 zi2
意食,yi1 säk6
生怕,säng1 pa1
實好多,säk6 häu2 do1
倒車,däu1 ce1
好眼,häu2 ngæng1
人呢,yäng4 ne1
藍領,lam4 leng1
京城,gäng1 säng4
總和,zung2 wo4
話過,wa6 gwo1
數啦,su1 la1
仲諗住,zung6 näm2 zü6
好似仲,häu2 ci1 zung6
其他都,ki4 ta1 du1
爭霸,zäng1 ba1
每日都,mui1 yäk6 du1
有間,yäu1 gæng1
食油,säk6 yäu4
重兵,cung1 bäng1
立方米,läp6 fong1 mai1
心中有數,säm1 zung1 yäu1 su1
有冇諗過,yäu1 mäu1 näm2 gwo1
可以俾,ho2 yi1 bi2
消散,siu1 sæng1
格調,gæk2 diu6
道教,däu6 gäu1
最慘,zöi1 cam2
發球,fæk2 käu4
定食,däng6 säk6
打沉,da2 cäm4
有唔少,yäu1 m4 siu2
遇難,yü6 næng6
那兒,na1 yi4
尋仇,cäm4 säu4
上訴人,söng6 su1 yäng4
使者,si1 ze2
貴重,gwäi1 zung6
唔好做,m4 häu2 zu6
咁差,gäm1 ca1
孖生,ma1 sæng1
女鬼,nü1 gwäi2
波浪,bo1 long6
行動不便,häng4 dung6 bäk2 bing6
凝重,yäng4 zung6
停車,täng4 ce1
係錯,häi6 co1
有錯,yäu1 co1
潔淨,gik2 zäng6
唔好搞,m4 häu2 gau2
肚皮,tu1 pi4
大壓力,dai6 æk2 läk6
乜事,mäk2 si6
上面有,söng6 ming6 yäu1
淡季,dam6 gwäi1
片面,ping1 ming6
其實我都,ki4 säk6 ngo1 du1
聽人,teng1 yäng4
聽人,täng1 yäng4
拚命,päng1 mäng6
發生咩事,fæk2 säng1 me1 si6
凝視,yäng4 si6
轉帳,züng2 zöng1
女強人,nü1 köng4 yäng4
平過,päng4 gwo1
抓緊,zau2 gäng2
因為呢,yäng1 wäi6 ne1
冇其他,mäu1 ki4 ta1
上期,söng6 ki4
偷聽,täu1 teng1
打翻,da2 fæng1
水道,söi2 däu6
可惡,ho2 wu1
都難,du1 næng4
有車,yäu1 ce1
兩球,löng1 käu4
唔出聲,m4 cäk2 säng1
傳票,cüng4 piu1
好老,häu2 läu1
多多聲,do1 do1 säng1
火上加油,fo2 söng6 ga1 yäu4
埋尾,mai4 mi1
成套,seng4 täu1
道士,däu6 si2
點都唔,dim2 du1 m4
老婆仔,läu1 po4 zäi2
生地,sæng1 di6
本領,bung2 läng1
衣食住行,yi1 säk6 zü6 häng4
似曾相識,ci1 cäng4 söng1 säk2
長情,cöng4 cäng4
膽量,dam2 löng6
動作片,dung6 zok2 ping2
都唔算,du1 m4 süng1
平原,päng4 yüng4
不以為然,bäk2 yi1 wäi4 ying4
苛刻,ho1 häk2
轉折,züng2 zik2
蛇頭,se4 täu4
放射,fong1 se6
城牆,säng4 cöng4
一事無成,yäk2 si6 mu4 säng4
背道而馳,bui1 däu6 yi4 ci4
重光,cung4 gwong1
城區,säng4 kü1
一齊去,yäk2 cäi4 hü1
食白果,säk6 bæk6 gwo2
煲仔飯,bäu1 zäi2 fæng6
打燈,da2 däng1
一清二楚,yäk2 cäng1 yi6 co2
悉數,säk2 su1
好掛住,häu2 gwa1 zü6
冇買,mäu1 mai1
食個,säk6 go1
好後,häu2 häu6
沖淡,cung1 tam1
都明,du1 mäng4
包抄,bau1 cau1
好瞓,häu2 fäng1
頑強,wæng4 köng4
招生,ziu1 säng1
好似我,häu2 ci1 ngo1
乜水,mäk2 söi2
聽完,teng1 yüng4
差天共地,ca1 ting1 gung6 di6
設下,cik2 ha6
有機可乘,yäu1 gi1 ho2 säng4
刻板,hæk2 bæng2
包保,bau1 bäu2
錢財,cing4 cöi4
轉口,züng2 häu2
母乳,mu1 yü1
比拼,bi2 päng1
保齡球,bäu2 läng4 käu4
我真係好,ngo1 zäng1 häi6 häu2
決裂,kük2 lik6
都係因為,du1 häi6 yäng1 wäi6
仇家,säu4 ga1
打定輸數,da2 däng6 sü1 su1
經期,gäng1 ki4
少婦,siu1 fu1
當差,dong1 cai1
繁華,fæng4 wa4
為他,wäi6 ta1
好靜,häu2 zäng6
冇法,mäu1 fæk2
難堪,næng4 häm1
抑壓,yäk2 æk2
肚臍,tu1 ci4
老早,läu1 zäu2
噴射機,päng1 se6 gi1
貨仔,fo1 zäi2
少不免,siu2 bäk2 ming1
輕巧,häng1 hau2
字數,zi6 su1
焦慮症,ziu1 lü6 zäng1
另行,läng6 häng4
斷送,düng6 sung1
講錯,gong2 co1
手車,säu2 ce1
統領,tung2 läng1
仇視,säu4 si6
大家一齊,dai6 ga1 yäk2 cäi4
那狗,na1 gäu2
暴君,bäu6 gwäng1
好憎,häu2 zäng1
斷交,tüng1 gau1
妖精,yiu2 zäng1
你試下,ni1 si1 ha1
是為,si6 wäi6
為所欲為,wäi4 so2 yuk6 wäi4
一路上,yäk2 lu6 söng6
站長,zam6 zöng2
唔係都,m4 häi6 du1
再會,zöi1 wui6
教下,gäu1 ha1
冇好,mäu1 häu2
無解,mu4 gai2
咁細,gäm1 säi1
運轉,wäng6 züng1
生殖,säng1 zäk6
順風車,säng6 fung1 ce1
兩邊都,löng1 bing1 du1
愛錫,wui1 sek2
解救,gai2 gäu1
少不了,siu2 bäk2 liu1
精神健康,zäng1 säng4 ging6 hong1
度度,du6 du6
比較好,bi2 gau1 häu2
光頭老,gwong1 täu4 läu1
偽裝,ngäi6 zong1
行刑,häng4 yäng4
家傳,ga1 cüng4
夠打,gäu1 da2
都唔使,du1 m4 säi2
都冇咩,du1 mäu1 me1
慘淡,cam2 dam6
唔諗,m4 näm2
修好,säu1 häu2
見家長,ging1 ga1 zöng2
一轉,yäk2 züng1
老毛,läu1 mäu4
又俾,yäu6 bi2
呃飯食,æk2 fæng6 säk6
唔好俾,m4 häu2 bi2
使唔使,säi2 m4 säi2
到依家都,däu1 yi1 ga1 du1
到而家都,däu1 yi4 ga1 du1
更有,gäng1 yäu1
一時三刻,yäk2 si4 sam1 häk2
經文,gäng1 mäng4
好多都係,häu2 do1 du1 häi6
多不勝數,do1 bäk2 säng1 su2
大專生,dai6 züng1 säng1
闊度,fuk2 du6
穩重,wäng2 zung6
真係覺,zäng1 häi6 gok2
就即刻,zäu6 zik2 häk2
想俾,söng2 bi2
的士佬,däk2 si2 läu2
頂得順,däng2 däk2 säng6
讀過,duk6 gwo1
點解有,dim2 gai2 yäu1
其實好多,ki4 säk6 häu2 do1
間間,gæng1 gæng1
賣弄,mai6 lung6
可能都,ho2 näng4 du1
阻差辦公,zo2 cai1 bæng6 gung1
沉降,cäm4 gong1
長氣,cöng4 hi1
咁遠,gäm1 yüng1
接二連三,zip2 yi6 ling4 sam1
係波,häi6 bo1
一個都,yäk2 go1 du1
腎臟,säng6 zong6
行文,häng4 mäng4
咁得,gäm1 däk2
幾下,gi2 ha1
盛惠,säng6 wäi6
兩者,löng1 ze2
死都唔,si2 du1 m4
仲咁,zung6 gäm1
真係好多,zäng1 häi6 häu2 do1
福士,fuk2 si2
乳豬,yü1 zü1
浪子,long6 zi2
真係覺得,zäng1 häi6 gok2 däk2
提拔,täi4 bäk6
下火,ha6 fo2
你老豆,ni1 läu1 däu6
又成,yäu6 säng4
大包圍,dai6 bau1 wäi4
打交道,da2 gau1 däu6
食緊,säk6 gäng2
斷尾,tüng1 mi1
人人都,yäng4 yäng4 du1
戇居,ngong6 gü1
下廚,ha6 cü4
最平,zöi1 päng4
後數,häu6 su1
每次都,mui1 ci1 du1
華山,wa4 sæng1
勞力士,läu4 läk6 si6
屬意,suk6 yi1
伏擊,fuk6 gäk2
又覺,yäu6 gok2
意會,yi1 wui6
錯愕,co1 ngok6
上過,söng1 gwo1
勁好,gäng6 häu2
追女仔,zöi1 nü1 zäi2
好快就,häu2 fai1 zäu6
閃卡,sim2 kæk2
都廢,du1 fäi1
麾下,fäi1 ha6
巨浪,gü6 long6
債仔,zai1 zäi2
最低限度,zöi1 däi1 hæng6 du6
咁廢,gäm1 fäi1
驚呼,gäng1 fu1
是最,si6 zöi1
開平,fui1 päng4
好咩,häu2 me1
爭辯,zäng1 bing6
壁球,bäk2 käu4
食住,säk6 zü6
入數,yäp6 su1
聽得,teng1 däk2
成本效益,säng4 bung2 hau6 yäk2
標青,biu1 ceng1
背住,bui1 zü6
交差,gau1 cai1
下等,ha6 däng2
你俾,ni1 bi2
死頂,si2 däng2
着緊,zök6 gäng2
點相,dim2 söng1
時光倒流,si4 gwong1 däu2 läu4
傳話,cüng4 wa6
打俾,da2 bi2
都仲未,du1 zung6 mi6
行行企企,hæng4 hæng4 ki1 ki1
土著,tu2 zü1
全長,cüng4 cöng4
錢債,cing4 zai1
金卡,gäm1 kæk2
隨行,cöi4 häng4
熱刺,ngik6 ci1
都唔肯,du1 m4 häng2
以前都,yi1 cing4 du1
台仔,töi4 zäi2
轉去,züng2 hü1
耳塞,yi1 säk2
兩間,löng1 gæng1
下一代,ha6 yäk2 döi6
有好多人,yäu1 häu2 do1 yäng4
你已經,ni1 yi1 gäng1
四驅車,si1 kü1 ce1
包場,bau1 cöng4
難打,næng4 da2
二手煙,yi6 säu2 ying1
重頭戲,cung1 täu4 hi1
油水,yäu4 söi2
好漢,häu2 fung1
又覺得,yäu6 gok2 däk2
懶人包,læng1 yäng4 bau1
千祈唔好,cing1 ki4 m4 häu2
請食飯,ceng2 säk6 fæng6
咁多個,gäm1 do1 go1
折斷,zik2 tüng1
感覺好,gäm2 gok2 häu2
驚天,gäng1 ting1
主食,zü2 säk6
浮雲,fäu4 wäng4
冇辦法,mäu1 bæng6 fæk2
可卡因,ho2 ka1 yäng1
上京,söng1 gäng1
傳輸,cüng4 sü1
畫師,wa6 si1
都唔可以,du1 m4 ho2 yi1
又打,yäu6 da2
壓榨,æk2 za1
倒貼,däu1 tip2
咪嘴,mäi1 zöi2
抹茶,muk2 ca4
嗅覺,cäu1 gok2
講咁多,gong2 gäm1 do1
硬照,ngæng6 ziu1
盛大,säng6 dai6
周轉,zäu1 züng2
包起,bau1 hi2
白衫,bæk6 sam1
上得,söng1 däk2
雪上加霜,sük2 söng6 ga1 söng1
鴨仔,ap2 zäi2
波士,bo1 si2
彈牙,dæng6 nga4
勁敵,gäng6 däk6
慰藉,wäi1 zäk6
再加上,zöi1 ga1 söng1
就諗,zäu6 näm2
假名,ga2 mäng4
歸位,gwäi1 wäi6
自相矛盾,zi6 söng1 mau4 täng1
過錯,gwo1 co1
冇再,mäu1 zöi1
地氈,di6 zing1
其實冇,ki4 säk6 mäu1
慢慢行,mæng6 mæng6 häng4
平板電腦,päng4 bæng2 ding6 näu1
先話,sing1 wa6
不經意,bäk2 gäng1 yi1
重地,zung6 di6
打轉,da2 züng2
發泡膠,fæk2 päu1 gau1
老屎忽,läu1 si2 fäk2
鬆散,sung1 sæng2
強忍,köng1 yäng1
門生,mung4 säng1
麥皮,mæk6 pi4
相逢,söng1 fung4
行騙,häng4 ping1
伊波拉,yi1 bo1 lai1
食埋,säk6 mai4
轉波,züng1 bo1
教士,gäu1 si6
無中生有,mu4 zung1 säng1 yäu1
運載,wäng6 zöi1
解悶,gai2 mung6
下意識,ha6 yi1 säk2
打法,da2 fæk2
都好想,du1 häu2 söng2
敬請,gäng1 cäng2
也沒有,ya1 muk6 yäu1
使到,säi2 däu1
覺得個,gok2 däk2 go1
輕聲,häng1 säng1
如估冇,yü4 gwu2 mäu1
如果冇,yü4 gwo2 mäu1
我自己都,ngo1 zi6 gi2 du1
生字,sæng1 zi6
好多嘢,häu2 do1 ya1
耕耘,gæng1 wäng4
愛惜,wui1 säk2
食量,säk6 löng6
少之又少,siu2 zi1 yäu6 siu2
天井,ting1 zäng2
上菜,söng6 cöi1
校監,hau6 gam1
滋生,zi1 säng1
失散,säk2 sæng1
刺痛,ci1 tung1
扑嘢,bok2 ya1
巴打係,ba1 da2 häi6
講得好,gong2 däk2 häu2
核試,häk6 si1
下沉,ha6 cäm4
滑行,wæk6 häng4
拜會,bai1 wui6
多好多,do1 häu2 do1
我老豆,ngo1 läu1 däu6
食藥,säk6 yök6
最難,zöi1 næng4
自力更生,zi6 läk6 gäng1 säng1
好爽,häu2 song2
車龍,ce1 lung4
特種,däk6 zung2
轉世,züng2 säi1
時時刻刻,si4 si4 hæk2 häk2
時時刻刻,si4 si4 häk2 hæk2
齊整,cäi4 zäng2
部電話,bu6 ding6 wa2
交錯,gau1 co1
相交,söng1 gau1
車胎,ce1 töi1
女主角,nü1 zü2 gok2
肢解,zi1 gai2
中華文化,zung1 wa4 mäng4 fa1
咁辛苦,gäm1 säng1 fu2
黑道,häk2 däu6
好少少,häu2 siu2 siu2
有道,yäu1 däu6
語調,yü1 diu6
盛讚,säng6 zæng1
強迫症,köng4 bäk2 zäng1
貴過,gwäi1 gwo1
好怕,häu2 pa1
披上,pi1 söng1
都被,du1 bi6
奉上,fung6 söng1
此時此刻,ci2 si4 ci2 häk2
呈上,cäng4 söng1
滑稽,wæk6 käi1
再諗,zöi1 näm2
仲勁,zung6 gäng6
車線,ce1 sing1
應分,yäng1 fäng6
青梅竹馬,cäng1 mui4 zuk2 ma1
重災,cung1 zöi1
和你,wo4 ni1
自己打,zi6 gi2 da2
生肉,sæng1 yuk6
退位,töi1 wäi6
重振,cung4 zäng1
都要有,du1 yiu1 yäu1
道謝,däu6 ze6
老西,läu1 säi1
成個月,säng4 go1 ngük6
好怪,häu2 gwai1
唔好同,m4 häu2 tung4
塞內加爾,cöi1 nöi6 ga1 yi1
挑撥,tiu1 buk6
打散,da2 sæng2
乘勢,säng4 säi1
芭蕾舞,ba1 löi4 mu1
食晏,säk6 æng1
玉女,yuk6 nü1
先最,sing1 zöi1
速食,cuk2 säk6
成場,seng4 cöng4
小籠包,siu2 lung4 bau1
爭光,zäng1 gwong1
席間,zäk6 gæng1
驚你,geng1 ni1
靈體,läng4 täi2
個月前,go1 ngük6 cing4
失聲,säk2 säng1
獻上,hing1 söng1
改行,gwui2 hong4
好色,häu1 säk2
有冇機,yäu1 mäu1 gi1
生番,sæng1 fæng1
生猛,sæng1 mæng1
好慢,häu2 mæng6
年紀輕輕,ning4 gi2 heng1 heng1
出生地,cäk2 säng1 di6
係都要,häi6 du1 yiu1
得米,däk2 mai1
更大,gäng1 dai6
下路,ha6 lu6
係諗住,häi6 näm2 zü6
都幫,du1 bong1
失傳,säk2 cüng4
鳳梨,fung6 li4
混淆視聽,wäng6 ngau4 si6 täng1
裝設,zong1 cik2
暴民,bäu6 mäng4
對波,döi1 bo1
未聽,mi6 teng1
冇人有,mäu1 yäng4 yäu1
有話,yäu1 wa6
都有機,du1 yäu1 gi1
古仔,gwu2 zäi2
一打,yäk2 da1
老總,läu1 zung2
打後,da2 häu6
有諗過,yäu1 näm2 gwo1
長成,zöng2 säng4
同聲同氣,tung4 säng1 tung4 hi1
我都冇,ngo1 du1 mäu1
好似得,häu2 ci1 däk2
碎裂,söi1 lik6
熟口熟面,suk6 häu2 suk6 ming6
公共衞生,gung1 gung6 wäi6 säng1
好危,häu2 ngäi4
超生,ciu1 säng1
天經地義,ting1 gäng1 di6 yi6
並沒,bäng6 muk6
生過,sæng1 gwo1
荼毒,tu4 duk6
波打,bo1 da2
係最後,häi6 zöi1 häu6
因為係,yäng1 wäi6 häi6
食下,säk6 ha1
以此為,yi1 ci2 wäi4
大耳窿,dai6 yi1 lung1
橫傳,wæng4 cüng4
學長,hok6 cöng4
人間蒸發,yäng4 gæng1 zäng1 fæk2
有打,yäu1 da1
相會,söng1 wui6
伴奏,bung6 zäu1
低聲,däi1 säng1
係啱,häi6 ngam1
好愛,häu2 wui1
菠蘿包,bo1 lo4 bau1
惹火,ye1 fo2
冇打,mäu1 da2
三行,sam1 hong4
道行,däu6 häng6
天平,ting1 päng4
吃驚,hek2 gäng1
錦上添花,gäm2 söng6 tim1 fa1
毒害,duk6 fui6
好衰,häu2 söi1
黑衫,häk2 sam1
讀數,duk6 su1
好識,häu2 säk2
省長,sæng2 zöng2
就差,zäu6 ca1
已經講,yi1 gäng1 gong2
爭崩頭,zæng1 bäng1 täu4
咁大個,gäm1 dai6 go1
下氣,ha6 hi1
死士,si2 si6
有時都,yäu1 si4 du1
問點解,mäng6 dim2 gai2
驚青,geng1 ceng1
凝固,yäng4 gwu1
惡臭,ok2 cäu1
成了,säng4 liu1
背棄,bui1 hi1
重出江湖,cung4 cäk2 gong1 wu4
老作,läu1 zok2
最重要係,zöi1 zung6 yiu1 häi6
一路都,yäk2 lu6 du1
古靈精怪,gwu2 läng4 zäng1 gwai1
蠱靈精怪,gwu2 läng4 zäng1 gwai1
鬼靈精怪,gwäi2 läng4 zäng1 gwai1
個機會,go1 gi1 wui6
輸波,sü1 bo1
唔好買,m4 häu2 mai1
摸頂,mo2 deng2
就係呢,zäu6 häi6 ne1
自彈自唱,zi6 tæng4 zi6 cöng1
切片,cik2 ping2
拖長,to1 cöng4
白居二,bæk6 gü1 yi6
客仔,hæk2 zäi2
校工,hau6 gung1
覺得冇,gok2 däk2 mäu1
平時都,päng4 si4 du1
幫下,bong1 ha1
上校,söng6 gau1
自己冇,zi6 gi2 mäu1
長和系,cöng4 wo4 häi6
草蜢,cäu2 mang1
咁似,gäm1 ci1
最大問題,zöi1 dai6 mäng6 täi4
但係都,dæng6 häi6 du1
健力士,ging6 läk6 si6
二十日,yi6 säp6 yäk6
強暴,köng4 bäu6
裂開,lik6 fui1
冇品,mäu1 bäng2
青訓,cäng1 fäng1
長頭髮,cöng4 täu4 fæk2
外行,wui6 hong4
句話,gü1 wa6
水尾,söi2 mi1
有運行,yäu1 wäng6 hæng4
二房,yi6 fong4
諗清,näm2 cäng1
聽你,teng1 ni1
都唔差,du1 m4 ca1
數臭,su2 cäu1
二千,yi6 cing1
青口,ceng1 häu2
功不可沒,gung1 bäk2 ho2 muk6
鼻塞,bi6 säk2
唔係因為,m4 häi6 yäng1 wäi6
跆拳道,töi4 küng4 däu6
打本,da2 bung2
所以話,so2 yi1 wa6
好去處,häu2 hü1 cü1
本身已經,bung2 säng1 yi1 gäng1
食老本,säk6 läu1 bung2
急轉直下,gäp2 züng2 zäk6 ha6
唔易,m4 yi6
冇人理,mäu1 yäng4 li1
到老,däu1 läu1
河道,ho4 däu6
湯水,tong1 söi2
從天而降,cung4 ting1 yi4 gong1
行軍,häng4 gwäng1
憑咩,päng4 me1
倒後鏡,däu1 häu6 geng1
向上,höng1 söng6
上半場,söng6 bung1 cöng4
大陸仔,dai6 luk6 zäi2
好感動,häu2 gäm2 dung6
好賺,häu2 zæng6
淨色,zäng6 säk2
俾人打,bi2 yäng4 da2
上官,söng6 gwung1
彈跳,dæng6 tiu1
唔少人,m4 siu2 yäng4
罐裝,gwung1 zong1
經商,gäng1 söng1
冇興趣,mäu1 häng1 cü1
淨係得,zäng6 häi6 däk2
但好似,dæng6 häu2 ci1
都喺,du1 häi2
食咩,säk6 me1
讓位,yöng6 wäi6
私怨,si1 yüng1
個個都係,go1 go1 du1 häi6
傳道,cüng4 däu6
慎重,säng6 zung6
到位,däu1 wäi6
兩個鐘,löng1 go1 zung1
行先,hæng4 sing1
意下,yi1 ha6
月票,ngük6 piu1
要坐,yiu1 zo6
手打,säu2 da2
淑女,suk6 nü1
重蹈覆轍,cung4 däu6 fuk2 cik2
可以食,ho2 yi1 säk6
唔好食,m4 häu2 säk6
尿道,niu6 däu6
運毒,wäng6 duk6
酋長,yäu4 zöng2
斷食,düng6 säk6
相通,söng1 tung1
掃黃,säu1 wong4
老遠,läu1 yüng1
為伍,wäi4 ng1
食糧,säk6 löng4
榜上有名,bong2 söng6 yäu1 mäng4
重審,cung4 säm2
從商,cung4 söng1
少過,siu2 gwo1
番話,fæng1 wa2
下集,ha6 zap6
凝聚力,yäng4 zü6 läk6
碰面,pung1 ming6
患難,wæng6 næng6
堅硬,ging1 ngæng6
便便,bing6 bing6
起死回生,hi2 si2 wui4 säng1
冇去,mäu1 hü1
判斷力,pung1 düng6 läk6
太少,tai1 siu2
傳教士,cüng4 gäu1 si6
乾坤,king4 kwäng1
冇行,mäu1 hong4
始終都,ci2 zung1 du1
花車,fa1 ce1
惜身,sek2 säng1
錫身,sek2 säng1
油煙,yäu4 ying1
唔好亂,m4 häu2 lüng6
俾狗,bi2 gäu2
面頰,ming6 gap2
老點,läu1 dim2
不好,bäk2 häu2
經手,gäng1 säu2
少可,siu2 ho2
好可愛,häu2 ho2 wui1
經濟圈,gäng1 zäi1 hüng1
都係垃圾,du1 häi6 lap6 sap2
焦糖,ziu1 tong4
打對台,da2 döi1 töi4
安居樂業,wung1 gü1 lok6 yip6
歪風,wai1 fung1
點好,dim2 häu2
唔係冇,m4 häi6 mäu1
柯打,o1 da2
上鎖,söng1 so2
搞咁多,gau2 gäm1 do1
中二,zung1 yi6
壁畫,bäk2 wa6
林鄭月娥,läm4 zäng6 ngük6 ngo4
乾身,gung1 säng1
點醒,dim2 seng2
行緊,hæng4 gäng2
每個人都,mui1 go1 yäng4 du1
成班人,seng4 bæng1 yäng4
坐艇,co1 täng1
環境衞生,wæng4 gäng2 wäi6 säng1
近戰,gäng6 zing1
食開,säk6 fui1
壓迫感,æk2 bäk2 gäm2
斷纜,tüng1 lam6
墜毀,zöi6 wäi2
真係勁,zäng1 häi6 gäng6
娛樂場,yü4 lok6 cöng4
唔好出,m4 häu2 cäk2
我好似,ngo1 häu2 ci1
行醫,häng4 yi1
成日覺得,seng4 yäk6 gok2 däk2
成日覺得,säng4 yäk6 gok2 däk2
伯樂,bæk2 lok6
波折,bo1 zik2
驚心,gäng1 säm1
先啱,sing1 ngam1
食雪糕,säk6 sük2 gäu1
盛載,säng4 zöi1
相符,söng1 fu4
玉米,yuk6 mai1
月巴,ngük6 ba1
頭上,täu4 söng6
散光,sæng2 gwong1
相安無事,söng1 wung1 mu4 si6
眼尾,ngæng1 mi1
片頭,ping2 täu4
諗清楚,näm2 cäng1 co2
女家,nü1 ga1
道義,däu6 yi6
鎚仔,cöi4 zäi2
體面,täi2 ming6
裝出,zong1 cäk2
起舞,hi2 mu1
轉眼間,züng2 ngæng1 gæng1
近親,gäng6 cäng1
原班人馬,yüng4 bæng1 yäng4 ma1
齊聲,cäi4 säng1
息息相關,säk2 säk2 söng1 gwæng1
避重就輕,bi6 cung1 zäu6 heng1
看重,fung1 cung1
上策,söng6 cæk2
易燃,yi6 ying4
平均值,päng4 gwäng1 zäk6
腐乳,fu6 yü1
有下,yäu1 ha1
好期待,häu2 ki4 döi6
熱浪,ngik6 long6
好仔,häu2 zäi2
唔包,m4 bau1
生物學,säng1 mäk6 hok6
調派,diu6 pai1
輕盈,häng1 yäng4
唔好去,m4 häu2 hü1
猛咁,mæng1 gäm1
輕描淡寫,häng1 miu4 dam6 se2
上了,söng1 liu1
重慶大廈,cung4 häng1 dai6 ha6
經歷過,gäng1 läk6 gwo1
面值,ming6 zäk6
唔平,m4 peng4
心入面,säm1 yäp6 ming6
食蕉,säk6 ziu1
數落,su2 lok6
打直,da2 zäk6
遣散,hing2 sæng1
有得揀,yäu1 däk2 gæng2
仲差,zung6 ca1
入數紙,yäp6 su2 zi2
三級片,sam1 käp2 ping2
作惡,zok2 ok2
哪兒,na1 yi4
婆仔,po4 zäi2
差過,ca1 gwo1
混為一談,wäng6 wäi4 yäk2 tam4
行為不檢,häng4 wäi4 bäk2 gim2
平起平坐,päng4 hi2 päng4 zo6
波羅的海,bo1 lo4 däk2 fui2
自轉,zi6 züng1
不經不覺,bäk2 gäng1 bäk2 gok2
麻省,ma4 sæng2
航道,hong4 däu6
一時之間,yäk2 si4 zi1 gæng1
亮度,löng6 du6
廣為,gwong2 wäi4
後上,häu6 söng1
諗頭,näm2 täu4
掛帥,gwa1 söi1
點諗,dim2 näm2
兩部,löng1 bu6
朝代,ciu4 döi6
一班人,yäk2 bæng1 yäng4
射燈,se6 däng1
聲波,säng1 bo1
口頭禪,häu2 täu4 sim4
唔公平,m4 gung1 päng4
調升,diu6 säng1
好恐怖,häu2 hung2 bu1
靈敏,läng4 mäng1
着眼,zök6 ngæng1
八達通卡,bæk2 dæk6 tung1 kæk2
親力親為,cäng1 läk6 cäng1 wäi4
地下室,di6 ha6 säk2
啱心水,ngam1 säm1 söi2
墜機,zöi6 gi1
打獵,da2 lip6
四眼仔,si1 ngæng1 zäi2
更年期,gäng1 ning4 ki4
好清楚,häu2 cäng1 co2
類近,löi6 gäng6
鐵道,tik2 däu6
左下,zo2 ha6
上進心,söng6 zäng1 säm1
攪珠,gau2 zü1
生火,säng1 fo2
成婚,säng4 fäng1
核數,häk6 su1
對數,döi1 su1
高難,gäu1 næng4
呢樣嘢,ni4 yöng6 ya1
敬重,gäng1 zung6
得來不易,däk2 löi4 bäk2 yi6
通靈,tung1 läng4
極其量,gik6 ki4 löng6
惡鬥,ok2 däu1
參軍,cam1 gwäng1
少將,siu1 zöng1
側身,zäk2 säng1
長時間,cöng4 si4 gæng1
課長,fo1 zöng2
一剎那,yäk2 sæk2 na1
樂事,lok6 si6
聲優,säng1 yäu1
唔重要,m4 zung6 yiu1
生蟲,sæng1 cung4
孫仔,süng1 zäi2
奔波,bäng1 bo1
海浪,fui2 long6
唔好彩,m4 häu2 cöi2
眼下,ngæng1 ha6
背向,bui1 höng1
儲值卡,cü1 zäk6 kæk2
難得一見,næng4 däk2 yäk2 ging1
咁平,gäm1 peng4
欺善怕惡,hi1 sing6 pa1 ok2
開片,fui1 ping2
憑空,päng4 hung1
自打嘴巴,zi6 da2 zöi2 ba1
全相,cüng4 söng1
男校,nam4 hau6
冇理由,mäu1 li1 yäu4
名分,mäng4 fäng6
青天,cäng1 ting1
老撾,läu1 wo1
前生,cing4 säng1
黑卡,häk2 kæk2
指鹿為馬,zi2 luk6 wäi4 ma1
搭乘,dap2 säng4
筆錢,bäk2 cing4
行乞,häng4 häk2
兩名,löng1 mäng4
能見度,näng4 ging1 du6
資質,zi1 zäk2
兜圈,däu1 hüng1
好熱,häu2 ngik6
連聲,ling4 säng1
錯配,co1 pui1
益生菌,yäk2 säng1 kwäng2
泥頭車,näi4 täu4 ce1
度假村,du6 ga1 cüng1
毒癮,duk6 yäng1
落毒,lok6 duk6
私生子,si1 säng1 zi2
精確,zäng1 kok2
兩種,löng1 zung2
外省,wui6 sæng2
訓話,fäng1 wa6
包子,bau1 zi2
球王,käu4 wong4
藍精靈,lam4 zäng1 läng4
肚屙,tu1 o1
都係一樣,du1 häi6 yäk2 yöng6
嗰間,go2 gæng1
我俾,ngo1 bi2
唔勁,m4 gäng6
補習老師,bu2 zap6 läu1 si1
全軍覆沒,cüng4 gwäng1 fuk2 muk6
喀麥隆,hæk2 mæk6 lung4
最想,zöi1 söng2
頂癮,däng2 yäng1
孭飛,me1 fi1
上壓,söng6 æk2
習以為常,zap6 yi1 wäi4 söng4
方包,fong1 bau1
樂手,ngok6 säu2
最憎,zöi1 zäng1
都有機會,du1 yäu1 gi1 wui6
製片,zäi1 ping2
自重,zi6 zung6
風乾,fung1 gung1
乜都冇,mäk2 du1 mäu1
聊天室,liu4 ting1 säk2
開估,fui1 gwu2
要為,yiu1 wäi6
順從,säng6 cung4
生日快樂,sæng1 yäk6 fai1 lok6
經痛,gäng1 tung1
鞋墊,hai4 zing1
炒散,cau2 sæng2
咁鍾意,gäm1 zung1 yi1
夜行,ye6 häng4
生得,sæng1 däk2
掛名,gwa1 mäng4
爭端,zäng1 düng1
車震,ce1 zäng1
空少,hung1 siu1
平實,päng4 säk6
一個二個,yäk2 go1 yi6 go1
美式足球,mi1 säk2 zuk2 käu4
好得意,häu2 däk2 yi1
眼中釘,ngæng1 zung1 deng1
側重,zäk2 zung6
道地,däu6 di6
好強,häu2 köng4
身痕,säng1 häng4
自動自覺,zi6 dung6 zi6 gok2
煮飯仔,zü2 fæng6 zäi2
驚到,geng1 däu1
冇開,mäu1 fui1
大打出手,dai6 da2 cäk2 säu2
大陣仗,dai6 zäng6 zöng6
出油,cäk2 yäu4
食豬,säk6 zü1
雜質,zap6 zäk2
好長,häu2 cöng4
咩話,me1 wa2
穿窿,cüng1 lung1
咁冇,gäm1 mäu1
見步行步,ging1 bu6 hæng4 bu6
好奇怪,häu2 ki4 gwai1
獨當一面,duk6 dong1 yäk2 ming6
謀生,mäu4 säng1
硬朗,ngæng6 long1
部車,bu6 ce1
坐姿,zo6 zi1
上乘,söng6 säng6
掃興,säu1 häng1
好熟,häu2 suk6
一夜之間,yäk2 ye6 zi1 gæng1
高強,gäu1 köng4
小米,siu2 mai1
會社,wui6 se1
長命百歲,cöng4 mäng6 bæk2 söi1
離間,li4 gæng1
架生,ga1 sæng1
破爛,po1 læng6
差少少,ca1 siu2 siu2
巴打們,ba1 da2 mung4
海難,fui2 næng6
催生,cöi1 sæng1
交數,gau1 su1
承包,säng4 bau1
都肯,du1 häng2
油性,yäu4 säng1
暴發户,bäu6 fæk2 wu6
吊車,diu1 ce1
蠔油,häu4 yäu4
期數,ki4 su1
硬膠,ngæng6 gau1
成衣,säng4 yi1
讀書人,duk6 sü1 yäng4
綱領,gong1 läng1
路數,lu6 su1
成見,säng4 ging1
翻兜,fæng1 däu1
磨滅,mo4 mik6
包膠,bau1 gau1
散仔,sæng2 zäi2
對調,döi1 diu6
法老,fæk2 läu1
相親,söng1 cäng1
車死,ce1 si2
打天下,da2 ting1 ha6
唔好放,m4 häu2 fong1
麥樂雞,mæk6 lok6 gäi1
打得好,da2 däk2 häu2
白話,bæk6 wa2
昏倒,fäng1 däu2
毛公仔,mäu4 gung1 zäi2
山長水遠,sæng1 cöng4 söi2 yüng1
袋袋平安,döi6 döi6 päng4 wung1
感覺到,gäm2 gok2 däu1
打撈,da2 läu4
點解冇,dim2 gai2 mäu1
包頭,bau1 täu4
暴利,bäu6 li6
冇解,mäu1 gai2
背地裏,bui1 di6 li1
淡忘,dam6 mong4
包車,bau1 ce1
閉上,bäi1 söng1
調轉,diu6 züng2
其實已經,ki4 säk6 yi1 gäng1
避難所,bi6 næng6 so2
同種,tung4 zung2
轉述,züng2 säk6
補數,bu2 su1
撈起,läu1 hi2
敲打,hau1 da2
厚面皮,häu1 ming6 pi4
惹味,ye1 mi6
雕刻,diu1 häk2
贏波,yeng4 bo1
轉圈,züng1 hüng1
重陽節,cung4 yöng4 zik2
記憶卡,gi1 yäk2 kæk2
相依為命,söng1 yi1 wäi4 mäng6
太貴,tai1 gwäi1
天文數字,ting1 mäng4 su1 zi6
好力,häu2 läk6
殺生,sæk2 säng1
解藥,gai2 yök6
舞動,mu1 dung6
輸錢,sü1 cing4
輕快,häng1 fai1
一目瞭然,yäk2 muk6 liu1 ying4
雪球,sük2 käu4
第二季,däi6 yi6 gwäi1
調職,diu6 zäk2
面口,ming6 häu2
生殖器,säng1 zäk6 hi1
百家樂,bæk2 ga1 lok6
咁長,gäm1 cöng4
看齊,fung1 cäi4
冇壞,mäu1 wai6
新月,säng1 ngük6
領空,läng1 hung1
唔方便,m4 fong1 bing6
問道,mäng6 däu6
太差,tai1 ca1
考慮下,hau2 lü6 ha6
蜜月期,mäk6 ngük6 ki4
相伴,söng1 bung6
摘要,zæk6 yiu1
俾心機,bi2 säm1 gi1
俾人話,bi2 yäng4 wa6
啱傾,ngam1 käng1
被子,pi1 zi2
季經,gwäi1 gäng1
熱氣球,ngik6 hi1 käu4
流浪漢,läu4 long6 fung1
便是,bing6 si6
口面,häu2 ming6
真好,zäng1 häu2
鄭重,zäng6 zung6
半個月,bung1 go1 ngük6
婉轉,yüng2 züng2
好勝,häu1 säng1
大部分人,dai6 bu6 fäng6 yäng4
唔好理,m4 häu2 li1
為咩,wäi4 me1
倒影,däu2 yäng2
毒奶,duk6 nai1
好命,häu2 mäng6
惡霸,ok2 ba1
校規,hau6 kwäi1
克里米亞,häk2 li1 mai1 a1
一兩年,yäk2 löng1 ning4
覓食,mäk6 säk6
升上,säng1 söng1
伙食,fo2 säk6
解毒,gai2 duk6
乜春,mäk2 cäng1
生死,säng1 si2
探班,tam1 bæng1
很好,häng2 häu2
風行,fung1 häng4
味噌,mi6 zäng1
享樂,höng2 lok6
查核,ca4 häk6
留意下,läu4 yi1 ha6
混凝土,wäng6 yäng4 tu2
青筋,ceng1 gäng1
誘使,yäu1 si2
黃種人,wong4 zung2 yäng4
包埋,bau1 mai4
波飛,bo1 fi1
兩萬,löng1 mæng6
食道,säk6 däu6
帶波,dai1 bo1
搭巴士,dap2 ba1 si2
驚魂,gäng1 wäng4
最主要,zöi1 zü2 yiu1
助紂為虐,zo6 zäu6 wäi4 yök6
好記得,häu2 gi1 däk2
濃密,nung4 mäk6
撤換,cik2 wung6
改道,gwui2 däu6
好後悔,häu2 häu6 fui1
凶多吉少,hung1 do1 gäk2 siu2
浪費時間,long6 fäi1 si4 gæng1
毅進仔,ngäi6 zäng1 zäi2
少個,siu2 go1
定驚,däng6 gäng1
落難,lok6 næng6
惡補,ok2 bu2
梅毒,mui4 duk6
羅生門,lo4 säng1 mung4
回心轉意,wui4 säm1 züng2 yi1
迴心轉意,wui4 säm1 züng2 yi1
陛下,bäi6 ha6
靚過,leng1 gwo1
支持下,zi1 ci4 ha6
短時間,düng2 si4 gæng1
斷背,düng6 bui1
話雖如此,wa6 söi1 yü4 ci2
抵到爛,däi2 däu1 læng6
轉做,züng2 zu6
唔請,m4 ceng2
成身,säng4 säng1
墨鏡,mäk6 geng1
陰乾,yäm1 gung1
劇毒,kek6 duk6
惶恐,wong4 hung2
跟尾,gäng1 mi1
觀望態度,gwung1 mong6 tai1 du6
核能,häk6 näng4
令和,läng6 wo4
圍威喂,wäi4 wäi1 wäi1
娛樂版,yü4 lok6 bæng2
水滴,söi2 däk6
做好心,zu6 häu2 säm1
五五波,ng1 ng1 bo1
省份,sæng2 fäng6
計程車,gäi1 cäng4 ce1
老嘢,läu1 ya1
老散,läu1 sæng2
最怕,zöi1 pa1
貴妃,gwäi1 fi1
下一步,ha6 yäk2 bu6
打真軍,da2 zäng1 gwäng1
扭波,näu2 bo1
食自己,säk6 zi6 gi2
上繳,söng6 giu2
彩數,cöi2 su1
莎士比亞,sa1 si6 bi2 a1
青黃不接,cäng1 wong4 bäk2 zip2
頃刻,käng1 hæk2
打圈,da2 hüng1
讀熟,duk6 suk6
跟車太貼,gäng1 ce1 tai1 tip2
牽掛,hing1 gwa1
熟讀,suk6 duk6
不人道,bäk2 yäng4 däu6
人精,yäng4 zäng1
小吃,siu2 hek2
大丈夫,dai6 zöng6 fu1
調和,tiu4 wo4
對症下藥,döi1 zäng1 ha6 yök6
面目全非,ming6 muk6 cüng4 fi1
公車,gung1 ce1
兩回事,löng1 wui4 si6
好擔心,häu2 dam1 säm1
已成,yi1 säng4
最叻,zöi1 lek2
過度活躍,gwo1 du6 wuk6 yök2
幸災樂禍,häng6 zöi1 lok6 wo6
心想事成,säm1 söng2 si6 säng4
青馬大橋,cäng1 ma1 dai6 kiu4
引以為傲,yäng1 yi1 wäi4 ngäu6
每況愈下,mui1 fong1 yü6 ha6
善惡,sing6 ok2
研討,ying4 täu2
轉生,züng2 säng1
覺唔覺,gau1 m4 gau1
高材生,gäu1 cöi4 säng1
轉達,züng2 dæk6
解決到,gai2 kük2 däu1
又靚,yäu6 leng1
約數,yök2 su1
掃除,säu1 cü4
平排,päng4 pai4
盛產,säng6 cæng2
尾班,mi1 bæng1
部下,bu6 ha6
參透,cam1 täu1
個肚,go1 tu1
兩三個,löng1 sam1 go1
垂青,söi4 cäng1
校務,hau6 mu6
落地生根,lok6 di6 sæng1 gäng1
食腦,säk6 näu1
請願信,ceng2 yüng6 säng1
已被,yi1 bi6
二次大戰,yi6 ci1 dai6 zing1
生水,sæng1 söi2
飲湯,yäm2 tong1
機車,gi1 ce1
癖好,päk2 häu1
世面,säi1 ming6
毒殺,duk6 sæk2
嶺南大學,läng1 nam4 dai6 hok6
好歹,häu2 dai2
冇埋,mäu1 mai4
嶺大,leng1 dai6
大差,dai6 cai1
兜路,däu1 lu6
頭車,täu4 ce1
夢想成真,mung6 söng2 säng4 zäng1
假波,ga2 bo1
大打折扣,dai6 da2 zik2 käu1
焦距,ziu1 kü1
豬肚,zü1 tu1
失驚無神,säk2 geng1 mu4 säng4
聽落,teng1 lok6
頂點,däng2 dim2
忽然之間,fäk2 ying4 zi1 gæng1
靠估,kau1 gwu2
畫廊,wa6 long4
短傳,düng2 cüng4
唔好打,m4 häu2 da2
四方八面,si1 fong1 bæk2 ming6
四面八方,si1 ming6 bæk2 fong1
稀少,hi1 siu2
好喇,häu2 la1
好舒服,häu2 sü1 fuk6
洗潔精,säi2 gik2 zäng1
上釣,söng1 diu1
好緊張,häu2 gäng2 zöng1
冇見過,mäu1 ging1 gwo1
諗得,säm2 däk2
估下,gwu2 ha6
本月,bung2 ngük6
好唔同,häu2 m4 tung4
朗讀,long1 duk6
成風,säng4 fung1
東道主,dung1 däu6 zü2
更是,gäng1 si6
花朵,fa1 do2
法包,fæk2 bau1
醫肚,yi1 tu1
馬經,ma1 gäng1
下嫁,ha6 ga1
最靚,zöi1 leng1
讀取,duk6 cü2
發生過,fæk2 säng1 gwo1
一路好走,yäk2 lu6 häu2 zäu2
討論下,täu2 läng6 ha6
俾自己,bi2 zi6 gi2
李白,li1 bæk6
老牛,läu1 ngäu4
難民營,næng6 mäng4 yäng4
重挫,cung1 co1
計數機,gäi1 su1 gi1
精湛,zäng1 zam1
工業行動,gung1 yip6 häng4 dung6
遣散費,hing2 sæng1 fäi1
爛泥,læng6 näi4
磅重,bong6 cung1
打趣,da2 cü1
咁開心,gäm1 fui1 säm1
下落不明,ha6 lok6 bäk2 mäng4
一舉兩得,yäk2 gü2 löng1 däk2
聽唔到,teng1 m4 däu1
袋裝,döi6 zong1
核數師,häk6 su1 si1
好吸引,häu2 käp2 yäng1
年青人,ning4 cäng1 yäng4
不歡而散,bäk2 fung1 yi4 sæng1
兜口兜面,däu1 häu2 däu1 ming6
想讀,söng2 duk6
下垂,ha6 söi4
生活態度,säng1 wuk6 tai1 du6
下把,ha6 ba2
彈力,dæng6 läk6
老同,läu1 tung4
老童,läu1 tung4
那就,na1 zäu6
坐到,zo6 däu1
怪獸家長,gwai1 säu1 ga1 zöng2
諗係,näm2 häi6
飄浮,piu1 fäu4
氹仔,täm1 zäi2
執手尾,zäp2 säu2 mi1
轉到,züng2 däu1
動彈,dung6 dæng6
暴風雨,bäu6 fung1 yü1
好靚仔,häu2 leng1 zäi2
決斷,kük2 düng6
幻聽,wæng6 täng1
斬釘截鐵,zam2 deng1 zik6 tik2
射到,se6 däu1
皮包,pi4 bau1
上週,söng6 zäu1
折射,zik2 se6
痕癢,häng4 yöng1
純種,säng4 zung2
車上,ce1 söng6
呢方面,ni4 fong1 ming6
畫功,wa6 gung1
油缸,yäu4 gong1
二五仔,yi6 ng1 zäi2
擠壓,zäi1 æk2
百花油,bæk2 fa1 yäu4
白花油,bæk6 fa1 yäu4
顯而易見,hing2 yi4 yi6 ging1
硬化,ngæng6 fa1
換班,wung6 bæng1
食齋,säk6 zai1
卸下,se1 ha6
擺明車馬,bai2 mäng4 gü1 ma1
下台階,ha6 töi4 gai1
浪得虛名,long6 däk2 hü1 mäng4
多仔,do1 zäi2
諗落,näm2 lok6
色相,säk2 söng1
乘勝追擊,säng4 säng1 zöi1 gäk2
一網打盡,yäk2 mong1 da2 zäng6
和談,wo4 tam4
好唔開心,häu2 m4 fui1 säm1
食相,säk6 söng1
向下,höng1 ha6
爛攤子,læng6 tæng1 zi2
拍住上,pæk2 zü6 söng1
佔上風,zim1 söng6 fung1
有幾難,yäu1 gi2 næng4
平坦,päng4 tæng2
平平安安,päng4 päng4 wung1 wung1
重影,cung4 yäng2
上一個,söng6 yäk2 go1
冇記錯,mäu1 gi1 co1
火種,fo2 zung2
國內生產,gwok2 nöi6 säng1 cæng2
口乾,häu2 gung1
香港話,höng1 gong2 wa2
好忙,häu2 mong4
未食,mi6 säk6
車卡,ce1 ka1
私校,si1 hau6
重鎮,zung6 zäng1
俾人拉,bi2 yäng4 lai1
長倉,cöng4 cong1
重開,cung4 fui1
風平浪靜,fung1 päng4 long6 zäng6
便裝,bing6 zong1
重擔,cung1 dam1
偏重,ping1 zung6
好極,häu2 gik6
不失為,bäk2 säk2 wäi4
俾大家,bi2 dai6 ga1
家常便飯,ga1 söng4 bing6 fæng6
冇你,mäu1 ni1
那種,na1 zung2
台上,töi4 söng6
單打獨鬥,dæng1 da2 duk6 däu1
咁小,gäm1 siu2
調皮,tiu4 pi4
調走,diu6 zäu2
老字號,läu1 zi6 häu6
尿兜,niu6 däu1
名片,mäng4 ping2
閉塞,bäi1 säk2
打仔,da2 zäi2
和聲,wo6 säng1
截斷,zik6 tüng1
生母,sæng1 mu1
就唔使,zäu6 m4 säi2
最易,zöi1 yi6
差到,ca1 däu1
更高,gäng1 gäu1
鬼上身,gwäi2 söng1 säng1
茶包,ca4 bau1
傳來,cüng4 löi4
諗諗下,näm2 näm2 ha1
內行,nöi6 hong4
太勁,tai1 gäng6
逃難,täu4 næng6
做成,zu6 säng4
好垃圾,häu2 lap6 sap2
顏面,ngæng4 ming6
刁難,diu1 næng4
韓仔,fung4 zäi2
溶解,yung4 gai2
刺眼,ci1 ngæng1
見好就收,ging1 häu2 zäu6 säu1
昭和,ziu1 wo4
病重,beng6 zung6
食草,säk6 cäu2
長俸,cöng4 fung6
抗壓,kong1 æk2
舉足輕重,gü2 zuk2 häng1 cung1
冇膽,mäu1 dam2
背景音樂,bui1 gäng2 yäm1 ngok6
經銷,gäng1 siu1
古典音樂,gwu2 ding2 yäm1 ngok6
一成不變,yäk2 säng4 bäk2 bing1
扁平,bing2 päng4
好麻煩,häu2 ma4 fæng4
片長,ping2 cöng4
兩敗俱傷,löng1 bai6 kü1 söng1
最差,zöi1 ca1
有傳,yäu1 cüng4
兩點,löng1 dim2
蝦米,ha1 mai1
好少人,häu2 siu2 yäng4
擔驚受怕,dam1 geng1 säu6 pa1
撕爛,si1 læng6
傳神,cüng4 säng4
官話,gwung1 wa2
漢城,fung1 säng4
二百五,yi6 bæk2 ng1
古都,gwu2 du1
險惡,him2 ok2
海底隧道,fui2 däi2 söi6 däu6
咁得閒,gäm2 däk2 hæng4
坐下,zo6 ha6
搞好,gau2 häu2
琉球,läu4 käu4
屎波,si2 bo1
上綱上線,söng1 gong1 söng1 sing1
素未謀面,su1 mi6 mäu4 ming6
此起彼伏,ci2 hi2 bi2 fuk6
強隊,köng4 döi6
和善,wo4 sing6
伴舞,bung6 mu1
斷市,tüng1 si1
自把自為,zi6 ba2 zi6 wäi4
白米,bæk6 mai1
擺平,bai2 päng4
假使,ga2 si2
又點話,yäu6 dim2 wa6
味蕾,mi6 löi4
賊仔,cäk6 zäi2
參政,cam1 zäng1
掃場,säu1 cöng4
正行,zäng1 hong4
蒙上,mung4 söng1
成就感,säng4 zäu6 gäm2
打坐,da2 zo6
高班,gäu1 bæng1
慢車,mæng6 ce1
平滑,päng4 wæk6
漂浮,piu1 fäu4
打比賽,da2 bi2 cöi1
各種各樣,gok2 zung2 gok2 yöng6
校花,hau6 fa1
轉機,züng2 gi1
參考下,cam1 hau2 ha6
打水,da2 söi2
一針見血,yäk2 zäm1 ging1 hük2
好閒,häu2 hæng4
為善,wäi4 sing6
無以為繼,mu4 yi1 wäi4 gäi1
撈亂,läu1 lüng6
生根,sæng1 gäng1
話口未完,wa6 häu2 mi6 yüng4
閒話,hæng4 wa2
恰好,häp2 häu2
少少錢,siu2 siu2 cing4
啤啤,pe1 pe1
相加,söng1 ga1
推波助瀾,töi1 bo1 zo6 læng4
好難講,häu2 næng4 gong2
要錢,yiu1 cing4
老襯,läu1 cäng1
調戲,tiu4 hi1
生不如死,säng1 bäk2 yü4 si2
交惡,gau1 wu1
雞精,gäi1 zäng1
沒有人,muk6 yäu1 yäng4
重寫,cung4 se2
了斷,liu1 düng6
好多錢,häu2 do1 cing4
使然,si2 ying4
好意頭,häu2 yi1 täu4
垃圾食物,lap6 sap2 säk6 mäk6
真傳,zäng1 cüng4
最衰,zöi1 söi1
油雞,yäu4 gäi1
當下,dong1 ha6
真係難,zäng1 häi6 næng4
執倒寶,zäp2 däu1 bäu2
死纏爛打,si2 cing4 læng6 da2
上周,söng6 zäu1
蛋散,dæng6 sæng2
調情,tiu4 cäng4
為錢,wäi4 cing4
哺乳,bu6 yü1
受精,säu6 zäng1
醒目仔,säng2 muk6 zäi2
團長,tüng4 cöng4
較少,gau1 siu2
冇貨,mäu1 fo1
鞭打,bing1 da2
咪錶,mäi1 biu1
背光,bui1 gwong1
咁慘,gäm2 cam2
近郊,gäng6 gau1
敬老,gäng1 läu1
長存,cöng4 cüng4
休息下,yäu1 säk2 ha6
那是,na1 si6
超載,ciu1 zöi1
艦艇,lam6 täng1
冇意思,mäu1 yi1 si1
抱不平,päu1 bäk2 päng4
富強,fu1 köng4
唔尊重,m4 züng1 zung6
新城,säng1 säng4
補習班,bu2 zap6 bæng1
風生水起,fung1 säng1 söi2 hi2
與生俱來,yü1 säng1 kü1 löi4
樂曲,ngok6 kuk2
叉燒包,ca1 siu1 bau1
印度洋,yäng1 du6 yöng4
兩大,löng1 dai6
無所適從,mu4 so2 säk2 cung4
實習生,säk6 zap6 säng1
唔係好明,m4 häi6 häu2 mäng4
諗返起,näm2 fæng2 hi2
食電,säk6 ding6
車馬費,gü1 ma1 fäi1
相貌,söng1 mau6
即係話,zik2 häi6 wa6
華沙,wa4 sa1
最基本,zöi1 gi1 bung2
慶生,häng1 sæng1
慶生,häng1 säng1
嘈醒,cäu4 seng2
下毒,ha6 duk6
面交,ming6 gau1
聲沙,säng1 sa1
好好食,häu2 häu2 säk6
強身健體,köng4 säng1 ging6 täi2
海量,fui2 löng6
有片,yäu1 ping1
靈光,läng4 gwong1
浪花,long6 fa1
唔轉,m4 züng2
飯錢,fæng6 cing4
辦公時間,bæng6 gung1 si4 gæng1
食住上,säk6 zü6 söng1
宿生,suk2 säng1
做數,zu6 su1
七仔,cäk2 zäi2
都冇問題,du1 mäu1 mäng6 täi4
老花,läu1 fa1
假天花,ga2 ting1 fa1
一成,yäk2 säng4
生果刀,sæng1 gwo2 däu1
聲名,säng1 mäng4
長做長有,cöng4 zu6 cöng4 yäu1
輕薄,häng1 bok6
送上,sung1 söng1
拗柴,au2 cai4
局數,guk6 su1
下課,ha6 fo1
太重,tai1 cung1
頂盡,däng2 zäng6
救生衣,gäu1 säng1 yi1
還沒,wæng4 muk6
受難,säu6 næng6
證據確鑿,zäng1 gü1 kok2 zok6
打探,da2 tam1
浮潛,fäu4 cim4
熊仔,hung4 zäi2
隨和,cöi4 wo4
降頭,gong1 täu4
係我哋,häi6 ngo1 di1
淨土,zäng6 tu2
佛經,fäk6 gäng1
人聲,yäng4 säng1
腰包,yiu1 bau1
問米,mäng6 mai1
多多少少,do1 do1 siu2 siu2
好想要,häu2 söng2 yiu1
一兩日,yäk2 löng1 yäk6
養車,yöng1 ce1
冇效,mäu1 hau6
車厘子,ce1 li4 zi2
的士站,däk2 si2 zam6
爛鬼,læng6 gwäi2
生了,säng1 liu1
幾位,gi2 wäi6
越好,yük6 häu2
留難,läu4 næng4
填數,ting4 su1
的士牌,däk2 si2 pai4
倒立,däu2 läp6
錯亂,co1 lüng6
凝望,yäng4 mong6
唔貴,m4 gwäi1
食水深,säk6 söi2 säm1
朝野,ciu4 ye1
加壓,ga1 æk2
水壓,söi2 æk2
動聽,dung6 täng1
吃虧,hek2 kwäi1
老抽,läu1 cäu1
坐館,co1 gwung2
老表,läu1 biu2
心平氣和,säm1 päng4 hi1 wo4
指手劃腳,zi2 säu2 wæk6 gök2
有經驗,yäu1 gäng1 yim6
生兒育女,sæng1 yi4 yuk6 nü1
最後一次,zöi1 häu6 yäk2 ci1
有齊,yäu1 cäi4
伊文士,yi1 mäng4 si6
伊雲士,yi1 wäng4 si6
打賭,da2 du2
行規,hong4 kwäi1
波斯灣,bo1 si1 wæng1
肚瀉,tu1 se1
讀得,duk6 däk2
會館,wui6 gwung2
行屍走肉,häng4 si1 zäu2 yuk6
生疏,sæng1 so1
登上,däng1 söng1
髮尾,fæk2 mi1
發神經,fæk2 säng4 gäng1
係好少,häi6 häu2 siu2
最簡單,zöi1 gæng2 dæng1
上旬,söng6 cäng4
交波,gau1 bo1
臉上,lim1 söng6
手下留情,säu2 ha6 läu4 cäng4
籌劃,cäu4 wæk6
電話亭,ding6 wa2 täng4
跟班,gäng1 bæng1
細蚊仔,säi1 mäng1 zäi2
術數,säk6 su1
數之不盡,su2 zi1 bäk2 zäng6
咁多嘢,gäm2 do1 ya1
指甲油,zi2 gap2 yäu4
角仔,gok2 zäi2
兩棲,löng1 cäi1
外側,wui6 zäk2
長做,cöng4 zu6
冇留意,mäu1 läu4 yi1
近柱,käng1 cü1
壯士,zong1 si6
解釋下,gai2 säk2 ha6
間歇,gæng1 hik2
咁夜,gäm1 ye6
強打,köng4 da2
主打歌,zü2 da2 go1
反客為主,fæng2 hæk2 wäi4 zü2
月圓,ngük6 yüng4
食鹽,säk6 yim4
失焦,säk2 ziu1
飛仔,fi1 zäi2
下家,ha6 ga1
乘虛而入,säng4 hü1 yi4 yäp6
食屎狗,säk6 si2 gäu2
西米,säi1 mai1
費解,fäi1 gai2
好口,häu2 häu2
傾倒,käng1 däu2
甩尾,läk2 mi1
假膠,ga2 gau1
誤打誤撞,ng6 da2 ng6 zong6
平定,päng4 däng6
病好,beng6 häu2
難能可貴,næng4 näng4 ho2 gwäi1
相輔相成,söng1 fu6 söng1 säng4
上工,söng1 gung1
鼎盛,däng2 säng6
奉子成婚,fung6 zi2 säng4 fäng1
奉旨成婚,fung6 zi2 säng4 fäng1
亡靈,mong4 läng4
波牛,bo1 ngäu4
會意,wui6 yi1
精油,zäng1 yäu4
名著,mäng4 zü1
弧度,wu4 du6
唔揀,m4 gæng2
長篇大論,cöng4 ping1 dai6 läng6
雙數,söng1 su1
貪新鮮,tam1 säng1 sing1
好灰,häu2 fui1
諗通,näm2 tung1
頂端,däng2 düng1
相思,söng1 si1
食宿,säk6 suk2
自暴自棄,zi6 bäu6 zi6 hi1
半夜三更,bung1 ye6 sam1 gæng1
地下情,di6 ha6 cäng4
惡頂,ok2 däng2
三更半夜,sam1 gæng1 bung1 ye6
生理時鐘,säng1 li1 si4 zung1
最貴,zöi1 gwäi1
致使,zi1 si2
穿着,cüng1 zök6
操行,cäu1 häng6
攻讀,gung1 duk6
大眼仔,dai6 ngæng1 zäi2
一聲令下,yäk2 säng1 läng6 ha6
領情,leng1 cäng4
輪班,läng4 bæng1
南半球,nam4 bung1 käu4
紙上談兵,zi2 söng6 tam4 bäng1
筆劃,bäk2 wæk6
大調,dai6 diu6
邊行,bing1 hong4
公映,gung1 yäng2
月蝕,ngük6 säk6
月食,ngük6 säk6
醒水,säng2 söi2
車聲,ce1 säng1
由上而下,yäu4 söng6 yi4 ha6
牛肉乾,ngäu4 yuk6 gung1
粉刺,fäng2 ci1
幾好用,gi2 häu2 yung6
聲演,säng1 ying2
掛號,gwa1 häu6
如夢初醒,yü4 mung6 co1 säng2
假釋,ga2 säk2
好戰,häu1 zing1
連根拔起,ling4 gäng1 bäk6 hi2
刺繡,ci1 säu1
極少,gik6 siu2
桃子,täu4 zi2
暴風雪,bäu6 fung1 sük2
刻苦,häk2 fu2
海水化淡,fui2 söi2 fa1 tam1
剩女,säng6 nü1
自己揀,zi6 gi2 gæng2
蕾絲,löi4 si1
危難,ngäi4 næng6
夠時間,gäu1 si4 gæng1
爛打,læng6 da2
罹難,li4 næng6
男仔頭,nam4 zäi2 täu4
神打,säng4 da2
爆肚,bau1 tu1
瞓着,fäng1 zök6
黑口黑面,häk2 häu2 häk2 ming6
口黑面黑,häu2 häk2 ming6 häk2
神經病,säng4 gäng1 beng6
威士,wäi1 si2
走上,zäu2 söng1
包廂,bau1 söng1
檳城,bäng1 säng4
讀物,duk6 mäk6
有番,yäu1 fæng1
生啤,sæng1 be1
招惹,ziu1 ye1
熱舞,ngik6 mu1
面影,ming6 yäng2
少甜,siu2 tim4
電掣,ding6 zäi1
很難,häng2 næng4
自食其力,zi6 säk6 ki4 läk6
大大話話,dai6 dai6 wa6 wa6
電話線,ding6 wa2 sing1
記仇,gi1 säu4
一氣呵成,yäk2 hi1 ho1 säng4
小道消息,siu2 däu6 siu1 säk2
刻劃,häk2 wæk6
刻畫,häk2 wæk6
好嘈,häu2 cäu4
兩套,löng1 täu1
鴉片戰爭,a1 ping1 zing1 zäng1
含金量,häm4 gäm1 löng6
氣量,hi1 löng6
寒背,fung4 bui1
冇聽過,mäu1 teng1 gwo1
洪都拉斯,hung4 du1 lai1 si1
罪大惡極,zöi6 dai6 ok2 gik6
多種,do1 zung2
冇人覺,mäu1 yäng4 gok2
從良,cung4 löng4
太長,tai1 cöng4
長進,zöng2 zäng1
個個月,go1 go1 ngük6
陰間,yäm1 gæng1
約定俗成,yök2 däng6 zuk6 säng4
相干,söng1 gwung1
做緊乜,zu6 gäng2 mäk2
二維碼,yi6 wäi4 ma1
乳牛,yü1 ngäu4
打生打死,da2 sæng1 da2 si2
冇必要,mäu1 bik2 yiu1
背肌,bui1 gi1
伏特,fuk6 däk6
愛上,wui1 söng1
層壓,cäng4 æk2
大平賣,dai6 peng4 mai6
身敗名裂,säng1 bai6 mäng4 lik6
經年,gäng1 ning4
冇人要,mäu1 yäng4 yiu1
上數,söng1 su1
補假,bu2 ga1
點揀,dim2 gæng2
樂得,lok6 däk2
背對,bui1 döi1
萬惡,mæng6 ok2
食完飯,säk6 yüng4 fæng6
艇仔,täng1 zäi2
飛釘,fi1 deng1
候車,häu6 ce1
射住,se6 zü6
湖人,wu4 yäng4
接駁巴士,zip2 bok2 ba1 si6
懸浮,yüng4 fäu4
排山倒海,pai4 sæng1 däu2 fui2
上莊,söng1 zong1
不為所動,bäk2 wäi4 so2 dung6
出街食,cäk2 gai1 säk6
收數佬,säu1 su1 läu2
打游擊,da2 yäu4 gäk2
機會大,gi1 wui6 dai6
不作為,bäk2 zok2 wäi4
老練,läu1 ling6
數據庫,su1 gü1 fu1
強盜,köng4 däu6
連坐,ling4 zo6
遠射,yüng1 se6
礦物質,kwong1 mäk6 zäk2
最開心,zöi1 fui1 säm1
中樂,zung1 ngok6
冇得輸,mäu1 däk2 sü1
打單,da2 dæng1
平常人,päng4 söng4 yäng4
相當好,söng1 dong1 häu2
沒事,muk6 si6
上落客,söng1 lok6 hæk2
打唔打,da2 m4 da2
驚為天人,gäng1 wäi4 ting1 yäng4
行得走得,hæng4 däk2 zäu2 däk2
積壓,zäk2 æk2
一讀,yäk2 duk6
浪人,long6 yäng4
倔強,gwäk6 köng1
那時,na1 si4
實數,säk6 su1
甦醒,su1 säng2
坐底,zo6 däi2
請教下,ceng2 gäu1 ha6
請教下,cäng2 gäu1 ha6
行得通,hæng4 däk2 tung1
車尾箱,ce1 mi1 söng1
暗淡,äm1 dam6
黯淡,äm1 dam6
打賞,da2 söng2
校方,hau6 fong1
成藥,säng4 yök6
混種,wäng6 zung2
大氣電波,dai6 hi1 ding6 bo1
好多謝,häu2 do1 ze6
如下,yü4 ha6
老解,läu1 gai2
踢得好,tek2 däk2 häu2
砌生豬肉,cäi1 sæng1 zü1 yuk6
道家,däu6 ga1
假牙,ga2 nga4
好可惜,häu2 ho2 säk2
大小便,dai6 siu2 bing6
圖解,tu4 gai2
梳打,so1 da2
老婆婆,läu1 po4 po4
挑動,tiu1 dung6
斷片,tüng1 ping2
好心你,häu2 säm1 ni1
地下水,di6 ha6 söi2
發卡,fæk2 ka1
老羞成怒,läu1 säu1 säng4 nu6
惱羞成怒,näu1 säu1 säng4 nu6
強橫,köng4 wæng4
修成正果,säu1 säng4 zäng1 gwo2
好威,häu2 wäi1
平生,päng4 säng1
烏魯木齊,wu1 lu1 muk6 cäi4
毒手,duk6 säu2
發射站,fæk2 se6 zam6
好消息,häu2 siu1 säk2
書畫,sü1 wa6
請槍,ceng2 cöng1
調任,diu6 yäm6
好好用,häu2 häu2 yung6
信以為真,säng1 yi1 wäi4 zäng1
特使,däk6 si1
門下,mung4 ha6
下級,ha6 käp2
跑馬仔,pau2 ma1 zäi2
重中之重,zung6 zung1 zi1 zung6
長衫,cöng4 sam1
刻板,häk2 bæng2
狐狸精,wu4 li4 zäng1
假想敵,ga2 söng2 däk6
兜兜轉轉,däu1 däu1 züng1 züng1
光鮮,gwong1 sing1
鼻鼾聲,bi6 fung4 säng1
兩三年,löng1 sam1 ning4
被指,bi6 zi2
參半,cam1 bung1
打正旗號,da2 zäng1 ki4 häu6
斷斷,düng1 düng1
執包袱,zäp2 bau1 fuk6
夜校,ye6 hau6
力不從心,läk6 bäk2 cung4 säm1
硬性,ngæng6 säng1
全副武裝,cüng4 fu1 mu1 zong1
傾聽,käng1 täng1
停下,täng4 ha6
打情罵俏,da2 cäng4 ma6 ciu1
孭鑊,me1 wok6
積怨,zäk2 yüng1
府上,fu2 söng6
轉用,züng2 yung6
轉任,züng1 yäm6
煲仔,bäu1 zäi2
吹下水,cöi1 ha1 söi2
打孖,da2 ma1
進行曲,zäng1 häng4 kuk2
打印機,da2 yäng1 gi1
敗家仔,bai6 ga1 zäi2
用電話,yung6 ding6 wa2
女同事,nü1 tung4 si6
下壓,ha6 æk2
色差,säk2 ca1
損手爛腳,süng2 säu2 læng6 gök2
主題樂園,zü2 täi4 lok6 yüng4
篤數,duk2 su1
已成定局,yi1 säng4 däng6 guk6
盛宴,säng6 ying1
屬地,suk6 di6
白血球,bæk6 hük2 käu4
隨波逐流,cöi4 bo1 zuk6 läu4
大解,dai6 gai2
載體,zöi1 täi2
初中生,co1 zung1 säng1
降格,gong1 gæk2
好過你,häu2 gwo1 ni1
機會成本,gi1 wui6 säng4 bung2
我哋都,ngo1 di1 du1
淡靜,dam6 zäng6
好搞笑,häu2 gau2 siu1
研究下,ying4 gäu1 ha6
男女老幼,nam4 nü1 läu1 yäu1
男女老少,nam4 nü1 läu1 siu1
聲調,säng1 diu6
布魯塞爾,bu1 lu1 cöi1 yi1
打蛇,da2 se4
好失望,häu2 säk2 mong6
好幸福,häu2 häng6 fuk2
安士,wung1 si2
朗拿度,long1 na4 du6
本位,bung2 wäi6
打側,da2 zäk2
頂唔住,däng2 m4 zü6
有仔,yäu1 zäi2
老虎機,läu1 fu2 gi1
錯了,co1 liu1
去邊度,hü1 bing1 du6
了解下,liu1 gai2 ha6
瞭解下,liu1 gai2 ha6
性伴,säng1 bung6
上裝,söng6 zong1
歡樂今宵,fung1 lok6 gäm1 siu1
平行四邊形,päng4 häng4 si1 bing1 yäng4
上機,söng1 gi1
掃毒,säu1 duk6
揸波,za1 bo1
印度教,yäng1 du6 gäu1
用上,yung6 söng1
酒量,zäu2 löng6
領略,läng1 lök6
買車,mai1 ce1
重新做人,cung4 säng1 zu6 yäng4
打雷,da2 löi4
輕舉妄動,häng1 gü2 mong1 dung6
燕麥,ying1 mæk6
流動電話,läu4 dung6 ding6 wa2
拍下,pæk2 ha6
和平共處,wo4 päng4 gung6 cü1
冗長,yung2 cöng4
虎頭蛇尾,fu2 täu4 se4 mi1
歷史上,läk6 si2 söng6
最早,zöi1 zäu2
作樂,zok2 lok6
生態環境,säng1 tai1 wæng4 gäng2
精神失常,zäng1 säng4 säk2 söng4
嶺大,läng1 dai6
尾站,mi1 zam6
識食,säk2 säk6
撤僑,cik2 kiu4
毒梟,duk6 hiu1
波棍,bo1 gwäng1
放長雙眼,fong1 cöng4 söng1 ngæng1
雞尾,gäi1 mi1
消毒藥水,siu1 duk6 yök6 söi2
疑難,yi4 næng4
生財,säng1 cöi4
聽命,täng1 mäng6
好人好姐,häu2 yäng4 häu2 ze2
好人好者,häu2 yäng4 häu2 ze2
老鼠屎,läu1 sü2 si2
埋數,mai4 su1
無聲無息,mu4 säng1 mu4 säk2
勁人,gäng6 yäng4
顯靈,hing2 läng4
內射,nöi6 se6
生花,sæng1 fa1
細水長流,säi1 söi2 cöng4 läu4
三番四次,sam1 fæng1 si1 ci1
反話,fæng2 wa2
默不作聲,mäk6 bäk2 zok2 säng1
尾翼,mi1 yäk6
少陣,siu2 zäng6
經濟師,gäng1 zäi1 si1
好世界,häu2 säi1 gai1
武斷,mu1 düng6
承載,säng4 zöi1
忍辱負重,yäng1 yuk6 fu6 zung6
罪惡感,zöi6 ok2 gäm2
後背,häu6 bui1
上屆,söng6 gai1
特長,däk6 cöng4
假意,ga2 yi1
掛線,gwa1 sing1
下車,ha6 ce1
同一間,tung4 yäk2 gæng1
地下鐵,di6 ha6 tik2
舞獅,mu1 si1
行雷,hæng4 löi4
一兩次,yäk2 löng1 ci1
冇我,mäu1 ngo1
數理,su1 li1
掃平,säu1 päng4
自身難保,zi6 säng1 næng4 bäu2
坐以待斃,zo6 yi1 döi6 bäi6
打橫行,da2 wæng4 hæng4
聽書,teng1 sü1
爛市,læng6 si1
新車,säng1 ce1
湯渣,tong1 za1
孖辮,ma1 bing1
面青,ming6 ceng1
花樣年華,fa1 yöng6 ning4 wa4
軍校,gwäng1 hau6
下腳,ha6 gök2
領會,läng1 wui6
打錯字,da2 co1 zi6
監生,gam1 sæng1
長髮,cöng4 fæk2
揚聲器,yöng4 säng1 hi1
排長,pai4 zöng2
裝飾品,zong1 säk2 bäng2
好惡,häu2 ok2
中央銀行,zung1 yöng1 ngäng4 hong4
大錯特錯,dai6 co1 däk6 co1
吉士,gäk2 si2
輕裝,häng1 zong1
二百萬,yi6 bæk2 mæng6
青椒,ceng1 ziu1
行裝,häng4 zong1
面談,ming6 tam4
爭鬥,zäng1 däu1
下欄,ha6 læng4
康城,hong1 säng4
夜班,ye6 bæng1
搖錢樹,yiu4 cing4 sü6
衫褲鞋襪,sam1 fu1 hai4 mæk6
師長,si1 zöng2
側目,zäk2 muk6
空肚,hung1 tu1
老到,läu1 däu1
爬行,pa4 häng4
請示,cäng2 si6
海傍,fui2 pong4
油渣,yäu4 za1
排便,pai4 bing6
警匪片,gäng2 fi2 ping2
歌舞升平,go1 mu1 säng1 päng4
歌舞昇平,go1 mu1 säng1 päng4
思量,si1 löng6
為限,wäi4 hæng6
轉速,züng1 cuk2
押解,æk2 gai1
打鼓嶺,da2 gwu2 leng1
後波,häu6 bo1
省略,sæng2 lök6
神經質,säng4 gäng1 zäk2
添食,tim1 säk6
冇朋友,mäu1 päng4 yäu1
接下來,zip2 ha6 löi4
有好感,yäu1 häu2 gäm2
力度,läk6 du6
手長,säu2 cöng4
攝製,sip2 zäi1
記事簿,gi1 si6 bu2
午間,ng1 gæng1
放射性,fong1 se6 säng1
交更,gau1 gæng1
窮追猛打,kung4 zöi1 mæng1 da2
神經刀,säng4 gäng1 däu1
數十,su1 säp6
針織,zäm1 zäk2
經得起,gäng1 däk2 hi2
語重心長,yü1 zung6 säm1 cöng4
領導人,läng1 däu6 yäng4
有驚無險,yäu1 gäng1 mu4 him2
拒載,kü1 zöi1
靈芝,läng4 zi1
老頂,läu1 däng2
時時刻刻,si4 si4 häk2 häk2
賣大包,mai6 dai6 bau1
長眠,cöng4 ming4
有乜問題,yäu1 mäk2 mäng6 täi4
沒想到,muk6 söng2 däu1
日校,yäk6 hau6
惹禍,ye1 wo6
時間線,si4 gæng1 sing1
停經,täng4 gäng1
壓力大,æk2 läk6 dai6
公事包,gung1 si6 bau1
被判,bi6 pung1
盤球,pung4 käu4
道長,däu6 zöng2
解困,gai2 kwäng1
學生報,hok6 sæng1 bäu1
大難不死,dai6 næng6 bäk2 si2
讀緊書,duk6 gäng2 sü1
荷官,ho4 gwung1
拖時間,to1 si4 gæng1
輪更,läng4 gæng1
只玩,zi2 wæng4
報細數,bäu1 säi1 su1
青銅,cäng1 tung4
風月,fung1 ngük6
逆差,yäk6 ca1
朝氣,ziu1 hi1
剎那間,sæk2 na1 gæng1
不自量力,bäk2 zi6 löng6 läk6
點算好,dim2 süng1 häu2
功成身退,gung1 säng4 säng1 töi1
月初,ngük6 co1
弱肉強食,yök6 yuk6 köng4 säk6
轉場,züng1 cöng4
地平線,di6 päng4 sing1
更重要,gäng1 zung6 yiu1
磨損,mo4 süng2
桃紅,täu4 hung4
青澀,cäng1 gip2
謊話,fong1 wa6
新牌仔,säng1 pai4 zäi2
水球,söi2 käu4
雙管齊下,söng1 gwung2 cäi4 ha6
到此為止,däu1 ci2 wäi4 zi2
相宜,söng1 yi4
我哋唔,ngo1 di1 m4
盛夏,säng6 ha6
十惡不赦,säp6 ok2 bäk2 se1
甩難,läk2 næng6
不能自拔,bäk2 näng4 zi6 bäk6
相由心生,söng1 yäu4 säm1 säng1
生手,sæng1 säu2
笑下,siu1 ha1
屬土,suk6 tu2
針孔,zäm1 hung2
新鮮出爐,säng1 sing1 cäk2 lu4
女同學,nü1 tung4 hok6
食好西,säk6 häu2 säi1
充其量,cung1 ki4 löng6
頓成,däng6 säng4
休養生息,yäu1 yöng1 säng1 säk2
耶和華,ye4 wo4 wa4
世界仔,säi1 gai1 zäi2
上網買,söng1 mong1 mai1
播種,bo1 zung2
賽車手,cöi1 ce1 säu2
讀寫障礙,duk6 se2 zöng1 wui6
犯罪行為,fæng6 zöi6 häng4 wäi4
假話,ga2 wa2
頂包,däng2 bau1
三位,sam1 wäi6
夜生活,ye6 säng1 wuk6
呢款,ni4 fung2
好抽,häu2 cäu1
輕率,häng1 säk2
市井,si1 zäng2
車飛,ce1 fi1
赤道,cek2 däu6
塞浦路斯,cöi1 pu2 lu6 si1
快靚正,fai1 leng1 zäng1
惡習,ok2 zap6
生雞,sæng1 gäi1
逞強,cäng2 köng4
正中間,zäng1 zung1 gæng1
確鑿,kok2 zok6
安生,wung1 säng1
八成,bæk2 säng4
頂爛市,däng2 læng6 si1
頭啖湯,täu4 dam6 tong1
鬼話,gwäi2 wa2
餘波,yü4 bo1
面紗,ming6 sa1
太平山,tai1 päng4 sæng1
重男輕女,zung6 nam4 häng1 nü1
拗撬,au1 giu6
鬼打鬼,gwäi2 da2 gwäi2
不得好死,bäk2 däk2 häu2 si2
此消彼長,ci2 siu1 bi2 zöng2
而成,yi4 säng4
三讀,sam1 duk6
伏特加,fuk6 däk6 ga1
右上,yäu6 söng6
米色,mai1 säk2
新貴,säng1 gwäi1
另一種,läng6 yäk2 zung2
鹹片,ham4 ping2
頭面,täu4 ming6
大行其道,dai6 häng4 ki4 däu6
中國城,zung1 gwok2 säng4
枯燥,fu1 cäu1
老成,läu1 säng4
牛鬼蛇神,ngäu4 gwäi2 se4 säng4
面不改容,ming6 bäk2 gwui2 yung4
面不改色,ming6 bäk2 gwui2 säk2
太平紳士,tai1 päng4 säng1 si2
坐地起價,zo6 di6 hi2 ga1
長袍,cöng4 päu4
風涼話,fung1 löng4 wa2
老態,läu1 tai1
上古,söng6 gwu2
不足為奇,bäk2 zuk2 wäi4 ki4
改下,gwui2 ha1
二獎,yi6 zöng2
老臣子,läu1 säng4 zi2
回鄉卡,wui4 höng1 kæk2
百度,bæk2 du6
客車,hæk2 ce1
爛口,læng6 häu2
試下用,si1 ha1 yung6
洗頭艇,säi2 täu4 täng1
時針,si4 zäm1
白頭到老,bæk6 täu4 däu1 läu1
上家,söng6 ga1
不省人事,bäk2 säng2 yäng4 si6
錢幣,cing4 bäi6
命仔,mäng6 zäi2
掃墓,säu1 mu6
都能,du1 näng4
盛裝,säng6 zong1
華西,wa4 säi1
乾貨,gung1 fo1
下馬威,ha6 ma1 wäi1
耳窿,yi1 lung1
二十三日,yi6 säp6 sam1 yäk6
平易近人,päng4 yi6 gäng6 yäng4
躺下,tong2 ha6
盛況,säng6 fong1
分線,fäng6 sing1
兩首,löng1 säu2
四仔,si1 zäi2
李斯特,li1 si1 däk6
老定,läu1 däng6
桃色,täu4 säk2
趁火打劫,cäng1 fo2 da2 gip2
馬面,ma1 ming6
掃把佬,säu1 ba2 läu2
頭班,täu4 bæng1
劃時代,wæk6 si4 döi6
扁桃腺,bing2 täu4 sing1
打火,da2 fo2
領海,läng1 fui2
非法行為,fi1 fæk2 häng4 wäi4
世仇,säi1 säu4
囚車,cäu4 ce1
打鐵,da2 tik2
複數,fuk2 su1
好羨慕,häu2 sing6 mu6
右手便,yäu6 säu2 bing6
右手面,yäu6 säu2 ming6
地下城,di6 ha6 säng4
靈機一觸,läng4 gi1 yäk2 zuk2
唐卡,tong4 ka1
抽油煙機,cäu1 yäu4 ying1 gi1
生蛇,sæng1 se4
食住道勢,säk6 zü6 däu6 säi1
食住個勢,säk6 zü6 go1 säi1
天下太平,ting1 ha6 tai1 päng4
挑骨,tiu1 gwäk2
單單打打,dæng1 dæng1 da2 da2
老中青,läu1 zung1 cäng1
半載,bung1 zöi2
雙面人,söng1 ming6 yäng4
左手便,zo2 säu2 bing6
左手面,zo2 säu2 ming6
大掃除,dai6 säu1 cü4
更替,gäng1 täi1
乾旱,gung1 fung1
早更,zäu2 gæng1
鐘數,zung1 su1
將士,zöng1 si6
大孖,dai6 ma1
二十八日,yi6 säp6 bæk2 yäk6
買錯,mai1 co1
年班,ning4 bæng1
答話,dap2 wa6
下屆,ha6 gai1
容錯,yung4 co1
生暗瘡,sæng1 äm1 cong1
長輩圖,zöng2 bui1 tu4
幹道,gwung1 däu6
談笑風生,tam4 siu1 fung1 säng1
血流成河,hük2 läu4 säng4 ho4
愚弄,yü4 lung6
撩交打,liu4 gau1 da2
磨牙,mo4 nga4
輕柔,häng1 yäu4
寫下,se2 ha6
不以為意,bäk2 yi1 wäi4 yi1
筆墨,bäk2 mäk6
拉丁舞,lai1 däng1 mu1
暖包,nüng1 bau1
食軟飯,säk6 yüng1 fæng6
禁毒,gäm1 duk6
轉接,züng2 zip2
留班,läu4 bæng1
鼻咽癌,bi6 ying1 ngam4
打結,da2 gik2
大城市,dai6 säng4 si1
第一下,däi6 yäk2 ha1
厭食,yim1 säk6
生員,säng1 yüng4
禁食,gäm1 säk6
調度,diu6 du6
冇有,mäu1 yäu1
壓場,æk2 cöng4
凝結,yäng4 gik2
凝住,yäng4 zü6
輸少當贏,sü1 siu2 dong1 yeng4
指南針,zi2 nam4 zäm1
太空卡,tai1 hung1 kæk2
通波仔,tung1 bo1 zäi2
板球,bæng2 käu4
悠長,yäu4 cöng4
相容,söng1 yung4
浸泡,zäm1 pau1
刀叉,däu1 ca1
海鮮價,fui2 sing1 ga1
坐廁,zo6 ci1
靈巧,läng4 hau2
我哋係,ngo1 di1 häi6
天生一對,ting1 sæng1 yäk2 döi1
便可,bing6 ho2
長途電話,cöng4 tu4 ding6 wa2
家下,ga1 ha1
一朝早,yäk2 ziu1 zäu2
離鄉別井,li4 höng1 bik6 zäng2
報大數,bäu1 dai6 su1
國際舞台,gwok2 zäi1 mu1 töi4
裙腳仔,kwäng4 gök2 zäi2
兩支,löng1 zi1
上傳,söng6 cüng4
上個禮拜,söng6 go1 läi1 bai1
一句話,yäk2 gü1 wa6
已讀不回,yi1 duk6 bäk2 wui4
食唔食,säk6 m4 säk6
讀到,duk6 däu1
參謀,cam1 mäu4
好方便,häu2 fong1 bing6
二萬,yi6 mæng6
球體,käu4 täi2
維生素,wäi4 säng1 su1
倒吊,däu1 diu1
行當,hong4 dong1
平心靜氣,päng4 säm1 zäng6 hi1
射入,se6 yäp6
驚惶,gäng1 wong4
血濃於水,hük2 nung4 yü1 söi2
生理鹽水,säng1 li1 yim4 söi2
齋戒,zai1 gai1
氣度,hi1 du6
一拍兩散,yäk2 pæk2 löng1 sæng1
第二條,däi6 yi6 tiu4
校車,hau6 ce1
柏林圍牆,pæk2 läm4 wäi4 cöng4
神靈,säng4 läng4
背誦,bui6 zung6
大話精,dai6 wa6 zäng1
反敗為勝,fæng2 bai6 wäi4 säng1
結怨,gik2 yüng1
贏硬,yeng4 ngæng6
流行病,läu4 häng4 beng6
那邊,na1 bing1
抽射,cäu1 se6
臨尾香,läm4 mi1 höng1
獨立包裝,duk6 läp6 bau1 zong1
啱數,ngam1 su1
換畫,wung6 wa6
千米,cing1 mai1
講和,gong2 wo4
容下,yung4 ha6
武士刀,mu1 si6 däu1
青菜,ceng1 cöi1
波長,bo1 cöng4
大孖沙,dai6 ma1 sa1
電話簿,ding6 wa2 bu2
可蘭經,ho2 læng4 gäng1
冇咁,mäu1 gäm1
黃賭毒,wong4 du2 duk6
風花雪月,fung1 fa1 sük2 ngük6
介紹下,gai1 siu6 ha6
腎上腺,säng6 söng6 sing1
上角,söng6 gok2
就位,zäu6 wäi6
車臣,ce1 säng4
人蛇,yäng4 se4
一手包辦,yäk2 säu2 bau1 bæng6
領有,läng1 yäu1
產油,cæng2 yäu4
耕種,gæng1 zung1
近幾年,gäng6 gi2 ning4
成蟲,säng4 cung4
半月,bung1 ngük6
齊頭,cäi4 täu4
街坊裝,gai1 fong1 zong1
據理力爭,gü1 li1 läk6 zäng1
行年,häng4 ning4
一陣間,yäk2 zäng6 gæng1
下角,ha6 gok2
日久生情,yäk6 gäu2 säng1 cäng4
情調,cäng4 diu6
一怒之下,yäk2 nu6 zi1 ha6
衝浪,cung1 long6
降落傘,gong1 lok6 sæng1
重過,cung1 gwo1
第二隻,däi6 yi6 zek2
冠上,gwung1 söng6
二線,yi6 sing1
經驗值,gäng1 yim6 zäk6
也好,ya1 häu2
乳溝,yü1 käu1
怨天尤人,yüng1 ting1 yäu4 yäng4
短波,düng2 bo1
梅菜,mui4 cöi1
車頭燈,ce1 täu4 däng1
毒感,duk6 gäm2
兩千,löng1 cing1
水上人,söi2 söng6 yäng4
粗重,cu1 cung1
高抬貴手,gäu1 töi4 gwäi1 säu2
青光眼,ceng1 gwong1 ngæng1
祥和,cöng4 wo4
二十六日,yi6 säp6 luk6 yäk6
雪種,sük2 zung2
生不逢時,säng1 bäk2 fung4 si4
面皮厚,ming6 pi4 häu1
細孖,säi1 ma1
錢七,cing4 cäk2
融為一體,yung4 wäi4 yäk2 täi2
偽毒,ngäi6 duk6
同病相憐,tung4 beng6 söng1 ling4
彈奏,tæng4 zäu1
彈弓手,dæng6 gung1 säu2
口痕,häu2 häng4
民不聊生,mäng4 bäk2 liu4 säng1
名不虛傳,mäng4 bäk2 hü1 cüng4
乾涸,gung1 kok2
慢食,mæng6 säk6
探長,tam1 zöng2
皺起,zäu1 hi2
可以冇,ho2 yi1 mäu1
八月十五,bæk2 ngük6 säp6 ng1
長空,cöng4 hung1
更可,gäng1 ho2
兩倍,löng1 pui1
自食其果,zi6 säk6 ki4 gwo2
第二張,däi6 yi6 zöng1
凡間,fæng4 gæng1
人生觀,yäng4 säng1 gwung1
往生,wong1 säng1
經血,gäng1 hük2
和睦,wo4 muk6
下榻,ha6 tap2
生離死別,säng1 li4 si2 bik6
上把,söng6 ba2
上靶,söng6 ba2
遠近,yüng1 gäng6
遠近,yüng1 käng1
減省,gam2 sæng2
西多士,säi1 do1 si2
縫針,fung4 zäm1
劍道,gim1 däu6
輕言,häng1 ying4
三成,sam1 säng4
新屋嶺,säng1 uk2 leng1
井底之蛙,zäng2 däi2 zi1 wa1
反艇,fæng2 täng1
高登仔,gäu1 däng1 zäi2
好傷心,häu2 söng1 säm1
二十九日,yi6 säp6 gäu2 yäk6
唔使講,m4 säi2 gong2
磨心,mo6 säm1
首尾,säu2 mi1
衰收尾,söi1 säu1 mi1
自量,zi6 löng6
攪拌機,gau2 bung6 gi1
共患難,gung6 wæng6 næng6
生完,sæng1 yüng4
盛開,säng6 fui1
電磁波,ding6 ci4 bo1
珍重,zäng1 zung6
幫下手,bong1 ha1 säu2
狗男女,gäu2 nam4 nü1
好介紹,häu2 gai1 siu6
成龍,säng4 lung4
老坑,läu1 hæng1
老坑公,läu1 hæng1 gung1
中轉站,zung1 züng2 zam6
擦鞋仔,cæk2 hai4 zäi2
隨從,cöi4 cung4
多重,do1 cung1
津津樂道,zäng1 zäng1 lok6 däu6
請到,cäng2 däu1
油頭,yäu4 täu4
一片光明,yäk2 ping2 gwong1 mäng4
三言兩語,sam1 ying4 löng1 yü1
會客,wui6 hæk2
性玩具,säng1 wung6 gü6
下墜,ha6 zöi6
我哋要,ngo1 di1 yiu1
成行成市,säng4 hong4 säng4 si1
上算,söng6 süng1
莊重,zong1 zung6
醒少少,säng2 siu2 siu2
倒斃,däu2 bäi6
飛舞,fi1 mu1
二十四日,yi6 säp6 si1 yäk6
身經百戰,säng1 gäng1 bæk2 zing1
參數,cam1 su1
打柴,da2 cai4
粉飾太平,fäng2 säk2 tai1 päng4
一滴,yäk2 däk6
二十五日,yi6 säp6 ng1 yäk6
生炒,sæng1 cau2
舞池,mu1 ci4
禪師,sim4 si1
下月,ha6 ngük6
包你,bau1 ni1
重整旗鼓,cung4 zäng2 ki4 gwu2
減重,gam2 cung1
下半世,ha6 bung1 säi1
寫生,se2 säng1
反骨仔,fæng2 gwäk2 zäi2
據了解,gü1 liu1 gai2
據瞭解,gü1 liu1 gai2
十年八載,säp6 ning4 bæk2 zöi2
小食部,siu2 säk6 bu6
所剩無幾,so2 zäng6 mu4 gi2
差個,ca1 go1
厚道,häu1 däu6
老祖,läu1 zu2
明解,mäng4 gai2
蟒蛇,mong1 se4
製毒,zäi1 duk6
響朵,höng2 do2
流流長,läu4 läu4 cöng4
對面海,döi1 ming6 fui2
記掛,gi1 gwa1
乾塘,gung1 tong4
唔靚仔,m4 leng1 zäi2
水靈,söi2 läng4
聽講話,teng1 gong2 wa6
筆記簿,bäk2 gi1 bu2
反肚,fæng2 tu1
潰爛,kwui2 læng6
硬漢,ngæng6 fung1
失重,säk2 cung1
刺蝟,ci1 wäi6
假以時日,ga2 yi1 si4 yäk6
打格仔,da2 gæk2 zäi2
有識之士,yäu1 säk2 zi1 si6
悶悶不樂,mung6 mung6 bäk2 lok6
刺青,ci1 ceng1
連假,ling4 ga1
度住,dok6 zü6
右下,yäu6 ha6
軒然大波,hing1 ying4 dai6 bo1
權位,küng4 wäi6
量力,löng6 läk6
老夫老妻,läu1 fu1 läu1 cäi1
打成一片,da2 säng4 yäk2 ping1
毒株,duk6 zü1
危言聳聽,ngäi4 ying4 sung2 täng1
舞蹈員,mu1 däu6 yüng4
假音,ga2 yäm1
轉珠,züng1 zü1
行差搭錯,hæng4 ca1 dap2 co1
行差踏錯,hæng4 ca1 dap6 co1
擁吻,yung2 mäng1
拋書包,pau1 sü1 bau1
聲樂,säng1 ngok6
從軍,cung4 gwäng1
喱士,li1 si2
那天,na1 ting1
生老病死,säng1 läu1 beng6 si2
遊山玩水,yäu4 sæng1 wung6 söi2
拼湊,päng1 cäu1
差錯,ca1 co1
由下而上,yäu4 ha6 yi4 söng6
至高無上,zi1 gäu1 mu4 söng6
攬上身,lam2 söng1 säng1
馬不停蹄,ma1 bäk2 täng4 täi4
生冷,sæng1 læng1
行房,häng4 fong4
掛畫,gwa1 wa6
好聲好氣,häu2 säng1 häu2 hi1
據為己有,gü1 wäi4 gi2 yäu1
譯為,yäk6 wäi4
片開,ping2 fui1
仇口,säu4 häu2
送行,sung1 häng4
邪靈,ce4 läng4
驚住,geng1 zü6
下款,ha6 fung2
不少人,bäk2 siu2 yäng4
打嘴,da2 zöi2
笨重,bäng6 zung6
精裝,zäng1 zong1
長袖衫,cöng4 zäu6 sam1
我哋一,ngo1 di1 yäk2
拖數,to1 su1
山下,sæng1 ha6
壽包,säu6 bau1
生擒,sæng1 käm4
城樓,säng4 läu4
真相大白,zäng1 söng1 dai6 bæk6
助聽器,zo6 täng1 hi1
代打,döi6 da2
西斜,säi1 ce4
醒悟,säng2 ng6
頂得住,däng2 däk2 zü6
封咪,fung1 mäi1
各自為政,gok2 zi6 wäi4 zäng1
牛角包,ngäu4 gok2 bau1
請飲,ceng2 yäm2
老鼠拉龜,läu1 sü2 lai1 gwäi1
生力軍,säng1 läk6 gwäng1
話實,wa6 säk6
二十二日,yi6 säp6 yi6 yäk6
混濁,wäng6 zuk6
不鏽鋼,bäk2 säu1 gong1
落波,lok6 bo1
汰弱留強,tai1 yök6 läu4 köng4
種族清洗,zung2 zuk6 cäng1 säi2
話梅,wa6 mui4
一絲不掛,yäk2 si1 bäk2 gwa1
乳液,yü1 yäk6
月色,ngük6 säk2
士人,si6 yäng4
自相殘殺,zi6 söng1 cæng4 sæk2
七成,cäk2 säng4
生油,sæng1 yäu4
校務處,hau6 mu6 cü1
軟硬兼施,yüng1 ngæng6 gim1 si1
鼻咽,bi6 ying1
變聲,bing1 säng1
抽調,cäu1 diu6
頃刻,käng1 häk2
骨質,gwäk2 zäk2
後尾枕,häu6 mi1 zäm2
紫禁城,zi2 gäm1 säng4
古天樂,gwu2 ting1 lok6
死難,si2 næng6
接上,zip2 söng1
戲弄,hi1 lung6
寥寥可數,liu4 liu4 ho2 su2
滑浪風帆,wæk6 long6 fung1 fæng4
幫輕,bong1 heng1
青瓦台,cäng1 nga1 töi4
交響樂,gau1 höng2 ngok6
香濃,höng1 nung4
梅花間竹,mui4 fa1 gæng1 zuk2
山齊士,sæng1 cäi4 si6
車尾燈,ce1 mi1 däng1
節衣縮食,zik2 yi1 suk2 säk6
草食,cäu2 säk6
居士,gü1 si6
刮目相看,gwæk2 muk6 söng1 fung1
空中巴士,hung1 zung1 ba1 si2
玩唔玩,wung6 m4 wung6
清道夫,cäng1 däu6 fu1
錯別字,co1 bik6 zi6
較難,gau1 næng4
空波,hung1 bo1
老本行,läu1 bung2 hong4
坐享其成,zo6 höng2 ki4 säng4
打圓場,da2 yüng4 cöng4
三間,sam1 gæng1
數個,su1 go1
不為過,bäk2 wäi4 gwo1
失球,säk2 käu4
最長,zöi1 cöng4
白話文,bæk6 wa2 mäng4
下凡,ha6 fæng4
樂理,ngok6 li1
沙塵暴,sa1 cäng4 bäu6
側門,zäk2 mung4
轉口風,züng1 häu2 fung1
覺眼,gok2 ngæng1
下肢,ha6 zi1
油價,yäu4 ga1
斬波,zam2 bo1
青出於藍,cäng1 cäk2 yü1 lam4
易主,yäk6 zü2
禮拜二,läi1 bai1 yi6
模稜兩可,mu4 läng4 löng1 ho2
發生了,fæk2 säng1 liu1
邊打,bing1 da1
菠蘿油,bo1 lo4 yäu4
短打,düng2 da2
波瀾,bo1 læng4
興盛,häng1 säng6
老婆餅,läu1 po4 beng2
假借,ga2 ze1
老媽子,läu1 ma1 zi2
三輪車,sam1 läng4 ce1
白痴仔,bæk6 ci1 zäi2
波仔,bo1 zäi2
傳球,cüng4 käu4
好想食,häu2 söng2 säk6
違和感,wäi4 wo4 gäm2
一技之長,yäk2 gi6 zi1 cöng4
兩把,löng1 ba2
賣豬仔,mai6 zü1 zäi2
諗嘢,säm2 ya1
各散東西,gok2 sæng1 dung1 säi1
德行,däk2 häng6
光頭仔,gwong1 täu4 zäi2
生勾勾,sæng1 ngäu1 ngäu1
必經之路,bik2 gäng1 zi1 lu6
女性主義,nü1 säng1 zü2 yi6
食塵,säk6 cäng4
傍住,bong6 zü6
繼位,gäi1 wäi6
畫花,wæk6 fa1
車轆,ce1 luk2
第二間,däi6 yi6 gæng1
一落千丈,yäk2 lok6 cing1 zöng6
魚片,yü4 ping2
生意佬,sæng1 yi1 läu2
苦中作樂,fu2 zung1 zok2 lok6
有聲有色,yäu1 säng1 yäu1 säk2
平整,päng4 zäng2
和理非非,wo4 li1 fi1 fi1
倒楣,däu2 mi4
立體聲,läp6 täi2 säng1
毛氈,mäu4 zing1
白武士,bæk6 mu1 si6
心掛掛,säm1 gwa1 gwa1
非常好,fi1 söng4 häu2
非常之好,fi1 söng4 zi1 häu2
降雨量,gong1 yü1 löng6
行山杖,hæng4 sæng1 zöng6
成村人,seng4 cüng1 yäng4
講多錯多,gong2 do1 co1 do1
虛位,hü1 wäi6
肉片,yuk6 ping2
明瞭,mäng4 liu4
畫筆,wa6 bäk2
指名道姓,zi2 mäng4 däu6 säng1
重施故技,cung4 si1 gwu1 gi6
荒山野嶺,fong1 sæng1 ye1 leng1
故技重施,gwu1 gi6 cung4 si1
改頭換面,gwui2 täu4 wung6 ming6
閒話家常,hæng4 wa6 ga1 söng4
強顏歡笑,köng1 ngæng4 fung1 siu1
兩成,löng1 säng4
質數,zäk2 su1
撞啱,zong6 ngam1
勁呀,gäng6 a1
喊打喊殺,ham1 da2 ham1 sæk2
好凍,häu2 dung1
兩三日,löng1 sam1 yäk6
生死未卜,säng1 si2 mi6 buk2
左轉,zo2 züng1
暴瀉,bäu6 se1
爆咪,bau1 mäi1
便於,bing6 yü1
捧着,bung2 zök6
生無可戀,säng1 mu4 ho2 lüng2
各方面,gok2 fong1 ming6
鋼管舞,gong1 gwung2 mu1
好路數,häu2 lu6 su1
雜食,zap6 säk6
被單,pi1 dæng1
只為,zi2 wäi6
喊包,ham1 bau1
彌敦道,ni4 däng1 däu6
被窩,pi1 wo1
跳掣,tiu1 zäi1
既為,gi1 wäi4
驚心動魄,gäng1 säm1 dung6 pæk2
聽教,teng1 gäu1
盡力而為,zäng6 läk6 yi4 wäi4
裝假狗,zong1 ga2 gäu2
喜怒哀樂,hi2 nu6 wui1 lok6
男伴,nam4 bung6
醒定,säng2 däng6
上湯,söng6 tong1
話卡,wa6 kæk2
有冇問題,yäu1 mäu1 mäng6 täi4
領口,leng1 häu2
唔使做,m4 säi2 zu6
消息人士,siu1 säk2 yäng4 si6
波段,bo1 düng6
第二度,däi6 yi6 du6
一掃而空,yäk2 säu1 yi4 hung1
惡死,ok2 si2
安樂窩,wung1 lok6 wo1
省時,sæng2 si4
骨質疏鬆,gwäk2 zäk2 so1 sung1
板仔,bæng2 zäi2
參考書,cam1 hau2 sü1
放數,fong1 su1
驚歎,gäng1 tæng1
下筆,ha6 bäk2
梅酒,mui4 zäu2
普魯士,pu2 lu1 si6
太古城,tai1 gwu2 säng4
重遊,cung4 yäu4
宴請,ying1 ceng2
老生常談,läu1 säng1 söng4 tam4
問長問短,mäng6 cöng4 mäng6 düng2
散沙,sæng2 sa1
化為烏有,fa1 wäi4 wu1 yäu1
一盤散沙,yäk2 pung4 sæng2 sa1
間距,gæng1 kü1
紅血球,hung4 hük2 käu4
精算師,zäng1 süng1 si1
百毒不侵,bæk2 duk6 bäk2 cäm1
出生入死,cäk2 säng1 yäp6 si2
靚靚,leng1 leng1
聽障,täng1 zöng1
好自為之,häu2 zi6 wäi4 zi1
舞廳,mu1 täng1
那位,na1 wäi6
同道中人,tung4 däu6 zung1 yäng4
打野戰,da2 ye1 zing1
海上,fui2 söng6
卡其,ka1 ki4
實而不華,säk6 yi4 bäk2 wa4
更快,gäng1 fai1
好似有,häu2 ci1 yäu1
着陸,zök6 luk6
拗頸,au1 geng2
刺鼻,ci1 bi6
大相徑庭,dai6 söng1 gäng1 täng4
大相逕庭,dai6 söng1 gäng1 täng4
擁擠,yung2 zäi1
手舞足蹈,säu2 mu1 zuk2 däu6
黃子華,wong4 zi2 wa4
邊種,bing1 zung2
傳宗接代,cüng4 zung1 zip2 döi6
一肚氣,yäk2 tu1 hi1
裝身,zong1 säng1
格食格,gæk2 säk6 gæk2
老頭子,läu1 täu4 zi2
食風,säk6 fung1
話落,wa6 lok6
攝時間,sip2 si4 gæng1
精進,zäng1 zäng1
包青天,bau1 cäng1 ting1
郵包,yäu4 bau1
易容,yäk6 yung4
守望相助,säu2 mong6 söng1 zo6
撥打,buk6 da2
前車可鑑,cing4 gü1 ho2 gam1
香油,höng1 yäu4
十二生肖,säp6 yi6 säng1 ciu1
真毒,zäng1 duk6
達官貴人,dæk6 gwung1 gwäi1 yäng4
冇得用,mäu1 däk2 yung6
拍爛手掌,pæk2 læng6 säu2 zöng2
鐵面,tik2 ming6
刷卡,cak2 kæk2
車迷,ce1 mäi4
印度人,yäng1 du6 yäng4
兩架,löng1 ga1
中間價,zung1 gæng1 ga1
打打殺殺,da2 da2 sæk2 sæk2
我哋就,ngo1 di1 zäu6
裝過,zong1 gwo1
日積月累,yäk6 zäk2 ngük6 löi6
絕頂,zük6 däng2
哺乳類,bu6 yü1 löi6
揀擇,gæng2 zæk6
行大運,hæng4 dai6 wäng6
謠傳,yiu4 cüng4
痛不欲生,tung1 bäk2 yuk6 säng1
兩天,löng1 ting1
看着,fung1 zök6
逆境波,yäk6 gäng2 bo1
盧卡古,lu4 ka1 gwu2
南乳,nam4 yü1
寫包單,se2 bau1 dæng1
扁平足,bing2 päng4 zuk2
簽卡,cim1 kæk2
校服裙,hau6 fuk6 kwäng4
校裙,hau6 kwäng4
後浪,häu6 long6
吃不消,hek2 bäk2 siu1
要生要死,yiu1 sæng1 yiu1 si2
代議士,döi6 yi1 si6
月相,ngük6 söng1
修道,säu1 däu6
低班,däi1 bæng1
更名,gäng1 mäng4
食蟹,säk6 hai1
針鋒相對,zäm1 fung1 söng1 döi1
精警,zäng1 gäng2
愛華頓,wui1 wa4 däng6
懷疑人生,wai4 yi4 yäng4 säng1
不懷好意,bäk2 wai4 häu2 yi1
典解,ding2 gai2
力道,läk6 däu6
另眼相看,läng6 ngæng1 söng1 fung1
未雨綢繆,mi6 yü1 cäu4 mäu4
工作上,gung1 zok2 söng6
好猛,häu2 mæng1
逃出生天,täu4 cäk2 säng1 ting1
解手,gai2 säu2
冧市,läm1 si1
老江湖,läu1 gong1 wu4
心靈雞湯,säm1 läng4 gäi1 tong1
點錯相,dim2 co1 söng1
落仔,lok6 zäi2
潛水艇,cim4 söi2 täng1
長年累月,cöng4 ning4 löi6 ngük6
面珠,ming6 zü1
生疑,säng1 yi4
入咪,yäp6 mäi1
兩層,löng1 cäng4
集裝箱,zap6 zong1 söng1
傳譯,cüng4 yäk6
好得閒,häu2 däk2 hæng4
話頭,wa6 täu4
搖搖欲墜,yiu4 yiu4 yuk6 zöi6
泡湯,pau1 tong1
上貨,söng1 fo1
被視為,bi6 si6 wäi4
遇難者,yü6 næng6 ze2
鄧炳強,däng6 bäng2 köng4
做生日,zu6 sæng1 yäk6
車齡,ce1 läng4
打底褲,da2 däi2 fu1
摩托車,mo1 tok2 ce1
昇平,säng1 päng4
廳長,täng1 zöng2
不亦樂乎,bäk2 yäk6 lok6 fu4
報數,bäu1 su1
九龍城寨,gäu2 lung4 säng4 zai6
九龍寨城,gäu2 lung4 zai6 säng4
官校,gwung1 hau6
二手飯,yi6 säu2 fæng6
散裝,sæng2 zong1
躺平,tong2 päng4
摺被,zip2 pi1
頁數,yip6 su1
石墨,sek6 mäk6
長過,cöng4 gwo1
糙米,cäu1 mai1
伏屍,fuk6 si1
一兩句,yäk2 löng1 gü1
武士道,mu1 si6 däu6
數百,su1 bæk2
不一會,bäk2 yäk2 wui6
青天霹靂,cäng1 ting1 päk2 läk2
心上人,säm1 söng6 yäng4
身先士卒,säng1 sing1 si6 zäk2
被問到,bi6 mäng6 däu1
融和,yung4 wo4
不公平,bäk2 gung1 päng4
貴客,gwäi1 hæk2
腦電波,näu1 ding6 bo1
徹頭徹尾,cik2 täu4 cik2 mi1
都好聽,du1 häu2 teng1
假狗,ga2 gäu2
雞仔聲,gäi1 zäi2 säng1
乳酸,yü1 süng1
差池,ca1 ci4
硬體,ngæng6 täi2
暴戾,bäu6 löi6
穿上,cüng1 söng1
好食好住,häu2 säk6 häu2 zü6
聲東擊西,säng1 dung1 gäk2 säi1
有頭有面,yäu1 täu4 yäu1 ming6
研習,ying4 zap6
惡言相向,ok2 ying4 söng1 höng1
純淨,säng4 zäng6
食生菜,säk6 sæng1 cöi1
側側膊,zäk2 zäk2 bok2
的士高,däk2 si6 gäu1
因數,yäng1 su1
數口,su1 häu2
觸目驚心,zuk2 muk6 gäng1 säm1
動量,dung6 löng6
馬刺,ma1 ci1
盡數,zäng6 su1
打孖上,da2 ma1 söng1
屎片,si2 ping2
月飛,ngük6 fi1
曾孫,zäng1 süng1
打鑊,da2 wok6
快高長大,fai1 gäu1 zöng2 dai6
洗太平地,säi2 tai1 päng4 di6
桃花運,täu4 fa1 wäng6
腳掣,gök2 zäi1
生口,sæng1 häu2
上軌道,söng1 gwäi2 däu6
扎醒,zæk2 seng2
斷然,düng6 ying4
面紅耳赤,ming6 hung4 yi1 cek2
打量,da2 löng4
打量,da2 löng6
插班,cap2 bæng1
乾衣機,gung1 yi1 gi1
糯米飯,no6 mai1 fæng6
便器,bing6 hi1
輕而易舉,häng1 yi4 yi6 gü2
開到聲,fui1 däu1 säng1
沒趣,muk6 cü1
沙井,sa1 zäng2
倒灌,däu1 gwung1
一唱一和,yäk2 cöng1 yäk2 wo6
胃酸倒流,wäi6 süng1 däu1 läu4
轉入,züng2 yäp6
驚愕,gäng1 ngok6
狠毒,häng2 duk6
聯校,lüng4 hau6
抓着,zau2 zök6
卒仔,zäk2 zäi2
長夜,cöng4 ye6
會展,wui6 zing2
波多黎各,bo1 do1 läi4 gok2
背泳,bui1 wäng6
機場巴士,gi1 cöng4 ba1 si2
油麻,yäu4 ma4
名成利就,mäng4 säng4 li6 zäu6
聲淚俱下,säng1 löi6 kü1 ha6
最好不過,zöi1 häu2 bäk2 gwo1
打齊,da2 cäi4
心肌梗塞,säm1 gi1 gäng2 säk2
相鄰,söng1 läng4
家聲,ga1 säng1
野仔,ye1 zäi2
魚柳包,yü4 läu1 bau1
弄清,lung6 cäng1
斜對面,ce4 döi1 ming6
打蠟,da2 lap6
荷葉,ho4 yip6
兩面,löng1 ming6
精良,zäng1 löng4
彈槍,dæng6 cöng1
街數,gai1 su1
殺一儆百,sæk2 yäk2 gäng2 bæk2
上市公司,söng1 si1 gung1 si1
隨傳隨到,cöi4 cüng4 cöi4 däu1
幾班,gi2 bæng1
穿梭巴士,cüng1 so1 ba1 si2
憑證,päng4 zäng1
白金卡,bæk6 gäm1 ka1
不計其數,bäk2 gäi1 ki4 su1
覆沒,fuk2 muk6
投閒置散,täu4 hæng4 zi1 sæng2
天生麗質,ting1 sæng1 läi6 zäk2
字裏行間,zi6 li1 hong4 gæng1
長糧,cöng4 löng4
吉人天相,gäk2 yäng4 ting1 söng1
校慶,hau6 häng1
每間,mui1 gæng1
樂評,ngok6 päng4
殺雞儆猴,sæk2 gäi1 gäng2 häu4
燒着,siu1 zök6
數次,su1 ci1
整數,zäng2 su1
打下機,da2 ha1 gi1
核桃,häk6 täu4
向好,höng1 häu2
李家超,li1 ga1 ciu1
拖手仔,to1 säu2 zäi2
為免,wäi4 ming1
落畫,lok6 wa6
肺結核,fäi1 gik2 häk6
下底,ha6 däi2
月租,ngük6 zu1
潦倒,läu1 däu2
呢單嘢,ni4 dæng1 ya1
排解,pai4 gai2
生鏽,sæng1 säu1
情到濃時,cäng4 däu1 nung4 si4
靈界,läng4 gai1
手下敗將,säu2 ha6 bai6 zöng1
守尾門,säu2 mi1 mung4
邊面,bing1 ming6
兩頭,löng1 täu4
你哋唔,ni1 di1 m4
生招牌,sæng1 ziu1 pai4
上到,söng1 däu1
被選為,bi6 süng2 wäi4
大掃,dai6 säu1
縫合,fung4 häp6
下賤,ha6 zing6
四面楚歌,si1 ming6 co2 go1
為人師表,wäi4 yäng4 si1 biu2
啱去,ngam1 hü1
食鬼,säk6 gwäi2
通便,tung1 bing6
針卡,zäm1 kæk2
發窮惡,fæk2 kung4 ok2
兩手揈揈,löng1 säu2 fäng6 fäng6
兩手空空,löng1 säu2 hung1 hung1
無生命,mu4 säng1 mäng6
二次元,yi6 ci1 yüng4
惺惺相惜,säng1 säng1 söng1 säk2
醒醒定定,säng2 säng2 däng6 däng6
掃帚,säu1 zau2
餅卡,beng2 kæk2
桌上,cök2 söng6
佳話,gai1 wa6
大咪,dai6 mäi1
埋齋,mai4 zai1
難逢,næng4 fung4
城鄉,säng4 höng1
曲棍球,kuk2 gwäng1 käu4
下半年,ha6 bung1 ning4
好好先生,häu2 häu2 sing1 sæng1
故弄玄虛,gwu1 lung6 yüng4 hü1
湖泊,wu4 bok6
精於,zäng1 yü1
着草,zök2 cäu2
不良於行,bäk2 löng4 yü1 häng4
花球,fa1 käu4
赴會,fu6 wui6
二胎,yi6 töi1
德士,däk2 si6
校內,hau6 nöi6
嬰兒車,yäng1 yi4 ce1
老火湯,läu1 fo2 tong1
順時針,säng6 si4 zäm1
生鬼,sæng1 gwäi2
心裏面,säm1 li1 ming6
尖酸刻薄,zim1 süng1 hæk2 bok6
一鑊泡,yäk2 wok6 päu1
斷六親,tüng1 luk6 cäng1
包涵,bau1 ham4
當食生菜,dong1 säk6 sæng1 cöi1
行刺,häng4 ci1
面紅紅,ming6 hung4 hung4
不置可否,bäk2 zi1 ho2 fäu2
難兄難弟,næng4 häng1 næng4 däi6
天公地道,ting1 gung1 di6 däu6
係你哋,häi6 ni1 di1
勝利球迷,säng1 li6 käu4 mäi4
功德無量,gung1 däk2 mu4 löng4
目不轉睛,muk6 bäk2 züng2 zäng1
生定,sæng1 däng6
環環相扣,wæng4 wæng4 söng1 käu1
頂撞,däng2 zong6
凡士林,fæng4 si6 läm4
金針,gäm1 zäm1
湯加,tong1 ga1
分數,fäng6 su1
查數,ca4 su1
兩班,löng1 bæng1
心裏有數,säm1 li1 yäu1 su1
聖靈,säng1 läng4
轉為,züng2 wäi4
反轉豬肚,fæng2 züng1 zü1 tu1
顏射,ngæng4 se6
上下其手,söng6 ha6 ki4 säu2
數下,su1 ha1
很少,häng2 siu2
量子力學,löng6 zi2 läk6 hok6
蒼老,cong1 läu1
和而不同,wo4 yi4 bäk2 tung4
差事,cai1 si6
低聲下氣,däi1 säng1 ha6 hi1
當更,dong1 gæng1
轉插,züng1 cap2
背熟,bui6 suk6
獨生,duk6 säng1
吃了,hek2 liu1
樂此不疲,lok6 ci2 bäk2 pi4
數簿,su1 bu2
見習生,ging1 zap6 säng1
平房,päng4 fong4
天長地久,ting1 cöng4 di6 gäu2
精妙,zäng1 miu6
拔尖,bäk6 zim1
旁門左道,pong4 mung4 zo2 däu6
幾種,gi2 zung2
卡關,ka1 gwæng1
新年快樂,säng1 ning4 fai1 lok6
誦經,zung6 gäng1
花仔,fa1 zäi2
輕心,häng1 säm1
人哋唔,yäng4 di1 m4
兩三個鐘,löng1 sam1 go1 zung1
凹凸不平,näp2 däk6 bäk2 päng4
自行車,zi6 häng4 ce1
坐定粒六,zo6 däng6 näp2 luk6
有色人種,yäu1 säk2 yäng4 zung2
養兒防老,yöng1 yi4 fong4 läu1
問題上,mäng6 täi4 söng6
太上皇,tai1 söng6 wong4
獨生子,duk6 säng1 zi2
為害,wäi4 fui6
碗仔翅,wung2 zäi2 ci1
九成九,gäu2 säng4 gäu2
賴地硬,lai6 di6 ngæng6
老電,läu1 ding6
窗口位,cöng1 häu2 wäi6
第二場,däi6 yi6 cöng4
掛斷,gwa1 tüng1
藉詞,ze1 ci4
殿下,ding6 ha6
繁重,fæng4 zung6
難辭其咎,næng4 ci4 ki4 gäu1
銀兩,ngäng4 löng2
護城河,wu6 säng4 ho4
驚天動地,gäng1 ting1 dung6 di6
霎時間,sap2 si4 gæng1
步步為營,bu6 bu6 wäi4 yäng4
投其所好,täu4 ki4 so2 häu1
自生自滅,zi6 sæng1 zi6 mik6
自生自滅,zi6 säng1 zi6 mik6
請唔請,cäng2 m4 cäng2
鬼打,gwäi2 da2
老笠,läu1 läp2
相看,söng1 fung1
上契,söng1 käi1
上列,söng6 lik6
係人哋,häi6 yäng4 di1
傾兩句,käng1 löng1 gü1
生面口,sæng1 ming6 häu2
為時已晚,wäi4 si4 yi1 mæng1
胡椒球,wu4 ziu1 käu4
又一城,yäu6 yäk2 säng4
強盛,köng4 säng6
米飯班主,mai1 fæng6 bæng1 zü2
盛名,säng6 mäng4
少校,siu1 gau1
月事,ngük6 si6
撈家,läu1 ga1
三種,sam1 zung2
食波餅,säk6 bo1 beng2
龍仔,lung4 zäi2
老幾,läu1 gi2
漫不經心,mæng6 bäk2 gäng1 säm1
兩百,löng1 bæk2
兩三次,löng1 sam1 ci1
女同志,nü1 tung4 zi1
牙縫,nga4 fung4
愛迪生,wui1 däk6 säng1
蛇仔,se4 zäi2
中二病,zung1 yi6 beng6
轉數快,züng1 su1 fai1
重修,cung4 säu1
度蜜月,du6 mäk6 ngük6
姑丈,gwu1 zöng2
下功夫,ha6 gung1 fu1
收生,säu1 säng1
和唱,wo6 cöng1
米酒,mai1 zäu2
髒話,zong1 wa6
斜視,ce4 si6
假手於人,ga2 säu2 yü1 yäng4
水平線,söi2 päng4 sing1
傳真機,cüng4 zäng1 gi1
打電腦,da2 ding6 näu1
燈油火蠟,däng1 yäu4 fo2 lap6
米奇,mai1 ki4
乾咳,gung1 käk2
掛單,gwa1 dæng1
替天行道,täi1 ting1 häng4 däu6
轉捩,züng2 lik6
大兜,dai6 däu1
善解人意,sing6 gai2 yäng4 yi1
全班,cüng4 bæng1
兜頭,däu1 täu4
讀過書,duk6 gwo1 sü1
下莊,ha6 zong1
下裝,ha6 zong1
生日卡,sæng1 yäk6 kæk2
堅道,ging1 däu6
死仔,si2 zäi2
屈蛇,wäk2 se4
炸兩,za1 löng2
從影,cung4 yäng2
栓塞,sæng1 säk2
不成文,bäk2 säng4 mäng4
捕食,bu6 säk6
人哋都,yäng4 di1 du1
擁戴,yung2 dai1
老鼠仔,läu1 sü2 zäi2
爬上,pa4 söng1
死人都,si2 yäng4 du1
聽教聽話,teng1 gäu1 teng1 wa6
正話,zäng1 wa6
精煉,zäng1 ling6
祖傳,zu2 cüng4
不得其解,bäk2 däk2 ki4 gai2
便攜,bing6 kwäi4
唔着,m4 zök6
屎忽痕,si2 fäk2 häng4
食古不化,säk6 gwu2 bäk2 fa1
如釋重負,yü4 säk2 cung1 fu6
兩全其美,löng1 cüng4 ki4 mi1
咩衫,me1 sam1
急功近利,gäp2 gung1 gäng6 li6
樂章,ngok6 zöng1
代行,döi6 häng4
生息,sæng1 säk2
盛會,säng6 wui6
變為,bing1 wäi4
採摘,cöi2 zæk6
一地兩檢,yäk2 di6 löng1 gim2
散買,sæng2 mai1
填平,ting4 päng4
節外生枝,zik2 wui6 säng1 zi1
擺尾,bai2 mi1
覺唔覺得,gok2 m4 gok2 däk2
靈光一閃,läng4 gwong1 yäk2 sim2
羅宋湯,lo4 sung1 tong1
仇敵,säu4 däk6
包包面,bau1 bau1 ming6
球品,käu4 bäng2
超強,ciu1 köng4
荷花,ho4 fa1
血球,hük2 käu4
一石二鳥,yäk2 sek6 yi6 niu1
適者生存,säk2 ze2 säng1 cüng4
自怨自艾,zi6 yüng1 zi6 ngai6
曾有,cäng4 yäu1
揚聲,yöng4 säng1
扯線公仔,ce2 sing1 gung1 zäi2
的士司機,däk2 si2 si1 gi1
啪針,pæk2 zäm1
頂我,däng2 ngo1
講假,gong2 ga2
估估下,gwu2 gwu2 ha1
兇惡,hung1 ok2
薏米,yi1 mai1
麥子,mæk6 zi2
值班,zäk6 bæng1
油多,yäu4 do1
怨聲載道,yüng1 säng1 zöi1 däu6
第二年,däi6 yi6 ning4
倒下,däu2 ha6
女色,nü1 säk2
五成,ng1 säng4
泡芙,pau1 fu4
紓解,sü1 gai2
包拗頸,bau1 au1 geng2
行天橋,hæng4 ting1 kiu4
黑車,häk2 ce1
黑箱車,häk2 söng1 ce1
以和為貴,yi1 wo4 wäi4 gwäi1
啦嘛,la1 ma1
字畫,zi6 wa6
鄧小平,däng6 siu2 päng4
虛驚,hü1 gäng1
鼻哥窿,bi6 go1 lung1
鼻窿,bi6 lung1
傳情,cüng4 cäng4
讀屎片,duk6 si2 ping2
相讓,söng1 yöng6
班級,bæng1 käp2
點解依家,dim2 gai2 yi1 ga1
點解而家,dim2 gai2 yi4 ga1
當機立斷,dong1 gi1 läp6 düng6
薰陶,fäng1 täu4
結為,gik2 wäi4
腳仔軟,gök2 zäi2 yüng1
油炸鬼,yäu4 za1 gwäi2
萬里長城,mæng6 li1 cöng4 säng4
識話,säk2 wa6
駝背,to4 bui1
讀本,duk6 bung2
香精,höng1 zäng1
老姑婆,läu1 gwu1 po4
中國經濟,zung1 gwok2 gäng1 zäi1
相比起,söng1 bi2 hi2
剛強,gong1 köng4
食硬,säk6 ngæng6
先行者,sing1 häng4 ze2
乘數,säng4 su1
地下錢莊,di6 ha6 cing4 zong1
水生,söi2 säng1
上億,söng1 yäk2
槍林彈雨,cöng1 läm4 dæng6 yü1
耕作,gæng1 zok2
人哋係,yäng4 di1 häi6
處變不驚,cü1 bing1 bäk2 gäng1
稱兄道弟,cäng1 häng1 däu6 däi6
篤篤車,duk2 duk2 ce1
行街紙,hæng4 gai1 zi2
食價,säk6 ga1
最適合,zöi1 säk2 häp6
劉德華,läu4 däk2 wa4
生命線,säng1 mäng6 sing1
地利人和,di6 li6 yäng4 wo4
解籤,gai2 cim1
打網,da2 mong1
個人衞生,go1 yäng4 wäi6 säng1
騾仔,lo4 zäi2
難聞,næng4 mäng4
聲聲,säng1 säng1
數點,su1 dim2
爭先恐後,zäng1 sing1 hung2 häu6
尾龍骨,mi1 lung4 gwäk2
聽香,teng1 höng1
巴士迷,ba1 si6 mäi4
乳腺,yü1 sing1
那麼多,na1 mo1 do1
泡茶,pau1 ca4
被鋪,pi1 pu1
坐墊,zo6 zing1
鴉雀無聲,a1 zök2 mu4 säng1
變壓器,bing1 æk2 hi1
第二部,däi6 yi6 bu6
兜截,däu1 zik6
興趣班,häng1 cü1 bæng1
朝頭早,ziu1 täu4 zäu2
腎虧,säng6 kwäi1
坐言起行,zo6 ying4 hi2 häng4
兜巴,däu1 ba1
狗話,gäu2 wa2
生命體,säng1 mäng6 täi2
違和,wäi4 wo4
姪仔,zäk6 zäi2
樽領,zäng1 leng1
八號波,bæk2 häu6 bo1
八號風球,bæk2 häu6 fung1 käu4
重新開機,cung4 säng1 fui1 gi1
老漢,läu1 fung1
網開一面,mong1 fui1 yäk2 ming6
冇嘢做,mäu1 ya1 zu6
平步青雲,päng4 bu6 cäng1 wäng4
扮好人,bæng6 häu2 yäng4
情急之下,cäng4 gäp2 zi1 ha6
釘死,deng1 si2
右上角,yäu6 söng6 gok2
波波池,bo1 bo1 ci4
頂手,däng2 säu2
兜風,däu1 fung1
掛機,gwa1 gi1
鬼面罩,gwäi2 ming6 zau1
三道,sam1 däu6
洗心革面,säi2 säm1 gæk2 ming6
拖波,to1 bo1
拗手瓜,au2 säu2 gwa1
差婆,cai1 po4
低波,däi1 bo1
兩本,löng1 bung2
從今以後,cung4 gäm1 yi1 häu6
稻米,däu6 mai1
上半年,söng6 bung1 ning4
百無聊賴,bæk2 mu4 liu4 lai6
打風落雨,da2 fung1 lok6 yü1
好似冇,häu2 ci1 mäu1
老鼠藥,läu1 sü2 yök6
衫袖,sam1 zäu6
千載難逢,cing1 zöi2 næng4 fung4
優柔寡斷,yäu1 yäu4 gwa2 düng6
微米,mi4 mai1
掃把頭,säu1 ba2 täu4
執死雞仔,zäp2 si2 gäi1 zäi2
隨着,cöi4 zök6
倒果為因,däu2 gwo2 wäi4 yäng1
校正,gau1 zäng1
身光頸靚,säng1 gwong1 geng2 leng1
黃道,wong4 däu6
科長,fo1 zöng2
乾水,gung1 söi2
二手貨,yi6 säu2 fo1
成王敗寇,säng4 wong4 bai6 käu1
焗油,guk6 yäu4
一本正經,yäk2 bung2 zäng1 gäng1
老伴,läu1 bung6
收經,säu1 gäng1
蛇蟲鼠蟻,se4 cung4 sü2 ngäi1
塗抹,tu4 muk2
栽種,zöi1 zung1
伙數,fo2 su1
作弄,zok2 lung6
大難臨頭,dai6 næng6 läm4 täu4
四成,si1 säng4
不易,bäk2 yi6
舊好,gäu6 häu2
器重,hi1 zung6
因間,yäng1 gæng1
四重奏,si1 cung4 zäu1
博大精深,bok2 dai6 zäng1 säm1
行雲流水,hæng4 wäng4 läu4 söi2
農耕,nung4 gæng1
天衣無縫,ting1 yi1 mu4 fung4
中成藥,zung1 säng4 yök6
本科生,bung2 fo1 säng1
重疊,cung4 dip6
經書,gäng1 sü1
一脈相承,yäk2 mæk6 söng1 säng4
兩塊,löng1 fai1
受壓,säu6 æk2
百年歸老,bæk2 ning4 gwäi1 läu1
音調,yäm1 diu6
下低,ha6 däi1
兩度,löng1 du6
心有靈犀,säm1 yäu1 läng4 säi1
錯落,co1 lok6
倒行逆施,däu2 häng4 yäk6 si1
起承轉合,hi2 säng4 züng1 häp6
混和,wäng6 wo4
便溺,bing6 näk1
地老天荒,di6 läu1 ting1 fong1
咬耳仔,ngau1 yi1 zäi2
太平盛世,tai1 päng4 säng6 säi1
天荒地老,ting1 fong1 di6 läu1
爭逐,zäng1 zuk6
伏兵,fuk6 bäng1
人哋有,yäng4 di1 yäu1
卡死,ka1 si2
老而不,läu1 yi4 bäk2
老懷安慰,läu1 wai4 wung1 wäi1
換上,wung6 söng1
頂更,däng2 gæng1
經手人,gäng1 säu2 yäng4
校風,hau6 fung1
老了,läu1 liu1
麥片,mæk6 ping2
瑞士法郎,söi6 si6 fæk2 long4
曾俊華,zäng1 zäng1 wa4
出過聲,cäk2 gwo1 säng1
大麥,dai6 mæk6
胸有成竹,hung1 yäu1 säng4 zuk2
一潭死水,yäk2 tam4 si2 söi2
散風,sæng1 fung1
打躉,da2 däng2
打擂台,da2 löi4 töi4
衣食無憂,yi1 säk6 mu4 yäu1
命硬,mäng6 ngæng6
無本生利,mu4 bung2 säng1 li6
雜聲,zap6 säng1
打光,da2 gwong1
經濟發展,gäng1 zäi1 fæk2 zing2
景嶺,gäng2 leng1
電解,ding6 gai2
粒聲,näp2 säng1
吉普車,gäk2 pu2 ce1
一兩隻,yäk2 löng1 zek2
懸浮粒子,yüng4 fäu4 näp2 zi2
紐卡素,näu2 ka1 su1
你哋係,ni1 di1 häi6
少東,siu1 dung1
這種,ze1 zung2
不相信,bäk2 söng1 säng1
生忌,sæng1 gi6
度縮,dok6 suk2
墨綠,mäk6 luk6
食言,säk6 ying4
相當之,söng1 dong1 zi1
好少可,häu2 siu2 ho2
甜食,tim4 säk6
參加者,cam1 ga1 ze2
寄人籬下,gi1 yäng4 li4 ha6
兩項,löng1 hong6
車牌號碼,ce1 pai4 häu6 ma1
車牌號數,ce1 pai4 häu6 su1
打殺,da2 sæk2
強健,köng4 ging6
六成,luk6 säng4
不動聲色,bäk2 dung6 säng1 säk2
釘契,deng1 käi1
乾杯,gung1 bui1
行話,hong4 wa2
好淫,häu2 yäm4
老積,läu1 zäk2
海港城,fui2 gong2 säng4
約好,yök2 häu2
死不足惜,si2 bäk2 zuk2 säk2
相公,söng1 gung1
聽住先,teng1 zü6 sing1
畫蛇添足,wæk6 se4 tim1 zuk2
珍而重之,zäng1 yi4 zung6 zi1
巴塞隆拿,ba1 cöi1 lung4 na4
顛倒黑白,ding1 däu2 häk2 bæk6
客家話,hæk2 ga1 wa2
男女校,nam4 nü1 hau6
會陰,wui6 yäm1
打搞,da2 gau2
打攪,da2 gau2
點球,dim2 käu4
強力部門,köng4 läk6 bu6 mung4
娓娓道來,mi1 mi1 däu6 löi4
碰碰車,pung1 pung1 ce1
大惑不解,dai6 wæk6 bäk2 gai2
校譽,hau6 yü6
引蛇出洞,yäng1 se4 cäk2 dung6
遙遙領先,yiu4 yiu4 läng1 sing1
卡利,ka1 li6
冧檔,läm1 dong1
散亂,sæng2 lüng6
手作仔,säu2 zok2 zäi2
做爛市,zu6 læng6 si1
短袖衫,düng2 zäu6 sam1
斷了,düng6 liu1
淚痕,löi6 häng4
尾板,mi1 bæng2
暖和,nüng1 wo4
唐裝,tong4 zong1
責成,zæk2 säng4
重見天日,cung4 ging1 ting1 yäk6
乾洗,gung1 säi2
曾志偉,zäng1 zi1 wäi1
長孫,zöng2 süng1
總經理,zung2 gäng1 li1
車工,ce1 gung1
防波堤,fong4 bo1 täi4
流浮山,läu4 fäu4 sæng1
偏食,ping1 säk6
首度,säu2 du6
重工業,cung1 gung1 yip6
腳背,gök2 bui1
很重要,häng2 zung6 yiu1
亦曾,yäk6 cäng4
細食,säi1 säk6
舟車勞頓,zäu1 gü1 läu4 däng6
第一城,däi6 yäk2 säng4
國畫,gwok2 wa6
天旋地轉,ting1 süng4 di6 züng1
口同鼻拗,häu2 tung4 bi6 au1
易於反掌,yi6 yü1 fæng2 zöng2
易如翻掌,yi6 yü4 fæng1 zöng2
易如反掌,yi6 yü4 fæng2 zöng2
生厭,säng1 yim1
數年,su1 ning4
電腦掃描,ding6 näu1 säu1 miu4
歡度,fung1 du6
與世無爭,yü1 säi1 mu4 zäng1
高低起伏,gäu1 däi1 hi2 fuk6
去片,hü1 ping2
忍氣吞聲,yäng1 hi1 täng1 säng1
油污,yäu4 wu1
強人所難,köng1 yäng4 so2 næng4
揀飲擇食,gæng2 yäm2 zæk6 säk6
泣不成聲,yäp2 bäk2 säng4 säng1
零散,läng4 sæng1
拗腰,au2 yiu1
底片,däi2 ping2
好使好用,häu2 säi2 häu2 yung6
乳貼,yü1 tip2
冷面,læng1 ming6
為國捐軀,wäi4 gwok2 güng1 kü1
前浪,cing4 long6
道德感,däu6 däk2 gäm2
篤波,duk2 bo1
江湖地位,gong1 wu4 di6 wäi6
哀樂,wui1 ngok6
活下,wuk6 ha6
暴怒,bäu6 nu6
關二哥,gwæng1 yi6 go1
成交量,säng4 gau1 löng4
不近人情,bäk2 gäng6 yäng4 cäng4
從屬,cung4 suk6
行咇,hæng4 bik2
好屎,häu2 si2
尾班車,mi1 bæng1 ce1
拿下,na4 ha6
死過翻生,si2 gwo1 fæng1 sæng1
讀完書,duk6 yüng4 sü1
關公災難,gwæng1 gung1 zöi1 næng6
梁朝偉,löng4 ciu4 wäi1
尾水,mi1 söi2
三下,sam1 ha1
收數公司,säu1 su1 gung1 si1
話定,wa6 däng6
調子,diu6 zi2
發過豬蹄,fæk2 gwo1 zü1 täi4
勉為其難,ming1 wäi4 ki4 næng4
散客,sæng2 hæk2
精打細算,zäng1 da2 säi1 süng1
用得着,yung6 däk2 zök6
心領,säm1 läng1
嘲弄,zau1 lung6
鬥波,däu1 bo1
攬攬錫錫,lam2 lam2 sek2 sek2
糟質,zäu1 zäk2
老戲骨,läu1 hi1 gwäk2
熟口面,suk6 häu2 ming6
和藹,wo4 wui2
有數得計,yäu1 su1 däk2 gäi1
安心上路,wung1 säm1 söng1 lu6
醒了,säng2 liu1
邊班,bing1 bæng1
擦邊球,cæk2 bing1 käu4
從一而終,cung4 yäk2 yi4 zung1
很容易,häng2 yung4 yi6
椰青,ye4 ceng1
易潔鑊,yi6 gik2 wok6
月光族,ngük6 gwong1 zuk6
笑到面黃,siu1 däu1 ming6 wong4
精製,zäng1 zäi1
廣州話,gwong2 zäu1 wa2
喊都無謂,ham1 du1 mu4 wäi6
老爺車,läu1 ye4 ce1
女書,nü1 sü1
生鐵,sæng1 tik2
正片,zäng1 ping2
皮包骨,pi4 bau1 gwäk2
判若兩人,pung1 yök6 löng1 yäng4
壽仔,säu6 zäi2
上聲,söng1 säng1
變壓,bing1 æk2
點着,dim2 zök6
喂呀,wäi1 a1
製片人,zäi1 ping2 yäng4
迎難而上,yäng4 næng4 yi4 söng6
下修,ha6 säu1
一言一行,yäk2 ying4 yäk2 häng4
球門,käu4 mung4
兩對,löng1 döi1
銅錢,tung4 cing4
張牙舞爪,zöng1 nga4 mu1 zau2
老強,läu1 köng1
爵士樂,zök2 si6 ngok6
班水,bæng1 söi2
調查後,diu6 ca4 häu6
炒米,cau2 mai1
近因,gäng6 yäng1
郭富城,gwok2 fu1 säng4
兩段,löng1 düng6
兩文三語,löng1 mäng4 sam1 yü1
青頭仔,ceng1 täu4 zäi2
瞭如指掌,liu4 yü4 zi2 zöng2
生人勿近,sæng1 yäng4 mäk6 gäng6
絢爛,hüng1 læng6
庭外和解,täng4 wui6 wo4 gai2
滴滴,däk6 däk6
海平面,fui2 päng4 ming6
乳糖,yü1 tong4
難為情,næng4 wäi4 cäng4
勢不兩立,säi1 bäk2 löng1 läp6
誓不兩立,säi6 bäk2 löng1 läp6
會錯意,wui6 co1 yi1
轉過頭,züng1 gwo1 täu4
賭球,du2 käu4
一兩場,yäk2 löng1 cöng4
調劑,tiu4 zäi1
接線生,zip2 sing1 säng1
轉唔轉,züng1 m4 züng1
舊都,gäu6 du1
廣場舞,gwong2 cöng4 mu1
李卓人,li1 cök2 yäng4
斷流,düng6 läu4
化整為零,fa1 zäng2 wäi4 läng4
跟尾狗,gäng1 mi1 gäu2
輕飄飄,heng1 piu1 piu1
唔生性,m4 sæng1 säng1
陳茂波,cäng4 mäu6 bo1
行書,hæng4 sü1
鱗片,läng4 ping2
射線,se6 sing1
坐立不安,zo6 läp6 bäk2 wung1
不見不散,bäk2 ging1 bäk2 sæng1
磁浮,ci4 fäu4
單聲,dæng1 säng1
救車,gäu1 ce1
日新月異,yäk6 säng1 ngük6 yi6
糯米雞,no6 mai1 gäi1
濕平,säp2 päng4
首位,säu2 wäi6
包租婆,bau1 zu1 po4
波場,bo1 cöng4
持卡人,ci4 kæk2 yäng4
依從,yi1 cung4
修士,säu1 si6
青黃,cäng1 wong4
行下街,hæng4 ha1 gai1
以訛傳訛,yi1 ngo4 cüng4 ngo4
牌簿,pai4 bu6
片面之詞,ping1 ming6 zi1 ci4
掉轉頭,diu6 züng1 täu4
右下角,yäu6 ha6 gok2
磨爛蓆,mo4 læng6 zek6
生辰,säng1 säng4
賤精,zing6 zäng1
版畫,bæng2 wa6
打響頭炮,da2 höng2 täu4 pau1
諗掂,näm2 dim6
生色,säng1 säk2
吞吐量,täng1 tu1 löng6
黃油,wong4 yäu4
兩聲,löng1 säng1
執下,zäp2 ha1
茶水間,ca4 söi2 gæng1
請安,cäng2 wung1
假面具,ga2 ming6 gü6
一頂,yäk2 deng2
咬文嚼字,ngau1 mäng4 zök2 zi6
挨近,ai1 käng1
俾唔俾,bi2 m4 bi2
長實,cöng4 säk6
發泡,fæk2 päu1
肥仔水,fi4 zäi2 söi2
搖滾樂,yiu4 gwäng2 ngok6
零錢,läng4 cing4
迄今為止,ngäk6 gäm1 wäi4 zi2
即日鮮,zik2 yäk6 sing1
煮食爐,zü2 säk6 lu4
牛精,ngäu4 zäng1
相勸,söng1 hüng1
巴士佬,ba1 si2 läu2
打落水狗,da2 lok6 söi2 gäu2
富貴榮華,fu1 gwäi1 wäng4 wa4
養和,yöng1 wo4
量地,löng4 di6
省卻,sæng2 kök2
榮華富貴,wäng4 wa4 fu1 gwäi1
專精,züng1 zäng1
伊士,yi1 si2
腎虛,säng6 hü1
打字機,da2 zi6 gi1
第二樣,däi6 yi6 yöng6
定海神針,däng6 fui2 säng4 zäm1
篤背脊,duk2 bui1 zek2
驚弓之鳥,gäng1 gung1 zi1 niu1
後來居上,häu6 löi4 gü1 söng1
逆時針,yäk6 si4 zäm1
旗鼓相當,ki4 gwu2 söng1 dong1
拋頭露面,pau1 täu4 lu6 ming6
平民化,päng4 mäng4 fa1
寸土必爭,cüng1 tu2 bik2 zäng1
肝硬化,gwung1 ngæng6 fa1
眷屬,güng1 suk6
開叉,fui1 ca1
患上,wæng6 söng1
至話,zi1 wa6
壓境,æk2 gäng2
錢莊,cing4 zong1
兩格,löng1 gæk2
銀行系,ngäng4 hong4 häi6
數佬,su1 läu2
指壓,zi2 æk2
排水量,pai4 söi2 löng6
墊支,zing1 zi1
輕軌,häng1 gwäi2
好串,häu2 cüng1
舞姿,mu1 zi1
爭鮮,zäng1 sing1
度水,dok6 söi2
臨行,läm4 häng4
俾人呃,bi2 yäng4 æk2
包租,bau1 zu1
不難,bäk2 næng4
對牛彈琴,döi1 ngäu4 tæng4 käm4
講到話,gong2 däu1 wa6
搭順風車,dap2 säng6 fung1 ce1
度假屋,du6 ga1 uk2
老弱婦孺,läu1 yök6 fu1 yü4
糖衣毒藥,tong4 yi1 duk6 yök6
拔罐,bäk6 gwung1
波紋,bo1 mäng4
下而上,ha6 yi4 söng6
心散,säm1 sæng2
侍從,si6 cung4
禍不單行,wo6 bäk2 dæng1 häng4
長治久安,cöng4 zi6 gäu2 wung1
相對濕度,söng1 döi1 säp2 du6
左上角,zo2 söng6 gok2
轉右,züng1 yäu6
格仔餅,gæk2 zäi2 beng2
講下笑,gong2 ha1 siu1
好恰,häu2 häp2
六道,luk6 däu6
上文下理,söng6 mäng4 ha6 li1
大浪灣,dai6 long6 wæng1
有掛,yäu1 gwa1
直腸直肚,zäk6 cöng4 zäk6 tu1
請纓,cäng2 yäng1
降職,gong1 zäk2
旅遊巴士,lü1 yäu4 ba1 si2
木口木面,muk6 häu2 muk6 ming6
使節,si1 zik2
走火通道,zäu2 fo2 tung1 däu6
轉死性,züng1 si2 säng1
拍打,pæk2 da2
長襪,cöng4 mæk6
約為,yök2 wäi4
餘數,yü4 su1
老懵董,läu1 mung2 dung2
慢磨,mæng6 mo4
水蜜桃,söi2 mäk6 täu4
電解質,ding6 gai2 zäk2
電介質,ding6 gai1 zäk2
黑吃黑,häk2 hek2 häk2
爛頭卒,læng6 täu4 zäk2
兩枝,löng1 zi1
着落,zök6 lok6
便要,bing6 yiu1
插班生,cap2 bæng1 säng1
汗流浹背,fung6 läu4 zip2 bui1
少年人,siu1 ning4 yäng4
旗幟鮮明,ki4 ci1 sing1 mäng4
弄了,lung6 liu1
設為,cik2 wäi4
連根拔,ling4 gäng1 bäk6
惡報,ok2 bäu1
平郵,päng4 yäu4
食錯藥,säk6 co1 yök6
曾蔭權,zäng1 yäm1 küng4
波霸,bo1 ba1
更低,gäng1 däi1
機會主義,gi1 wui6 zü2 yi6
一刀兩斷,yäk2 däu1 löng1 düng6
遇刺,yü6 ci1
寸步難行,cüng1 bu6 næng4 häng4
媽媽聲,ma1 ma1 säng1
精工,zäng1 gung1
焦躁,ziu1 cäu1
呃食,æk2 säk6
青草,cäng1 cäu2
非富則貴,fi1 fu1 zäk2 gwäi1
計量,gäi1 löng6
校訓,hau6 fäng1
老黑,läu1 häk2
麥芽,mæk6 nga4
啱食,ngam1 säk6
華田,wa4 ting4
宰相,zöi2 söng1
緝毒,cäp2 duk6
長靴,cöng4 hö1
番號,fæng1 häu6
鳳梨酥,fung6 li4 su1
解渴,gai2 fuk2
善男信女,sing6 nam4 säng1 nü1
波濤,bo1 täu4
輕信,häng1 säng1
生意興隆,sæng1 yi1 häng1 lung4
種金,zung1 gäm1
綠油油,luk6 yäu4 yäu4
支長,zi1 cöng4
包生仔,bau1 sæng1 zäi2
董建華,dung2 ging1 wa4
萬金油,mæng6 gäm1 yäu4
數千,su1 cing1
白種人,bæk6 zung2 yäng4
兩篇,löng1 ping1
紫微斗數,zi2 mi4 däu2 su1
語出驚人,yü1 cäk2 gäng1 yäng4
湯飯,tong1 fæng6
遞解,däi6 gai1
驚豔,gäng1 yim6
成親,säng4 cäng1
口耳相傳,häu2 yi1 söng1 cüng4
質子,zäk2 zi2
暴虐,bäu6 yök6
情分,cäng4 fäng6
長相廝守,cöng4 söng1 si1 säu2
一鳴驚人,yäk2 mäng4 gäng1 yäng4
生生世世,säng1 säng1 säi1 säi1
搏老命,bok2 läu1 mäng6
氣數,hi1 su1
幽會,yäu1 wui6
世外桃源,säi1 wui6 täu4 yüng4
彈鐘,dæng6 zung1
反為,fæng2 wäi4
行水,hæng4 söi2
龍翔道,lung4 cöng4 däu6
三心兩意,sam1 säm1 löng1 yi1
射落海,se6 lok6 fui2
倒霉,däu2 mui4
浮雕,fäu4 diu1
乾冰,gung1 bäng1
好言相勸,häu2 ying4 söng1 hüng1
煉油廠,ling6 yäu4 cong2
太平清醮,tai1 päng4 cäng1 ziu1
即位,zik2 wäi6
邊道,bing1 däu6
耕地,gæng1 di6
看好,fung1 häu2
一乾,yäk2 gung1
兩杯,löng1 bui1
五更,ng1 gæng1
嗚呀,wu1 a1
打工皇帝,da2 gung1 wong4 däi1
懵盛盛,mung2 säng6 säng6
入土為安,yäp6 tu2 wäi4 wung1
凝神,yäng4 säng4
安分,wung1 fäng6
屈打成招,wäk2 da2 säng4 ziu1
精神奕奕,zäng1 säng4 yäk6 yäk6
坐骨神經,zo6 gwäk2 säng4 gäng1
腔調,hong1 diu6
鉛球,yüng4 käu4
粟米片,suk2 mai1 ping2
太陽油,tai1 yöng4 yäu4
好大雨,häu2 dai6 yü1
一朝得志,yäk2 ziu1 däk2 zi1
車軌,ce1 gwäi2
出入平安,cäk2 yäp6 päng4 wung1
乞米,häk2 mai1
殺波,sæk2 bo1
珍珠米,zäng1 zü1 mai1
打草驚蛇,da2 cäu2 gäng1 se4
九尾,gäu2 mi1
起朵,hi2 do2
吃醋,hek2 cu1
滿城風雨,mung1 säng4 fung1 yü1
聚精會神,zü6 zäng1 wui6 säng4
琢磨,dök2 mo4
梗塞,gäng2 säk2
可行性,ho2 häng4 säng1
揸兜,za1 däu1
自得其樂,zi6 däk2 ki4 lok6
呀屌,a1 diu2
機靈,gi1 läng4
公轉,gung1 züng1
散漫,sæng2 mæng6
劏車,tong1 ce1
屈尾十,wäk2 mi1 säp6
會議展覽,wui6 yi1 zing2 lam1
實不相瞞,säk6 bäk2 söng1 mung4
鮮果,sing1 gwo2
相夫教子,söng1 fu1 gäu1 zi2
打蛇餅,da2 se4 beng2
任勞任怨,yäm6 läu4 yäm6 yüng1
平仄,päng4 zäk2
食力,säk6 läk6
數名,su1 mäng4
眾志成城,zung1 zi1 säng4 säng4
處女作,cü1 nü1 zok2
焦頭爛額,ziu1 täu4 læng6 ngæk6
包換,bau1 wung6
暴富,bäu6 fu1
乳膠,yü1 gau1
老頑童,läu1 wæng4 tung4
危機四伏,ngäi4 gi1 si1 fuk6
使橫手,säi2 wæng4 säu2
頭都大埋,täu4 du1 dai6 mai4
叉電器,ca1 ding6 hi1
打書釘,da2 sü1 deng1
封艇,fung1 täng1
四面佛,si1 ming6 fäk6
法老王,fæk2 läu1 wong4
好唔好食,häu2 m4 häu2 säk6
樂於助人,lok6 yü1 zo6 yäng4
老地方,läu1 di6 fong1
山道,sæng1 däu6
散水餅,sæng1 söi2 beng2
精益求精,zäng1 yäk2 käu4 zäng1
解款車,gai1 fung2 ce1
姣好,gau2 häu2
去聲,hü1 säng1
有聲氣,yäu1 säng1 hi1
惡棍,ok2 gwäng1
信差,säng1 cai1
焦耳,ziu1 yi1
著稱,zü1 cäng1
處理下,cü1 li1 ha1
陳柏宇,cäng4 pæk2 yü1
從速,cung4 cuk2
讀心術,duk6 säm1 säk6
尾車,mi1 ce1
追仔,zöi1 zäi2
大小二便,dai6 siu2 yi6 bing6
第二句,däi6 yi6 gü1
淡奶,tam1 nai1
黃秋生,wong4 cäu1 säng1
遊樂園,yäu4 lok6 yüng4
相映成趣,söng1 yäng2 säng4 cü1
積少成多,zäk2 siu2 säng4 do1
被愛,bi6 wui1
二十一,yi6 säp6 yäk2
省會,sæng2 wui6
暴飲暴食,bäu6 yäm2 bäu6 säk6
打緊仗,da2 gäng2 zöng1
公數,gung1 su1
衣衫不整,yi1 sam1 bäk2 zäng2
年少氣盛,ning4 siu1 hi1 säng6
頭頭是道,täu4 täu4 si6 däu6
側田,zäk2 ting4
藥油,yök6 yäu4
老謀,läu1 mäu4
生煎包,sæng1 zing1 bau1
神經元,säng4 gäng1 yüng4
成唔成,säng4 m4 säng4
兩方,löng1 fong1
安道爾,wung1 däu6 yi1
老倌,läu1 gwung1
冇益,mäu1 yäk2
陪坐,pui4 co1
閩南話,mäng1 nam4 wa2
擠擁,zäi1 yung2
都柏林,du1 pæk2 läm4
金華火腿,gäm1 wa4 fo2 töi2
輕放,häng1 fong1
老喇,läu1 la1
那間,na1 gæng1
聽唔聽,teng1 m4 teng1
調製,tiu4 zäi1
傾側,käng1 zäk2
那年,na1 ning4
難纏,næng4 cing4
散賣,sæng2 mai6
生活圈,säng1 wuk6 hüng1
食下飯,säk6 ha1 fæng6
先好講,sing1 häu2 gong2
茶道,ca4 däu6
搶包山,cöng2 bau1 sæng1
魚刺,yü4 ci1
拉上補下,lai1 söng6 bu2 ha6
薪火相傳,säng1 fo2 söng1 cüng4
第二點,däi6 yi6 dim2
例湯,läi6 tong1
李克勤,li1 häk2 käng4
泡影,pau1 yäng2
撲面,pok2 ming6
梳打水,so1 da2 söi2
畫板,wa6 bæng2
為己任,wäi4 gi2 yäm6
和好如初,wo4 häu2 yü4 co1
不倒翁,bäk2 däu1 yung1
避雷針,bi6 löi4 zäm1
千載,cing1 zöi2
打開門,da2 fui1 mung4
獨市生意,duk6 si1 sæng1 yi1
兩可,löng1 ho2
那隻,na1 zek2
相若,söng1 yök6
迴轉壽司,wui4 züng2 säu6 si1
遷都,cing1 du1
朝政,ciu4 zäng1
腳步聲,gök2 bu6 säng1
針線,zäm1 sing1
車輪戰,ce1 läng4 zing1
青雲,cäng1 wäng4
錯怪,co1 gwai1
行政費,häng4 zäng1 fäi1
一言難盡,yäk2 ying4 næng4 zäng6
凝膠,yäng4 gau1
肉燥,yuk6 cäu1
馬上風,ma1 söng6 fung1
旋轉木馬,süng4 züng2 muk6 ma1
嗚咽,wu1 ying1
作數,zok2 su1
轉學,züng2 hok6
穿針,cüng1 zäm1
道破,däu6 po1
拮据,gik2 gü1
顯卡,hing2 kæk2
衣車,yi1 ce1
兩億,löng1 yäk2
抹布,muk2 bu1
四平八穩,si1 päng4 bæk2 wäng2
數日,su1 yäk6
僧多粥少,zäng1 do1 zuk2 siu2
裝香,zong1 höng1
部屬,bu6 suk6
階下囚,gai1 ha6 cäu4
茂盛,mäu6 säng6
難以言喻,næng4 yi1 ying4 yü6
衫領,sam1 leng1
齊備,cäi4 bi6
陳蕾,cäng4 löi4
第二份,däi6 yi6 fäng6
行禮如儀,häng4 läi1 yü4 yi4
載歌載舞,zöi1 go1 zöi1 mu1
捉弄,zuk2 lung6
第一間,däi6 yäk2 gæng1
狗仔式,gäu2 zäi2 säk2
下半旗,ha6 bung1 ki4
墨子,mäk6 zi2
魔法少女,mo1 fæk2 siu1 nü1
抓獲,zau2 wok6
種姓,zung2 säng1
參詳,cam1 cöng4
大老山,dai6 läu1 sæng1
凝血,yäng4 hük2
會診,wui6 cäng2
點射,dim2 se6
現兜兜,ying6 däu1 däu1
靈媒,läng4 mui4
錫克教,sek2 häk2 gäu1
中樞神經,zung1 sü1 säng4 gäng1
青年旅舍,cäng1 ning4 lü1 se1
長技,cöng4 gi6
打高爾夫,da2 gäu1 yi1 fu1
無為意,mu4 wäi4 yi1
聖誕快樂,säng1 dæng1 fai1 lok6
差強人意,ca1 köng1 yäng4 yi1
前仆後繼,cing4 fu6 häu6 gäi1
請命,cäng2 mäng6
黑白兩道,häk2 bæk6 löng1 däu6
行宮,häng4 gung1
好眼瞓,häu2 ngæng1 fäng1
畏首畏尾,wäi1 säu2 wäi1 mi1
敬業樂業,gäng1 yip6 lok6 yip6
左擁右抱,zo2 yung2 yäu6 päu1
情面,cäng4 ming6
打江山,da2 gong1 sæng1
以物易物,yi1 mäk6 yäk6 mäk6
窮到窿,kung4 däu1 lung1
老公仔,läu1 gung1 zäi2
生約,sæng1 yök2
污濁,wu1 zuk6
執頭執尾,zäp2 täu4 zäp2 mi1
全壘打,cüng4 löi1 da2
見面禮,ging1 ming6 läi1
棍仔,gwäng1 zäi2
喜惡,hi2 wu1
好來好去,häu2 löi4 häu2 hü1
李克強,li1 häk2 köng4
食豆腐,säk6 däu6 fu6
從善如流,cung4 sing6 yü4 läu4
打大交,da2 dai6 gau1
不自量,bäk2 zi6 löng6
吃苦,hek2 fu2
惡做,ok2 zu6
閃避球,sim2 bi6 käu4
淡薄,dam6 bok6
得把聲,däk2 ba2 säng1
輕浮,häng1 fäu4
空話,hung1 wa6
三班,sam1 bæng1
士卒,si6 zäk2
借問聲,ze1 mäng6 säng1
尖酸刻薄,zim1 süng1 häk2 bok6
豬兜,zü1 däu1
鏟平,cæng2 päng4
分母,fäng6 mu1
一尾,yäk2 mi1
養鬼仔,yöng1 gwäi2 zäi2
重臣,zung6 säng4
才使,cöi4 säi2
獨行,duk6 häng4
卡板,ka1 bæng2
精壯,zäng1 zong1
撤職,cik2 zäk2
毒辣,duk6 læk6
孝道,hau1 däu6
引經據典,yäng1 gäng1 gü1 ding2
兩餸飯,löng1 sung1 fæng6
五湖四海,ng1 wu4 si1 fui2
偽文青,ngäi6 mäng4 cäng1
煞食,sæk2 säk6
傻更更,so4 gæng1 gæng1
針灸,zäm1 gäu1
打龍通,da2 lung4 tung1
打同通,da2 tung4 tung1
恩將仇報,yäng1 zöng1 säu4 bäu1
那名,na1 mäng4
啱過,ngam1 gwo1
象拔蚌,zöng6 bäk6 pong1
調低,diu6 däi1
工錢,gung1 cing4
盛怒,säng6 nu6
叢生,cung4 säng1
苟且偷生,gäu2 ce2 täu1 säng1
劍拔弩張,gim1 bäk6 nu1 zöng1
經濟論壇,gäng1 zäi1 läng6 tæng4
精闢,zäng1 päk2
拔河,bäk6 ho4
便條,bing6 tiu4
傳送門,cüng4 sung1 mung4
第二隊,däi6 yi6 döi6
釘子,deng1 zi2
甘拜下風,gäm1 bai1 ha6 fung1
恩怨情仇,yäng1 yüng1 cäng4 säu4
迎刃而解,yäng4 yäng6 yi4 gai2
識撈,säk2 läu1
上舖,söng1 pu1
中過伏,zung1 gwo1 fuk6
轉寄,züng2 gi1
七老八十,cäk2 läu1 bæk2 säp6
風高浪急,fung1 gäu1 long6 gäp2
魚肚,yü4 tu1
質證,zäk2 zäng1
裝模作樣,zong1 mu4 zok2 yöng6
黑啤,häk2 be1
憐惜,ling4 säk2
三聲,sam1 säng1
試食,si1 säk6
肚兜,tu1 däu1
暈車,wäng4 ce1
坐向,zo6 höng1
傳熱,cüng4 ngik6
淡市,dam6 si1
道觀,däu6 gwung1
李超人,li1 ciu1 yäng4
平底鑊,päng4 däi2 wok6
織女,zäk2 nü1
參見,cam1 ging1
校際,hau6 zäi1
相親相愛,söng1 cäng1 söng1 wui1
包公,bau1 gung1
穿針引線,cüng1 zäm1 yäng1 sing1
虛張聲勢,hü1 zöng1 säng1 säi1
好鬼死,häu2 gwäi2 si2
紅裝,hung4 zong1
難抵,næng4 däi2
扮上菜,bæng6 söng6 cöi1
滾球,gwäng2 käu4
行人道,häng4 yäng4 däu6
人行道,yäng4 häng4 däu6
票房毒藥,piu1 fong4 duk6 yök6
莎翁,sa1 yung1
試下先,si1 ha1 sing1
商業行為,söng1 yip6 häng4 wäi4
數架,su1 ga1
左下角,zo2 ha6 gok2
啜核,zük2 wäk6
嘔白泡,äu2 bæk6 pau1
白平衡,bæk6 päng4 häng4
打完針,da2 yüng4 zäm1
點石成金,dim2 sek6 säng4 gäm1
栩栩如生,hü2 hü2 yü4 säng1
沙灘排球,sa1 tæng1 pai4 käu4
相隨,söng1 cöi4
轉科,züng2 fo1
大纜,dai6 lam6
滴血,däk6 hük2
頂住檔,däng2 zü6 dong1
飛頭散髮,fi1 täu4 sæng2 fæk2
兩行,löng1 hong4
牛乳,ngäu4 yü1
牛肚,ngäu4 tu1
披頭散髮,pi1 täu4 sæng2 fæk2
緯度,wäi1 du6
爭客,zæng1 hæk2
叉腰,ca1 yiu1
單槓,dæng1 gong1
駕車,ga1 ce1
幾行,gi2 hong4
例假,läi6 ga1
來日方長,löi4 yäk6 fong1 cöng4
小肚,siu2 tu1
金城武,gäm1 säng4 mu1
各行各路,gok2 hæng4 gok2 lu6
骨刺,gwäk2 ci1
傳電,cüng4 ding6
帶着,dai1 zök6
以人為本,yi1 yäng4 wäi4 bung2
仲估,zung6 gwu2
大浪,dai6 long6
第二名,däi6 yi6 mäng4
哀怨,wui1 yüng1
胡作非為,wu4 zok2 fi1 wäi4
曾鈺成,zäng1 yuk6 säng4
不為意,bäk2 wäi4 yi1
打功夫,da2 gung1 fu1
第度,däi6 du6
二十四,yi6 säp6 si1
論著,läng6 zü1
內幕交易,nöi6 mok6 gau1 yäk6
數目字,su1 muk6 zi6
握手言和,æk2 säu2 ying4 wo4
校草,hau6 cäu2
好細聲,häu2 säi1 säng1
易過借火,yi6 gwo1 ze1 fo2
那張,na1 zöng1
接更,zip2 gäng1
郁下,yuk2 ha1
兩全,löng1 cüng4
那股,na1 gwu2
那條,na1 tiu4
食格棍,säk6 gæk2 gwäng1
着力,zök6 läk6
種族滅絕,zung2 zuk6 mik6 zük6
叮噹馬頭,däng1 dong1 ma1 täu4
解酒,gai2 zäu2
流質,läu4 zäk2
擇食,zæk6 säk6
撈偏,läu1 ping1
貿易組織,mäu6 yäk6 zu2 zäk2
試聽,si1 teng1
食物銀行,säk6 mäk6 ngäng4 hong4
橫行無忌,wæng4 häng4 mu4 gi6
朝拜,ciu4 bai1
丟淡,diu1 tam1
攪風攪雨,gau2 fung1 gau2 yü1
驚慌失措,gäng1 fong1 säk2 cu1
驚惶失措,gäng1 wong4 säk2 cu1
行雷閃電,hæng4 löi4 sim2 ding6
優生學,yäu1 sæng1 hok6
聲納,säng1 nap6
着急,zök6 gäp2
變調,bing1 diu6
用勁,yung6 gäng6
強差人意,köng1 ca1 yäng4 yi1
死都話,si2 du1 wa2
尤為,yäu4 wäi4
尤為,yäu4 wäi6
八掛,bæk2 gwa1
不事生產,bäk2 si6 säng1 cæng2
全月通,cüng4 ngük6 tung1
瞓下,fäng1 ha1
面巾,ming6 gäng1
為民除害,wäi6 mäng4 cü4 fui6
魂飛魄散,wäng4 fi1 pæk2 sæng1
杯水車薪,bui1 söi2 ce1 säng1
乾花,gung1 fa1
掛好,gwa1 häu2
下葬,ha6 zong1
猛片,mæng1 ping2
焦油,ziu1 yäu4
中巴士,zung1 ba1 si6
打罵,da2 ma6
領港,läng1 gong2
撈得掂,läu1 däk2 dim6
為民請命,wäi6 mäng4 cäng2 mäng6
直通巴士,zäk6 tung1 ba1 si2
啞仔,a2 zäi2
一棵,yäk2 fo2
右轉,yäu6 züng2
沒有之一,muk6 yäu1 zi1 yäk2
寸草不生,cüng1 cäu2 bäk2 sæng1
打突,da2 däk6
打緊機,da2 gäng2 gi1
打戰,da2 zing1
陽間,yöng4 gæng1
湯家驊,tong1 ga1 wa4
追和,zöi1 wo4
頂罪,däng2 zöi6
解夢,gai2 mung6
一窮二白,yäk2 kung4 yi6 bæk6
量入為出,löng6 yäp6 wäi4 cäk2
平易,päng4 yi6
十間,säp6 gæng1
精盡人亡,zäng1 zäng6 yäng4 mong4
吊臂車,diu1 bi1 ce1
乾淨企理,gung1 zäng6 ki1 li1
險象環生,him2 zöng6 wæng4 säng1
有口難言,yäu1 häu2 næng4 ying4
應聲蟲,yäng1 säng1 cung4
爛命,læng6 mäng6
十度,säp6 du6
上訴法庭,söng6 su1 fæk2 täng4
圍下,wäi4 ha6
齊章,cäi4 zöng1
樂譜,ngok6 pu2
死剩種,si2 zäng6 zung2
助產士,zo6 cæng2 si6
第二種,däi6 yi6 zung2
啱使,ngam1 säi2
心領神會,säm1 läng1 säng4 wui6
必不可少,bik2 bäk2 ho2 siu2
刺刀,ci1 däu1
代數,döi6 su1
好準時,häu2 zäng2 si4
怨念,yüng1 nim6
好奸,häu2 gæng1
月支,ngük6 zi1
網上商店,mong1 söng6 söng1 dim1
和盤托出,wo4 pung4 tok2 cäk2
彈票,dæng6 piu1
高盛,gäu1 säng6
落更,lok6 gæng1
梅窩,mui4 wo1
心事重重,säm1 si6 cung4 cung4
識打,säk2 da2
壓力煲,æk2 läk6 bäu1
鹹濕仔,ham4 säp2 zäi2
以德報怨,yi1 däk2 bäu1 yüng1
粵語殘片,yük6 yü1 cæng4 ping2
衞生巾,wäi6 säng1 gäng1
紙包飲品,zi2 bau1 yäm2 bäng2
從長計議,cung4 cöng4 gäi1 yi1
幾聲,gi2 säng1
精深,zäng1 säm1
便意,bing6 yi1
二手車,yi6 säu2 ce1
靈柩,läng4 gäu1
落降,lok6 gong1
老實講句,läu1 säk6 gong2 gü1
冇符,mäu1 fu4
平衡木,päng4 häng4 muk6
萍水相逢,päng4 söi2 söng1 fung4
莎莎,sa1 sa1
生薑,sæng1 göng1
重提,cung1 täi4
論斷,läng6 düng6
唔經唔覺,m4 gäng1 m4 gok2
讀唔讀,duk6 m4 duk6
二十萬,yi6 säp6 mæng6
言之鑿鑿,ying4 zi1 zok6 zok6
食神,säk6 säng4
定量,däng6 löng6
短兵相接,düng2 bäng1 söng1 zip2
紙紮公仔,zi2 zæk2 gung1 zäi2
調高,diu6 gäu1
家長日,ga1 zöng2 yäk6
割禾青,gwuk2 wo4 ceng1
貴國,gwäi1 gwok2
油然而生,yäu4 ying4 yi4 säng1
兩立,löng1 läp6
安度,wung1 du6
算得上,süng1 däk2 söng1
報更,bäu1 gæng1
刀背,däu1 bui1
龜背,gwäi1 bui1
吃完,hek2 yüng4
魯班,lu1 bæng1
糜爛,mi4 læng6
牛仔布,ngäu4 zäi2 bu1
周打,zäu1 da2
週二,zäu1 yi6
精神抖擻,zäng1 säng4 däu2 säu2
氣頂,hi1 däng2
穴道,yük6 däu6
兩道,löng1 däu6
視覺藝術,si6 gok2 ngäi6 säk6
聽下歌,teng1 ha1 go1
晏覺,æng1 gau1
吹波波,cöi1 bo1 bo1
嗰行,go2 hong4
好頭好尾,häu2 täu4 häu2 mi1
李氏力場,li1 si6 läk6 cöng4
李氏力牆,li1 si6 läk6 cöng4
老邁,läu1 mai6
妄為,mong1 wäi4
鼻竇,bi6 däu6
解款員,gai1 fung2 yüng4
十仔,säp6 zäi2
蛇羹,se4 gäng1
成羣,säng4 kwäng4
從簡,cung4 gæng2
重修舊好,cung4 säu1 gäu6 häu2
浮水,fäu4 söi2
起重機,hi2 cung1 gi1
墨西哥城,mäk6 säi1 go1 säng4
天意弄人,ting1 yi1 lung6 yäng4
精舍,zäng1 se1
撤兵,cik2 bäng1
坐緊監,co1 gäng2 gam1
付諸行動,fu6 zü1 häng4 dung6
阿華田,o1 wa4 ting4
十下,säp6 ha1
鼻竇炎,bi6 däu6 yim4
出類拔萃,cäk2 löi6 bäk6 söi6
伏唔伏,fuk6 m4 fuk6
割包,gwuk2 bau1
倚重,yi2 zung6
米缸,mai1 gong1
三番,sam1 fæng1
蛇鼠一窩,se4 sü2 yäk2 wo1
少壯,siu2 zong1
第一行,däi6 yäk2 hong4
家道中落,ga1 däu6 zung1 lok6
雞尾包,gäi1 mi1 bau1
惹事,ye1 si6
爛醉,læng6 zöi1
同仇敵愾,tung4 säu4 däk6 kwui1
精讀,zäng1 duk6
謹言慎行,gäng2 ying4 säng6 häng4
鏡花水月,geng1 fa1 söi2 ngük6
舉腳贊成,gü2 gök2 zæng1 säng4
嗰面,go2 ming6
二千萬,yi6 cing1 mæng6
剷青,cæng2 ceng1
鏟青,cæng2 ceng1
燥熱,cäu1 ngik6
大老粗,dai6 läu1 cu1
第二段,däi6 yi6 düng6
導讀,däu6 duk6
一語道破,yäk2 yü1 däu6 po1
異數,yi6 su1
翹楚,kiu4 co2
老粗,läu1 cu1
打更,da2 gæng1
好不好,häu2 bäk2 häu2
有幾貴,yäu1 gi2 gwäi1
西米露,säi1 mai1 lu6
為着,wäi6 zök6
妻離子散,cäi1 li4 zi2 sæng1
打草,da2 cäu2
風和日麗,fung1 wo4 yäk6 läi6
月小,ngük6 siu2
老吹,läu1 cöi1
老牛聲,läu1 ngäu4 säng1
食人族,säk6 yäng4 zuk6
傳世,cüng4 säi1
打鐘,da2 zung1
撳錯,gäm6 co1
近住,gäng6 zü6
磨拳擦掌,mo4 küng4 cæk2 zöng2
男歡女愛,nam4 fung1 nü1 wui1
華富,wa4 fu1
主使,zü2 si2
穿鑿附會,cüng1 zok6 fu6 wui6
打得火熱,da2 däk2 fo2 ngik6
對簿公堂,döi1 bu6 gung1 tong4
該校,gwui1 hau6
一兩下,yäk2 löng1 ha1
葉片,yip6 ping1
球票,käu4 piu1
舞伴,mu1 bung6
懵仔,mung2 zäi2
奧數,äu1 su1
湯碗,tong1 wung2
俾人屌,bi2 yäng4 diu2
打退堂鼓,da2 töi1 tong4 gwu2
好心機,häu2 säm1 gi1
那段,na1 düng6
打耳,da2 yi1
那班,na1 bæng1
不假思索,bäk2 ga2 si1 sok2
青森,cäng1 säm1
讀死書,duk6 si2 sü1
攪勻,gau2 wäng4
江華,gong1 wa4
一兩首,yäk2 löng1 säu2
女一,nü1 yäk2
審時度勢,säm2 si4 dok6 säi1
包租公,bau1 zu1 gung1
打唔打得,da2 m4 da2 däk2
孤男寡女,gwu1 nam4 gwa2 nü1
攞着數,lo2 zök6 su1
糧尾,löng4 mi1
窿路,lung1 lu6
包羅萬有,bau1 lo4 mæng6 yäu1
包羅萬象,bau1 lo4 mæng6 zöng6
多多包涵,do1 do1 bau1 ham4
發人深省,fæk2 yäng4 säm1 säng2
發人深醒,fæk2 yäng4 säm1 säng2
紅包,hung4 bau1
有度,yäu1 du6
遠道,yüng1 däu6
磨豆腐,mo4 däu6 fu6
惡名昭彰,ok2 mäng4 ziu1 zöng1
爭地盤,zæng1 di6 pung4
伴唱,bung6 cöng1
傳聲,cüng4 säng1
大媽舞,dai6 ma1 mu1
嬌生慣養,giu1 säng1 gwæng1 yöng1
乾葱,gung1 cung1
好幾日,häu2 gi2 yäk6
好唔好彩,häu2 m4 häu2 cöi2
那次,na1 ci1
取道,cü2 däu6
加減乘除,ga1 gam2 säng4 cü4
老少咸宜,läu1 siu1 ham4 yi4
老少鹹宜,läu1 siu1 ham4 yi4
拿着,na4 zök6
乘人之危,säng4 yäng4 zi1 ngäi4
天光道,ting1 gwong1 däu6
天怒人怨,ting1 nu6 yäng4 yüng1
跳草裙舞,tiu1 cäu2 kwäng4 mu1
不請自來,bäk2 cäng2 zi6 löi4
車厘茄,ce1 li4 kö4
好唔好做,häu2 m4 häu2 zu6
兇神惡煞,hung1 säng4 ok2 sæk2
凶神惡煞,hung1 säng4 ok2 sæk2
西瓜波,säi1 gwa1 bo1
蛇果,se4 gwo2
士啤,si6 be1
廣華,gwong2 wa4
胸墊,hung1 zing1
二十五,yi6 säp6 ng1
命相,mäng6 söng1
訛傳,ngo4 cüng4
推油,töi1 yäu4
經合組織,gäng1 häp6 zu2 zäk2
夷為平地,yi4 wäi4 päng4 di6
潰不成軍,kwui2 bäk2 säng4 gwäng1
乜歌,mäk2 go1
孭起,me1 hi2
那份,na1 fäng6
戇居居,ngong6 gü1 gü1
錯開,co1 fui1
電車站,ding6 ce1 zam6
多幾錢重,do1 gi2 cing4 cung1
多二錢重,do1 yi6 cing4 cung1
多兩錢重,do1 löng1 cing4 cung1
藕斷絲連,ngäu1 düng6 si1 ling4
山窿,sæng1 lung1
上款,söng6 fung2
上一頁,söng6 yäk2 yip6
鐵球,tik2 käu4
華佗,wa4 to4
一唔一齊,yäk2 m4 yäk2 cäi4
二十三,yi6 säp6 sam1
立食,läp6 säk6
弄權,lung6 küng4
旋轉門,süng4 züng2 mung4
替更,täi1 gæng1
便士,bing6 si2
鏟車,cæng2 ce1
請柬,ceng2 gæng2
返老還童,fæng2 läu1 wæng4 tung4
減數,gam2 su1
觀塘道,gwung1 tong4 däu6
廣東道,gwong2 dung1 däu6
學下人,hok6 ha1 yäng4
陰聲細氣,yäm1 säng1 säi1 hi1
入完波,yäp6 yüng4 bo1
奇難雜症,ki4 næng4 zap6 zäng1
爛仔交,læng6 zäi2 gau1
未瞓醒,mi6 fäng1 seng2
名不經傳,mäng4 bäk2 gäng1 cüng4
那雙,na1 söng1
誤中副車,ng6 zung1 fu1 gü1
排排坐,pai4 pai4 co1
熟能生巧,suk6 näng4 säng1 hau2
真憑實據,zäng1 päng4 säk6 gü1
着住,zök6 zü6
扑野,pok2 ye1
波褲,bo1 fu1
敢為,gäm2 wäi4
可唔可行,ho2 m4 ho2 häng4
咪頭,mäi1 täu4
受精卵,säu6 zäng1 läng2
成日播,seng4 yäk6 bo1
相士,söng1 si6
縮數,suk2 su1
題解,täi4 gai2
天下為公,ting1 ha6 wäi4 gung1
班花,bæng1 fa1
劫難,gip2 næng6
撩女仔,liu4 nü1 zäi2
老襟,läu1 käm1
咩冇,me1 mäu1
蒙古包,mung4 gwu2 bau1
着迷,zök6 mäi4
駕輕就熟,ga1 heng1 zäu6 suk6
龜仔,gwäi1 zäi2
湧上,yung2 söng6
良家婦女,löng4 ga1 fu1 nü1
冇害,mäu1 fui6
生劏,sæng1 tong1
上過去,söng1 gwo1 hü1
數打,su1 da1
他調,ta1 tiu4
呀屌你,a1 diu2 ni1
傳揚,cüng4 yöng4
科學精神,fo1 hok6 zäng1 säng4
扶靈,fu4 läng4
幾滴,gi2 däk6
好人卡,häu2 yäng4 kæk2
和氣生財,wo4 hi1 säng1 cöi4
暴擊,bäu6 gäk2
杯墊,bui1 zing1
唱下歌,cöng1 ha1 go1
輕傷,häng1 söng1
摸門釘,mo2 mung4 deng1
上下網,söng1 ha1 mong1
自強不息,zi6 köng4 bäk2 säk2
仲啱,zung6 ngam1
大熱倒灶,dai6 ngik6 däu2 zäu1
浮力,fäu4 läk6
豐依足食,fung1 yi1 zuk2 säk6
豐衣粥食,fung1 yi1 zuk2 säk6
豐衣足食,fung1 yi1 zuk2 säk6
邱騰華,yäu1 täng4 wa4
形而上,yäng4 yi4 söng6
軟皮蛇,yüng1 pi4 se4
攞假,lo2 ga1
水墨畫,söi2 mäk6 wa6
相映,söng1 yäng2
上賓,söng6 bäng1
華倫西亞,wa4 läng4 säi1 a1
狐假虎威,wu4 ga2 fu2 wäi1
校徽,hau6 fäi1
日本城,yäk6 bung2 säng4
有兩手,yäu1 löng1 säu2
夜長夢多,ye6 cöng4 mung6 do1
爛漫,læng6 mæng6
墨水筆,mäk6 söi2 bäk2
啱身,ngam1 säng1
深仇大恨,säm1 säu4 dai6 häng6
生死有命,säng1 si2 yäu1 mäng6
城隧,säng4 söi6
相送,söng1 sung1
打乞嗤,da2 häk2 ci1
地球村,di6 käu4 cüng1
耳背,yi1 bui1
着實,zök6 säk6
大逆不道,dai6 yäk6 bäk2 däu6
兩溝,löng1 käu1
狼狽為奸,long4 bui1 wäi4 gæng1
那對,na1 döi1
牛肉球,ngäu4 yuk6 käu4
深耕細作,säm1 gæng1 säi1 zok2
新城電台,säng1 säng4 ding6 töi4
試下問,si1 ha1 mäng6
小解,siu2 gai2
華氏,wa4 si6
追更,zöi1 gæng1
第二層,däi6 yi6 cäng4
釘書機,deng1 sü1 gi1
跟紅頂白,gäng1 hung4 däng2 bæk6
賀卡,ho6 kæk2
香片,höng1 ping2
油光,yäu4 gwong1
油耳,yäu4 yi1
龍蛇混雜,lung4 se4 wäng6 zap6
聽清,teng1 cäng1
話匣子,wa6 hap6 zi2
輾轉反側,zing2 züng2 fæng2 zäk2
榮華,wäng4 wa4
大卡士,dai6 ka1 si2
彈珠機,dæng6 zü1 gi1
鼾聲,fung4 säng1
面目可憎,ming6 muk6 ho2 zäng1
成唔成功,säng4 m4 säng4 gung1
數十年,su1 säp6 ning4
塗脂抹粉,tu4 zi1 muk2 fäng2
志趣相投,zi1 cü1 söng1 täu4
傳呼,cüng4 fu1
打茅波,da2 mau4 bo1
打鐵趁熱,da2 tik2 cäng1 ngik6
三度,sam1 du6
事假,si6 ga1
齋菜,zai1 cöi1
席地而坐,zäk6 di6 yi4 zo6
錢罌,cing4 æng1
斤兩,gäng1 löng2
瓜田李下,gwa1 ting4 li1 ha6
嬉皮士,hi1 pi4 si6
好事近,häu2 si6 gäng6
萊比錫,löi4 bi2 sek2
落降頭,lok6 gong1 täu4
勉勉強強,ming1 ming1 köng1 köng1
磨砂,mo4 sa1
唆使,so1 si2
摘錄,zæk6 luk6
淨重,zäng6 cung1
百上加斤,bæk2 söng6 ga1 gäng1
半生熟,bung1 sæng1 suk6
血海深仇,hük2 fui2 säm1 säu4
片過,ping2 gwo1
熟食檔,suk6 säk6 dong1
胖虎,bung6 fu2
油菜,yäu4 cöi1
余文樂,yü4 mäng4 lok6
李嘉欣,li1 ga1 yäng1
兩宗,löng1 zung1
奧海城,äu1 fui2 säng4
瀕臨絕種,päng4 läm4 zük6 zung2
西班牙人,säi1 bæng1 nga4 yäng4
從容不迫,sung1 yung4 bäk2 bäk2
天生天養,ting1 sæng1 ting1 yöng1
尊師重道,züng1 si1 zung6 däu6
背信棄義,bui1 säng1 hi1 yi6
清掃,cäng1 säu1
粗聲粗氣,cu1 säng1 cu1 hi1
打齋,da2 zai1
特更,däk6 gæng1
風聲鶴唳,fung1 säng1 hok6 löi6
居高不下,gü1 gäu1 bäk2 ha6
紅米,hung4 mai1
人仔細細,yäng4 zäi2 säi1 säi1
一兩條,yäk2 löng1 tiu4
二轉,yi6 züng2
力爭上游,läk6 zäng1 söng6 yäu4
神出鬼沒,säng4 cäk2 gwäi2 muk6
四班,si1 bæng1
四腳蛇,si1 gök2 se4
抽下水,cäu1 ha1 söi2
帝位,däi1 wäi6
雞仔餅,gäi1 zäi2 beng2
肉乾,yuk6 gung1
神油,säng4 yäu4
痛經,tung1 gäng1
頂班,däng2 bæng1
怨聲,yüng1 säng1
面善,ming6 sing6
請唔請人,ceng2 m4 ceng2 yäng4
氣數已盡,hi1 su1 yi1 zäng6
預防針,yü6 fong4 zäm1
強詞奪理,köng1 ci4 dük6 li1
良莠不齊,löng4 yäu1 bäk2 cäi4
腎氣,säng6 hi1
選讀,süng2 duk6
扑咪,bok2 mäi1
唱家班,cöng1 ga1 bæng1
打石膏,da2 sek6 gäu1
好得過,häu2 däk2 gwo1
一兩件,yäk2 löng1 ging6
曲終人散,kuk2 zung1 yäng4 sæng1
老老竇竇,läu1 läu1 däu6 däu6
老老豆豆,läu1 läu1 däu6 däu6
洗肚,säi2 tu1
白湯,bæk6 tong1
波板,bo1 bæng2
投生,täu4 säng1
拗斷,au2 tüng1
昌盛,cöng1 säng6
牛頭馬面,ngäu4 täu4 ma1 ming6
食肉獸,säk6 yuk6 säu1
線面,sing1 ming6
通經,tung1 gäng1
回聲,wui4 säng1
長遮,cöng4 ze1
打個突,da2 go1 däk6
打嘴巴,da2 zöi2 ba1
打政府工,da2 zäng1 fu2 gung1
掂行掂過,dim6 hæng4 dim6 gwo1
解唔解,gai2 m4 gai2
藜麥,läi4 mæk6
泡飯,pau1 fæng6
班基,bæng1 gi1
頂真,däng2 zäng1
有頂,yäu1 deng2
生滋,sæng1 zi1
十成十,säp6 säng4 säp6
長生津,zöng2 sæng1 zäng1
這位,ze1 wäi6
撤去,cik2 hü1
一兩粒,yäk2 löng1 näp2
二十二,yi6 säp6 yi6
爛命一條,læng6 mäng6 yäk2 tiu4
傳家,cüng4 ga1
久經,gäu2 gäng1
輕工業,häng1 gung1 yip6
每種,mui1 zung2
食剩,säk6 zäng6
城際,säng4 zäi1
白食,bæk6 säk6
班際,bæng1 zäi1
扑濕,bok2 säp2
斜陽,ce4 yöng4
近磅,gäng6 bong6
六月飛霜,luk6 ngük6 fi1 söng1
難約,næng4 yök2
諗唔諗,näm2 m4 näm2
破相,po1 söng1
生物學系,säng1 mäk6 hok6 häi6
套間,täu1 gæng1
古董車,gwu2 dung2 ce1
公仔箱,gung1 zäi2 söng1
行喇,hæng4 la1
禮崩樂壞,läi1 bäng1 ngok6 wai6
禮樂崩壞,läi1 ngok6 bäng1 wai6
禮壞樂崩,läi1 wai6 ngok6 bäng1
謀劃,mäu4 wæk6
命數,mäng6 su1
舞男,mu1 nam4
冇修,mäu1 säu1
探熱針,tam1 ngik6 zäm1
精氣神,zäng1 hi1 säng4
亞皆老街,a1 gai1 läu1 gai1
八面,bæk2 ming6
繁盛,fæng4 säng6
攪屎棍,gau2 si2 gwäng1
以身相許,yi1 säng1 söng1 hü2
面龐,ming6 pong4
飛機仔,fi1 gi1 zäi2
駭人聽聞,hai1 yäng4 täng1 mäng4
口沒遮攔,häu2 muk6 ze1 læng4
好無用,häu2 mu4 yung6
拋波,pau1 bo1
食屎啦,säk6 si2 la1
沉着,cäm4 zök6
寒假,fung4 ga1
易學難精,yi6 hok6 næng4 zäng1
粵語長片,yük6 yü1 cöng4 ping2
沒影,muk6 yäng2
那件,na1 ging6
甚囂塵上,säm6 hiu1 cäng4 söng6
淡口,tam1 häu2
話低,wa6 däi1
倒屎,däu2 si2
費城,fäi1 säng4
國際米蘭,gwok2 zäi1 mai1 læng4
興風作浪,häng1 fung1 zok2 long6
有牌爛仔,yäu1 pai4 læng6 zäi2
墨守成規,mäk6 säu2 säng4 kwäi1
婢女,pi1 nü1
小數點,siu2 su1 dim2
進士,zäng1 si6
捉錯用神,zuk2 co1 yung6 säng4
浮生,fäu4 säng1
交叉點,gau1 ca1 dim2
見過面,ging1 gwo1 ming6
共享經濟,gung6 höng2 gäng1 zäi1
強酸,köng4 süng1
兩堂,löng1 tong4
那道,na1 däu6
四間,si1 gæng1
淨身,zäng6 säng1
裝卸,zong1 se1
啤酒肚,be1 zäu2 tu1
花旗參,fa1 ki4 säm1
過兩招,gwo1 löng1 ziu1
行唔通,hæng4 m4 tung1
喝倒采,fuk2 däu2 cöi2
納米比亞,nap6 mai1 bi2 a1
年畫,ning4 wa6
四種,si1 zung2
悉隨尊便,säk2 cöi4 züng1 bing6
成為事實,säng4 wäi4 si6 säk6
着衫,zök2 sam1
從中作梗,cung4 zung1 zok2 gäng2
老差骨,läu1 cai1 gwäk2
眉飛色舞,mi4 fi1 säk2 mu1
媚飛色舞,mi6 fi1 säk2 mu1
師從,si1 cung4
熟行,suk6 hong4
剩得,zäng6 däk2
搭緊車,dap2 gäng2 ce1
價值連城,ga1 zäk6 ling4 säng4
救生圈,gäu1 säng1 hüng1
侍仔,si6 zäi2
拔除,bäk6 cü4
邊個靚,bing1 go1 leng1
初生,co1 säng1
瞓唔着,fäng1 m4 zök6
卡爾文,ka1 yi1 mäng4
第二套,däi6 yi6 täu1
釘蓋,deng1 gwui1
皎月,gau2 ngük6
腳踏車,gök2 dap6 ce1
公約數,gung1 yök2 su1
引以為戒,yäng1 yi1 wäi4 gai1
近點,käng1 dim2
惡勢力,ok2 säi1 läk6
王老五,wong4 läu1 ng1
百事可樂,bæk2 si6 ho2 lok6
波子機,bo1 zi2 gi1
第二件,däi6 yi6 ging6
度日如年,du6 yäk6 yü4 ning4
劉青雲,läu4 cäng1 wäng4
那句,na1 gü1
被套,pi1 täu1
自討苦吃,zi6 täu2 fu2 hek2
第二下,däi6 yi6 ha1
驚起,gäng1 hi2
磨時間,mo4 si4 gæng1
票尾,piu1 mi1
成色,säng4 säk2
滋長,zi1 zöng2
剪鉗,zing2 kim4
方唔方便,fong1 m4 fong1 bing6
一兩張,yäk2 löng1 zöng1
有乘,yäu1 säng6
麗質,läi6 zäk2
兩批,löng1 päi1
新潟,säng1 säk2
乘虛,säng4 hü1
長途跋涉,cöng4 tu4 bäk6 sip2
獨斷,duk6 düng6
更生人士,gäng1 säng1 yäng4 si6
久別重逢,gäu2 bik6 cung4 fung4
人力車,yäng4 läk6 ce1
養聲,yöng1 säng1
李登輝,li1 däng1 fäi1
色士風,säk2 si6 fung1
尖聲,zim1 säng1
精蒸日上,zäng1 zäng1 yäk6 söng1
蒸蒸日上,zäng1 zäng1 yäk6 söng1
拔萃,bäk6 söi6
車埋去,ce1 mai4 hü1
大陸話,dai6 luk6 wa2
撈油水,läu1 yäu4 söi2
面盲,ming6 mæng4
坐實,zo6 säk6
潮州話,ciu4 zäu1 wa2
打槍,da2 cöng1
大海撈針,dai6 fui2 läu4 zäm1
道台,däu6 töi4
慳番啖氣,hæng1 fæng1 dam6 hi1
兩三隻,löng1 sam1 zek2
無惡不作,mu4 ok2 bäk2 zok2
畢爾包,bäk2 yi1 bau1
打球,da2 käu4
幾打,gi2 da1
麗莎,läi6 sa1
普度,pu2 du6
城隍,säng4 wong4
不得要領,bäk2 däk2 yiu1 läng1
超音波,ciu1 yäm1 bo1
重婚,cung4 fäng1
應運而生,yäng1 wäng6 yi4 säng1
李光耀,li1 gwong1 yiu6
蒲精,pu4 zäng1
生安白做,sæng1 wung1 bæk6 zu6
相減,söng1 gam2
專上教育,züng1 söng6 gäu1 yuk6
坐波監,co1 bo1 gam1
得一想二,däk2 yäk2 söng2 yi6
瞓晏覺,fäng1 æng1 gau1
韓國仔,fung4 gwok2 zäi2
一波三折,yäk2 bo1 sam1 zik2
稽查,käi1 ca4
靈犀,läng4 säi1
兩劑,löng1 zäi1
難點,næng4 dim2
四更,si1 gæng1
水蛇春,söi2 se4 cäng1
小調,siu2 diu6
奏樂,zäu1 ngok6
整裝待發,zäng2 zong1 döi6 fæk2
倒灶,däu2 zäu1
兩三點,löng1 sam1 dim2
山嶺,sæng1 läng1
高射炮,gäu1 se6 pau1
灌湯餃,gwung1 tong1 gau2
公交車,gung1 gau1 ce1
兩頭蛇,löng1 täu4 se4
三生有幸,sam1 säng1 yäu1 häng6
司徒華,si1 tu4 wa4
進行性交,zäng1 häng4 säng1 gau1
出下街,cäk2 ha1 gai1
假戲真做,ga2 hi1 zäng1 zu6
乾爹,gung1 de1
輕過,heng1 gwo1
日出康城,yäk6 cäk2 hong1 säng4
辣椒仔,læk6 ziu1 zäi2
密斗貨車,mäk6 däu2 fo1 ce1
望子成龍,mong6 zi2 säng4 lung4
十幾度,säp6 gi2 du6
少少咋,siu2 siu2 za1
壓緊,æk2 gäng2
油然,yäu4 ying4
易話為,yi6 wa6 wäi4
和事酒,wo4 si6 zäu2
和頭酒,wo4 täu4 zäu2
逼巴士,bäk2 ba1 si2
猜波,cai1 bo1
湊數,cäu1 su1
有尾,yäu1 mi1
耍樂,sa2 lok6
聽信,täng1 säng1
大使,dai6 säi2
扮相,bæng6 söng1
重插,cung4 cap2
打石,da2 sek6
洗衫板,säi2 sam1 bæng2
巴士地,ba1 si6 di6
波罅,bo1 la1
哥士的,go1 si6 däk2
入聲,yäp6 säng1
卡介苗,ka1 gai1 miu4
其樂無窮,ki4 lok6 mu4 kung4
靈通,läng4 tung1
浪跡,long6 zäk2
老式,läu1 säk2
五班,ng1 bæng1
柯士甸,o1 si6 ding6
食唔食得,säk6 m4 säk6 däk2
眾數,zung1 su1
鴨仔團,ap2 zäi2 tüng4
煲下,bäu1 ha1
寶刀未老,bäu2 däu1 mi6 läu1
放完假,fong1 yüng4 ga1
咁又,gäm1 yäu6
勁嘢,gäng6 ya1
掛號信,gwa1 häu6 säng1
麥美娟,mæk6 mi1 güng1
拼車,päng1 ce1
上班一族,söng1 bæng1 yäk2 zuk6
華潤,wa4 yäng6
集中精神,zap6 zung1 zäng1 säng4
爵位,zök2 wäi6
轉過身,züng1 gwo1 säng1
長野,cöng4 ye1
大塊朵頤,dai6 fai1 do2 yi4
大快朵頤,dai6 fai1 do2 yi4
大力士,dai6 läk6 si6
第一種,däi6 yäk2 zung2
格仔舖,gæk2 zäi2 pu1
合而為一,häp6 yi4 wäi4 yäk2
一朵,yäk2 do2
惹麻煩,ye1 ma4 fæng4
生態平衡,säng1 tai1 päng4 häng4
小食亭,siu2 säk6 täng4
華而不實,wa4 yi4 bäk2 säk6
報怨,bäu1 yüng1
長濱,cöng4 bäng1
飛車黨,fi1 ce1 dong2
一路以為,yäk2 lu6 yi1 wäi4
一面之緣,yäk2 ming6 zi1 yüng4
旅行結婚,lü1 häng4 gik2 fäng1
硬水,ngæng6 söi2
甚為,säm6 wäi4
暈浪,wäng4 long6
兜客,däu1 hæk2
倒扣,däu1 käu1
計過數,gäi1 gwo1 su1
老身,läu1 säng1
愛面子,wui1 ming6 zi2
片甲不留,ping1 gap2 bäk2 läu4
森巴舞,säm1 ba1 mu1
攝政,sip2 zäng1
執行董事,zäp2 häng4 dung2 si6
頂天立地,däng2 ting1 läp6 di6
反領,fæng2 leng1
器量,hi1 löng6
一面之詞,yäk2 ming6 zi1 ci4
二郎神,yi6 long4 säng4
立地頂天,läp6 di6 däng2 ting1
兩幅,löng1 fuk2
明爭暗鬥,mäng4 zäng1 äm1 däu1
拿手好戲,na4 säu2 häu2 hi1
聲名大噪,säng1 mäng4 dai6 cäu1
和波,wo4 bo1
註解,zü1 gai2
板油,bæng2 yäu4
別針,bik6 zäm1
反射動作,fæng2 se6 dung6 zok2
馬蹄糕,ma1 täi4 gäu1
墨西哥灣,mäk6 säi1 go1 wæng1
那場,na1 cöng4
散髮,sæng2 fæk2
心都離,säm1 du1 li4
事關重大,si6 gwæng1 zung6 dai6
從眾,cung4 zung1
打長途,da2 cöng4 tu4
道袍,däu6 päu4
扶搖直上,fu4 yiu4 zäk6 söng1
降生,gong1 säng1
核融合,häk6 yung4 häp6
核聚變,häk6 zü6 bing1
叉子,ca1 zi2
大埔道,dai6 bu1 däu6
家傳户曉,ga1 cüng4 wu6 hiu2
驚濤駭浪,gäng1 täu4 hai1 long6
開關掣,fui1 gwæng1 zäi1
山水畫,sæng1 söi2 wa6
四大長老,si1 dai6 zöng2 läu1
拖卡,to1 ka1
膽戰心驚,dam2 zing1 säm1 geng1
膽顫心驚,dam2 zing1 säm1 geng1
縫製,fung4 zäi1
高湯,gäu1 tong1
一兩間,yäk2 löng1 gæng1
揚長而去,yöng4 cöng4 yi4 hü1
曲高和寡,kuk2 gäu1 wo6 gwa2
靚唔靚仔,leng1 m4 leng1 zäi2
冇制,mäu1 zäi1
安卡拉,wung1 ka1 lai1
抱着,päu1 zök6
心驚膽戰,säm1 geng1 dam2 zing1
心驚膽顫,säm1 geng1 dam2 zing1
水耕,söi2 gæng1
爭食,zæng1 säk6
精神爽利,zäng1 säng4 song2 li6
張柏芝,zöng1 pæk2 zi1
中湯,zung1 tong1
重唔重要,zung6 m4 zung6 yiu1
打天才波,da2 ting1 cöi4 bo1
的士狗,däk2 si2 gäu2
倒及,däu1 käp6
假聲,ga2 säng1
未做好,mi6 zu6 häu2
冇得解,mäu1 däk2 gai2
梅州,mui4 zäu1
按步就班,wung1 bu6 zäu6 bæng1
按部就班,wung1 bu6 zäu6 bæng1
承轉,säng4 züng2
傻下,so4 ha1
榻榻米,tap2 tap2 mai1
波爾多,bo1 yi1 do1
保長,bäu2 zöng2
打友誼波,da2 yäu1 yi4 bo1
講過下,gong2 gwo1 ha1
掛心,gwa1 säm1
理數,li1 su1
兩滴,löng1 däk6
面聖,ming6 säng1
那點,na1 dim2
那羣,na1 kwäng4
暈船浪,wäng4 süng4 long6
班班,bæng1 bæng1
好有米,häu2 yäu1 mai1
二十八,yi6 säp6 bæk2
兩級,löng1 käp2
生生不息,säng1 säng1 bäk2 säk2
數萬,su1 mæng6
石刻,sek6 hæk2
抹油,mæk2 yäu4
班門弄斧,bæng1 mung4 lung6 fu2
鋤強扶弱,co4 köng4 fu4 yök6
傳感,cüng4 gäm2
購下,gäu1 ha6
乾濕褸,gung1 säp2 läu1
開大片,fui1 dai6 ping2
以暴制暴,yi1 bäu6 zäi1 bäu6
孖咇,ma1 bik2
那隊,na1 döi6
晨間,säng4 gæng1
食咖喱,säk6 ga1 li1
精奇,zäng1 ki4
呼和浩特,fu1 wo4 häu6 däk6
恆生指數,häng4 säng1 zi2 su1
輕機,heng1 gi1
藥包,yök6 bau1
靈驗,läng4 yim6
片集,ping2 zap6
粗話,cu1 wa6
乳名,yü1 mäng4
生靈塗炭,säng1 läng4 tu4 tæng1
上下水,söng1 ha1 söi2
着時,zök6 si4
俾次,bi2 ci1
點理解,dim2 li1 gai2
倒汗水,däu1 fung6 söi2
兩口,löng1 häu2
無線電話,mu4 sing1 ding6 wa2
拚死,pung1 si2
為虎作倀,wäi4 fu2 zok2 cöng1
不恥下問,bäk2 ci2 ha6 mäng6
臭味相投,cäu1 mi6 söng1 täu4
合球,häp6 käu4
人老珠黃,yäng4 läu1 zü1 wong4
源遠流長,yüng4 yüng1 läu4 cöng4
舞劇,mu1 kek6
泡沫經濟,päu1 muk6 gäng1 zäi1
攝太歲,sip2 tai1 söi1
上朝,söng1 ciu4
曾祖父,zäng1 zu2 fu6
眾生相,zung1 säng1 söng1
暗道,äm1 däu6
頂頂,deng2 deng2
搞下笑,gau2 ha1 siu1
那本,na1 bung2
三打,sam1 da1
收片,säu1 ping2
熟面口,suk6 ming6 häu2
補針,bu2 zäm1
長面,cöng4 ming6
勁爆,gäng6 bau1
老天爺,läu1 ting1 ye4
十月革命,säp6 ngük6 gæk2 mäng6
死老豆,si2 läu1 däu6
自毀長城,zi6 wäi2 cöng4 säng4
時刻表,si4 hæk2 biu2
打數,da2 su1
無無聊聊,mu4 mu4 liu4 liu4
柏金遜症,pæk2 gäm1 säng1 zäng1
數對,su1 döi1
吞下,täng1 ha6
執齊,zäp2 cäi4
一言九頂,yäk2 ying4 gäu2 däng2
兩團,löng1 tüng4
龍和道,lung4 wo4 däu6
文質彬彬,mäng4 zäk2 bäng1 bäng1
衫尾,sam1 mi1
重色輕友,zung6 säk2 häng1 yäu1
刻版,hæk2 bæng2
半斤八兩,bung1 gäng1 bæk2 löng2
緝毒犬,cäp2 duk6 hüng2
第二批,däi6 yi6 päi1
舊事重提,gäu6 si6 cung4 täi4
行下山,hæng4 ha1 sæng1
任意妄為,yäm6 yi1 mong1 wäi4
一齊送,yäk2 cäi4 sung1
老鼠膠,läu1 sü2 gau1
神道,säng4 däu6
實用面積,säk6 yung6 ming6 zäk2
上緊堂,söng1 gäng2 tong4
和藹可親,wo4 wui2 ho2 cäng1
不打緊,bäk2 da2 gäng2
塞拉利昂,cöi1 lai1 li6 ngong4
倒刺,däu1 ci1
風吹雨打,fung1 cöi1 yü1 da2
驚異,gäng1 yi6
谷精上腦,guk2 zäng1 söng1 näu1
洪永城,hung4 wäng1 säng4
油井,yäu4 zäng2
二十七,yi6 säp6 cäk2
老虎蟹都,läu1 fu2 hai1 du1
米雪,mai1 sük2
舞火龍,mu1 fo2 lung4
外強中乾,wui6 köng4 zung1 gung1
惡運,ok2 wäng6
斷掌,tüng1 zöng2
玩世不恭,wung6 säi1 bäk2 gung1
東歪西倒,dung1 wai1 säi1 däu2
傀儡政府,fai1 löi1 zäng1 fu2
復耕,fuk6 gæng1
如數家珍,yü4 su2 ga1 zäng1
老尖,läu1 zim1
摸不着,mo2 bäk2 zök6
片假名,ping1 ga2 mäng4
相聲,söng1 säng1
擲地有聲,zæk6 di6 yäu1 säng1
醉生夢死,zöi1 säng1 mung6 si2
中山裝,zung1 sæng1 zong1
班別,bæng1 bik6
侵權行為,cäm1 küng4 häng4 wäi4
第二節,däi6 yi6 zik2
調包,diu6 bau1
分子料理,fäng6 zi2 liu6 li1
格仔恤,gæk2 zäi2 säk2
難倒,næng4 däu2
上完堂,söng1 yüng4 tong4
灣仔區,wæng1 zäi2 kü1
測下,cäk2 ha1
道符,däu6 fu4
浮躁,fäu4 cäu1
魚肝油,yü4 gwung1 yäu4
兩三場,löng1 sam1 cöng4
米字旗,mai1 zi6 ki4
滿載而歸,mung1 zöi2 yi4 gwäi1
便宜仔,ping4 yi4 zäi2
三面,sam1 ming6
豉油雞,si6 yäu4 gäi1
穩打穩紮,wäng2 da2 wäng2 zæk2
穩扎穩打,wäng2 zæk2 wäng2 da2
穩紮穩打,wäng2 zæk2 wäng2 da2
中國銀行,zung1 gwok2 ngäng4 hong4
長火,cöng4 fo2
打得通,da2 däk2 tung1
公報私仇,gung1 bäu1 si1 säu4
蝦球,ha1 käu4
二十六,yi6 säp6 luk6
魯蛇,lu1 se4
麥精,mæk6 zäng1
懵仔針,mung2 zäi2 zäm1
運數,wäng6 su1
傳呼機,cüng4 fu1 gi1
打家劫舍,da2 ga1 gip2 se1
釘鞋,deng1 hai4
發奮圖強,fæk2 fäng1 tu4 köng4
發憤圖強,fæk2 fäng1 tu4 köng4
空靈,hung1 läng4
三幅被,sam1 fuk2 pi1
死好過,si2 häu2 gwo1
四下,si1 ha1
食緊屎,säk6 gäng2 si2
禪定,sim4 däng6
半兩,bung1 löng2
參差不齊,cam1 ci1 bäk2 cäi4
狗仔粉,gäu2 zäi2 fäng2
乾爭爭,gung1 zäng1 zäng1
降服,hong4 fuk6
攞下,lo2 ha1
老鄉,läu1 höng1
聯和墟,lüng4 wo4 hü1
婆仔鞋,po4 zäi2 hai4
三年抱兩,sam1 ning4 päu1 löng1
上肢,söng6 zi1
天靈蓋,ting1 läng4 gwui1
前車之鑑,cing4 gü1 zi1 gam1
青衣城,cäng1 yi1 säng4
朝貢,ciu4 gung1
重賞,cung1 söng2
放緊假,fong1 gäng2 ga1
攪三攪四,gau2 sam1 gau2 si1
下崗,ha6 gong1
一網成擒,yäk2 mong1 säng4 käm4
靈丹,läng4 dæng1
戇直,ngong6 zäk6
生物能,säng1 mäk6 näng4
黃面婆,wong4 ming6 po4
墊屍底,zing1 si1 däi2
差仔,cai1 zäi2
大掣,dai6 zäi1
第二首,däi6 yi6 säu2
道賀,däu6 ho6
發散,fæk2 sæng2
辣油,læk6 yäu4
李鵬,li1 pæng4
生完仔,sæng1 yüng4 zäi2
頭班車,täu4 bæng1 ce1
推上報,töi1 söng1 bäu1
肺片,fäi1 ping2
行客,häng4 hæk2
響噹噹,höng2 dong1 dong1
二傳手,yi6 cüng4 säu2
那把,na1 ba2
那根,na1 gäng1
惡有惡報,ok2 yäu1 ok2 bäu1
醒獅,säng2 si1
數碼通,su1 ma1 tung1
煲電話粥,bäu1 ding6 wa2 zuk2
圓領,yüng4 leng1
葵青區,kwäi4 cäng1 kü1
林二汶,läm4 yi6 mäng4
兩節,löng1 zik2
唔數,m4 su2
舞場,mu1 cöng4
每下,mui1 ha1
生嘢,sæng1 ya1
跣水,sing1 söi2
井井有條,zäng2 zäng2 yäu1 tiu4
粵拼,yük6 päng1
爛佬,læng6 läu2
冒險樂園,mäu6 him2 lok6 yüng4
五下,ng1 ha1
散失,sæng1 säk2
鮮美,sing1 mi1
乘除,säng4 cü4
蘇彝士,su1 yi4 si6
提包,täi4 bau1
陳健波,cäng4 ging6 bo1
千斤頂,cing1 gäng1 däng2
歡呼聲,fung1 fu1 säng1
簡便,gæng2 bing6
函數,ham4 su1
好膽,häu2 dam2
飲飽食醉,yäm2 bau2 säk6 zöi1
油漬,yäu4 zäk2
有泡,yäu1 pau1
爛滾,læng6 gwäng2
龍馬精神,lung4 ma1 zäng1 säng4
旁敲側擊,pong4 hau1 zäk2 gäk2
衰仔紙,söi1 zäi2 zi2
識行識走,säk2 hæng4 säk2 zäu2
絕處逢生,zük6 cü1 fung4 säng1
大乘,dai6 säng4
第二把,däi6 yi6 ba2
協和,hip2 wo4
墨斗,mäk6 däu2
數白欖,su2 bæk6 lam2
左側,zo2 zäk2
清數,cäng1 su1
長生店,cöng4 säng1 dim1
重獲新生,cung4 wok6 säng1 säng1
第二行,däi6 yi6 hong4
見使,ging1 säi2
入過波,yäp6 gwo1 bo1
禮數,läi1 su1
無精打采,mu4 zäng1 da2 cöi2
沒精打采,muk6 zäng1 da2 cöi2
五餅二魚,ng1 beng2 yi6 yü4
中庸之道,zung1 yung4 zi1 däu6
保齡球場,bäu2 läng4 käu4 cöng4
茶仔,ca4 zäi2
陳百強,cäng4 bæk2 köng4
打奶,da2 nai1
肥仔波,fi4 zäi2 bo1
好立克,häu2 läp6 häk2
言之成理,ying4 zi1 säng4 li1
密使,mäk6 si1
我淨係,ngo1 zäng6 häi6
三口六面,sam1 häu2 luk6 ming6
三轉,sam1 züng2
齊陰,cäi4 yäm1
村校,cüng1 hau6
軒尼詩道,hing1 ni4 si1 däu6
衣領,yi1 läng1
老處,läu1 cü1
那不是,na1 bäk2 si6
散紙包,sæng2 zi2 bau1
散下心,sæng1 ha1 säm1
省港旗兵,sæng2 gong2 ki4 bäng1
十二點半,säp6 yi6 dim2 bung1
食粥食飯,säk6 zuk2 säk6 fæng6
吹波仔,cöi1 bo1 zäi2
搭錯線,dap2 co1 sing1
金童玉女,gäm1 tung4 yuk6 nü1
狹路相逢,hap2 lu6 söng1 fung4
兩仔爺,löng1 zäi2 ye4
米奇老鼠,mai1 ki4 läu1 sü2
無稽之談,mu4 käi1 zi1 tam4
每行,mui1 hong4
生飛滋,sæng1 fi1 zi1
食螺絲,säk6 lo4 si1
華陀,wa4 to4
招降,ziu1 hong4
重酬,cung1 cäu4
打門,da2 mung4
反目成仇,fæng2 muk6 säng4 säu4
飲下酒,yäm2 ha1 zäu2
乳膠漆,yü1 gau1 cäk2
連掃,ling4 säu1
孖公仔,ma1 gung1 zäi2
普度眾生,pu2 du6 zung1 säng1
普渡眾生,pu2 du6 zung1 säng1
繡球,säu1 käu4
發下夢,fæk2 ha1 mung6
家長信,ga1 zöng2 säng1
油尖旺區,yäu4 zim1 wong6 kü1
量杯,löng6 bui1
老爆,läu1 bau1
龍井,lung4 zäng2
馬蹄露,ma1 täi4 lu6
生積,sæng1 zäk2
相與,söng1 yü1
粗生,cu1 sæng1
短少,düng2 siu2
貨如輪轉,fo1 yü4 läng4 züng2
領匯,läng1 wui6
射龍門,se6 lung4 mung4
盛典,säng6 ding2
華埠,wa4 fäu6
不求甚解,bäk2 käu4 säm6 gai2
不惜工本,bäk2 säk2 gung1 bung2
連片,ling4 ping1
那聲,na1 säng1
將錯就錯,zöng1 co1 zäu6 co1
縱橫交錯,zung1 wæng4 gau1 co1
別上,bik6 söng6
急降,gäp2 gong1
後生細仔,häu6 sæng1 säi1 zäi2
乳清,yü1 cäng1
望梅止渴,mong6 mui4 zi2 fuk2
作梗,zok2 gäng2
亞斯匹靈,a1 si1 päk2 läng4
亞士匹靈,a1 si6 päk2 läng4
嘔心瀝血,äu2 säm1 läk2 hük2
叉錯腳,ca1 co1 gök2
踩錯腳,cai2 co1 gök2
慘無人道,cam2 mu4 yäng4 däu6
齊射,cäi4 se6
打斧頭,da2 fu2 täu4
飛轉,fi1 züng1
輕飄,heng1 piu1
好嘔心,häu2 äu2 säm1
英皇道,yäng1 wong4 däu6
鮮卑,sing1 bi1
先睹為快,sing1 du2 wäi4 fai1
邊青,bing1 cäng1
特為,däk6 wäi6
二等兵,yi6 däng2 bäng1
楷書,kai2 sü1
吸聲,käp2 säng1
劉江華,läu4 gong1 wa4
連着,ling4 zök6
陸軍裝,luk6 gwäng1 zong1
省去,sæng2 hü1
聽開,teng1 fui1
聽住歌,teng1 zü6 go1
爭鳴,zäng1 mäng4
豬籠車,zü1 lung4 ce1
暗物質,äm1 mäk6 zäk2
波濤洶湧,bo1 täu4 hung1 yung2
車條,ce1 tiu4
燈油,däng1 yäu4
格下價,gæk2 ha1 ga1
好唔好聽,häu2 m4 häu2 teng1
二更,yi6 gæng1
預會,yü6 wui6
數支,su1 zi1
暑期班,sü2 ki4 bæng1
包金,bau1 gäm1
不二法門,bäk2 yi6 fæk2 mung4
表錯情,biu2 co1 cäng4
打打鬧鬧,da2 da2 nau6 nau6
疊字,dip6 zi6
佛都有火,fäk6 du1 yäu1 fo2
計下數,gäi1 ha1 su1
兩百萬,löng1 bæk2 mæng6
隆重其事,lung4 zung6 ki4 si6
扭虧為盈,näu2 kwäi1 wäi4 yäng4
身嬌肉貴,säng1 giu1 yuk6 gwäi1
身驕肉貴,säng1 giu1 yuk6 gwäi1
乘數表,säng4 su1 biu2
上雜,söng6 zap6
偷片,täu1 ping2
百家爭鳴,bæk2 ga1 zäng1 mäng4
打喊露,da2 ham1 lu6
負片,fu6 ping2
閣仔,gok2 zäi2
一聲不響,yäk2 säng1 bäk2 höng2
二十九,yi6 säp6 gäu2
兩碗,löng1 wung2
十二指腸,säp6 yi6 zi2 cöng4
威靈頓,wäi1 läng4 däng6
請緊人,ceng2 gäng2 yäng4
假仁假義,ga2 yäng4 ga2 yi6
官仔,gwung1 zäi2
鬼食泥,gwäi2 säk6 näi4
乳汁,yü1 zäp2
怨憤,yüng1 fäng1
晾乾,long6 gung1
恃老賣老,ci1 läu1 mai6 läu1
穿州過省,cüng1 zäu1 gwo1 sæng2
方皓玟,fong1 häu6 mäng4
飢不擇食,gi1 bäk2 zæk6 säk6
見肚,ging1 tu1
吸食毒品,käp2 säk6 duk6 bäng2
墨家,mäk6 ga1
面懵,ming6 mung2
那片,na1 ping1
省得,sæng2 däk2
食雞胸,säk6 gäi1 hung1
酸辣湯,süng1 læk6 tong1
天倫之樂,ting1 läng4 zi1 lok6
最惠國,zöi1 wäi6 gwok2
聚散,zü6 sæng1
八下,bæk2 ha1
青絲,ceng1 si1
朝陽,ciu4 yöng4
打開機,da2 fui1 gi1
地球儀,di6 käu4 yi4
多平台,do1 päng4 töi4
腹大便便,fuk2 dai6 bing6 bing6
儆惡懲奸,gäng2 ok2 cäng4 gæng1
過橋米線,gwo1 kiu4 mai1 sing1
戲班,hi1 bæng1
戲假情真,hi1 ga2 cäng4 zäng1
任達華,yäm6 dæk6 wa4
渾身上下,wäng4 säng1 söng6 ha6
集散,zap6 sæng1
載運,zöi1 wäng6
打垮,da2 kwa1
地下鐵路,di6 ha6 tik2 lu6
頂肚,däng2 tu1
頂肚癮,däng2 tu1 yäng1
欺上瞞下,hi1 söng6 mung4 ha6
紅番,hung4 fæng1
音讀,yäm1 duk6
一心二用,yäk2 säm1 yi6 yung6
沙暴,sa1 bäu6
食滯,säk6 zäi6
走青,zäu2 ceng1
拔刀相助,bäk6 däu1 söng1 zo6
打簿,da2 bu2
道統,däu6 tung2
粉墨登場,fäng2 mäk6 däng1 cöng4
扶老攜幼,fu4 läu1 kwäi4 yäu1
肛裂,gong1 lik6
乳酸菌,yü1 süng1 kwäng2
側手翻,zäk2 säu2 fæng1
青茶,ceng1 ca4
財相,cöi4 söng1
單刀橫傳,dæng1 däu1 wæng4 cüng4
驚駭,gäng1 hai1
下世投胎,ha6 säi1 täu4 töi1
幸會,häng6 wui6
李強,li1 köng4
靈灰,läng4 fui1
兩三下,löng1 sam1 ha1
那支,na1 zi1
卧底行動,ngo6 däi2 häng4 dung6
腦波,näu1 bo1
神魂顛倒,säng4 wäng4 ding1 däu2
車公廟,ce1 gung1 miu6
打一身,da2 yäk2 säng1
代代相傳,döi6 döi6 söng1 cüng4
軍民兩用,gwäng1 mäng4 löng1 yung6
蟹鉗,hai1 kim4
紅暈,hung4 wäng6
兩拳,löng1 küng4
三長兩短,sam1 cöng4 löng1 düng2
水乾,söi2 gung1
頭暈眼花,täu4 wäng4 ngæng1 fa1
推重,töi1 zung6
胎生,töi1 säng1
陶藝,täu4 ngäi6
打預,da2 yü6
拂袖而去,fäk2 zäu6 yi4 hü1
下脣,ha6 säng4
起下底,hi2 ha1 däi2
衣衫襤褸,yi1 sam1 lam4 läu1
落湯雞,lok6 tong1 gäi1
無線上網,mu4 sing1 söng1 mong1
武裝份子,mu1 zong1 fäng6 zi2
拍下拖,pæk2 ha1 to1
像話,zöng6 wa6
逼車,bäk2 ce1
表情包,biu2 cäng4 bau1
打炮,da2 pau1
梗頸四,gäng2 geng2 si1
恩平,yäng1 päng4
一念之差,yäk2 nim6 zi1 ca1
右側,yäu6 zäk2
愉景新城,yü4 gäng2 säng1 säng4
名譽掃地,mäng4 yü6 säu1 di6
士擔,si6 dam1
透下,täu1 ha1
真心話,zäng1 säm1 wa2
真心話,zäng1 säm1 wa6
八載,bæk2 zöi2
服毒,fuk6 duk6
假希望,ga2 hi1 mong6
管樂,gwung2 ngok6
行先一步,hæng4 sing1 yäk2 bu6
黑桃,häk2 täu4
麥浚龍,mæk6 zäng1 lung4
面左左,ming6 zo2 zo2
南生圍,nam4 säng1 wäi4
糯米粉,no6 mai1 fäng2
十尾,säp6 mi1
太上老君,tai1 söng6 läu1 gwäng1
標波,biu1 bo1
千分之,cing1 fäng6 zi1
打荷包,da2 ho4 bau1
救傷車,gäu1 söng1 ce1
好得多,häu2 däk2 do1
那發,na1 fæk2
食住條水,säk6 zü6 tiu4 söi2
最高等,zöi1 gäu1 däng2
蔡少芬,cöi1 siu1 fäng1
大粒麥,dai6 näp2 mæk6
丹青,dæng1 cäng1
火拼,fo2 päng1
下晏,ha6 æng1
兩股,löng1 gwu2
陶器,täu4 hi1
白白淨淨,bæk6 bæk6 zäng6 zäng6
不夜城,bäk2 ye6 säng4
茶湯,ca4 tong1
六下,luk6 ha1
武裝部,mu1 zong1 bu6
澳仔,au1 zäi2
窩打老道,wo1 da2 läu1 däu6
背默,bui6 mäk6
都冇乜,du1 mäu1 mäk2
口硬心軟,häu2 ngæng6 säm1 yüng1
開枝散葉,fui1 zi1 sæng1 yip6
好盞,häu2 zæng2
乳齒,yü1 ci2
李敏,li1 mäng1
領袖生,läng1 zäu6 säng1
兩罐,löng1 gwung1
平安紙,päng4 wung1 zi2
乘法,säng4 fæk2
掃雷,säu1 löi4
踢足球,tek2 zuk2 käu4
條痕,tiu4 häng4
兵臨城下,bäng1 läm4 säng4 ha6
從輕發落,cung4 häng1 fæk2 lok6
下下次,ha6 ha1 ci1
仰卧起坐,yöng1 ngo6 hi2 co1
惡狠狠,ok2 häng2 häng2
平素,päng4 su1
泡泡浴,päu1 päu1 yuk6
四聲,si1 säng1
陳方安生,cäng4 fong1 wung1 säng1
對話框,döi1 wa6 kwæng1
浮粉,fäu4 fäng2
鬼月,gwäi2 ngük6
下個站,ha6 go1 zam6
下齶,ha6 ngok6
虛浮,hü1 fäu4
好食懶飛,häu1 säk6 læng1 fi1
人煙稀少,yäng4 ying1 hi1 siu2
人微言輕,yäng4 mi4 ying4 häng1
肉參,yuk6 säm1
楷模,kai2 mu4
老行尊,läu1 hong4 züng1
牛尾,ngäu4 mi1
隧道費,söi6 däu6 fäi1
相食,söng1 säk6
和合石,wo4 häp6 sek6
差遣,cai1 hing2
見食,ging1 säk6
下不為例,ha6 bäk2 wäi4 läi6
號數,häu6 su1
願者上釣,yüng6 ze2 söng1 diu1
兩排,löng1 pai4
片片,ping1 ping1
死死下,si2 si2 ha1
上海街,söng6 fui2 gai1
數十名,su1 säp6 mäng4
數所,su1 so2
斜對,ce4 döi1
可以試下,ho2 yi1 si1 ha1
慷慨解囊,hong2 kwui1 gai2 nong4
人滿為患,yäng4 mung1 wäi4 wæng6
女人街,nü1 yäng4 gai1
捱更抵夜,ngai4 gæng1 däi2 ye6
水到渠成,söi2 däu1 kü4 säng4
聲母,säng1 mu1
雙槓,söng1 gong1
上村,söng6 cüng1
送貨上門,sung1 fo1 söng1 mung4
摘下,zæk6 ha6
車房仔,ce1 fong4 zäi2
長沙灣道,cöng4 sa1 wæng1 däu6
大驚失色,dai6 gäng1 säk2 säk2
頂閘,däng2 zap6
窟窿,fäk2 lung1
放下心,fong1 ha6 säm1
幾頂,gi2 deng2
見機行事,ging1 gi1 häng4 si6
鬼佬話,gwäi2 läu2 wa2
口腫面腫,häu2 zung2 ming6 zung2
楊屋道,yöng4 uk2 däu6
融會貫通,yung4 wui6 gwung1 tung1
無從稽考,mu4 cung4 käi1 hau2
務使,mu6 si2
烚熟狗頭,sap6 suk6 gäu2 täu4
煠熟狗頭,sap6 suk6 gäu2 täu4
上過水,söng6 gwo1 söi2
調解員,tiu4 gai2 yüng4
陳腔濫調,cäng4 hong1 lam1 diu6
長貧難顧,cöng4 päng4 næng4 gwu1
大班椅,dai6 bæng1 yi2
第二粒,däi6 yi6 näp2
惹埋,ye1 mai4
米餅,mai1 beng2
煤油,mui4 yäu4
每下愈況,mui1 ha6 yü6 fong1
篷車,pung4 ce1
生辰八字,sæng1 säng4 bæk2 zi6
生辰八字,säng1 säng4 bæk2 zi6
死車,si2 ce1
上海市,söng6 fui2 si1
斷碼,tüng1 ma1
湖水藍,wu4 söi2 lam4
白面書生,bæk6 ming6 sü1 säng1
悄悄話,ciu1 ciu1 wa6
打拍,da2 pæk2
彈雨,dæng6 yü1
踏車,dap6 ce1
車水馬龍,gü1 söi2 ma1 lung4
乾笑,gung1 siu1
與世長辭,yü1 säi1 cöng4 ci4
兩顆,löng1 fo2
賣剩蔗,mai6 zäng6 ze1
米通,mai1 tung1
面霜,ming6 söng1
奶黃包,nai1 wong4 bau1
眼仔碌碌,ngæng1 zäi2 luk2 luk2
泡打粉,pau1 da2 fäng2
三十二,sam1 säp6 yi6
駛車,säi2 ce1
獸行,säu1 häng6
雪糕月餅,sük2 gäu1 ngük6 beng2
太平門,tai1 päng4 mung4
暴跳如雷,bäu6 tiu1 yü4 löi4
坐過監,co1 gwo1 gam1
獨力難支,duk6 läk6 næng4 zi1
揀唔揀,gæng2 m4 gæng2
企領,ki1 leng1
量詞,löng6 ci4
抹片,muk2 ping2
踢緊波,tek2 gäng2 bo1
長通粉,cöng4 tung1 fäng2
紅簿仔,hung4 bu2 zäi2
耳仔軟,yi1 zäi2 yüng1
葉公好龍,yip6 gung1 häu1 lung4
淤塞,yü1 säk2
魚尾紋,yü4 mi1 mäng4
魚尾雲,yü4 mi1 wäng4
月經杯,ngük6 gäng1 bui1
其利斷金,ki4 li6 düng1 gäm1
老坐,läu1 co1
米王,mai1 wong4
收伏,säu1 fuk6
食奶,säk6 nai1
鮮豔,sing1 yim6
梳打餅,so1 da2 beng2
雙馬尾,söng1 ma1 mi1
上下堂,söng1 ha1 tong4
上輩子,söng6 bui1 zi2
調理農務,tiu4 li1 nung4 mu6
暈船,wäng4 süng4
班期,bæng1 ki4
包書,bau1 sü1
除數,cü4 su1
出下聲,cäk2 ha1 säng1
浮標,fäu4 biu1
飛紙仔,fi1 zi2 zäi2
健身單車,ging6 säng1 dæng1 ce1
公因數,gung1 yäng1 su1
厚多士,häu1 do1 si6
開篷車,fui1 pung4 ce1
魚翅撈飯,yü4 ci1 läu1 fæng6
李國章,li1 gwok2 zöng1
李顯龍,li1 hing2 lung4
論功行賞,läng6 gung1 häng4 söng2
老人病,läu1 yäng4 beng6
老友鬼鬼,läu1 yäu1 gwäi2 gwäi2
無風起浪,mu4 fung1 hi2 long6
無風作浪,mu4 fung1 zok2 long6
沙灘波,sa1 tæng1 bo1
窩釘,wo1 deng1
井欄,zäng2 læng4
折疊,zik2 dip6
策士,cæk2 si6
肥皂泡,fi4 zäu6 päu1
一兩點,yäk2 löng1 dim2
買兩邊,mai1 löng1 bing1
面肥,ming6 fi4
相濡以沫,söng1 yü4 yi1 muk6
八道,bæk2 däu6
肺活量,fäi1 wuk6 löng6
近水樓台,gäng6 söi2 läu4 töi4
巨著,gü6 zü1
如假包換,yü4 ga2 bau1 wung6
襟撈,käm1 läu1
惡念,ok2 nim6
睡醒,söi6 seng2
揸上手,za1 söng1 säu2
青靚,ceng1 leng1
打混,da2 wäng6
封包,fung1 bau1
油隔,yäu4 gæk2
面斥不雅,ming6 cäk2 bäk2 nga1
門仔,mung4 zäi2
寧波,näng4 bo1
雙重人格,söng1 cung4 yäng4 gæk2
執二攤,zäp2 yi6 tæng1
吱聲,zi1 säng1
八字波,bæk2 zi6 bo1
包艇,bau1 täng1
不平則鳴,bäk2 päng4 zäk2 mäng4
塵暴,cäng4 bäu6
情竇初開,cäng4 däu6 co1 fui1
打敗仗,da2 bai6 zöng1
貴姓,gwäi1 säng1
啪啪聲,pæk2 pæk2 säng1
腎上腺素,säng6 söng6 sing1 su1
死做爛做,si2 zu6 læng6 zu6
攝石人,sip2 sek6 yäng4
消解,siu1 gai2
紓壓,sü1 æk2
自治領,zi6 zi6 läng1
刻苦耐勞,hæk2 fu2 nöi6 läu4
層層疊,cäng4 cäng4 dip6
取樂,cü2 lok6
開肚,fui1 tu1
行距,hong4 kü1
鹽都,yim4 du1
兩席,löng1 zäk6
咪霸,mäi1 ba1
美夢成真,mi1 mung6 säng4 zäng1
安樂茶飯,wung1 lok6 ca4 fæng6
生滾,sæng1 gwäng2
燒包,siu1 bau1
為真,wäi4 zäng1
摘取,zæk6 cü2
曾國衞,zäng1 gwok2 wäi6
八度,bæk2 du6
波蘭人,bo1 læng4 yäng4
松柏,cung4 pæk2
傳家寶,cüng4 ga1 bäu2
副食,fu1 säk6
蜂擁而至,fung1 yung2 yi4 zi1
荷蘭人,ho4 læng4 yäng4
李梓敬,li1 zi2 gäng1
連消帶打,ling4 siu1 dai1 da2
食穀種,säk6 guk2 zung2
脊椎動物,zek2 zöi1 dung6 mäk6
墊腳,zing1 gök2
做生活,zu6 säng1 wuk6
邊下,bing1 ha1
打靶仔,da2 ba2 zäi2
第一班,däi6 yäk2 bæng1
九龍城區,gäu2 lung4 säng4 kü1
貴格,gwäi1 gæk2
石刻,sek6 häk2
思樂冰,si1 lok6 bäng1
井然,zäng2 ying4
七十二變,cäk2 säp6 yi6 bing1
青紅皂白,cäng1 hung4 zäu6 bæk6
長唔長,cöng4 m4 cöng4
向量,höng1 löng6
日全食,yäk6 cüng4 säk6
曾江,zäng1 gong1
追寶尾,zöi1 bäu2 mi1
載譽歸來,zöi1 yü6 gwäi1 löi4
拜讀,bai1 duk6
低等生物,däi1 däng2 säng1 mäk6
都拉斯,du1 lai1 si1
改簿,gwui2 bu2
顧不上,gwu1 bäk2 söng1
公仔佬,gung1 zäi2 läu2
印度佬,yäng1 du6 läu2
弄虛作假,lung6 hü1 zok2 ga2
美聲,mi1 säng1
難以啟齒,næng4 yi1 käi2 ci2
三思而行,sam1 si1 yi4 häng4
世界強國,säi1 gai1 köng4 gwok2
瑞士雞翼,söi6 si6 gäi1 yäk6
華懋,wa4 mäu6
第二劑,däi6 yi6 zäi1
各為其主,gok2 wäi6 ki4 zü2
估歌仔,gwu2 go1 zäi2
食詐餬,säk6 za1 wu4
禍從口出,wo6 cung4 häu2 cäk2
曾樂彤,zäng1 lok6 tung4
着眼於,zök6 ngæng1 yü1
反守為攻,fæng2 säu2 wäi4 gung1
放下手,fong1 ha1 säu2
一肚火,yäk2 tu1 fo2
雷公鑿,löi4 gung1 zok6
兩副,löng1 fu1
屙爛屎,o1 læng6 si2
拍卡,pæk2 kæk2
衫鈕,sam1 näu2
新冠病毒,säng1 gwung1 beng6 duk6
瞬間移動,säng1 gæng1 yi4 dung6
時刻表,si4 häk2 biu2
護花使者,wu6 fa1 si1 ze2
左右為難,zo2 yäu6 wäi4 næng4
裝甲部隊,zong1 gap2 bu6 döi6
圭亞那,gwäi1 a1 na1
打油詩,da2 yäu4 si1
乾蒸,gung1 zäng1
姑仔,gwu1 zäi2
校本,hau6 bung2
刻版,häk2 bæng2
輕熟女,häng1 suk6 nü1
嘢少,ya1 siu2
二排,yi6 pai4
溶溶爛爛,yung4 yung4 læng6 læng6
茸茸爛爛,yung4 yung4 læng6 læng6
蓉蓉爛爛,yung4 yung4 læng6 læng6
融融爛爛,yung4 yung4 læng6 læng6
老人政治,läu1 yäng4 zäng1 zi6
舞小姐,mu1 siu2 ze2
省城,sæng2 säng4
世風日下,säi1 fung1 yäk6 ha6
洲仔,zäu1 zäi2
大食懶,dai6 säk6 læng1
抵諗,däi2 näm2
滴滴仔,däk6 däk6 zäi2
解穢酒,gai2 wäi1 zäu2
掛職,gwa1 zäk2
行公司,hæng4 gung1 si1
旅行家,lü1 hæng4 ga1
樂道,lok6 däu6
免費搭車,ming1 fäi1 dap2 ce1
拍下片,pæk2 ha1 ping2
衫袋,sam1 döi6
受降,säu6 hong4
總掣,zung2 zäi1
長期飯票,cöng4 ki4 fæng6 piu1
倒轉頭,däu1 züng1 täu4
交易者,gau1 yäk6 ze2
辱華,yuk6 wa4
冇種,mäu1 zung2
每班,mui1 bæng1
那台,na1 töi4
山難,sæng1 næng6
勢成水火,säi1 säng4 söi2 fo2
神經衰弱,säng4 gäng1 söi1 yök6
數不盡,su2 bäk2 zäng6
絕對零度,zük6 döi1 läng4 du6
屏息靜氣,bäng2 säk2 zäng6 hi1
波羅蜜,bo1 lo4 mäk6
波迷,bo1 mäi4
坐移民監,co1 yi4 mäng4 gam1
乾枯,gung1 fu1
過下癮,gwo1 ha1 yäng1
喺唔喺度,häi2 m4 häi2 du6
海鮮醬,fui2 sing1 zöng1
二號橋,yi6 häu6 kiu4
嚴唔嚴重,yim4 m4 yim4 zung6
燕麥片,ying1 mæk6 ping2
燕尾服,ying1 mi1 fuk6
袁國強,yüng4 gwok2 köng4
月全食,ngük6 cüng4 säk6
靈寶,läng4 bäu2
那部,na1 bu6
硬橋硬馬,ngæng6 kiu4 ngæng6 ma1
硬馬硬橋,ngæng6 ma1 ngæng6 kiu4
安分守己,wung1 fäng6 säu2 gi2
散手,sæng2 säu2
射龜,se6 gwäi1
霜降,söng1 gong1
精巧,zäng1 hau2
朝思暮想,ziu1 si1 mu6 söng2
巴士飛,ba1 si2 fi1
擦背,cæk2 bui1
侵食,cäm1 säk6
兜風耳,däu1 fung1 yi1
頂檔,däng2 dong1
頂當,däng2 dong1
倒鈎,däu2 ngäu1
毒資,duk6 zi1
官仔骨骨,gwung1 zäi2 gwäk2 gwäk2
好好天,häu2 häu2 ting1
羊城,yöng4 säng4
稽考,käi1 hau2
面目模糊,ming6 muk6 mu4 wu4
那塊,na1 fai1
生態系,säng1 tai1 häi6
食色,säk6 säk2
想試下,söng2 si1 ha1
即時傳譯,zik2 si4 cüng4 yäk6
掌相,zöng2 söng1
豬肉乾,zü1 yuk6 gung1
比薩斜塔,bi2 sæk2 ce4 tap2
碧波,bäk2 bo1
七十二,cäk2 säp6 yi6
青綠色,ceng1 luk6 säk2
彈叉,dæng6 ca1
疊埋心水,dip6 mai4 säm1 söi2
兩片,löng1 ping1
五間,ng1 gæng1
斷奶,tüng1 nai1
抓舉,zau2 gü2
井然有序,zäng2 ying4 yäu1 zü6
轉船,züng2 süng4
齊頭數,cäi4 täu4 su1
重操故業,cung4 cäu1 gwu1 yip6
打下卡,da2 ha1 kæk2
抌春,däm2 cäng1
言出必行,ying4 cäk2 bik2 häng4
藥片,yök6 ping2
月兔,ngük6 tu1
兩程,löng1 cäng4
那方,na1 fong1
捱生捱死,ngai4 sæng1 ngai4 si2
片石,ping2 sek6
平調,päng4 diu6
掃管笏,säu1 gwung2 fäk2
數條,su1 tiu4
陶大宇,täu4 dai6 yü1
幻燈片,wæng6 däng1 ping2
會德豐,wui6 däk2 fung1
成班,seng4 bæng1
成班,säng4 bæng1
青山道,cäng1 sæng1 däu6
浮萍,fäu4 päng4
歡樂時光,fung1 lok6 si4 gwong1
故弄,gwu1 lung6
公唔公平,gung1 m4 gung1 päng4
利錢,li6 cing4
萬載,mæng6 zöi2
面面俱圓,ming6 ming6 kü1 yüng4
那套,na1 täu1
四大名著,si1 dai6 mäng4 zü1
水蛇春咁長,söi2 se4 cäng1 gäm1 cöng4
太平公主,tai1 päng4 gung1 zü2
圍頭話,wäi4 täu4 wa2
集腋成裘,zap6 yäk6 säng4 käu4
壓埋,æk2 mai4
榜上無名,bong2 söng6 mu4 mäng4
車衣,ce1 yi1
第二架,däi6 yi6 ga1
麩質,fu1 zäk2
副食品,fu1 säk6 bäng2
解剖室,gai2 fäu2 säk2
易守難攻,yi6 säu2 næng4 gung1
兩台,löng1 töi4
麥美恩,mæk6 mi1 yäng1
平年,päng4 ning4
食完嘢,säk6 yüng4 ya1
數服,su1 fuk6
數根,su1 gäng1
數據機,su1 gü1 gi1
土話,tu2 wa2
活靈活現,wuk6 läng4 wuk6 ying6
曾偉雄,zäng1 wäi1 hung4
着眼點,zök6 ngæng1 dim2
陳國強,cäng4 gwok2 köng4
打完波,da2 yüng4 bo1
各不相讓,gok2 bäk2 söng1 yöng6
江湖大佬,gong1 wu4 dai6 läu2
窿窿,lung1 lung1
硬逼,ngæng6 bäk2
惡疾,ok2 zäk6
曬衫,sai1 sam1
十月懷胎,säp6 ngük6 wai4 töi1
死剩把口,si2 zäng6 ba2 häu2
死淨把口,si2 zäng6 ba2 häu2
食仔,säk6 zäi2
掃風,säu1 fung1
數據流,su1 gü1 läu4
宣傳教育,süng1 cüng4 gäu1 yuk6
土崩瓦解,tu2 bäng1 nga1 gai2
不來梅,bäk2 löi4 mui4
坐完監,co1 yüng4 gam1
電荷,ding6 ho6
頂頭上司,däng2 täu4 söng6 si1
多士爐,do1 si2 lu4
建生,ging1 säng1
驚濤,gäng1 täu4
講鬼話,gong2 gwäi2 wa2
乞食科,häk2 säk6 fo1
日偏食,yäk6 ping1 säk6
乳交,yü1 gau1
強有力,köng4 yäu1 läk6
咩班,me1 bæng1
外來物種,wui6 löi4 mäk6 zung2
拍爛檔,pæk2 læng6 dong1
拍硬檔,pæk2 ngæng6 dong1
陪都,pui4 du1
深省,säm1 säng2
話名,wa6 mäng4
自食惡果,zi6 säk6 ok2 gwo2
坐禪,zo6 sim4
彈射器,dæng6 se6 hi1
化險為夷,fa1 him2 wäi4 yi4
非分之想,fi1 fäng6 zi1 söng2
康華,hong1 wa4
豪強,häu4 köng4
人強馬壯,yäng4 köng4 ma1 zong1
爛地,læng6 di6
凹凹凸凸,näp2 näp2 däk6 däk6
凹凹突突,näp2 näp2 däk6 däk6
平輩,päng4 bui1
散架,sæng2 ga1
散下步,sæng1 ha1 bu6
神經系統,säng4 gäng1 häi6 tung2
生死籤,säng1 si2 cim1
轉頭見,züng2 täu4 ging1
車衫,ce1 sam1
錢嘉樂,cing4 ga1 lok6
打完風,da2 yüng4 fung1
兜搭,däu1 dap2
頂證,däng2 zäng1
覆水難收,fuk2 söi2 næng4 säu1
後真相,häu6 zäng1 söng1
人生贏家,yäng4 säng1 yeng4 ga1
又上又落,yäu6 söng1 yäu6 lok6
李漢,li1 fung1
聊下,liu4 ha1
平聲,päng4 säng1
十種,säp6 zung2
失覺,säk2 gok2
士族,si6 zuk6
踢過波,tek2 gwo1 bo1
壞分子,wai6 fäng6 zi2
和稀泥,wo4 hi1 näi4
活道,wuk6 däu6
疾風勁草,zäk6 fung1 gäng6 cäu2
鑽窿,züng1 lung1
班導,bæng1 däu6
並架齊驅,bäng6 ga1 cäi4 kü1
並駕齊驅,bäng6 ga1 cäi4 kü1
循道,cäng4 däu6
釘裝,deng1 zong1
勁頭,gäng6 täu4
乾鮑,gung1 bau1
輪大米,läng4 dai6 mai1
男拔,nam4 bäk6
女英,nü1 yäng1
手硬,säu2 ngæng6
食過屎,säk6 gwo1 si2
數度,su1 du6
探聽,tam1 täng1
斬下眼就,zam2 ha1 ngæng1 zäu6
裝釘,zong1 deng1
啤啤熊,be1 be1 hung4
清水灣道,cäng1 söi2 wæng1 däu6
重訓,cung1 fäng1
第二班,däi6 yi6 bæng1
定乜,däng6 mäk2
丟下,diu1 ha6
化敵為友,fa1 däk6 wäi4 yäu1
警暴,gäng2 bäu6
腳步浮浮,gök2 bu6 fäu4 fäu4
倚仗,yi2 zöng6
買餸車,mai1 sung1 ce1
磨刀石,mo4 däu1 sek6
無所作為,mu4 so2 zok2 wäi4
譬如話,pi1 yü4 wa6
條針,tiu4 zäm1
拖下手,to1 ha1 säu2
張保仔洞,zöng1 bäu2 zäi2 dung6
黐孖筋,ci1 ma1 gäng1
忿忿不平,fäng1 fäng1 bäk2 päng4
金華,gäm1 wa4
二億,yi6 yäk2
兩三粒,löng1 sam1 näp2
拼寫,päng1 se2
生而平等,säng1 yi4 päng4 däng2
消聲,siu1 säng1
乍看之下,za1 fung1 zi1 ha6
墜手,zöi6 säu2
裝傻,zong1 so4
炒貴刁,cau2 gwäi1 diu1
打回原形,da2 wui4 yüng4 yäng4
倒及牙,däu1 käp6 nga4
余香凝,yü4 höng1 yäng4
靈符,läng4 fu4
落過仔,lok6 gwo1 zäi2
十二萬,säp6 yi6 mæng6
書齋,sü1 zai1
側膊,zäk2 bok2
不貴,bäk2 gwäi1
請飲茶,ceng2 yäm2 ca4
除笨有精,cü4 bäng6 yäu1 zeng1
彈道飛彈,dæng6 däu6 fi1 dæng6
減下肥,gam2 ha1 fi4
空心老倌,hung1 säm1 läu1 gwung1
空心老棺,hung1 säm1 läu1 gwung1
兩題,löng1 täi4
望天打卦,mong6 ting1 da2 gwa1
每打,mui1 da1
省鏡,sæng2 geng1
水牛芝士,söi2 ngäu4 zi1 si2
上輩,söng6 bui1
精忠報國,zäng1 zung1 bäu1 gwok2
整整下,zäng2 zäng2 ha1
做磨心,zu6 mo4 säm1
頂酒,däng2 zäu2
估唔估,gwu2 m4 gwu2
響尾蛇,höng2 mi1 se4
留種,läu4 zung2
兩三條,löng1 sam1 tiu4
龍爭虎鬥,lung4 zäng1 fu2 däu1
五種,ng1 zung2
年輕力壯,ning4 häng1 läk6 zong1
死仔包,si2 zäi2 bau1
揸開車,za1 fui1 ce1
坐唔坐,zo6 m4 zo6
出洋相,cäk2 yöng4 söng1
打鼻鼾,da2 bi6 fung4
底線傳中,däi2 sing1 cüng4 zung1
急於求成,gäp2 yü1 käu4 säng4
乾煎,gung1 zing1
行事曆,häng4 si6 läk6
好矇,häu2 mung4
好主意,häu2 zü2 yi1
嫌命長,yim4 mäng6 cöng4
領銜主演,läng1 ham4 zü2 ying2
面面觀,ming6 ming6 gwung1
破涕為笑,po1 täi1 wäi4 siu1
四腳朝天,si1 gök2 ciu4 ting1
食過飯,säk6 gwo1 fæng6
捉蛇,zuk2 se4
靈魂深處,läng4 wäng4 säm1 cü1
本地話,bung2 di6 wa2
陳樂,cäng4 lok6
長炮,cöng4 pau1
傳家之寶,cüng4 ga1 zi1 bäu2
打下波,da2 ha1 bo1
大頭針,dai6 täu4 zäm1
家傳之寶,ga1 cüng4 zi1 bäu2
隔山打牛,gæk2 sæng1 da2 ngäu4
幾道,gi2 däu6
掛鐘,gwa1 zung1
好眉好貌,häu2 mi4 häu2 mau6
異相,yi6 söng1
兩家茶禮,löng1 ga1 ca4 läi1
兩艘,löng1 säu2
兩袖清風,löng1 zäu6 cäng1 fung1
孭仔燈,me1 zäi2 däng1
女皇頭,nü1 wong4 täu4
三五成羣,sam1 ng1 säng4 kwäng4
生菜魚肉,sæng1 cöi1 yü4 yuk6
天下無雙,ting1 ha6 mu4 söng1
陀仔,to4 zäi2
斷句,tüng1 gü1
焦土政策,ziu1 tu2 zäng1 cæk2
豬柳強,zü1 läu1 köng4
長久以來,cöng4 gäu2 yi1 löi4
打得少,da2 däk2 siu2
第二本,däi6 yi6 bung2
第二幅,däi6 yi6 fuk2
苦口苦面,fu2 häu2 fu2 ming6
虎口虎面,fu2 häu2 fu2 ming6
乾手機,gung1 säu2 gi1
公共汽車,gung1 gung6 hi1 ce1
掛彩,gwa1 cöi2
閏月,yäng6 ngük6
雷厲風行,löi4 läi6 fung1 häng4
兩匹,löng1 päk2
牛柏葉,ngäu4 pæk2 yip6
盤坐,pung4 co1
數記,su1 gi1
青提,ceng1 täi4
初級班,co1 käp2 bæng1
場數,cöng4 su1
打板,da2 bæng2
東角道,dung1 gok2 däu6
一百二十,yäk2 bæk2 yi6 säp6
二等公民,yi6 däng2 gung1 mäng4
二人三足,yi6 yäng4 sam1 zuk2
用不着,yung6 bäk2 zök6
如坐針氈,yü4 zo6 zäm1 zing1
級差,käp2 ca1
靈丹妙藥,läng4 dæng1 miu6 yök6
樂極生悲,lok6 gik6 säng1 bi1
萌塞,mäng4 säk2
那顆,na1 fo2
生態系統,säng1 tai1 häi6 tung2
食蟻獸,säk6 ngäi1 säu1
雙月,söng1 ngük6
作惡多端,zok2 ok2 do1 düng1
轉瞬間,züng2 säng1 gæng1
刻寫,hæk2 se2
波特蘭,bo1 däk6 læng4
葱油,cung1 yäu4
打得慢,da2 däk2 mæng6
打唔打針,da2 m4 da2 zäm1
度量衡,du6 löng6 häng4
赴湯蹈火,fu6 tong1 däu6 fo2
感光度,gäm2 gwong1 du6
英雄好漢,yäng1 hung4 häu2 fung1
螺絲釘,lo4 si1 deng1
老虔婆,läu1 king4 po4
片車,ping2 ce1
平底鞋,päng4 däi2 hai4
散席,sæng1 zäk6
先聲奪人,sing1 säng1 dük6 yäng4
消聲匿跡,siu1 säng1 näk1 zäk2
銷聲匿跡,siu1 säng1 näk1 zäk2
着涼,zök6 löng4
搬弄是非,bung1 lung6 si6 fi1
齊腳,cäi4 gök2
取下暖,cü2 ha1 nüng1
傳染源,cüng4 yim1 yüng4
打完仗,da2 yüng4 zöng1
都淨係,du1 zäng6 häi6
苦瓜乾,fu2 gwa1 gung1
揀中,gæng2 zung1
紅褲仔,hung4 fu1 zäi2
日記簿,yäk6 gi1 bu2
面熟,ming6 suk6
那副,na1 fu1
西裝骨骨,säi1 zong1 gwäk2 gwäk2
食過世,säk6 gwo1 säi1
太子道西,tai1 zi2 däu6 säi1
早走早着,zäu2 zäu2 zäu2 zök6
轉堂,züng1 tong4
長驅直入,cöng4 kü1 zäk6 yäp6
葱油餅,cung1 yäu4 beng2
犯毒,fæng6 duk6
風馳電掣,fung1 ci4 ding6 zäi1
康莊大道,hong1 zong1 dai6 däu6
二撇雞,yi6 pik2 gäi1
企響度,ki1 höng2 du6
拎包,läng1 bau1
領洗,läng1 säi2
兩三倍,löng1 sam1 pui1
老當益壯,läu1 dong1 yäk2 zong1
六面,luk6 ming6
冇課,mäu1 fo1
牛仔裙,ngäu4 zäi2 kwäng4
洗個面,säi2 go1 ming6
相形見絀,söng1 yäng4 ging1 zük2
童生,tung4 säng1
曾比特,zäng1 bi2 däk6
自行了斷,zi6 häng4 liu1 düng6
轉文,züng2 mäng4
這間,ze1 gæng1
壓歲錢,æk2 söi1 cing4
青醬,cäng1 zöng1
打完卡,da2 yüng4 kæk2
大有作為,dai6 yäu1 zok2 wäi4
大潭,dai6 tam4
間封,gæng1 fung1
剛啱,gong1 ngam1
一聲不吭,yäk2 säng1 bäk2 häng1
奇裝異服,ki4 zong1 yi6 fuk6
留傳,läu4 cüng4
李百全,li1 bæk2 cüng4
咬痕,ngau1 häng4
憑弔,päng4 diu1
拚搏,pung1 bok2
蛇宴,se4 ying1
私人醒,si1 yäng4 säng2
掃把腳,säu1 ba2 gök2
紙錢,zi2 cing4
調兵遣將,diu6 bäng1 hing2 zöng1
斷魂,düng1 wäng4
瞓地下,fäng1 di6 ha6
呱呱嘈,gwa1 gwa1 cäu4
陰陽相隔,yäm1 yöng4 söng1 gæk2
人都癲,yäng4 du1 ding1
有限度,yäu1 hæng6 du6
野種,ye1 zung2
留下言,läu4 ha1 ying4
靈塔,läng4 tap2
老虎堂,läu1 fu2 tong4
老公公,läu1 gung1 gung1
萬里長征,mæng6 li1 cöng4 zäng1
啱夠,ngam1 gäu1
生花柳,sæng1 fa1 läu1
食宵,säk6 siu1
上過堂,söng1 gwo1 tong4
數典忘祖,su2 ding2 mong4 zu2
數行,su1 hong4
燙衫,tong1 sam1
旺角道,wong6 gok2 däu6
打丁,da2 däng1
超級月亮,ciu1 käp2 ngük6 löng6
重試,cung4 si1
戴着,dai1 zök6
頂爺,däng2 ye4
雞數,gäi1 su1
狂蜂浪蝶,kwong4 fung1 long6 dip6
蓮蓉包,ling4 yung4 bau1
聊天記錄,liu4 ting1 gi1 luk6
望月樓,mong6 ngük6 läu4
平光鏡,päng4 gwong1 geng1
山林道,sæng1 läm4 däu6
神學士,säng4 hok6 si6
瑞和街,söi6 wo4 gai1
鮮乳,sing1 yü1
摘自,zæk6 zi6
俗話,zuk6 wa6
八面威風,bæk2 ming6 wäi1 fung1
波子汽水,bo1 zi2 hi1 söi2
塞外,cöi1 wui6
寸勁,cüng1 gäng6
東薈城,dung1 wäi1 säng4
枯乾,fu1 gung1
伏虎,fuk6 fu2
解元,gai2 yüng4
隔夜仇,gæk2 ye6 säu4
黑面神,häk2 ming6 säng4
核裂變,häk6 lik6 bing1
印度神油,yäng1 du6 säng4 yäu4
人靚聲甜,yäng4 leng1 säng1 tim4
冚被,käm2 pi1
傾國傾城,käng1 gwok2 käng1 säng4
強鹼,köng4 gæng2
劉業強,läu4 yip6 köng4
連道,ling4 däu6
兩腳一伸,löng1 gök2 yäk2 säng1
老鼠貨,läu1 sü2 fo1
母憑子貴,mu1 päng4 zi2 gwäi1
腦裝屎,näu1 zong1 si2
平陰,päng4 yäm1
神經毒素,säng4 gäng1 duk6 su1
生命跡象,säng1 mäng6 zäk2 zöng6
揸數,za1 su1
擇使,zæk6 säi2
粘米粉,zim1 mai1 fäng2
傳播媒介,cüng4 bo1 mui4 gai1
膽生毛,dam2 sæng1 mäu4
孤掌難鳴,gwu1 zöng2 næng4 mäng4
行使職權,häng4 säi2 zäk2 küng4
擁立,yung2 läp6
荔枝角道,läi6 zi1 gok2 däu6
那面,na1 ming6
評話,päng4 wa6
三催四請,sam1 cöi1 si1 ceng2
十成九,säp6 säng4 gäu2
挑食,tiu1 säk6
調停者,tiu4 täng4 ze2
就以為,zäu6 yi1 wäi4
鄭少秋,zäng6 siu1 cäu1
坐食山崩,zo6 säk6 sæng1 bäng1
都贏,du1 yeng4
叱吒風雲,cäk2 cak2 fung1 wäng4
第三聲,däi6 sam1 säng1
調性,diu6 säng1
獨仔,duk6 zäi2
東港城,dung1 gong2 säng4
短命種,düng2 mäng6 zung2
福建省,fuk2 ging1 sæng2
肌肉注射,gi1 yuk6 zü1 se6
掛旗,gwa1 ki4
廣府話,gwong2 fu2 wa2
吃水,hek2 söi2
引以為榮,yäng1 yi1 wäi4 wäng4
油頭粉面,yäu4 täu4 fäng2 ming6
扔下,yäng4 ha6
襟聽,käm1 teng1
立時間,läp6 si4 gæng1
兩截色,löng1 zik6 säk2
老年痴呆,läu1 ning4 ci1 wui4
無線電波,mu4 sing1 ding6 bo1
冇命,mäu1 mäng6
扭耳仔,näu2 yi1 zäi2
銀針粉,ngäng4 zäm1 fäng2
年輕有為,ning4 häng1 yäu1 wäi4
散渙,sæng2 wung6
生膠,sæng1 gau1
修讀,säu1 duk6
蛇足,se4 zuk2
成人之美,säng4 yäng4 zi1 mi1
數百名,su1 bæk2 mäng4
踢開波,tek2 fui1 bo1
推度,töi1 dok6
湯川,tong1 cüng1
華英,wa4 yäng1
玩話,wung6 wa6
中上級,zung1 söng6 käp2
煲老藕,bäu1 läu1 ngäu1
踩波車,cai2 bo1 ce1
產科醫生,cæng2 fo1 yi1 säng1
打跑,da2 pau2
廢話少講,fäi1 wa2 siu2 gong2
康生,hong1 säng1
一體兩面,yäk2 täi2 löng1 ming6
乳罩,yü1 zau1
孭仔,me1 zäi2
平方公尺,päng4 fong1 gung1 cek2
捨己為人,se2 gi2 wäi6 yäng4
死賤種,si2 zing6 zung2
上水廣場,söng6 söi2 gwong2 cöng4
貼仔,tip2 zäi2
走漏風聲,zäu2 läu6 fung1 säng1
象拔,zöng6 bäk6
終生伴侶,zung1 säng1 bung6 lü1
限時限刻,hæng6 si4 hæng6 hæk2
參看,cam1 fung1
清玩,cäng1 wung6
單身貴族,dæng1 säng1 gwäi1 zuk6
金鐘道,gäm1 zung1 däu6
刻苦耐勞,häk2 fu2 nöi6 läu4
虛數,hü1 su1
開源道,fui1 yüng4 däu6
一兩樣,yäk2 löng1 yöng6
油麥菜,yäu4 mæk6 cöi1
耳仔邊,yi1 zäi2 bing1
禮拜尾,läi1 bai1 mi1
梨園,li4 yüng4
兩千萬,löng1 cing1 mæng6
龍精虎猛,lung4 zäng1 fu2 mæng1
奶油多,nai1 yäu4 do1
女體盛,nü1 täi2 säng6
五度,ng1 du6
眼肚,ngæng1 tu1
硬筆,ngæng6 bäk2
奧斯汀,äu1 si1 däng1
數方,su1 fong1
真道,zäng1 däu6
上便有,söng6 bing6 yäu1
邊塞,bing1 cöi1
長堤,cöng4 täi4
打濕,da2 säp2
斷頸,düng6 geng2
廢寢忘食,fäi1 cäm2 mong4 säk6
福井,fuk2 zäng2
解放組織,gai2 fong1 zu2 zäk2
解囊,gai2 nong4
工業學校,gung1 yip6 hok6 hau6
貴幾多,gwäi1 gi2 do1
喜樂,hi2 lok6
玲瓏浮凸,läng4 lung4 fäu4 däk6
玲瓏浮突,läng4 lung4 fäu4 däk6
兩三句,löng1 sam1 gü1
兩箱,löng1 söng1
媽叉,ma1 ca1
盲仔,mæng4 zäi2
美樂,mi1 lok6
蛇島,se4 däu2
士紳,si6 säng1
食塞米,säk6 säk2 mai1
位子,wäi6 zi2
雲貴川,wäng4 gwäi1 cüng1
芭樂,ba1 lok6
翠湖,cöi1 wu4
青苗,cäng1 miu4
傳心術,cüng4 säm1 säk6
第一滴,däi6 yäk2 däk6
冬月,dung1 ngük6
拷打,hau1 da2
好感度,häu2 gäm2 du6
陰核,yäm1 häk6
憂柴憂米,yäu1 cai4 yäu1 mai1
兩打,löng1 da1
老妨,läu1 fong4
那堆,na1 döi1
散花,sæng1 fa1
煞掣,sæk2 zäi1
心驚膽跳,säm1 geng1 dam2 tiu1
食到盡,säk6 däu1 zäng6
攝入去,sip2 yäp6 hü1
聽緊歌,teng1 gäng2 go1
艇家,täng1 ga1
跳舞機,tiu1 mu1 gi1
華御結,wa4 yü6 gik2
遵行,zäng1 häng4
坐井觀天,zo6 zäng2 gwung1 ting1
豬仔包,zü1 zäi2 bau1
長短週,cöng4 düng2 zäu1
打橫放,da2 wæng4 fong1
大老爺,dai6 läu1 ye4
大眾汽車,dai6 zung1 hi1 ce1
達卡,dæk6 ka1
毒龍鑽,duk6 lung4 züng1
富士蘋果,fu1 si6 päng4 gwo2
嗰頭近,go2 täu4 käng1
滾瓜爛熟,gwäng2 gwa1 læng6 suk6
河豚毒素,ho4 tüng4 duk6 su1
紅湯,hung4 tong1
一兩套,yäk2 löng1 täu1
領嘢,leng1 ya1
那所,na1 so2
啱唔啱用,ngam1 m4 ngam1 yung6
泡澡,pau1 cäu1
生借,sæng1 ze1
數股,su1 gwu2
數排,su1 pai4
爭口氣,zäng1 häu2 hi1
爭一口氣,zäng1 yäk2 häu2 hi1
政治舞台,zäng1 zi6 mu1 töi4
做盛行,zu6 säng6 hong4
食開屎,säk6 fui1 si2
半真半假,bung1 zäng1 bung1 ga2
湊下,cäu1 ha1
出口成文,cäk2 häu2 säng4 mäng4
稱霸全球,cäng1 ba1 cüng4 käu4
翻側,fæng1 zäk2
剖腹生產,fäu2 fuk2 säng1 cæng2
街井,gai1 zäng2
谷針,guk2 zäm1
含沙射影,häm4 sa1 se6 yäng2
印尼話,yäng1 ni4 wa2
腰酸背痛,yiu1 süng1 bui1 tung1
犁庭掃穴,läi4 täng4 säu1 yük6
麥穗,mæk6 söi6
太平間,tai1 päng4 gæng1
長男,zöng2 nam4
中央空調,zung1 yöng1 hung1 tiu4
轉性,züng2 säng1
扑頭黨,bok2 täu4 dong2
長傾,cöng4 käng1
長治,cöng4 zi6
化繁為簡,fa1 fæng4 wäi4 gæng2
國會制,gwok2 wui6 zäi1
寒窗苦讀,fung4 cöng1 fu2 duk6
一言為定,yäk2 ying4 wäi4 däng6
一面屁,yäk2 ming6 pi1
靚抽,leng1 cäu1
憐香惜玉,ling4 höng1 säk2 yuk6
老鴇,läu1 bäu2
六道輪迴,luk6 däu6 läng4 wui4
牛仔片,ngäu4 zäi2 ping2
瑞士汁,söi6 si6 zäp2
攝電,sip2 ding6
燒腩仔,siu1 nam1 zäi2
踢完波,tek2 yüng4 bo1
波波頭,bo1 bo1 täu4
恃強凌弱,ci1 köng4 läng4 yök6
錢大媽,cing4 dai6 ma1
打錯電話,da2 co1 ding6 wa2
風調雨順,fung1 tiu4 yü1 säng6
敢作敢為,gäm2 zok2 gäm2 wäi4
更代,gäng1 döi6
公仔書,gung1 zäi2 sü1
一掛,yäk2 gwa1
劉少奇,läu4 siu1 ki4
李華明,li1 wa4 mäng4
李永達,li1 wäng1 dæk6
兩端,löng1 düng1
萬年油,mæng6 ning4 yäu4
十幾間,säp6 gi2 gæng1
修行人,säu1 häng6 yäng4
四打,si1 da1
上牀,söng1 cong4
招請,ziu1 cäng2
蔣經國,zöng2 gäng1 gwok2
波恩,bo1 yäng1
半工讀,bung1 gung1 duk6
拆爛,cæk2 læng6
重口,cung1 häu2
第一道,däi6 yäk2 däu6
點豉油,dim2 si6 yäu4
道姑,däu6 gwu1
風度翩翩,fung1 du6 ping1 ping1
共同綱領,gung6 tung4 gong1 läng1
鬼畫符,gwäi2 wæk6 fu4
虛情假意,hü1 cäng4 ga2 yi1
那團,na1 tüng4
女管家,nü1 gwung2 ga1
帕斯卡,pæk2 si1 ka1
生得靚仔,sæng1 däk2 leng1 zäi2
新華日報,säng1 wa4 yäk6 bäu1
生理性,säng1 li1 säng1
城門水塘,säng4 mung4 söi2 tong4
成雙成對,säng4 söng1 säng4 döi1
數十個,su1 säp6 go1
熟客仔,suk6 hæk2 zäi2
添美道,tim1 mi1 däu6
摘名,zæk6 mäng4
集散地,zap6 sæng1 di6
謝天華,ze6 ting1 wa4
八間,bæk2 gæng1
包書膠,bau1 sü1 gau1
獨輪車,duk6 läng4 ce1
飛尾,fi1 mi1
飛沫傳染,fi1 muk6 cüng4 yim1
角鬥士,gok2 däu1 si6
乾柴烈火,gung1 cai4 lik6 fo2
掛唔掛,gwa1 m4 gwa1
恨錯,häng6 co1
吃到飽,hek2 däu1 bau2
河南省,ho4 nam4 sæng2
任重道遠,yäm6 zung6 däu6 yüng1
一凹一凸,yäk2 näp2 yäk2 däk6
熱核,ngik6 häk6
揭載,gik2 zöi1
曲調,kuk2 diu6
列車員,lik6 ce1 yüng4
孖襟,ma1 käm1
麥當當,mæk6 dong1 dong1
四靈,si1 läng4
梳打埠,so1 da2 fäu6
宣道,süng1 däu6
湯唯,tong1 wäi4
精叻,zeng1 lek2
浙江省,zik2 gong1 sæng2
這番,ze1 fæng1
剩係得,zäng6 häi6 däk2
啤殼,be1 hok2
邊便,bing1 bing6
參悟,cam1 ng6
菜乾,cöi1 gung1
發胖,fæk2 bung6
放下負,fong1 ha1 fu6
梗頸,gäng2 geng2
健球,ging6 käu4
光量,gwong1 löng6
棄車保帥,hi1 gü1 bäu2 söi1
遊手好閒,yäu4 säu2 häu1 hæng4
姨甥仔,yi4 säng1 zäi2
難逃一劫,næng4 täu4 yäk2 gip2
洗耳恭聽,säi2 yi1 gung1 täng1
失蹄,säk2 täi4
數把,su1 ba2
數家,su1 ga1
數倍,su1 pui1
和平條約,wo4 päng4 tiu4 yök2
黃六醫生,wong4 luk6 yi1 säng1
黃綠醫生,wong4 luk6 yi1 säng1
聚沙成塔,zü6 sa1 säng4 tap2
親生骨肉,cäng1 sæng1 gwäk2 yuk6
七月一號,cäk2 ngük6 yäk2 häu6
扯大纜,ce2 dai6 lam6
第二排,däi6 yi6 pai4
東亞銀行,dung1 a1 ngäng4 hong4
揀手,gæng2 säu2
官老爺,gwung1 läu1 ye4
河鮮,ho4 sing1
荷載,ho6 zöi1
開便,fui1 bing6
康樂園,hong1 lok6 yüng4
血壓計,hük2 æk2 gäi1
搖尾乞憐,yiu4 mi1 häk2 ling4
兩個轆,löng1 go1 luk2
米田共,mai1 ting4 gung6
蒙難,mung4 næng6
五打,ng1 da1
眼挑針,ngæng1 tiu1 zäm1
沙嶺,sa1 leng1
生僻,sæng1 päk2
聲韻,säng1 wäng1
盛景,säng6 gäng2
歎下,tæng1 ha1
抬槓,töi4 gong1
揸緊車,za1 gäng2 ce1
早上好,zäu2 söng6 häu2
尊位,züng1 wäi6
歐陽震華,äu1 yöng4 zäng1 wa4
差一皮,ca1 yäk2 pi4
大小通吃,dai6 siu2 tung1 hek2
鬥牛士,däu1 ngäu4 si6
反人道罪,fæng2 yäng4 däu6 zöi6
京士柏,gäng1 si6 pæk2
經緯度,gäng1 wäi1 du6
黑米,häk2 mai1
起釘,hi2 deng1
乳尖,yü1 zim1
琅琅上口,long4 long4 söng1 häu2
朗朗上口,long1 long1 söng1 häu2
麥玲玲,mæk6 läng4 läng4
女兒紅,nü1 yi4 hung4
碰硬,pung1 ngæng6
參孫,säm1 süng1
收下息,säu1 ha1 säk2
瑞士卷,söi6 si6 güng2
瑞士捲,söi6 si6 güng2
誠惶誠恐,säng4 wong4 säng4 hung2
數發,su1 fæk2
畫圓,wæk6 yüng4
蚱蜢,za1 mæng2
仔爺,zäi2 ye4
濁親,zuk6 cäng1
無以為報,mu4 yi1 wäi4 bäu1
這片,ze1 ping1
班代表,bæng1 döi6 biu2
冰片,bäng1 ping1
超經驗,ciu1 gäng1 yim6
長牙,cöng4 nga4
大河道,dai6 ho4 däu6
釘書釘,deng1 sü1 deng1
電燈泡,ding6 däng1 pau1
頂角,däng2 gok2
堵車,du2 ce1
倒戈相向,däu2 gwo1 söng1 höng1
浮木,fäu4 muk6
放下假,fong1 ha1 ga1
虎背熊腰,fu2 bui1 hung4 yiu1
加士居道,ga1 si6 gü1 däu6
講講下,gong2 gong2 ha1
高行,gäu1 häng4
公主道,gung1 zü2 däu6
頤指氣使,yi4 zi2 hi1 si2
簷下,yim4 ha6
籃板球,lam4 bæng2 käu4
李國麟,li1 gwok2 läng4
論爭,läng6 zäng1
兩毫,löng1 häu4
老波骨,läu1 bo1 gwäk2
女拔,nü1 bäk6
平快,päng4 fai1
山打根,sæng1 da2 gäng1
生娘,sæng1 nöng4
心硬,säm1 ngæng6
相補,söng1 bu2
蘇玉華,su1 yuk6 wa4
頭殼頂,täu4 hok2 deng2
斷米路,tüng1 mai1 lu6
準繩度,zäng2 säng4 du6
顫聲,zing1 säng1
這班,ze1 bæng1
拗直,au2 zäk6
百夫長,bæk2 fu1 zöng2
拔苗助長,bäk6 miu4 zo6 zöng2
變量,bing1 löng6
打地鋪,da2 di6 pu1
打醒精神,da2 seng2 zäng1 säng4
倒背如流,däu1 bui6 yü4 läu4
道貌岸然,däu6 mau6 wung6 ying4
解綁,gai2 bong2
瓜老襯,gwa1 läu1 cäng1
行緊街,hæng4 gäng2 gai1
油紙,yäu4 zi2
李兆基,li1 siu6 gi1
掠食,lök6 säk6
老虎乸,läu1 fu2 na2
瑞士軍刀,söi6 si6 gwäng1 däu1
推估,töi1 gwu2
湯盈盈,tong1 yäng4 yäng4
運鈔車,wäng6 cau1 ce1
側風,zäk2 fung1
助成,zo6 säng4
掌上明珠,zöng2 söng6 mäng4 zü1
做下戲,zu6 ha1 hi1
轉按,züng2 wung1
波鞋街,bo1 hai4 gai1
簿子,bu2 zi2
殘暴不仁,cæng4 bäu6 bäk2 yäng4
出老千,cäk2 läu1 cing1
青龍頭,cäng1 lung4 täu4
大中華膠,dai6 zung1 wa4 gau1
瞓緊覺,fäng1 gäng2 gau1
福爾摩莎,fuk2 yi1 mo1 sa1
風高物燥,fung1 gäu1 mäk6 cäu1
腳頭好,gök2 täu4 häu2
干諾道中,gwung1 nok6 däu6 zung1
鹽湖城,yim4 wu4 säng4
燕尾蝶,ying1 mi1 dip6
應召女郎,yäng1 ziu6 nü1 long4
爛生,læng6 sæng1
聊勝於無,liu4 säng1 yü1 mu4
羅漢齋,lo4 fung1 zai1
兩碟,löng1 dip6
六尾,luk6 mi1
買路錢,mai1 lu6 cing4
尾禡,mi1 nga4
拈花惹草,nim1 fa1 ye1 cäu2
捨下,se2 ha6
四度,si1 du6
水泡科,söi2 päu1 fo1
梳打粉,so1 da2 fäng2
數本,su1 bung2
掃桿埔,säu1 gwung1 bu1
酸鹼度,süng1 gæng2 du6
太平道,tai1 päng4 däu6
體育精神,täi2 yuk6 zäng1 säng4
頭重腳輕,täu4 cung1 gök2 heng1
拖着,to1 zök6
衞生紙,wäi6 säng1 zi2
抓實,zau2 säk6
酒米,zäu2 mai1
背山面海,bui1 sæng1 ming6 fui2
打窒,da2 zäk6
釘官,deng1 gwung1
掟波,deng1 bo1
瓣數,fæng6 su1
研擬,ying4 yi1
強檢,köng1 gim2
爛銅爛鐵,læng6 tung4 læng6 tik2
李麗珊,li1 läi6 sæng1
李麗珍,li1 läi6 zäng1
老邊,läu1 bing1
無聊賴,mu4 liu4 lai6
柏林牆,pæk2 läm4 cöng4
散收收,sæng2 säu1 säu1
塞耳,säk2 yi1
深度遊,säm1 du6 yäu4
試着,si1 zök2
醒胃,säng2 wäi6
紙上富貴,zi2 söng6 fu1 gwäi1
撞口撞面,zong6 häu2 zong6 ming6
此言差矣,ci2 ying4 ca1 yi1
打冷顫,da2 læng1 zing1
彈網,dæng6 mong1
底線傳底,däi2 sing1 cüng4 däi2
獨斷獨行,duk6 düng6 duk6 häng4
花園道,fa1 yüng4 däu6
反間計,fæng2 gæng1 gäi1
江蘇省,gong1 su1 sæng2
古城區,gwu2 säng4 kü1
油街,yäu4 gai1
魚生粥,yü4 sæng1 zuk2
軟木塞,yüng1 muk6 säk2
闌尾,læng4 mi1
爛賭鬼,læng6 du2 gwäi2
爛熟,læng6 suk6
李世榮,li1 säi1 wäng4
靈恩,läng4 yäng1
武裝警察,mu1 zong1 gäng2 cæk2
吳啟華,ng4 käi2 wa4
柯士甸道,o1 si6 ding6 däu6
貧道,päng4 däu6
絲苗米,si1 miu4 mai1
調一調,tiu4 yäk2 tiu4
曾祖母,zäng1 zu2 mu1
茶舞,ca4 mu1
重症監護,cung1 zäng1 gam1 wu6
傳誦,cüng4 zung6
打藤,da2 täng4
第二支,däi6 yi6 zi1
斧山道,fu2 sæng1 däu6
交易廣場,gau1 yi6 gwong2 cöng4
廣福道,gwong2 fuk2 däu6
學期尾,hok6 ki4 mi1
皓然,häu6 ying4
厭惡感,yim1 wu1 gäm2
迎頭趕上,yäng4 täu4 gwung2 söng1
兩黨制,löng1 dong2 zäi1
尾排,mi1 pai4
無錫,mu4 sek2
那家,na1 ga1
那首,na1 säu2
哪種,na1 zung2
安裝費,wung1 zong1 fäi1
修齊,säu1 cäi4
天崩地裂,ting1 bäng1 di6 lik6
為非作歹,wäi4 fi1 zok2 dai2
暈染,wäng4 yim1
暈陀陀,wäng4 to4 to4
錐心,zöi1 säm1
正球,zäng1 käu4
轉瞬即逝,züng2 säng1 zik2 säi6
刻毒,hæk2 duk6
班頂,bæng1 deng2
拔腿就跑,bäk6 töi2 zäu6 pau2
波平如鏡,bo1 päng4 yü4 geng1
暴大,bäu6 dai6
青洲,cäng1 zäu1
全朵,cüng4 do2
花旗銀行,fa1 ki4 ngäng4 hong4
伏味,fuk6 mi6
解唔解決,gai2 m4 gai2 kük2
甘道,gäm1 däu6
鹹淡水,ham4 tam1 söi2
刻寫,häk2 se2
恰如其分,häp2 yü4 ki4 fäng6
吃重,hek2 cung1
可以唔使,ho2 yi1 m4 säi2
開公數,fui1 gung1 su1
印度斯坦,yäng1 du6 si1 tæng2
一期一會,yäk2 ki4 yäk2 wui6
油潤,yäu4 yäng6
嫌惡,yim4 wu1
洋車,yöng4 ce1
月光石,ngük6 gwong1 sek6
兩河,löng1 ho4
樂而忘返,lok6 yi4 mong4 fæng2
樂活道,lok6 wuk6 däu6
盲打,mæng4 da2
物種起源,mäk6 zung2 hi2 yüng4
無脊椎,mu4 zek2 zöi1
扭扭樂,näu2 näu2 lok6
鱷魚潭,ngok6 yü4 tam4
拍唔拍片,pæk2 m4 pæk2 ping2
翩翩起舞,ping1 ping1 hi2 mu1
順平,säng6 päng4
斯威士蘭,si1 wäi1 si6 læng4
銷假,siu1 ga1
相敬如賓,söng1 gäng1 yü4 bäng1
數隻,su1 zek2
送車尾,sung1 ce1 mi1
黃日華,wong4 yäk6 wa4
背脊骨落,bui1 zek2 gwäk2 lok6
抽象畫,cäu1 zöng6 wa6
車大炮,ce1 dai6 pau1
春花秋月,cäng1 fa1 cäu1 ngük6
長臂猿,cöng4 bi1 yüng4
長週,cöng4 zäu1
藏頭露尾,cong4 täu4 lu6 mi1
大頸泡,dai6 geng2 pau1
盜亦有道,däu6 yäk6 yäu1 däu6
激浪,gäk2 long6
經久,gäng1 gäu2
乾兒子,gung1 yi4 zi2
貴庚,gwäi1 gäng1
下白泥,ha6 bæk6 näi4
好飲得,häu2 yäm2 däk2
幽浮,yäu1 fäu4
爛溶溶,læng6 yung4 yung4
唔乾,m4 gung1
磨礪,mo4 läi6
剝花生,mok2 fa1 säng1
母球,mu1 käu4
瓦仔,nga1 zäi2
三扒兩撥,sam1 pa4 löng1 buk6
三爬兩撥,sam1 pa4 löng1 buk6
省略號,sæng2 lök6 häu6
水溝油,söi2 käu1 yäu4
試衫,si1 sam1
少間,siu2 gæng1
聽出耳油,teng1 cäk2 yi1 yäu4
話頭醒尾,wa6 täu4 säng2 mi1
倭人,wo1 yäng4
揸大膽車,za1 dai6 dam2 ce1
剩落,zäng6 lok6
轉聲,züng1 säng1
八尾,bæk2 mi1
包被,bau1 pi1
啤水,be1 söi2
打震,da2 zäng1
鬥牛梗,däu1 ngäu4 gäng2
浮氣,fäu4 hi1
幾番,gi2 fæng1
乾電,gung1 ding6
乾熱,gung1 ngik6
下村,ha6 cüng1
敲擊樂,hau1 gäk2 ngok6
輕忽,häng1 fäk2
好燦爛,häu2 cæng1 læng6
油角,yäu4 gok2
有啤,yäu1 pe1
擁兵自重,yung2 bäng1 zi6 zung6
月球車,ngük6 käu4 ce1
藺相如,läng6 söng1 yü4
兩岸四地,löng1 wung6 si1 di6
樂善好施,lok6 sing6 häu1 si1
老嫗,läu1 yü2
無從入手,mu4 cung4 yäp6 säu2
女班,nü1 bæng1
泡菜仔,pau1 cöi1 zäi2
三疊紀,sam1 dip6 gi2
勢降,säi1 gong1
少少怕,siu2 siu2 pa1
掃盲,säu1 mæng4
聽診,teng1 cäng2
畫地為牢,wæk6 di6 wäi4 läu4
遮打道,ze1 da2 däu6
借財仔,ze1 cöi4 zäi2
壯大聲勢,zong1 dai6 säng1 säi1
剩係識,zäng6 häi6 säk2
揠苗助長,æk2 miu4 zo6 zöng2
壓縮比,æk2 suk2 bi2
波瀾壯闊,bo1 læng4 zong1 fuk2
打春,da2 cäng1
解送,gai1 sung1
舊相好,gäu6 söng1 häu2
好運中心,häu2 wäng6 zung1 säm1
勸解,hüng1 gai2
留肚,läu4 tu1
理學士,li1 hok6 si6
老朋,läu1 päng4
面議,ming6 yi1
面積少,ming6 zäk2 siu2
望而生畏,mong6 yi4 säng1 wäi1
冇景,mäu1 gäng2
女幹部,nü1 gwung1 bu6
爬格仔,pa4 gæk2 zäi2
申唔申請,säng1 m4 säng1 cäng2
生物戰,säng1 mäk6 zing1
思覺,si1 gok2
笑面虎,siu1 ming6 fu2
聽講過,teng1 gong2 gwo1
着上,zök2 söng1
一時半刻,yäk2 si4 bung1 hæk2
八仙嶺,bæk2 sing1 leng1
啤一啤,be1 yäk2 be1
背脊骨,bui1 zek2 gwäk2
大腳解圍,dai6 gök2 gai2 wäi4
跟包,gäng1 bau1
觀察人士,gwung1 cæk2 yäng4 si6
行為準則,häng4 wäi4 zäng2 zäk2
核力,häk6 läk6
海底針,fui2 däi2 zäm1
有頭有尾,yäu1 täu4 yäu1 mi1
容唔容易,yung4 m4 yung4 yi6
鳶尾花,yüng1 mi1 fa1
月偏食,ngük6 ping1 säk6
理解錯,li1 gai2 co1
兩三間,löng1 sam1 gæng1
老少平安,läu1 siu1 päng4 wung1
唔裝,m4 zong1
撓頭,nau4 täu4
新娘潭,säng1 nöng4 tam4
爭凳仔,zæng1 däng1 zäi2
再生父母,zöi1 säng1 fu6 mu1
轉譯,züng2 yäk6
這道,ze1 däu6
呀爸,a4 ba1
別開生面,bik6 fui1 säng1 ming6
殘月,cæng4 ngük6
陳曉華,cäng4 hiu2 wa4
打鑊甘,da2 wok6 gäm1
第二篇,däi6 yi6 ping1
都多人,du1 do1 yäng4
乾柴,gung1 cai4
鋼叉,gong1 ca1
下剋上,ha6 häk2 söng6
含水量,häm4 söi2 löng6
輕於鴻毛,häng1 yü1 hung4 mäu4
好好醜醜,häu2 häu2 cäu2 cäu2
二惡英,yi6 ok2 yäng1
爛數,læng6 su1
李昂,li1 ngong4
李三腳,li1 sam1 gök2
柏樹,pæk2 sü6
皮下注射,pi4 ha6 zü1 se6
平行宇宙,päng4 häng4 yü1 zäu6
塞子,säk2 zi2
十六強,säp6 luk6 köng4
死裏逃生,si2 li1 täu4 säng1
聲部,säng1 bu6
數珠,su2 zü1
橫掃千軍,wæng4 säu1 cing1 gwäng1
黃成智,wong4 säng4 zi1
走調,zäu2 diu6
氈酒,zing1 zäu2
包唔包括,bau1 m4 bau1 kwuk2
差役,cai1 yäk6
取長補短,cü2 cöng4 bu2 düng2
請早,cäng2 zäu2
登打士街,däng1 da2 si6 gai1
地頭蛇,di6 täu4 se4
飯兜,fæng6 däu1
幾面,gi2 ming6
嗰道,go2 däu6
講就易,gong2 zäu6 yi6
限時限刻,hæng6 si4 hæng6 häk2
核子武器,häk6 zi2 mu1 hi1
牽腸掛肚,hing1 cöng4 gwa1 tu1
好唔好笑,häu2 m4 häu2 siu1
日經平均,yäk6 gäng1 päng4 gwäng1
熱話,ngik6 wa6
玄米茶,yüng4 mai1 ca4
兩根,löng1 gäng1
樂瞳,lok6 tung4
老細車,läu1 säi1 ce1
拿頂,na4 deng2
那節,na1 zik2
眼都突,ngæng1 du1 däk6
沙梨,sa1 li4
生龍活虎,sæng1 lung4 wuk6 fu2
生片,sæng1 ping2
死老鬼,si2 läu1 gwäi2
四二六,si1 yi6 luk6
四十二,si1 säp6 yi6
識飲識食,säk2 yäm2 säk2 säk6
數張,su1 zöng1
調笑,tiu4 siu1
土質,tu2 zäk2
畫匠,wa6 zöng6
遺老,wäi4 läu1
仔乸,zäi2 na2
真空上陣,zäng1 hung1 söng1 zäng6
嫉惡如仇,zäk6 ok2 yü4 säu4
疾惡如仇,zäk6 ok2 yü4 säu4
井井,zäng2 zäng2
白菜仔,bæk6 cöi1 zäi2
邊頂,bing1 deng2
布里斯班,bu1 li1 si1 bæng1
吹波膠,cöi1 bo1 gau1
出生證,cäk2 sæng1 zäng1
長釘,cöng4 deng1
大體老師,dai6 täi2 läu1 si1
淡藍色,dam6 lam4 säk2
第二樣嘢,däi6 yi6 yöng6 ya1
第二題,däi6 yi6 täi4
非物質,fi1 mäk6 zäk2
寬宏大量,fung1 wäng4 dai6 löng6
縫補,fung4 bu2
咁賤,gäm1 zing6
經度,gäng1 du6
江湖救急,gong1 wu4 gäu1 gäp2
攻城掠地,gung1 säng4 lök6 di6
過從甚密,gwo1 cung4 säm6 mäk6
行善積德,häng4 sing6 zäk2 däk2
肉便器,yuk6 bing6 hi1
奇人異士,ki4 yäng4 yi6 si6
歷下,läk6 ha6
靈風,läng4 fung1
量測,löng4 cäk2
樂湖,lok6 wu4
墨西哥人,mäk6 säi1 go1 yäng4
忤逆仔,ng1 yäk6 zäi2
柯創盛,o1 cong1 säng6
省府,sæng2 fu2
細調,säi1 tiu4
心口針,säm1 häu2 zäm1
實驗學校,säk6 yim6 hok6 hau6
傻更,so4 gæng1
數理化,su1 li1 fa1
委以重任,wäi2 yi1 zung6 yäm6
張三李四,zöng1 sam1 li1 si1
白吃,bæk6 hek2
差幾多,ca1 gi2 do1
傳理,cüng4 li1
點算好呢,dim2 süng1 häu2 ne1
頂頸,däng2 geng2
飛躍道,fi1 yök2 däu6
伽瑪射線,ga1 ma1 se6 sing1
伽馬射線,ga1 ma1 se6 sing1
假日司機,ga1 yäk6 si1 gi1
雞嶺,gäi1 leng1
僅作參考,gäng2 zok2 cam1 hau2
九間,gäu2 gæng1
捐山窿,güng1 sæng1 lung1
下旋,ha6 süng4
學師仔,hok6 si1 zäi2
行口,hong4 häu2
緣慳一面,yüng4 hæng1 yäk2 ming6
梨樹,li4 sü6
兩串,löng1 cüng1
老花眼,läu1 fa1 ngæng1
老人精,läu1 yäng4 zäng1
老而彌堅,läu1 yi4 ni4 ging1
孖鋪,ma1 pu1
難友,næng6 yäu1
女中豪傑,nü1 zung1 häu4 gik6
安樂椅,wung1 lok6 yi2
貧下中農,päng4 ha6 zung1 nung4
生理假,säng1 li1 ga2
守齋,säu2 zai1
城軌,säng4 gwäi2
湯藥費,tong1 yök6 fäi1
斷供,tüng1 gung1
為勢所逼,wäi4 säi1 so2 bäk2
緩急輕重,wung6 gäp2 häng1 cung1
仔隧,zäi2 söi6
精微,zäng1 mi4
精華素,zäng1 wa4 su1
周柏豪,zäu1 pæk2 häu4
鐫刻,cüng4 hæk2
壓縮空氣,æk2 suk2 hung1 hi1
包裝物,bau1 zong1 mäk6
不可數,bäk2 ho2 su2
俾着,bi2 zök6
測量師,cäk2 löng4 si1
曾經滄海,cäng4 gäng1 cong1 fui2
坐冷板凳,co1 læng1 bæng2 däng1
打胎,da2 töi1
大吃大喝,dai6 hek2 dai6 fuk2
大老遠,dai6 läu1 yüng1
大蛇屙尿,dai6 se4 o1 niu6
大蛇痾尿,dai6 se4 o1 niu6
德輔道西,däk2 fu6 däu6 säi1
德輔道中,däk2 fu6 däu6 zung1
頂用,däng2 yung6
九重天,gäu2 cung4 ting1
幾掛,gi2 gwa1
下圍,ha6 wäi4
香蕉仔,höng1 ziu1 zäi2
一舉成名,yäk2 gü2 säng4 mäng4
日上三竿,yäk6 söng1 sam1 gwung1
二重奏,yi6 cung4 zäu1
搖下搖下,yiu4 ha1 yiu4 ha1
卡昂,ka1 ngong4
卵生,läng2 sæng1
孖蒸,ma1 zäng1
墨屎,mäk6 si2
面懵懵,ming6 mung2 mung2
鋪仔,pu1 zäi2
生菜包,sæng1 cöi1 bau1
錫一啖,sek2 yäk2 dam6
豉油撈飯,si6 yäu4 läu1 fæng6
渾然天成,wäng4 ying4 ting1 säng4
糊弄,wu4 lung6
最高音,zöi1 gäu1 yäm1
波速,bo1 cuk2
波斯富街,bo1 si1 fu1 gai1
測量船,cäk2 löng4 süng4
唱淡,cöng1 tam1
長天,cöng4 ting1
沖個靚涼,cung1 go1 leng1 löng4
從實招來,cung4 säk6 ziu1 löi4
頂燈,deng2 däng1
都中意,du1 zung1 yi1
簡慕華,gæng2 mu6 wa4
幾棵,gi2 fo2
嗰下,go2 ha1
估話,gwu2 wa6
公假,gung1 ga1
荷塘,ho4 tong4
好唔好飲,häu2 m4 häu2 yäm2
元華,yüng4 wa4
連卡佛,ling4 ka1 fäk6
老叟,läu1 säu2
六打,luk6 da1
磨石,mo4 sek6
硬繃繃,ngæng6 bäng1 bäng1
臣屬,säng4 suk6
生於憂患,säng1 yü1 yäu1 wæng6
十面,säp6 ming6
蛇尾,se4 mi1
水上樂園,söi2 söng6 lok6 yüng4
食過夜粥,säk6 gwo1 ye6 zuk2
燒嘢食,siu1 ya1 säk6
少見多怪,siu2 ging1 do1 gwai1
數百年,su1 bæk2 ning4
話事啤,wa6 si6 pe1
針眼,zäm1 ngæng1
質樸,zäk2 pok2
八班,bæk2 bæng1
飽讀詩書,bau2 duk6 si1 sü1
比時間,bi2 si4 gæng1
便利性,bing6 li6 säng1
車蓋,ce1 gwui1
青竹蛇,cäng1 zuk2 se4
廚叉,cü4 ca1
大阪燒,dai6 bæng2 siu1
大馬士革,dai6 ma1 si6 gæk2
第二級,däi6 yi6 käp2
第二堂,däi6 yi6 tong4
地靈人傑,di6 läng4 yäng4 gik6
番子,fæng1 zi2
粉墨,fäng2 mäk6
拂曉,fäk2 hiu2
假慈悲,ga2 ci4 bi1
金撈,gäm1 läu1
下召,ha6 ziu6
好市多,häu2 si1 do1
人傑地靈,yäng4 gik6 di6 läng4
良心話,löng4 säm1 wa2
孖指,ma1 zi2
埋便,mai4 bing6
十字車,säp6 zi6 ce1
四川省,si1 cüng1 sæng2
成棚人,seng4 pæng4 yäng4
小玩意,siu2 wung6 yi1
太子道東,tai1 zi2 däu6 dung1
天打雷劈,ting1 da2 löi4 pek2
聽死,täng1 si2
台山話,töi4 sæng1 wa2
湛江,zam1 gong1
精挑細選,zäng1 tiu1 säi1 süng2
整理下,zäng2 li1 ha1
長子嫡孫,zöng2 zi2 däk2 süng1
蛀米蟲,zü1 mai1 cung4
蛀米大蟲,zü1 mai1 dai6 cung4
拔絲,bäk6 si1
鏟雪車,cæng2 sük2 ce1
青嶼幹線,cäng1 zü6 gwung1 sing1
採青,cöi2 ceng1
闖蕩江湖,cong2 dong6 gong1 wu4
重算,cung4 süng1
重武器,cung1 mu1 hi1
重砲,cung1 pau1
忖度,cüng2 dok6
打蟲,da2 cung4
倒夜香,däu2 ye6 höng1
假港,ga2 gong2
街頭巷尾,gai1 täu4 hong6 mi1
校驗,gau1 yim6
堅尼地道,ging1 ni4 di6 däu6
觀塘繞道,gwung1 tong4 yiu2 däu6
恭請,gung1 cäng2
公仔紙,gung1 zäi2 zi2
合數,häp6 su1
起尾注,hi2 mi1 zü1
許鞍華,hü2 wung1 wa4
學藝未精,hok6 ngäi6 mi6 zäng1
好大件,häu2 dai6 ging6
好聽點,häu2 teng1 dim2
任賢齊,yäm6 ying4 cäi4
耳根清淨,yi1 gäng1 cäng1 zäng6
熱那亞,ngik6 na1 a1
拉牛上樹,lai1 ngäu4 söng1 sü6
梨渦,li4 wo1
老饕,läu1 täu1
偶數,ngäu1 su1
三尾,sam1 mi1
垂涎欲滴,söi4 ying4 yuk6 däk6
瑞士人,söi6 si6 yäng4
屎蜢,si2 mæng2
盛情難卻,säng6 cäng4 næng4 kök2
鬆泡泡,sung1 pau1 pau1
鐵鏽,tik2 säu1
唐生菜,tong4 sæng1 cöi1
圍讀,wäi4 duk6
位次,wäi6 ci1
黃片,wong4 ping2
齋月,zai1 ngük6
紫河車,zi2 ho4 ce1
積勞成疾,zäk2 läu4 säng4 zäk6
將種,zöng1 zung2
早生貴子,zäu2 sæng1 gwäi1 zi2
做邊行,zu6 bing1 hong4
畢打街,bäk2 da2 gai1
背闊肌,bui1 fuk2 gi1
撤唔撤,cik2 m4 cik2
朝鮮人,ciu4 sing1 yäng4
彩虹道,cöi2 hung4 däu6
傳輸線,cüng4 sü1 sing1
大老倌,dai6 läu1 gwung1
狄易達,däk6 yi6 dæk6
杜莎夫人,du6 sa1 fu1 yäng4
繁榮昌盛,fæng4 wäng4 cöng1 säng6
浮波,fäu4 bo1
蝮蛇,fuk2 se4
賈伯斯,ga2 bæk2 si1
幾多下,gi2 do1 ha1
干諾道西,gwung1 nok6 däu6 säi1
義乳,yi6 yü1
聊賴,liu4 lai6
廖長江,liu6 cöng4 gong1
唔塞,m4 säk2
咪書,mäi1 sü1
孭上身,me1 söng1 säng1
尾機,mi1 gi1
能歌善舞,näng4 go1 sing6 mu1
能歌擅舞,näng4 go1 sing6 mu1
五雷轟頂,ng1 löi4 gwäng1 deng2
安華,wung1 wa4
生死之交,säng1 si2 zi1 gau1
四行,si1 hong4
小氣簿,siu2 hi1 bu2
宿怨,suk2 yüng1
華約,wa4 yök2
為富不仁,wäi4 fu1 bäk2 yäng4
魂靈,wäng4 läng4
渣打銀行,za1 da2 ngäng4 hong4
米青,mai1 cäng1
鞭長莫及,bing1 cöng4 mok6 käp6
漆咸道南,cäk2 ham4 däu6 nam4
青蟹,ceng1 hai1
草食動物,cäu2 säk6 dung6 mäk6
從頭到腳,cung4 täu4 däu1 gök2
打屁,da2 pi1
彈射出,dæng6 se6 cäk2
幾靚女,gi2 leng1 nü1
兼差,gim1 cai1
驚跳,gäng1 tiu1
關咪,gwæng1 mäi1
學行車,hok6 hæng4 ce1
油餅,yäu4 beng2
役使,yäk6 säi2
楊樂文,yöng4 lok6 mäng4
林青霞,läm4 cäng1 ha4
李卓耀,li1 cök2 yiu6
連翹,ling4 kiu4
靈恩派,läng4 yäng1 pai1
撈味,läu1 mi6
勞動生產,läu4 dung6 säng1 cæng2
老鳥,läu1 niu1
老圍,läu1 wäi4
麥嘉,mæk6 ga1
民主生活,mäng4 zü2 säng1 wuk6
女界,nü1 gai1
顏卓靈,ngæng4 cök2 läng4
濃眉大眼,nung4 mi4 dai6 ngæng1
捨生取義,se2 säng1 cü2 yi6
死兜,si2 däu1
使役,si2 yäk6
史傳,si2 züng6
數週,su1 zäu1
華爾茲,wa4 yi1 zi1
左下方,zo2 ha6 fong1
張冠李戴,zöng1 gwung1 li1 dai1
百物騰貴,bæk2 mäk6 täng4 gwäi1
被侵害,bi6 cäm1 fui6
巡行,cäng4 häng4
衝浪板,cung1 long6 bæng2
地球大氣,di6 käu4 dai6 hi1
讀友,duk6 yäu1
反射鏡,fæng2 se6 geng1
發國難財,fæk2 gwok2 næng6 cöi4
放射源,fong1 se6 yüng4
解毒劑,gai2 duk6 zäi1
更之,gäng1 zi1
叫數,giu1 su1
剛度,gong1 du6
高瘦平,gäu1 säu1 päng4
椰油,ye4 yäu4
以少勝多,yi1 siu2 säng1 do1
二百五十,yi6 bæk2 ng1 säp6
二廠,yi6 cong2
要唔要好,yiu1 m4 yiu1 häu2
吸經,käp2 gäng1
纜線,lam6 sing1
李皓晴,li1 häu6 cäng4
領獎台,läng1 zöng2 töi4
兩手準備,löng1 säu2 zäng2 bi6
眉間,mi4 gæng1
滅種,mik6 zung2
眼都凸埋,ngæng1 du1 däk6 mai4
惡兆,ok2 siu6
憑據,päng4 gü1
三劃,sam1 wæk6
腎小球,säng6 siu2 käu4
十打,säp6 da1
死肥仔,si2 fi4 zäi2
死勁,si2 gäng6
水煎包,söi2 zing1 bau1
是拉差,si6 lai1 cai1
士紳化,si6 säng1 fa1
食食下,säk6 säk6 ha1
少爺仔,siu1 ye4 zäi2
相對主義,söng1 döi1 zü2 yi6
商數,söng1 su1
停車位置,täng4 ce1 wäi6 zi1
陶笛,täu4 dek6
玩住先,wæng4 zü6 sing1
換句話講,wung6 gü1 wa6 gong2
酒精性,zäu2 zäng1 säng1
錐體,zöi1 täi2
芝麻包,zi1 ma4 bau1
粘米,zim1 mai1
不聲不響,bäk2 säng1 bäk2 höng2
捶打,cöi4 da2
切片檢查,cik2 ping2 gim2 ca4
初試啼聲,co1 si1 täi4 säng1
槍刺,cöng1 ci1
充好,cung1 häu2
打字快,da2 zi6 fai1
打主意,da2 zü2 yi1
大圈仔,dai6 hüng1 zäi2
大老婆,dai6 läu1 po4
第二聲,däi6 yi6 säng1
特殊學校,däk6 sü4 hok6 hau6
對頭車,döi1 täu4 ce1
發唔發覺,fæk2 m4 fæk2 gok2
飛艇,fi1 täng1
蜂毒,fung1 duk6
幾十間,gi2 säp6 gæng1
經綸,gäng1 läng4
歸經,gwäi1 gäng1
鹹濕笑話,ham4 säp2 siu1 wa2
好好聲,häu2 häu2 säng1
怡和街,yi4 wo4 gai1
約會對象,yök2 wui6 döi1 zöng6
圓舞曲,yüng4 mu1 kuk2
郎才女貌,long4 cöi4 nü1 mau6
六間,luk6 gæng1
龍匯道,lung4 wui6 däu6
弄下,lung6 ha1
萬象更新,mæng6 zöng6 gäng1 säng1
米埔,mai1 bu1
面青青,ming6 ceng1 ceng1
山地車,sæng1 di6 ce1
山東省,sæng1 dung1 sæng2
生得醜,sæng1 däk2 cäu2
十道,säp6 däu6
守靈,säu2 läng4
四手聯彈,si1 säu2 lüng4 tæng4
水平面,söi2 päng4 ming6
事發經過,si6 fæk2 gäng1 gwo1
數聲,su1 säng1
唐話,tong4 wa2
精仔,zeng1 zäi2
精衞,zäng1 wäi6
長幼有序,zöng2 yäu1 yäu1 zü6
賬簿,zöng1 bu2
裝飯,zong1 fæng6
白頭浪,bæk6 täu4 long6
逼良為娼,bäk2 löng4 wäi4 cöng1
茶果嶺,ca4 gwo2 leng1
層壓式,cäng4 æk2 säk2
七級浮屠,cäk2 käp2 fäu4 tu4
坐霸王車,co1 ba1 wong4 ce1
德士古道,däk2 si6 gwu2 däu6
兜嘢,däu1 ya1
對仗,döi1 zöng6
碟仔,dip6 zäi2
番攤,fæng1 tæng1
歡樂卡,fung1 lok6 kæk2
校色,gau1 säk2
過載,gwo1 zöi1
廣華街,gwong2 wa4 gai1
行後門,hæng4 häu6 mung4
刻毒,häk2 duk6
核戰爭,häk6 zing1 zäng1
一兩格,yäk2 löng1 gæk2
規劃署,kwäi1 wæk6 cü1
臘月,lap6 ngük6
輪調,läng4 diu6
難捨難離,næng4 se2 næng4 li4
女媧補天,nü1 wo1 bu2 ting1
糯米卷,no6 mai1 güng2
西裝褲,säi1 zong1 fu1
神道教,säng4 däu6 gäu1
豉油街,si6 yäu4 gai1
聖荷西,säng1 ho4 säi1
賞心樂事,söng2 säm1 lok6 si6
數道,su1 däu6
彈指之間,tæng4 zi2 zi1 gæng1
通靈板,tung1 läng4 bæng2
劃線支票,wæk6 sing1 zi1 piu1
環保大道,wæng4 bäu2 dai6 däu6
湖南省,wu4 nam4 sæng2
走為上,zäu2 wäi4 söng6
皺紋膠紙,zäu1 mäng4 gau1 zi2
着意,zök6 yi1
仗勢,zöng6 säi1
竹葉青,zuk2 yip6 cäng1
扯平,ce2 päng4
滴水穿石,däk6 söi2 cüng1 sek6
高級文憑,gäu1 käp2 mäng4 päng4
掛鎖,gwa1 so2
捐窿捐罅,güng1 lung1 güng1 la1
蜎窿蜎罅,güng1 lung1 güng1 la1
捲窿捲罅,güng2 lung1 güng2 la1
賀年片,ho6 ning4 ping2
海南省,fui2 nam4 sæng2
好耳,häu2 yi1
紅封包,hung4 fung1 bau1
人道危機,yäng4 däu6 ngäi4 gi1
引爆裝置,yäng1 bau1 zong1 zi1
油布,yäu4 bu1
以攻為守,yi1 gung1 wäi4 säu2
二進制,yi6 zäng1 zäi1
藥石無靈,yök6 sek6 mu4 läng4
淋下,läm4 ha6
遼寧省,liu4 näng4 sæng2
兩筆,löng1 bäk2
老薑,läu1 göng1
唔彈,m4 dæng6
文面,mäng4 ming6
眉宇間,mi4 yü1 gæng1
芒種,mong4 zung2
奶油豬,nai1 yäu4 zü1
拋射,pau1 se6
食緊飯,säk6 gäng2 fæng6
食具,säk6 gü6
小瀝源,siu2 läk6 yüng4
相得益彰,söng1 däk2 yäk2 zöng1
掃地出門,säu1 di6 cäk2 mung4
剃度,täi1 du6
拖好,to1 häu2
爭住食,zæng1 zü6 säk6
仄聲,zäk2 säng1
爭妍鬥麗,zäng1 ying4 däu1 läi6
精甩尾,zeng1 läk2 mi1
撞針,zong6 zäm1
屌打,diu2 da2
壓驚,æk2 gäng1
包伙食,bau1 fo2 säk6
包雲吞,bau1 wäng4 täng1
比畫,bi2 wæk6
青黛,cäng1 döi6
朝前,ciu4 cing4
長生不死,cöng4 säng1 bäk2 si2
重門深鎖,cung4 mung4 säm1 so2
打尿震,da2 niu6 zäng1
大有可為,dai6 yäu1 ho2 wäi4
對簿,döi1 bu6
點講都好,dim2 gong2 du1 häu2
間選,gæng1 süng2
幾好人,gi2 häu2 yäng4
驚錯,gäng1 co1
經貿辦,gäng1 mäu6 bæng6
功敗垂成,gung1 bai6 söi4 säng4
廣播道,gwong2 bo1 däu6
行將就木,häng4 zöng1 zäu6 muk6
喜聞樂見,hi2 mäng4 lok6 ging1
汽車渡輪,hi1 ce1 du6 läng4
好逼人,häu2 bäk2 yäng4
好人難做,häu2 yäng4 næng4 zu6
引體上升,yäng1 täi2 söng6 säng1
一兩部,yäk2 löng1 bu6
蛇齋,yi4 zai1
邀請函,yiu1 cäng2 ham4
原子核,yüng4 zi2 häk6
翹首,kiu4 säu2
籃波,lam4 bo1
靚爆鏡,leng1 bau1 geng1
量角器,löng4 gok2 hi1
老柴,läu1 cai4
尾七,mi1 cäk2
無聲狗,mu4 säng1 gäu2
難彈,næng4 tæng4
硬板,ngæng6 bæng2
柏油,pæk2 yäu4
拼裝,päng1 zong1
食牛肉乾,säk6 ngäu4 yuk6 gung1
食住等,säk6 zü6 däng2
少忽肉,siu2 fäk2 yuk6
熟油,suk6 yäu4
挑染,tiu1 yim1
通窿,tung1 lung1
華里,wa4 li1
毀譽參半,wäi2 yü6 cam1 bung1
譭譽參半,wäi2 yü6 cam1 bung1
側躺,zäk2 tong2
針管,zäm1 gwung2
走馬上任,zäu2 ma1 söng1 yäm6
淨只,zäng6 zi2
朝氣蓬勃,ziu1 hi1 pung4 buk6
不時不食,bäk2 si4 bäk2 säk6
波斯語,bo1 si1 yü1
半鹹半淡,bung1 ham4 bung1 tam1
差異性,ca1 yi6 säng1
查經,ca4 gäng1
青年期,cäng1 ning4 ki4
坐爆,co1 bau1
唱散,cöng1 sæng2
暢散,cöng1 sæng2
打稿,da2 gäu2
單撈,dæng1 läu1
丹麥人,dæng1 mæk6 yäng4
等下先,däng2 ha1 sing1
地氈式,di6 zing1 säk2
吊雞車,diu1 gäi1 ce1
讀乜,duk6 mäk2
番邦,fæng1 bong1
反射光,fæng2 se6 gwong1
浮石,fäu4 sek6
蜚聲國際,fi1 säng1 gwok2 zäi1
基道,gi1 däu6
關詠荷,gwæng1 wäng6 ho4
軍火交易,gwäng1 fo2 gau1 yäk6
好吃懶做,häu1 hek2 læng1 zu6
音效卡,yäm1 hau6 kæk2
一時半刻,yäk2 si4 bung1 häk2
養樂多,yöng1 lok6 do1
原片,yüng4 ping2
冚數,käm2 su1
李靜儀,li1 zäng6 yi4
羅樂林,lo4 lok6 läm4
兩婆孫,löng1 po4 süng1
六種,luk6 zung2
孖四,ma1 si1
馬頭圍道,ma1 täu4 wäi4 däu6
冇態,mäu1 tai1
那行,na1 hong4
男同女,nam4 tung4 nü1
三蛇,sam1 se4
十幾下,säp6 gi2 ha1
收驚,säu1 geng1
盛譽,säng6 yü6
提領,täi4 läng1
天青石,ting1 cäng1 sek6
兔仔牙,tu1 zäi2 nga4
桃花眼,täu4 fa1 ngæng1
為時未晚,wäi4 si4 mi6 mæng1
維護和平,wäi4 wu6 wo4 päng4
雜差,zap6 cai1
最後審判,zöi1 häu6 säm2 pung1
蒸包,zäng1 bau1
裝備齊全,zong1 bi6 cäi4 cüng4
豬網油,zü1 mong1 yäu4
著錄,zü1 luk6
唐老鴨,tong4 läu1 ap2
從嚴處理,cung4 yim4 cü1 li1
俾人恰,bi2 yäng4 häp2
駁艇,bok2 täng1
保管好,bäu2 gwung2 häu2
湊仔公,cäu1 zäi2 gung1
千面人,cing1 ming6 yäng4
坐月子,co1 ngük6 zi2
長樂,cöng4 lok6
闖江湖,cong2 gong1 wu4
多面手,do1 ming6 säu2
倒裝句,däu2 zong1 gü1
番茄汁,fæng1 kö4 zäp2
間接證據,gæng1 zip2 zäng1 gü1
交通銀行,gau1 tung1 ngäng4 hong4
禁行,gäm1 hæng4
咁興,gäm1 häng1
劍球,gim1 käu4
共樂,gung6 lok6
下至上,ha6 zi1 söng6
駭浪,hai1 long6
閒着,hæng4 zök6
哼聲,häng1 säng1
響着,höng2 zök6
好迷惘,häu2 mäi4 mong1
二按,yi6 wung1
二三線,yi6 sam1 sing1
洋參,yöng4 säm1
淋巴球,läm4 ba1 käu4
甩波,läk2 bo1
兩伙,löng1 fo2
兩三件,löng1 sam1 ging6
勞工假,läu4 gung1 ga1
老布殊,läu1 bu1 sü4
面凹,ming6 näp2
那杯,na1 bui1
岳華,ngok6 wa4
庖丁解牛,pau4 däng1 gai2 ngäu4
平武,päng4 mu1
蒲崗村道,pu4 gong1 cüng1 däu6
腎石,säng6 sek6
食瓜,säk6 gwa1
善長仁翁,sing6 zöng2 yäng4 yung1
盛意拳拳,säng6 yi1 küng4 küng4
少雲,siu2 wäng4
歎為觀止,tæng1 wäi4 gwung1 zi2
玩遍,wæng4 ping1
烏爾都語,wu1 yi1 du1 yü1
執仔,zäp2 zäi2
撞面,zong6 ming6
轉門,züng1 mung4
心裏便,säm1 li1 bing6
辭行,ci4 häng4
青松,cäng1 cung4
請便,cäng2 bing6
睬你都,cöi2 ni1 du1
重慶市,cung4 häng1 si1
全部女,cüng4 bu6 nü1
傳道書,cüng4 däu6 sü1
打裂,da2 lik6
大使級,dai6 si1 käp2
大種,dai6 zung2
第二道,däi6 yi6 däu6
檔仔,dong1 zäi2
道喜,däu6 hi2
發生器,fæk2 säng1 hi1
夫妻肺片,fu1 cäi1 fäi1 ping2
灰度,fui1 du6
風水先生,fung1 söi2 sing1 sæng1
解理,gai2 li1
間中都會,gæng1 zung1 du1 wui6
幾時打,gi2 si4 da2
建設銀行,ging1 cik2 ngäng4 hong4
各就各位,gok2 zäu6 gok2 wäi6
江河日下,gong1 ho4 yäk6 ha6
姑爺仔,gwu1 ye4 zäi2
古老石山,gwu2 läu1 sek6 sæng1
公共電話,gung1 gung6 ding6 wa2
校褲,hau6 fu1
校服褲,hau6 fuk6 fu1
校醫,hau6 yi1
漢華,fung1 wa4
空中少爺,hung1 zung1 siu1 ye4
印刷量,yäng1 cak2 löng6
印度薄餅,yäng1 du6 bok6 beng2
一丈,yäk2 zöng6
休旅車,yäu1 lü1 ce1
葵盛圍,kwäi4 säng6 wäi4
流沙包,läu4 sa1 bau1
離苦得樂,li4 fu2 däk2 lok6
兩爺孫,löng1 ye4 süng1
萬丈深淵,mæng6 zöng6 säm1 yüng1
尾冚,mi1 käm2
女主人公,nü1 zü2 yäng4 gung1
硬氣,ngæng6 hi1
牛仔褸,ngäu4 zäi2 läu1
惡口,ok2 häu2
被卧,pi1 ngo6
盤根錯節,pung4 gäng1 co1 zik2
蟠根錯節,pung4 gäng1 co1 zik2
碰釘,pung1 deng1
心焦,säm1 ziu1
新之城,säng1 zi1 säng4
濕度計,säp2 du6 gäi1
水靈靈,söi2 läng4 läng4
食食下飯,säk6 säk6 ha1 fæng6
添華道,tim1 wa4 däu6
周生生,zäu1 säng1 säng1
周華健,zäu1 wa4 ging6
正楷,zäng1 kai2
中英數,zung1 yäng1 su1
轉眼之間,züng2 ngæng1 zi1 gæng1
班固,bæng1 gwu1
叉雞,ca1 gäi1
七日鮮,cäk2 yäk6 sing1
出軌行為,cäk2 gwäi2 häng4 wäi4
青金石,cäng1 gäm1 sek6
打定主意,da2 däng6 zü2 yi1
遞俾,däi6 bi2
點好呢,dim2 häu2 ne1
發射井,fæk2 se6 zäng2
粉嶺公路,fäng2 leng1 gung1 lu6
家庭裝,ga1 täng4 zong1
金錢肚,gäm1 cing4 tu1
幾時話,gi2 si4 wa6
驚飛,gäng1 fi1
講閒話,gong2 hæng4 wa2
掘井,gwäk6 zäng2
坑渠老鼠,hæng1 kü4 läu1 sü2
行梯,hæng4 täi1
好唔好味,häu2 m4 häu2 mi6
好塞,häu2 säk2
飲衫,yäm2 sam1
一上一落,yäk2 söng1 yäk2 lok6
惹人厭,ye1 yäng4 yim1
二創,yi6 cong1
揚長避短,yöng4 cöng4 bi6 düng2
甩車,läk2 ce1
李舜臣,li1 säng1 säng4
靈實,läng4 säk6
六分儀,luk6 fäng6 yi4
墨西哥包,mäk6 säi1 go1 bau1
孭重飛,me1 cung1 fi1
那番,na1 fæng1
那批,na1 päi1
刈包,ngai6 bau1
啱咀形,ngam1 zöi2 yäng4
啱嘴形,ngam1 zöi2 yäng4
省招牌,sæng2 ziu1 pai4
生物製品,säng1 mäk6 zäi1 bäng2
十班,säp6 bæng1
石片,sek6 ping1
勝利道,säng1 li6 däu6
醍醐灌頂,täi4 wu4 gwung1 deng2
透明質酸,täu1 mäng4 zäk2 süng1
彎度,wæng1 du6
佔領軍,zim1 läng1 gwäng1
早着先機,zäu2 zök6 sing1 gi1
鐫刻,cüng4 häk2
壓歲,æk2 söi1
陳腎,cäng4 säng1
長平之戰,cöng4 päng4 zi1 zing1
搭上搭,dap2 söng6 dap2
揼爛,däm2 læng6
奠都,ding6 du1
頂死,däng2 si2
倒豎葱,däu2 sü6 cung1
非核化,fi1 häk6 fa1
輻射劑量,fuk2 se6 zäi1 löng6
咁光,gäm1 gwong1
乾嘔,gung1 äu2
乾電池,gung1 ding6 ci4
乾凍,gung1 dung1
高嶺土,gäu1 läng1 tu2
估波膽,gwu2 bo1 dam2
國家制度,gwok2 ga1 zäi1 du6
血腥瑪麗,hük2 säng1 ma1 läi6
一路平安,yäk2 lu6 päng4 wung1
一線之差,yäk2 sing1 zi1 ca1
有味笑話,yäu1 mi6 siu1 wa2
二疊紀,yi6 dip6 gi2
二十一條,yi6 säp6 yäk2 tiu4
易彎,yi6 wæng1
閻錫山,yim4 sek2 sæng1
豔舞,yim6 mu1
賢士,ying4 si6
懸浮微粒,yüng4 fäu4 mi4 näp2
卡冚卡,kæk2 käm2 kæk2
強加於人,köng4 ga1 yü1 yäng4
琉球王國,läu4 käu4 wong4 gwok2
兩宋,löng1 sung1
撈過界,läu1 gwo1 gai1
撈亂骨頭,läu1 lüng6 gwäk2 täu4
弄不懂,lung6 bäk2 dung2
孖埋,ma1 mai4
孖裝,ma1 zong1
吻痕,mäng1 häng4
問下先,mäng6 ha1 sing1
未解之謎,mi6 gai2 zi1 mai4
冥錢,mäng4 cing4
母質,mu1 zäk2
勾畫,ngäu1 wæk6
年少有為,ning4 siu1 yäu1 wäi4
婆乸數,po4 na2 su1
婆仔數,po4 zäi2 su1
散毒,sæng1 duk6
守生寡,säu2 säng1 gwa2
詩情畫意,si1 cäng4 wa6 yi1
鮮奶油,sing1 nai1 yäu4
上頜,söng6 häp6
艇户,täng1 wu6
推磨,töi1 mo4
圍兜,wäi4 däu1
摘牌,zæk6 pai4
抓取,zau2 cü2
罩衫,zau1 sam1
精義,zäng1 yi6
著述,zü1 säk6
西口西面,säi1 häu2 säi1 ming6
百冇,bæk2 mäu1
爆數,bau1 su1
便盆,bing6 pung4
差估署,ca1 gwu2 cü1
青斑,ceng1 bæng1
錯解,co1 gai2
坐花廳,co1 fa1 täng1
充分考慮,cung1 fäng6 hau2 lü6
衝量,cung1 löng6
打跛腳,da2 bäi1 gök2
彈地波,dæng6 di6 bo1
搭便車,dap2 bing6 ce1
搭錯車,dap2 co1 ce1
刀面,däu1 ming6
倒落海,däu2 lok6 fui2
福卡,fuk2 ka1
間歇訓練,gæng1 hik2 fäng1 ling6
攪和,gau2 wo4
近臣,gäng6 säng4
乾瑤柱,gung1 yiu4 cü1
講極都,gong2 gik6 du1
砍掉重練,häm2 diu6 cung4 ling6
行淫,häng4 yäm4
猴子偷桃,häu4 zi2 täu1 täu4
毫米波,häu4 mai1 bo1
一個勁兒,yäk2 go1 gäng6 yi4
耳道,yi1 däu6
異質,yi6 zäk2
乳臭,yü1 cäu1
乳臭未乾,yü1 cäu1 mi6 gung1
爛賬,læng6 zöng1
林士街,läm4 si6 gai1
李漁,li1 yü4
領命,läng1 mäng6
兩枚,löng1 mui4
樂觀主義,lok6 gwung1 zü2 yi6
盧押道,lu4 æk2 däu6
老淚縱橫,läu1 löi6 zung1 wæng4
龍頭鳳尾,lung4 täu4 fung6 mi1
尾刀,mi1 däu1
母乳餵養,mu1 yü1 wäi1 yöng1
滿面春風,mung1 ming6 cäng1 fung1
硬核,ngæng6 häk6
外耳道,wui6 yi1 däu6
心理衞生,säm1 li1 wäi6 säng1
新高度,säng1 gäu1 du6
升浪,säng1 long6
聖路易,säng1 lu6 yäk6
上等兵,söng6 däng2 bäng1
數間,su1 gæng1
選種,süng2 zung2
雪糕車,sük2 gäu1 ce1
頭頭尾尾,täu4 täu4 mi1 mi1
調養,tiu4 yöng1
衞生官員,wäi6 säng1 gwung1 yüng4
和平談判,wo4 päng4 tam4 pung1
王永平,wong4 wäng1 päng4
爭雄,zäng1 hung4
執拗,zäp2 au1
朝三暮四,ziu1 sam1 mu6 si1
災情慘重,zöi1 cäng4 cam2 zung6
作壁上觀,zok2 bäk2 söng6 gwung1
轉臉,züng2 lim1
啤機,be1 gi1
七竅生煙,cäk2 hiu1 säng1 ying1
邪魔外道,ce4 mo1 wui6 däu6
初戀感覺,co1 lüng2 gäm2 gok2
坐不住,co1 bäk2 zü6
長班,cöng4 bæng1
長庚,cöng4 gäng1
長散,cöng4 sæng2
處女下海,cü1 nü1 ha6 fui2
釘板,deng1 bæng2
叮叮噹噹,däng1 däng1 dong1 dong1
頂住檔先,däng2 zü6 dong1 sing1
疊羅漢,dip6 lo4 fung1
道家思想,däu6 ga1 si1 söng2
快過打針,fai1 gwo1 da2 zäm1
翻番,fæng1 fæng1
枯井,fu1 zäng2
隔都,gæk2 du1
監察院長,gam1 cæk2 yüng6 zöng2
間接選舉,gæng1 zip2 süng2 gü2
雞精書,gäi1 zäng1 sü1
頸梗,geng2 gäng2
經幡,gäng1 fæng1
乾女兒,gung1 nü1 yi4
港灣道,gong2 wæng1 däu6
穀米,guk2 mai1
行色匆匆,häng4 säk2 cung1 cung1
口射,häu2 se6
稀土金屬,hi1 tu2 gäm1 suk6
去乜,hü1 mäk2
好好飲,häu2 häu2 yäm2
一段仔,yäk2 düng6 zäi2
凝練,yäng4 ling6
羊毛衫,yöng4 mäu4 sam1
雍容華貴,yung1 yung4 wa4 gwäi1
魚雷艇,yü4 löi4 täng1
月費計劃,ngük6 fäi1 gäi1 wæk6
礦卡,kwong1 kæk2
拉掣,lai1 zäi1
立方厘米,läp6 fong1 li4 mai1
老夫少妻,läu1 fu1 siu1 cäi1
露兩點,lu6 löng1 dim2
默默耕耘,mäk6 mäk6 gæng1 wäng4
文學士,mäng4 hok6 si6
問下人,mäng6 ha1 yäng4
微晶片,mi4 zäng1 ping2
美容女,mi1 yung4 nü1
未成年者,mi6 säng4 ning4 ze2
明升暗降,mäng4 säng1 äm1 gong1
無牽無掛,mu4 hing1 mu4 gwa1
五道,ng1 däu6
破銅爛鐵,po1 tung4 læng6 tik2
三從四德,sam1 cung4 si1 däk2
生神仙,sæng1 säng4 sing1
四道,si1 däu6
四海為家,si1 fui2 wäi4 ga1
小蝦米,siu2 ha1 mai1
餸頭餸尾,sung1 täu4 sung1 mi1
太少人,tai1 siu2 yäng4
攤下,tæng1 ha1
鐵籠車,tik2 lung4 ce1
調色板,tiu4 säk2 bæng2
桃李滿門,täu4 li1 mung1 mung4
湖光山色,wu4 gwong1 sæng1 säk2
精華版,zäng1 wa4 bæng2
濁音,zuk6 yäm1
唉聲歎氣,ai1 säng1 tæng1 hi1
俾嘢,bi2 ya1
俾卡,bi2 kæk2
叉車,ca1 ce1
差無幾,ca1 mu4 gi2
炒孖展,cau2 ma1 zing2
唱針,cöng1 zäm1
長袖善舞,cöng4 zäu6 sing6 mu1
傳代,cüng4 döi6
傳流,cüng4 läu4
打道回府,da2 däu6 wui4 fu2
滴灌,däk6 gwung1
倒冧,däu2 läm1
讀下書,duk6 ha1 sü1
番鬼荔枝,fæng1 gwäi2 läi6 zi1
番鬼佬荔枝,fæng1 gwäi2 läu2 läi6 zi1
番荔枝,fæng1 läi6 zi1
番枝,fæng1 zi1
浮想聯翩,fäu4 söng2 lüng4 ping1
加重語氣,ga1 cung1 yü1 hi1
更慢,gäng1 mæng6
九號球,gäu2 häu6 käu4
警署警長,gäng2 cü1 gäng2 zöng2
改一下,gwui2 yäk2 ha1
古道熱腸,gwu2 däu6 ngik6 cöng4
官立學校,gwung1 läp6 hok6 hau6
拐彎抹角,gwai2 wæng1 muk2 gok2
下酒菜,ha6 zäu2 cöi1
巧固球,hau2 gwu1 käu4
去打機,hü1 da2 gi1
一大部分,yäk2 dai6 bu6 fäng6
倚老賣老,yi2 läu1 mai6 läu1
以老賣老,yi1 läu1 mai6 läu1
二陂坊,yi6 bi1 fong1
要暈,yiu1 wäng4
玉米粉,yuk6 mai1 fäng2
卡賓槍,ka1 bäng1 cöng1
卡口,ka1 häu2
卡窿,ka1 lung1
耆老,ki4 läu1
缺油,kük2 yäu4
爛飯,læng6 fæng6
漏墨,läu6 mäk6
李耳,li1 yi1
靈水,läng4 söi2
領港員,läng1 gong2 yüng4
兩德,löng1 däk2
浪女,long6 nü1
名滿天下,mäng4 mung1 ting1 ha6
磨拳,mo4 küng4
那記,na1 gi1
那篇,na1 ping1
牙擦仔,nga4 cæk2 zäi2
眼底下,ngæng1 däi2 ha6
惡狠,ok2 häng2
被尾,pi1 mi1
神經失常,säng4 gäng1 säk2 söng4
十號波,säp6 häu6 bo1
十號風球,säp6 häu6 fung1 käu4
室樂,säk2 ngok6
仇外,säu4 wui6
卸裝,se1 zong1
射出界,se6 cäk2 gai1
死好命,si2 häu2 mäng6
石湖墟,sek6 wu4 hü1
淅瀝,säk2 läk6
線衫,sing1 sam1
硝酸甘油,siu1 süng1 gäm1 yäu4
體重計,täi2 cung1 gäi1
永生花,wäng1 sæng1 fa1
渣華道,za1 wa4 däu6
淨水器,zäng6 söi2 hi1
莊文強,zong1 mäng4 köng4
莊士敦道,zong1 si6 däng1 däu6
濁酒,zuk6 zäu2
專著,züng1 zü1
轉數錶,züng1 su1 biu1
屎忽窿,si2 fäk2 lung1
白電油,bæk6 ding6 yäu4
不惜一戰,bäk2 säk2 yäk2 zing1
不成話,bäk2 säng4 wa6
綁埋一齊,bong2 mai4 yäk2 cäi4
背字,bui6 zi6
摻和,cam1 wo4
沉沒成本,cäm4 muk6 säng4 bung2
七分之一,cäk2 fäng6 zi1 yäk2
出公數,cäk2 gung1 su1
前世今生,cing4 säi1 gäm1 säng1
青翠,cäng1 cöi1
長頸龍,cöng4 geng2 lung4
菜脯,cöi1 pu2
傳問,cüng4 mäng6
打崩頭,da2 bäng1 täu4
打韆鞦,da2 cing1 cäu1
打手指模,da2 säu2 zi2 mu4
打算點,da2 süng1 dim2
鄧竟成,däng6 gäng2 säng4
倒序,däu2 zü6
動覺,dung6 gok2
伏地魔,fuk6 di6 mo1
服務質量,fuk6 mu6 zäk2 löng6
假寐,ga2 mi6
更次,gæng1 ci1
感質,gäm2 zäk2
乾巴巴,gung1 ba1 ba1
高精度,gäu1 zäng1 du6
掛軸,gwa1 zuk6
骨針,gwäk2 zäm1
蝦艇,ha1 täng1
恆河沙數,häng4 ho4 sa1 su2
好耐好耐,häu2 nöi6 häu2 nöi6
好想嘔,häu2 söng2 äu2
雄心萬丈,hung4 säm1 mæng6 zöng6
一盅兩件,yäk2 zung1 löng1 ging6
油印,yäu4 yäng1
有聲書,yäu1 säng1 sü1
易拉罐,yi6 lai1 gwung1
櫻桃樹,yäng1 täu4 sü6
遠交近攻,yüng1 gau1 gäng6 gung1
月琴,ngük6 käm4
李國寶,li1 gwok2 bäu2
兩錢重,löng1 cing4 cung1
兩三張,löng1 sam1 zöng1
咯吱,lok2 zi1
老公豬,läu1 gung1 zü1
隆乳,lung4 yü1
亂打亂撞,lüng6 da2 lüng6 zong6
文人相輕,mäng4 yäng4 söng1 häng1
問候下,mäng6 häu6 ha1
尾款,mi1 fung2
面無人色,ming6 mu4 yäng4 säk2
面燶,ming6 nung1
武裝鬥爭,mu1 zong1 däu1 zäng1
門面工夫,mung4 ming6 gung1 fu1
偶然間,ngäu1 ying4 gæng1
平安神宮,päng4 wung1 säng4 gung1
培道,pui4 däu6
盤錯,pung4 co1
碰啱,pung1 ngam1
生石灰,sæng1 sek6 fui1
烚下烚下,sap6 ha1 sap6 ha1
煠下煠下,sap6 ha1 sap6 ha1
身歷聲,säng1 läk6 säng1
生物醫學,säng1 mäk6 yi1 hok6
十下十下,säp6 ha1 säp6 ha1
十四行詩,säp6 si1 hong4 si1
收回成命,säu1 wui4 säng4 mäng6
收針,säu1 zäm1
寫紙仔,se2 zi2 zäi2
使節團,si2 zik2 tüng4
肆意妄為,si1 yi1 mong1 wäi4
醒定定,säng2 däng6 däng6
聖士提反,säng1 si6 täi4 fæng2
城郭,säng4 gwok2
小兩口,siu2 löng1 häu2
相襯,söng1 cäng1
商業計劃,söng1 yip6 gäi1 wæk6
上吐下瀉,söng6 tu1 ha6 se1
喪假,song1 ga1
數千年,su1 cing1 ning4
數番,su1 fæng1
炭精,tæng1 zäng1
體下點先,täi2 ha1 dim2 sing1
啼聲,täi4 säng1
舔食,tim2 säk6
甜片,tim4 ping2
鐵板神數,tik2 bæng2 säng4 su1
鐵版神數,tik2 bæng2 säng4 su1
調味劑,tiu4 mi6 zäi1
威重,wäi1 zung6
輜重,zi1 cung1
中堅力量,zung1 ging1 läk6 löng6
精蟲上腦,zäng1 cung4 söng1 näu1
包爾,bau1 yi1
博士班,bok2 si6 bæng1
七種,cäk2 zung2
車鈴,ce1 läng4
赤道儀,cek2 däu6 yi4
前車主,cing4 ce1 zü2
青山灣,cäng1 sæng1 wæng1
重錘出擊,cung1 cöi4 cäk2 gäk2
重鎚出擊,cung1 cöi4 cäk2 gäk2
廚師長,cü4 si1 zöng2
儲藏量,cü1 cong4 löng6
全包宴,cüng4 bau1 ying1
打火石,da2 fo2 sek6
第二格,däi6 yi6 gæk2
點話點好,dim2 wa6 dim2 häu2
嘟嚕,du1 lu1
讀書機,duk6 sü1 gi1
輻射冷卻,fuk2 se6 læng1 kök2
福至心靈,fuk2 zi1 säm1 läng4
封紅包,fung1 hung4 bau1
格仔紙,gæk2 zäi2 zi2
梗廚,gäng2 cü4
急中生智,gäp2 zung1 säng1 zi1
肝腸寸斷,gwung1 cöng4 cüng1 düng6
故地重遊,gwu1 di6 cung4 yäu4
公兩,gung1 löng1
工商銀行,gung1 söng1 ngäng4 hong4
瓜子面,gwa1 zi2 ming6
哈瓦那,ha1 nga1 na1
下聘,ha6 päng1
闔府統請,häp6 fu2 tung2 cäng2
氣壓計,hi1 æk2 gäi1
吃着,hek2 zök6
虛度,hü1 du6
輕武器,häng1 mu1 hi1
好緊火,häu2 gäng2 fo2
好唔好人,häu2 m4 häu2 yäng4
有棵,yäu1 fo2
擬聲詞,yi1 säng1 ci4
二仔底,yi6 zäi2 däi2
融合為一,yung4 häp6 wäi4 yäk2
完好無損,yüng4 häu2 mu4 süng2
溝通下,käu1 tung1 ha1
兩發,löng1 fæk2
樂山,lok6 sæng1
馬可波羅,ma1 ho2 bo1 lo4
萬試萬靈,mæng6 si1 mæng6 läng4
冇譜,mäu1 pu2
諗唔諗住,näm2 m4 näm2 zü6
吳家樂,ng4 ga1 lok6
五道口,ng1 däu6 häu2
五十二,ng1 säp6 yi6
硬梆梆,ngæng6 bong1 bong1
岳丈,ngok6 zöng6
平均速度,päng4 gwäng1 cuk2 du6
三人成虎,sam1 yäng4 säng4 fu2
衫裙,sam1 kwäng4
三焦,sam1 ziu1
生唔生性,sæng1 m4 sæng1 säng1
卸載,se1 zöi1
時移勢易,si4 yi4 säi1 yäk6
蘇打粉,su1 da2 fäng2
數則,su1 zäk2
吞吃,täng1 hek2
偷腥,täu1 säng1
天華路,ting1 wa4 lu6
暈暈噸噸,wäng4 wäng4 däng1 däng1
暈暈沌沌,wäng4 wäng4 däng6 däng6
走讀,zäu2 duk6
脊柱裂,zek2 cü1 lik6
自下而上,zi6 ha6 yi4 söng6
識下人,säk2 ha6 yäng4
扮裝,bæng6 zong1
八老,bæk2 läu1
八種,bæk2 zung2
不假外求,bäk2 ga2 wui6 käu4
邊有話,bing1 yäu1 wa6
變裝皇后,bing1 zong1 wong4 häu6
薄荷油,bok6 ho4 yäu4
叉燒酥,ca1 siu1 su1
參禪,cam1 sim4
沉聲,cäm4 säng1
出謀劃策,cäk2 mäu4 wæk6 cæk2
錯有錯着,co1 yäu1 co1 zök6
長生果,cöng4 säng1 gwo2
財經演員,cöi4 gäng1 ying2 yüng4
大覺瞓,dai6 gau1 fäng1
第二口,däi6 yi6 häu2
第二項,däi6 yi6 hong6
得個估,däk2 go1 gwu2
得閒咪,däk2 hæng4 mäi1
豆腐乾,däu6 fu6 gung1
度頸,dok6 geng2
毒力,duk6 läk6
番書仔,fæng1 sü1 zäi2
浮世繪,fäu4 säi1 kwui2
解放運動,gai2 fong1 wäng6 dung6
間奏,gæng1 zäu1
繼子女,gäi1 zi2 nü1
金馬倫道,gäm1 ma1 läng4 däu6
糾錯,gäu2 co1
媾和,gäu1 wo4
幾片,gi2 ping1
驚鴻,gäng1 hung4
競爭模式,gäng6 zäng1 mu4 säk2
光芒萬丈,gwong1 mong4 mæng6 zöng6
下頁,ha6 yip6
後生可畏,häu6 säng1 ho2 wäi1
後會無期,häu6 wui6 mu4 ki4
康寧道,hong1 näng4 däu6
好命水,häu2 mäng6 söi2
好少上,häu2 siu2 söng1
一隻二隻,yäk2 zek2 yi6 zek2
有路數,yäu1 lu6 su1
疑難雜症,yi4 næng4 zap6 zäng1
二十四節氣,yi6 säp6 si1 zik2 hi1
卡債,kæk2 zai1
禁使,gäm1 säi2
區間車,kü1 gæng1 ce1
拉人封艇,lai1 yäng4 fung1 täng1
冷知識,læng1 zi1 säk2
李亞男,li1 a1 nam4
兩棵,löng1 fo2
兩門,löng1 mung4
兩雙,löng1 söng1
弄亂,lung6 lüng6
麻生太郎,ma4 säng1 tai1 long4
馬到成功,ma1 däu1 säng4 gung1
馬蹄粉,ma1 täi4 fäng2
無言老師,mu4 ying4 läu1 si1
霉爛,mui4 læng6
木頭公仔,muk6 täu4 gung1 zäi2
凹凸有致,näp2 däk6 yäu1 zi1
彌月,ni4 ngük6
女眷,nü1 güng1
怒目相向,nu6 muk6 söng1 höng1
安徽省,wung1 fäi1 sæng2
拍散拖,pæk2 sæng2 to1
辟腥,päk2 säng1
培正道,pui4 zäng1 däu6
蓬頭垢面,pung4 täu4 gäu1 ming6
三頂,sam1 deng2
修道士,säu1 däu6 si6
蛇紋石,se4 mäng4 sek6
水晶包,söi2 zäng1 bau1
陝西省,sim2 säi1 sæng2
成百上千,säng4 bæk2 söng1 cing1
燒青,siu1 ceng1
上合組織,söng6 häp6 zu2 zäk2
上智,söng6 zi1
索油,sok2 yäu4
頭伏,täu4 fuk6
和安里,wo4 wung1 li1
擠眉弄眼,zäi1 mi4 lung6 ngæng1
針氈,zäm1 zing1
餞行,zing1 häng4
整食,zäng2 säk6
朝露,ziu1 lu6
裝櫃,zong1 gwäi6
中蛇,zung1 se4
縱聲,zung1 säng1
這行,ze1 hong4
拗氣,au1 hi1
爆聲,bau1 säng1
不錯不錯,bäk2 co1 bäk2 co1
俾電話,bi2 ding6 wa2
被和諧,bi6 wo4 hai4
病從口入,beng6 cung4 häu2 yäp6
弁言,bing6 ying4
冰風暴,bäng1 fung1 bäu6
背黑鍋,bui1 häk2 wo1
背城借一,bui1 säng4 ze1 yäk2
酬載,cäu4 zöi1
打蘭,da2 læng4
大包米,dai6 bau1 mai1
特快車,däk6 fai1 ce1
汀角,däng1 gok2
多米尼克,do1 mai1 ni4 häk2
翻領,fæng1 leng1
副相,fu1 söng1
更動,gäng1 dung6
幾勁下,gi2 gäng6 ha1
見賢思齊,ging1 ying4 si1 cäi4
經典案例,gäng1 ding2 wung1 läi6
薑啤,göng1 be1
顧面子,gwu1 ming6 zi2
共和政體,gung6 wo4 zäng1 täi2
行政署,häng4 zäng1 cü1
口淡,häu2 tam1
氣井,hi1 zäng2
去嗰度,hü1 go2 du6
顯貴,hing2 gwäi1
開會地點,fui1 wui6 di6 dim2
好少玩,häu2 siu2 wæng4
現磨,ying6 mo4
英數,yäng1 su1
羽毛波,yü1 mäu4 bo1
乳頭瘤,yü1 täu4 läu4
乳脂,yü1 zi1
傾乜,käng1 mäk2
翹首以待,kiu4 säu2 yi1 döi6
李炳,li1 bäng2
李海恩,li1 fui2 yäng1
鯉魚門道,li1 yü4 mung4 däu6
練精學懶,ling6 zeng1 hok6 læng1
零和遊戲,läng4 wo4 yäu4 hi1
孖八,ma1 bæk2
碼仔,ma1 zäi2
墨跡,mäk6 zäk2
面燶燶,ming6 nung1 nung1
摩頂,mo1 deng2
網路平台,mong1 lu6 päng4 töi4
諗錯,näm2 co1
咬長糧,ngau1 cöng4 löng4
奀仔,ngäng1 zäi2
跑下步,pau2 ha1 bu6
片言隻語,ping1 ying4 zek2 yü1
便宜莫貪,ping4 yi4 mok6 tam1
莎車,sa1 ce1
曬月光,sai1 ngük6 gwong1
山凹,sæng1 au1
散叫,sæng2 giu1
洗髮乳,säi2 fæk2 yü1
醒瞓,seng2 fäng1
成唔成熟,säng4 m4 säng4 suk6
拖下拖下,to1 ha1 to1 ha1
拖男帶女,to1 nam4 dai1 nü1
華人置業,wa4 yäng4 zi1 yip6
畫餅充飢,wæk6 beng2 cung1 gi1
灣月,wæng1 ngük6
玩陣,wæng4 zäng6
為時過早,wäi4 si4 gwo1 zäu2
狐女,wu4 nü1
護長,wu6 zöng2
側聞,zäk2 mäng4
曾慶紅,zäng1 häng1 hung4
遭難,zäu1 næng6
眾怒難犯,zung1 nu6 næng4 fæng6
主和派,zü2 wo4 pai1
轉發到,züng2 fæk2 däu1
好撚煩,häu2 näng2 fæng4
係難,häi6 næng4
係難,häi6 næng6
百幾度,bæk2 gi2 du6
跛子,bäi1 zi2
拔擢,bäk6 zok6
扁食,bing2 säk6
僕從,buk6 cung4
般咸道,bung1 ham4 däu6
叉雞飯,ca1 gäi1 fæng6
參考文獻,cam1 hau2 mäng4 hing1
參考消息,cam1 hau2 siu1 säk2
齊眉,cäi4 mi4
測試包,cäk2 si1 bau1
層層疊疊,cäng4 cäng4 dip6 dip6
長青隧道,cöng4 cäng1 söi6 däu6
滄浪,cong1 long6
曹參,cäu4 säm1
第二宗,däi6 yi6 zung1
調倉,diu6 cong1
都等到,du1 däng2 däu1
都會廣場,du1 wui6 gwong2 cöng4
獨食難肥,duk6 säk6 næng4 fi4
瞓好,fäng1 häu2
肥叉,fi4 ca1
貨卡,fo1 ka1
家鄉話,ga1 höng1 wa2
加茲尼省,ga1 zi1 ni4 sæng2
假公濟私,ga2 gung1 zäi1 si1
解決爭端,gai2 kük2 zäng1 düng1
吉林省,gäk2 läm4 sæng2
九華徑,gäu2 wa4 gäng1
九丈,gäu2 zöng6
驚疑,gäng1 yi4
結數,gik2 su1
降落地點,gong1 lok6 di6 dim2
高士威道,gäu1 si6 wäi1 däu6
拐下拐下,gwai2 ha1 gwai2 ha1
貴府,gwäi1 fu2
黑龍江省,häk2 lung4 gong1 sæng2
核國家,häk6 gwok2 ga1
核試爆,häk6 si1 bau1
氣凝膠,hi1 yäng4 gau1
海防道,fui2 fong4 däu6
好耐下,häu2 nöi6 ha1
忍下手,yäng1 ha6 säu2
人浮於事,yäng4 fäu4 yü1 si6
仁和堂,yäng4 wo4 tong4
一哄而散,yäk2 hung1 yi4 sæng1
一兩隊,yäk2 löng1 döi6
惹事生非,ye1 si6 säng1 fi1
二流子,yi6 läu4 zi2
浴球,yuk6 käu4
軟片,yüng1 ping2
卡邦尼,ka1 bong1 ni4
球狀物,käu4 zong6 mäk6
爛茶渣,læng6 ca4 za1
餾分,läu6 fäng6
李燦森,li1 cæng1 säm1
李詩韻,li1 si1 wäng1
蕾絲邊,löi4 si1 bing1
零仔,läng4 zäi2
浪茄,long6 kö4
浪跡天涯,long6 zäk2 ting1 ngai4
馬到功成,ma1 däu1 gung1 säng4
麥酒,mæk6 zäu2
眉精眼企,mi4 zäng1 ngæng1 ki1
面壁思過,ming6 bäk2 si1 gwo1
網球肘,mong1 käu4 zau2
母老虎,mu1 läu1 fu2
舞照跳,mu1 ziu1 tiu1
沒日沒夜,muk6 yäk6 muk6 ye6
那幅,na1 fuk2
男左女右,nam4 zo2 nü1 yäu6
女傑,nü1 gik6
女陰,nü1 yäm1
銀行擔保,ngäng4 hong4 dam1 bäu2
偶一為之,ngäu1 yäk2 wäi4 zi1
惡貫滿盈,ok2 gwung1 mung1 yäng4
惡劣天氣,ok2 lük2 ting1 hi1
拍長拖,pæk2 cöng4 to1
省力,sæng2 läk6
深痛惡絕,säm1 tung1 wu1 zük6
身負重傷,säng1 fu6 cung1 söng1
神經網,säng4 gäng1 mong1
四物湯,si1 mäk6 tong1
禪心,sim4 säm1
成夜,säng4 ye6
小楷,siu2 kai2
商品經濟,söng1 bäng2 gäng1 zäi1
掃黃打非,säu1 wong4 da2 fi1
宿分,suk2 fäng6
縮時攝影,suk2 si4 sip2 yäng2
貪威識食,tam1 wäi1 säk2 säk6
體積重,täi2 zäk2 cung1
湯寶如,tong1 bäu2 yü4
痛深惡絕,tung1 säm1 wu1 zük6
混凝土車,wäng6 yäng4 tu2 ce1
黃梅調,wong4 mui4 diu6
污糟衫,wu1 zäu1 sam1
走為上策,zäu2 wäi4 söng6 cæk2
走為上計,zäu2 wäi4 söng6 gäi1
走為上着,zäu2 wäi4 söng6 zök6
資質平庸,zi1 zäk2 päng4 yung4
朝歌,ziu1 go1
載客車,zöi1 hæk2 ce1
諸生,zü1 säng1
轉引,züng2 yäng1
不弄,bäk2 lung6
鼻青臉腫,bi6 ceng1 lim1 zung2
波蘭語,bo1 læng4 yü1
波面,bo1 ming6
差派,cai1 pai1
陳家強,cäng4 ga1 köng4
抽球,cäu1 käu4
出生紙,cäk2 sæng1 zi2
坐無影凳,co1 mu4 yäng2 däng1
重播節目,cung4 bo1 zik2 muk6
重秤,cung1 cäng1
傳道人,cüng4 däu6 yäng4
傳旨,cüng4 zi2
打飯,da2 fæng6
搭公車,dap2 gung1 ce1
兜生意,däu1 sæng1 yi1
豆腐乳,däu6 fu6 yü1
點都應該,dim2 du1 yäng1 gwui1
顛倒眾生,ding1 däu2 zung1 säng1
頂瓜瓜,däng2 gwa1 gwa1
定下驚,däng6 ha1 gäng1
都未夠班,du1 mi6 gäu1 bæng1
倒手,däu2 säu2
道岔,däu6 ca1
蕃茄醬,fæng1 kö4 zöng1
翻山越嶺,fæng1 sæng1 yük6 leng1
縫衣針,fung4 yi1 zäm1
甲仔,gap2 zäi2
交尾,gau1 mi1
攪一攪,gau2 yäk2 gau2
計下條數,gäi1 ha1 tiu4 su1
金針花,gäm1 zäm1 fa1
舊調重彈,gäu6 diu6 cung4 tæng4
基督城,gi1 duk2 säng4
舉重若輕,gü2 cung4 yök6 heng1
古明華,gwu2 mäng4 wa4
掛波,gwa1 bo1
掛靠,gwa1 kau1
險死還生,him2 si2 wæng4 säng1
音叉,yäm1 ca1
人體解剖,yäng4 täi2 gai2 fäu2
日夜顛倒,yäk6 ye6 ding1 däu2
柔焦,yäu4 ziu1
櫻桃街,yäng1 täu4 gai1
凝眸,yäng4 mäu4
形聲,yäng4 säng1
腰椎間盤,yiu1 zöi1 gæng1 pung4
圓錐體,yüng4 zöi1 täi2
遠近馳名,yüng1 gäng6 ci4 mäng4
月華街,ngük6 wa4 gai1
良種,löng4 zung2
老調重彈,läu1 diu6 cung4 tæng4
老奸巨滑,läu1 gæng1 gü6 wæk6
老奸巨猾,läu1 gæng1 gü6 wæk6
老氣橫秋,läu1 hi1 wæng4 cäu1
窿窿罅罅,lung1 lung1 la1 la1
劣種,lük2 zung2
米線陣,mai1 sing1 zäng6
問題少年,mäng6 täi4 siu1 ning4
磨薑,mo4 göng1
牛頭角道,ngäu4 täu4 gok2 däu6
昂平,ngong4 päng4
攀山越嶺,pæng1 sæng1 yük6 leng1
炮仔,pau1 zäi2
平角,päng4 gok2
三重奏,sam1 cung4 zäu1
省心,sæng2 säm1
洗盡鉛華,säi2 zäng6 yüng4 wa4
世代相傳,säi1 döi6 söng1 cüng4
神智清醒,säng4 zi1 cäng1 säng2
生長素,säng1 zöng2 su1
實況轉播,säk6 fong1 züng2 bo1
守車,säu2 ce1
鏽蝕,säu1 säk6
賒數,se1 su1
鎖匙窿,so2 si4 lung1
想俾人,söng2 bi2 yäng4
上墳,söng1 fäng4
上映期間,söng6 yäng2 ki4 gæng1
朔月,sok2 ngük6
潭底,tam4 däi2
聽頭,täng1 täu4
陶冶性情,täu4 ye1 säng1 cäng4
斷線風箏,tüng1 sing1 fung1 zäng1
話點就點,wa6 dim2 zäu6 dim2
和宜合,wo4 yi4 häp6
往灣仔,wong1 wæng1 zäi2
側鏡,zäk2 geng1
掙錢,zäng1 cing4
積攢,zäk2 zæng2
戰略伙伴,zing1 lök6 fo2 bung6
精英主義,zäng1 yäng1 zü2 yi6
組織領導,zu2 zäk2 läng1 däu6
轉背,züng2 bui1
轉遞,züng2 däi6
大驚小怪,dai6 geng1 siu2 gwai1
大驚小怪,dai6 gäng1 siu2 gwai1
不足掛齒,bäk2 zuk2 gwa1 ci2
被乘數,bi6 säng4 su1
保姆車,bäu2 mu1 ce1
布包豆腐,bu1 bau1 däu6 fu6
撐艇,cæng1 täng1
齊步,cäi4 bu6
臭青,cäu1 ceng1
斜肌,ce4 gi1
錯角,co1 gok2
菜肉包,cöi1 yuk6 bau1
擔挑,dam1 tiu1
第二家,däi6 yi6 ga1
啄食,dök2 säk6
當無數,dong1 mu4 su1
賭啤,du2 pe1
倒掛金鈎,däu1 gwa1 gäm1 ngäu1
道唔道德,däu6 m4 däu6 däk2
浮水印,fäu4 söi2 yäng1
飛來蜢,fi1 löi4 mæng2
交叉口,gau1 ca1 häu2
計劃表,gäi1 wæk6 biu2
近體詩,gäng6 täi2 si1
急難,gäp2 næng6
驚恐症,gäng1 hung2 zäng1
歌和老街,go1 wo4 läu1 gai1
乾巴,gung1 ba1
講打講殺,gong2 da2 gong2 sæk2
高超道,gäu1 ciu1 däu6
鼓起泡腮,gwu2 hi2 pau1 söi1
鼓埋泡腮,gwu2 mai4 pau1 söi1
怪相,gwai1 söng1
下眼皮,ha6 ngæng1 pi4
汽車維修,hi1 ce1 wäi4 säu1
海上鮮,fui2 söng6 sing1
漢坦病毒,fung1 tæng2 beng6 duk6
好難解釋,häu2 næng4 gai2 säk2
好熟面口,häu2 suk6 ming6 häu2
一片丹心,yäk2 ping1 dæng1 säm1
衣兜,yi1 däu1
以怨報德,yi1 yüng1 bäu1 däk2
二千五百,yi6 cing1 ng1 bæk2
熱解,ngik6 gai2
躍然紙上,yök2 ying4 zi2 söng6
甩班,läk2 bæng1
李若彤,li1 yök6 tung4
李陵,li1 läng4
李天翔,li1 ting1 cöng4
輪米,läng4 mai1
兩厘,löng1 li4
兩盞,löng1 zæng2
魯平,lu1 päng4
聯合道,lüng4 häp6 däu6
聯針,lüng4 zäm1
味噌湯,mi6 zäng1 tong1
棉球,ming4 käu4
幕間,mok6 gæng1
忙中有錯,mong4 zung1 yäu1 co1
每度,mui1 du6
木馬病毒,muk6 ma1 beng6 duk6
滿月酒,mung1 ngük6 zäu2
沒轍,muk6 cik2
那不勒斯,na1 bäk2 läk6 si1
奶量,nai1 löng6
牙籤仔,nga4 cim1 zäi2
安達臣道,wung1 dæk6 säng4 däu6
平等主義,päng4 däng2 zü2 yi6
衫腳,sam1 gök2
山西省,sæng1 säi1 sæng2
生氣勃勃,säng1 hi1 buk6 buk6
手工啤,säu2 gung1 be1
錫箔,sek2 bok6
石梨,sek6 li4
水乳交融,söi2 yü1 gau1 yung4
惜肉如金,säk2 yuk6 yü4 gäm1
食品衞生,säk6 bäng2 wäi6 säng1
食長糧,säk6 cöng4 löng4
食菌,säk6 kwäng2
鮮明對比,sing1 mäng4 döi1 bi2
小滴,siu2 däk6
蘇打水,su1 da2 söi2
孫女兒,süng1 nü1 yi4
聽曲,teng1 kuk2
畫鬼腳,wæk6 gwäi2 gök2
為善最樂,wäi4 sing6 zöi1 lok6
瘟仔,wäng1 zäi2
韻尾,wäng1 mi1
和平區,wo4 päng4 kü1
枕藉,zäm2 zäk6
皺巴巴,zäu1 ba1 ba1
值日生,zäk6 yäk6 säng1
淨喺,zäng6 häi2
轉危為安,züng2 ngäi4 wäi4 wung1
滿月,mung1 ngük6
衞生處,wäi6 säng1 cü1
好撚廢,häu2 näng2 fäi1
拗彎,au2 wæng1
拗數,au1 su1
包菜,bau1 cöi1
包衣,bau1 yi1
閉上嘴巴,bäi1 söng1 zöi2 ba1
半路上,bung1 lu6 söng6
半唐番,bung1 tong4 fæng1
撥電話,buk6 ding6 wa2
尋歡作樂,cäm4 fung1 zok2 lok6
塵拂,cäng4 fäk2
車天車地,ce1 ting1 ce1 di6
青海省,cäng1 fui2 sæng2
清潭,cäng1 tam4
情侶裝,cäng4 lü1 zong1
腸梗阻,cöng4 gäng2 zo2
粗生粗養,cu1 sæng1 cu1 yöng1
單眼仔,dæng1 ngæng1 zäi2
第二世界,däi6 yi6 säi1 gai1
敦請,däng1 cäng2
顛三倒四,ding1 sam1 däu2 si1
汀角路,däng1 gok2 lu6
頂讓,däng2 yöng6
頂輪,däng2 läng4
度稿,dok6 gäu2
反差萌,fæng2 ca1 mäng4
發射機,fæk2 se6 gi1
放生電,fong1 sæng1 ding6
攪是攪非,gau2 si6 gau2 fi1
教育方針,gäu1 yuk6 fong1 zäm1
雞包仔,gäi1 bau1 zäi2
基道中學,gi1 däu6 zung1 hok6
見鑊打鑊,ging1 wok6 da2 wok6
肝膽相照,gwung1 dam2 söng1 ziu1
江西省,gong1 säi1 sæng2
講啱,gong2 ngam1
高年級生,gäu1 ning4 käp2 säng1
官差,gwung1 cai1
觀音坐蓮,gwung1 yäm1 co1 ling4
貴妃醉酒,gwäi1 fi1 zöi1 zäu2
考研,hau2 ying4
行程單,häng4 cäng4 dæng1
海平線,fui2 päng4 sing1
好先進,häu2 sing1 zäng1
一技傍身,yäk2 gi6 pong4 säng1
一日最衰,yäk2 yäk6 zöi1 söi1
有卡士,yäu1 ka1 si2
二十面體,yi6 säp6 ming6 täi2
育種,yuk6 zung2
如詩如畫,yü4 si1 yü4 wa6
與人為善,yü1 yäng4 wäi4 sing6
月桂樹,ngük6 gwäi1 sü6
規行矩步,kwäi1 häng4 gü2 bu6
爛瞓,læng6 fäng1
臨湖,läm4 wu4
李家鼎,li1 ga1 däng2
李明逵,li1 mäng4 kwäi4
羅便臣道,lo4 bing6 säng4 däu6
梁繼平,löng4 gäi1 päng4
咯咯笑,lok2 lok2 siu1
六月雪,luk6 ngük6 sük2
萬頭攢動,mæng6 täu4 zæng2 dung6
磨碌,mo6 luk2
沒種,muk6 zung2
難喝,næng4 fuk2
難以名狀,næng4 yi1 mäng4 zong6
銀行假,ngäng4 hong4 ga1
外國話,wui6 gwok2 wa2
糯米酒,no6 mai1 zäu2
平喉,päng4 häu4
生絲,sæng1 si1
薩拉曼卡,sæk2 lai1 mæng6 ka1
西生菜,säi1 sæng1 cöi1
心中無數,säm1 zung1 mu4 su1
新和里,säng1 wo4 li1
十載,säp6 zöi2
蛇都死,se4 du1 si2
蛇佬,se4 läu2
四便,si1 bing6
石米,sek6 mai1
成頭汗,seng4 täu4 fung6
水泥車,söi2 näi4 ce1
使用價值,si2 yung6 ga1 zäk6
試衣間,si1 yi1 gæng1
侍衞長,si6 wäi6 zöng2
識轉彎,säk2 züng2 wæng1
性樂,säng1 lok6
相見恨晚,söng1 ging1 häng6 mæng1
艇仔粥,täng1 zäi2 zuk2
塘尾道,tong4 mi1 däu6
華界,wa4 gai1
灣仔道,wæng1 zäi2 däu6
衞生防疫,wäi6 säng1 fong4 yäk6
雲霄飛車,wäng4 siu1 fi1 ce1
針狀,zäm1 zong6
最優化,zöi1 yäu1 fa1
最塞,zöi1 säk2
自乾五,zi6 gung1 ng1
墊片,zing1 ping2
精瘦,zäng1 säu1
唧唧冰,zik2 zik2 bäng1
種畜,zung2 cuk2
珠被,zü1 pi1
著用,zü1 yung6
尊長,züng1 zöng2
屌乸聲,diu2 na2 säng1
驚西,geng1 säi1
刻舟求劍,hæk2 zäu1 käu4 gim1
壓破,æk2 po1
凹頭,au1 täu4
敗者為寇,bai6 ze2 wäi4 käu1
八珍湯,bæk2 zäng1 tong1
爆裂物,bau1 lik6 mäk6
俾雷劈,bi2 löi4 pek2
迫上梁山,bäk2 söng6 löng4 sæng1
逼上梁山,bäk2 söng6 löng4 sæng1
叉包,ca1 bau1
差失,ca1 säk2
叉頭,ca1 täu4
柴灣道,cai4 wæng1 däu6
參政權,cam1 zäng1 küng4
陳米,cäng4 mai1
車前草,ce1 cing4 cäu2
青豆角,ceng1 däu6 gok2
出唔出聲,cäk2 m4 cäk2 säng1
坐去,co1 hü1
暢運道,cöng1 wäng6 däu6
長此以往,cöng4 ci2 yi1 wong1
粗茶淡飯,cu1 ca4 dam6 fæng6
從左到右,cung4 zo2 däu1 yäu6
打呼嚕,da2 fu1 lu1
大坑道,dai6 hæng1 däu6
第二對,däi6 yi6 döi1
地球科學,di6 käu4 fo1 hok6
電氣道,ding6 hi1 däu6
疊紙,dip6 zi2
朵朵,do2 do2
讀研,duk6 ying4
東拼西湊,dung1 päng1 säi1 cäu1
復讀,fuk6 duk6
風月場所,fung1 ngük6 cöng4 so2
雞聲雞氣,gäi1 säng1 gäi1 hi1
今日好凍,gäm1 yäk6 häu2 dung1
幾大都要,gi2 dai6 du1 yiu1
勁臭,gäng6 cäu1
鬼聲鬼氣,gwäi2 säng1 gwäi2 hi1
行動電話,häng4 dung6 ding6 wa2
行李員,häng4 li1 yüng4
喜靈洲,hi2 läng4 zäu1
協和街,hip2 wo4 gai1
開夜車,fui1 ye6 ce1
人生如夢,yäng4 säng1 yü4 mung6
一兩班,yäk2 löng1 bæng1
一兩股,yäk2 löng1 gwu2
一兩支,yäk2 löng1 zi1
遊戲人間,yäu4 hi1 yäng4 gæng1
二百三十,yi6 bæk2 sam1 säp6
宇宙空間,yü1 zäu6 hung1 gæng1
怨偶,yüng1 ngäu1
卡爾加里,ka1 yi1 ga1 li1
卡梅倫,ka1 mui4 läng4
抗精神病,kong1 zäng1 säng4 beng6
禮頓道,läi1 däng6 däu6
李治廷,li1 zi6 täng4
量器,löng4 hi1
兩粒花,löng1 näp2 fa1
樂捐,lok6 güng1
老僕,läu1 buk6
文法學校,mäng4 fæk2 hok6 hau6
外交使節,wui6 gau1 si1 zik2
內線交易,nöi6 sing1 gau1 yäk6
三號波,sam1 häu6 bo1
三號風球,sam1 häu6 fung1 käu4
心火盛,säm1 fo2 säng6
心外壓,säm1 wui6 æk2
失體面,säk2 täi2 ming6
水舞間,söi2 mu1 gæng1
純素食,säng4 su1 säk6
司徒拔道,si1 tu4 bäk6 däu6
豉油樽,si6 yäu4 zäng1
先進水平,sing1 zäng1 söi2 päng4
聲價,säng1 ga1
相對速度,söng1 döi1 cuk2 du6
相反詞,söng1 fæng2 ci4
相圖,söng1 tu4
上下文,söng6 ha6 mäng4
數學物理,su1 hok6 mäk6 li1
數列,su1 lik6
頭崩額裂,täu4 bäng1 ngæk6 lik6
挑通眼眉,tiu1 tung1 ngæng1 mi4
湯羹,tong1 gäng1
為食鬼,wäi6 säk6 gwäi2
雲南省,wäng4 nam4 sæng2
和宜合道,wo4 yi4 häp6 däu6
簧片,wong4 ping1
齋飯,zai1 fæng6
攢錢,zæng2 cing4
側室,zäk2 säk2
皺著,zäu1 zü1
謝斐道,ze6 fi2 däu6
褶皺,zip2 zäu1
裝彈弓,zong1 dæng6 gung1
裝船,zong1 süng4
做場好戲,zu6 cöng4 häu2 hi1
續假,zuk6 ga1
尊唔尊重,züng1 m4 züng1 zung6
屌呀,diu2 a4
班草,bæng1 cäu2
品質管理,bäng2 zäk2 gwung2 li1
冰墊,bäng1 zing1
波霸奶茶,bo1 ba1 nai1 ca4
寢食不安,cäm2 säk6 bäk2 wung1
七間,cäk2 gæng1
七面,cäk2 ming6
車親,ce1 cäng1
痴心錯付,ci1 säm1 co1 fu6
程班長,cäng4 bæng1 zöng2
呈祥道,cäng4 cöng4 däu6
打毒針,da2 duk6 zäm1
打完機,da2 yüng4 gi1
大統領,dai6 tung2 läng1
膽大妄為,dam2 dai6 mong1 wäi4
第一打,däi6 yäk2 da1
第一面,däi6 yäk2 ming6
點都唔割,dim2 du1 m4 gwuk2
電力機車,ding6 läk6 gi1 ce1
頂心杉,däng2 säm1 cam1
吊尾,diu1 mi1
反光面,fæng2 gwong1 ming6
火鉗,fo2 kim4
附屬法例,fu6 suk6 fæk2 läi6
解甲歸田,gai2 gap2 gwäi1 ting4
解唔解釋,gai2 m4 gai2 säk2
近地點,gäng6 di6 dim2
高唔高質,gäu1 m4 gäu1 zäk2
貴陽,gwäi1 yöng4
均衡飲食,gwäng1 häng4 yäm2 säk6
光復上水,gwong1 fuk6 söng6 söi2
黑道中人,häk2 däu6 zung1 yäng4
衡平,häng4 päng4
行跡,häng4 zäk2
口腔衞生,häu2 hong1 wäi6 säng1
口淡淡,häu2 tam1 tam1
海下,fui2 ha6
好大條,häu2 dai6 tiu4
好手勢,häu2 säu2 säi1
好聲音,häu2 säng1 yäm1
勸和,hüng1 wo4
一毛不拔,yäk2 mäu4 bäk2 bäk6
二百二十,yi6 bæk2 yi6 säp6
驛傳,yäk6 cüng4
卡美洛,ka1 mi1 lok6
球杆,käu4 gwung1
笠衫,läp2 sam1
輪廓鮮明,läng4 kwok2 sing1 mäng4
兩具,löng1 gü6
洛陽紙貴,lok6 yöng4 zi2 gwäi1
老來嬌,läu1 löi4 giu1
密質質,mäk6 zäk2 zäk2
孭債,me1 zai1
面顏,ming6 ngæng4
名實相符,mäng4 säk6 söng1 fu4
磨鏡,mo4 geng1
無以為生,mu4 yi1 wäi4 säng1
每道,mui1 däu6
末尾,muk6 mi1
哪樣,na1 yöng6
難以為繼,næng4 yi1 wäi4 gäi1
五覺,ng1 gok2
眼闊肚窄,ngæng1 fuk2 tu1 zæk2
囊泡,nong4 pau1
啤啤夫,pe1 pe1 fu1
披散,pi1 sæng2
屁精,pi1 zäng1
拼錯,päng1 co1
三棵,sam1 fo2
心膽俱裂,säm1 dam2 kü1 lik6
神經外科,säng4 gäng1 wui6 fo1
生死狀,säng1 si2 zong6
十行,säp6 hong4
死兜爛兜,si2 däu1 læng6 däu1
絮片,sü1 ping1
施匡翹,si1 hong1 kiu4
禪林,sim4 läm4
線裝書,sing1 zong1 sü1
嫦娥奔月,söng4 ngo4 bäng1 ngük6
上錯車,söng1 co1 ce1
上西天,söng1 säi1 ting1
爽呢,song2 ne1
數句,su1 gü1
數據科學,su1 gü1 fo1 hok6
素昧平生,su1 mui6 päng4 säng1
縮成一團,suk2 säng4 yäk2 tüng4
堤拉米蘇,täi4 lai1 mai1 su1
提拉米蘇,täi4 lai1 mai1 su1
天差地別,ting1 ca1 di6 bik6
亭長,täng4 zöng2
鐵價不二,tik2 ga1 bäk2 yi6
托運行李,tok2 wäng6 häng4 li1
同軸電纜,tung4 zuk6 ding6 lam6
斷水斷糧,tüng1 söi2 tüng1 löng4
華國鋒,wa6 gwok2 fung1
緩降,wung6 gong1
玩弄感情,wung6 lung6 gäm2 cäng4
翟威廉,zak6 wäi1 lim4
抓包,zau2 bau1
側重點,zäk2 zung6 dim2
針筆,zäm1 bäk2
着邊,zök6 bing1
做廳長,zu6 täng1 zöng2
轉注,züng2 zü1
為口奔馳,wäi4 häu2 bäng1 ci4
為口奔馳,wäi6 häu2 bäng1 ci4
包數,bau1 su1
飽經風霜,bau2 gäng1 fung1 söng1
閉月羞花,bäi1 ngük6 säu1 fa1
不足為怪,bäk2 zuk2 wäi4 gwai1
丙二醇,bäng2 yi6 säng4
標車參,biu1 ce1 säm1
剷泥車,cæng2 näi4 ce1
擦錯鞋,cæk2 co1 hai4
趁熱食,cäng1 ngik6 säk6
七道,cäk2 däu6
青州,cäng1 zäu1
重九節,cung4 gäu2 zik2
松節油,cung4 zik2 yäu4
單車館,dæng1 ce1 gwung2
電解電容,ding6 gai2 ding6 yung4
電臀舞,ding6 tüng4 mu1
調啦,diu6 la1
都幾識,du1 gi2 säk2
賭白頭片,du2 bæk6 täu4 ping2
到死死下,däu1 si2 si2 ha1
道唔道歉,däu6 m4 däu6 hip2
斷代,düng6 döi6
發軟蹄,fæk2 yüng1 täi4
拂塵,fäk2 cäng4
科技成果,fo1 gi6 säng4 gwo2
放聲氣,fong1 säng1 hi1
伏地挺身,fuk6 di6 täng1 säng1
鳳凰城,fung6 wong4 säng4
急呀,gäp2 a4
九聲,gäu2 säng1
基面,gi1 ming6
幾好幾好,gi2 häu2 gi2 häu2
結為夫妻,gik2 wäi4 fu1 cäi1
姜皓文,göng1 häu6 mäng4
乾瘦,gung1 säu1
孝經,hau1 gäng1
怯生生,hip2 säng1 säng1
好高難度,häu2 gäu1 næng4 du6
甄拔,yäng1 bäk6
人財兩空,yäng4 cöi4 löng1 hung1
一人少句,yäk2 yäng4 siu2 gü1
一式兩份,yäk2 säk2 löng1 fäng6
油麥,yäu4 mæk6
油錐,yäu4 zöi1
有滴,yäu1 däk6
二百一十,yi6 bæk2 yäk2 säp6
二百六十,yi6 bæk2 luk6 säp6
二百四十,yi6 bæk2 si1 säp6
洋話,yöng4 wa2
養虎為患,yöng1 fu2 wäi4 wæng6
預防接種,yü6 fong4 zip2 zung2
遇啱,yü6 ngam1
棋差一着,ki4 ca1 yäk2 zök6
林盛斌,läm4 säng6 bäng1
靈牙利齒,läng4 nga4 li6 ci2
瞭然,liu1 ying4
螺釘,lo4 deng1
兩吋,löng1 cüng1
六度,luk6 du6
龍飛鳳舞,lung4 fi1 fung6 mu1
墨頭,mäk6 täu4
默坐,mäk6 zo6
文種,mäng4 zung2
無縫連接,mu4 fung6 ling4 zip2
扭着,näu2 zök6
你位,ni1 wäi6
伍樂怡,ng1 lok6 yi4
咬老軟,ngau1 läu1 yüng1
糯米糕,no6 mai1 gäu1
平沽,peng4 gwu1
平洲,päng4 zäu1
生生猛猛,sæng1 sæng1 mæng1 mæng1
十二經,säp6 yi6 gäng1
射流,se6 läu4
水過鴨背,söi2 gwo1 ap2 bui1
悉尼老鼠,säk2 ni4 läu1 sü2
食皇家飯,säk6 wong4 ga1 fæng6
成業街,säng4 yip6 gai1
上眼皮,söng6 ngæng1 pi4
數千名,su1 cing1 mäng4
數場,su1 cöng4
數格,su1 gæk2
彈琵琶,tæng4 pi4 pa4
調準,tiu4 zäng2
通便藥,tung1 bing6 yök6
為之動容,wäi4 zi1 dung6 yung4
和衷共濟,wo4 cung1 gung6 zäi1
回電話,wui4 ding6 wa2
習非成是,zap6 fi1 säng4 si6
真好吃,zäng1 häu2 hek2
汁都撈埋,zäp2 du1 läu1 mai4
滋悠淡定,zi1 yäu4 dam6 däng6
滋油淡定,zi1 yäu4 dam6 däng6
正經八百,zäng1 gäng1 bæk2 bæk2
着名牌,zök2 mäng4 pai4
再好不過,zöi1 häu2 bäk2 gwo1
中港城,zung1 gong2 säng4
中信銀行,zung1 säng1 ngäng4 hong4
重文輕武,zung6 mäng4 häng1 mu1
轉移安置,züng2 yi4 wung1 zi1
轉移支付,züng2 yi4 zi1 fu6
這聲,ze1 säng1
處理包,cü1 li1 bau1
雕刻品,diu1 hæk2 bäng2
為人處世,wäi4 yäng4 cü1 säi1
即刻射,zik2 hæk2 se6
豉油碟,si6 yäu4 dip6
鴉片貿易,a1 ping1 mäu6 yäk6
挨年近晚,ai1 ning4 gäng6 mæng1
壓壞,æk2 wai6
百歲老人,bæk2 söi1 läu1 yäng4
白加道,bæk6 ga1 däu6
閉會,bäi1 wui6
品味生活,bäng2 mi6 säng1 wuk6
不可限量,bäk2 ho2 hæng6 löng6
不識好歹,bäk2 säk2 häu2 dai2
祕書長,bi1 sü1 zöng2
邊個話事,bing1 go1 wa6 si6
波狀,bo1 zong6
幫港出聲,bong1 gong2 cäk2 säng1
保安仔,bäu2 wung1 zäi2
杯盤狼藉,bui1 pung4 long4 zäk6
七班,cäk2 bæng1
七度,cäk2 du6
七下,cäk2 ha1
清假,cäng1 ga1
情急智生,cäng4 gäp2 zi1 säng1
初估,co1 gwu2
坐包廂,co1 bau1 söng1
粗重工夫,cu1 cung1 gung1 fu1
燥火,cäu1 fo2
傳達員,cüng4 dæk6 yüng4
傳聲器,cüng4 säng1 hi1
打擊手,da2 gäk2 säu2
打亂種,da2 lüng6 zung2
打醮,da2 ziu1
大篷車,dai6 pung4 ce1
單刀赴會,dæng1 däu1 fu6 wui6
彈埋,dæng6 mai4
惦掛,dim1 gwa1
電訊數碼,ding6 säng1 su1 ma1
道德品質,däu6 däk2 bäng2 zäk2
道號,däu6 häu6
繁榮富強,fæng4 wäng4 fu1 köng4
發財車,fæk2 cöi4 ce1
婚生子女,fäng1 säng1 zi2 nü1
附加數,fu6 ga1 su1
附加數學,fu6 ga1 su1 hok6
腐乳通菜,fu6 yü1 tung1 cöi1
複讀,fuk2 duk6
交通車,gau1 tung1 ce1
校啱,gau1 ngam1
金針菜,gäm1 zäm1 cöi1
激打,gäk2 da2
見下面,ging1 ha1 ming6
驚叫聲,gäng1 giu1 säng1
敬業精神,gäng1 yip6 zäng1 säng4
乾草堆,gung1 cäu2 döi1
江湖道義,gong1 wu4 däu6 yi6
講得幾啱,gong2 däk2 gi2 ngam1
講下講下,gong2 ha1 gong2 ha1
公文包,gung1 mäng4 bau1
鬼話連篇,gwäi2 wa2 ling4 ping1
諧波,hai4 bo1
諧和,hai4 wo4
行蠱惑,hæng4 gwu2 wæk6
行軍禮,häng4 gwäng1 läi1
行蹤飄忽,häng4 zung1 piu1 fäk2
吃布,hek2 bu1
吃裏扒外,hek2 li1 pa4 wui6
吃裏爬外,hek2 li1 pa4 wui6
可可米,ho2 ho2 mai1
開講有話,fui1 gong2 yäu1 wa6
海波,fui2 bo1
血栓形成,hük2 sæng1 yäng4 säng4
人面桃花,yäng4 ming6 täu4 fa1
一齊嗰陣,yäk2 cäi4 go2 zäng6
一齊過陣,yäk2 cäi4 gwo1 zäng6
一兩層,yäk2 löng1 cäng4
油層,yäu4 cäng4
鈾濃縮,yäu4 nung4 suk2
有朵,yäu1 do2
野生生物,ye1 säng1 säng1 mäk6
潤腸通便,yäng6 cöng4 tung1 bing6
二百七十,yi6 bæk2 cäk2 säp6
二萬五千,yi6 mæng6 ng1 cing1
雍和宮,yung1 wo4 gung1
月長石,ngük6 cöng4 sek6
月份會議,ngük6 fäng6 wui6 yi1
月下貨,ngük6 ha1 fo1
翹課,kiu4 fo1
拉生意,lai1 sæng1 yi1
李宗仁,li1 zung1 yäng4
靈糧堂,läng4 löng4 tong4
量具,löng4 gü6
兩岸對話,löng1 wung6 döi1 wa6
兩頭騰,löng1 täu4 täng4
樂悠居,lok6 yäu4 gü1
老驥伏櫪,läu1 ki1 fuk6 läk2
馬師道,ma1 si1 däu6
馬蹄蘭,ma1 täi4 læng4
萬年青,mæng6 ning4 cäng1
妙趣橫生,miu6 cü1 wæng4 sæng1
麼地道,mo1 di6 däu6
毛重,mäu4 cung1
冒名頂替,mäu6 mäng4 däng2 täi1
夢幻泡影,mung6 wæng6 pau1 yäng2
尿毒症,niu6 duk6 zäng1
安好心,wung1 häu2 säm1
排憂解難,pai4 yäu1 gai2 næng4
拍攝者,pæk2 sip2 ze2
拋浪頭,pau1 long6 täu4
皰疹病毒,pau1 cäng2 beng6 duk6
平方根,päng4 fong1 gäng1
飄舞,piu1 mu1
耍弄,sa2 lung6
西頂,säi1 däng2
勢所難免,säi1 so2 næng4 ming1
辛辛那提,säng1 säng1 na1 täi4
生物質能,säng1 mäk6 zäk2 näng4
修面,säu1 ming6
壽數,säu6 su1
思潮起伏,si1 ciu4 hi2 fuk6
食用鹽,säk6 yung6 yim4
鮮竹卷,sing1 zuk2 güng2
成人班,säng4 yäng4 bæng1
成唔成立,säng4 m4 säng4 läp6
城門隧道,säng4 mung4 söi6 däu6
小打小鬧,siu2 da2 siu2 nau6
小人蛇,siu2 yäng4 se4
常壓,söng4 æk2
粟米粉,suk2 mai1 fäng2
痰上頸,tam4 söng1 geng2
貼錯門神,tip2 co1 mung4 säng4
鐵面無私,tik2 ming6 mu4 si1
挑大樑,tiu1 dai6 löng4
躺倒,tong2 däu2
討吃,täu2 hek2
同卵雙生,tung4 läng2 söng1 säng1
同撈同煲,tung4 läu1 tung4 bäu1
斷水電,tüng1 söi2 ding6
斷水斷電,tüng1 söi2 tüng1 ding6
劃痕,wæk6 häng4
遺傳學家,wäi4 cüng4 hok6 ga1
屈光度,wäk2 gwong1 du6
和洽,wo4 häp2
和唔和平,wo4 m4 wo4 päng4
和平鴿,wo4 päng4 gäp2
胡春華,wu4 cäng1 wa4
集體強姦,zap6 täi2 köng4 gæng1
曾偉權,zäng1 wäi1 küng4
精乖,zeng1 gwai1
氈子,zing1 zi2
鑿子,zok6 zi2
轉入地下,züng2 yäp6 di6 ha6
拗口,au2 häu2
巴西戰舞,ba1 säi1 zing1 mu1
擺老烏,bai2 läu1 wu1
百鳥朝鳳,bæk2 niu1 ciu4 fung6
爆陰毒,bau1 yäm1 duk6
壁掛,bäk2 gwa1
標參,biu1 säm1
幫下眼,bong1 ha1 ngæng1
寶雲道,bäu2 wäng4 däu6
七尾,cäk2 mi1
臭腥,cäu1 säng1
車士打,ce1 si6 da2
斜體字,ce4 täi2 zi6
隨緣樂助,cöi4 yüng4 lok6 zo6
磁通量,ci4 tung1 löng6
青原,cäng1 yüng4
青黴素,cäng1 mi4 su1
情深義重,cäng4 säm1 yi6 zung6
撤唔撤回,cik2 m4 cik2 wui4
切成絲,cik2 säng4 si1
錯落有致,co1 lok6 yäu1 zi1
衝打,cung1 da2
從頭做起,cung4 täu4 zu6 hi2
儲位,cü1 wäi6
打漿,da2 zöng1
大件抵食,dai6 ging6 däi2 säk6
大客車,dai6 hæk2 ce1
大聖劈掛,dai6 säng1 pek2 gwa1
淡菜,dam6 cöi1
低八度,däi1 bæk2 du6
第二國際,däi6 yi6 gwok2 zäi1
特雷莎,däk6 löi4 sa1
頂數,däng2 su1
定個台油,däng6 go1 töi4 yäu4
定過抬油,däng6 gwo1 töi4 yäu4
道德家,däu6 däk2 ga1
番薯糖水,fæng1 sü4 tong4 söi2
飯都未,fæng6 du1 mi6
浮光掠影,fäu4 gwong1 lök6 yäng2
坊間傳言,fong1 gæng1 cüng4 ying4
富貴病,fu1 gwäi1 beng6
歡欣鼓舞,fung1 yäng1 gwu2 mu1
加德滿都,ga1 däk2 mung1 du1
假冒品,ga2 mäu6 bäng2
假冒偽劣,ga2 mäu6 ngäi6 lük2
假正經,ga2 zäng1 gäng1
解饞,gai2 cam4
揀起,gæng2 hi2
揀卒,gæng2 zäk2
更練,gæng1 ling6
急剎車,gäp2 sæk2 ce1
九道,gäu2 däu6
機關車,gi1 gwæng1 ce1
基片,gi1 ping2
撿便宜,gim2 ping4 yi4
驚喜交集,gäng1 hi2 gau1 zap6
各打五十,gok2 da2 ng1 säp6
各打五十大板,gok2 da2 ng1 säp6 dai6 bæng2
估領袖,gwu2 läng1 zäu6
谷住度氣,guk2 zü6 du6 hi1
工筆畫,gung1 bäk2 wa6
公主嶺,gung1 zü2 läng1
掛毯,gwa1 tæng2
鬼頭仔,gwäi2 täu4 zäi2
下唔下台,ha6 m4 ha6 töi4
坑尾,hæng1 mi1
黑過墨斗,häk2 gwo1 mäk6 däu2
行人徑,häng4 yäng4 gäng1
合桃酥,häp6 täu4 su1
口輕輕,häu2 heng1 heng1
可塞,ho2 säk2
海老,fui2 läu1
寒毒,fung4 duk6
康康舞,hong1 hong1 mu1
好傷身,häu2 söng1 säng1
好賤格,häu2 zing6 gæk2
血中毒,hük2 zung1 duk6
音質好,yäm1 zäk2 häu2
人間喜劇,yäng4 gæng1 hi2 kek6
人心難測,yäng4 säm1 næng4 cäk2
一兩堂,yäk2 löng1 tong4
一啤,yäk2 pe1
郵車,yäu4 ce1
油垢,yäu4 gäu1
油轆,yäu4 luk2
二百九十,yi6 bæk2 gäu2 säp6
研析,ying4 säk2
乳母,yü1 mu1
懸浮列車,yüng4 fäu4 lik6 ce1
蠄蟧,käm4 läu4
拉米夫定,lai1 mai1 fu1 däng6
臘梅,lap6 mui4
黎明時分,läi4 mäng4 si4 fäng6
旅行支票,lü1 häng4 zi1 piu1
兩碼事,löng1 ma1 si6
兩面三刀,löng1 ming6 sam1 däu1
落簿,lok6 bu2
老爺機,läu1 ye4 gi1
老契,läu1 käi1
老眼昏花,läu1 ngæng1 fäng1 fa1
老成持重,läu1 säng4 ci4 zung6
六十二,luk6 säp6 yi6
弄到手,lung6 däu1 säu2
漫天飛舞,mæng6 ting1 fi1 mu1
抹一額汗,mæk2 yäk2 ngæk6 fung6
墨玉,mäk6 yuk6
尾礦庫,mi1 kwong1 fu1
綿裏藏針,ming4 li1 cong4 zäm1
無米粥,mu4 mai1 zuk2
毛片,mäu4 ping2
那朵,na1 do2
那扇,na1 sing1
牛仔衫,ngäu4 zäi2 sam1
年尾花紅,ning4 mi1 fa1 hung4
山頂道,sæng1 deng2 däu6
西洋參,säi1 yöng4 säm1
西裝革履,säi1 zong1 gæk2 lü1
深旺道,säm1 wong6 däu6
新青年,säng1 cäng1 ning4
神經膠質,säng4 gäng1 gau1 zäk2
生機勃勃,säng1 gi1 buk6 buk6
生態危機,säng1 tai1 ngäi4 gi1
碩士班,sek6 si6 bæng1
水瓜打狗,söi2 gwa1 da2 gäu2
水上人家,söi2 söng6 yäng4 ga1
斯文淡定,si1 mäng4 dam6 däng6
釋經,säk2 gäng1
色胺酸,säk2 wung1 süng1
食物纖維,säk6 mäk6 cim1 wäi4
食四方飯,säk6 si1 fong1 fæng6
食井水,säk6 zäng2 söi2
線纜,sing1 lam6
成眠,säng4 ming4
雙射,söng1 se6
商住兩用,söng1 zü6 löng1 yung6
上車點,söng1 ce1 dim2
上等貨,söng6 däng2 fo1
數字球,su1 zi6 käu4
崇山峻嶺,sung4 sæng1 zäng1 läng1
頭暈腦漲,täu4 wäng4 näu1 zöng1
頭暈腦脹,täu4 wäng4 näu1 zöng1
調速,tiu4 cuk2
陶冶,täu4 ye1
屯赤隧道,tüng4 cek2 söi6 däu6
畫外音,wa6 wui6 yäm1
環保鬥士,wæng4 bäu2 däu1 si6
維特健靈,wäi4 däk6 ging6 läng4
衞生設備,wäi6 säng1 cik2 bi6
暈死,wäng4 si2
永久和平,wäng1 gäu2 wo4 päng4
互為因果,wu6 wäi4 yäng1 gwo2
玩忽,wung6 fäk2
爭番啖氣,zæng1 fæng1 dam6 hi1
爭風吃醋,zäng1 fung1 hek2 cu1
醉酒駕車,zöi1 zäu2 ga1 ce1
致死量,zi1 si2 löng6
自然數,zi6 ying4 su1
焦灼,ziu1 cök2
將軍澳道,zöng1 gwäng1 au1 däu6
長勢,zöng2 säi1
鍾士元,zung1 si6 yüng4
中上階層,zung1 söng6 gai1 cäng4
轉診,züng2 cäng2
刻意為之,hæk2 yi1 wäi4 zi1
行逛,hæng4 kwæng1
食屎大,säk6 si2 dai6
七下七下,cäk2 ha1 cäk2 ha1
壓抑感,æk2 yäk2 gäm2
拗不過,au1 bäk2 gwo1
不打自招,bäk2 da2 zi6 ziu1
俾人搞,bi2 yäng4 gau2
邊際成本,bing1 zäi1 säng4 bung2
扑瓜,bok2 gwa1
炒更,cau2 gæng1
齊書,cäi4 sü1
七號差館,cäk2 häu6 cai1 gwung2
車婉婉,ce1 yüng2 yüng2
巡更,cäng4 gæng1
青沙公路,cäng1 sa1 gung1 lu6
清皇朝,cäng1 wong4 ciu4
撤訴,cik2 su1
俏皮話,ciu1 pi4 wa2
長相思,cöng4 söng1 si1
創紀之城,cong1 gi2 zi1 säng4
重查,cung4 ca4
儲備量,cü1 bi6 löng6
傳為佳話,cüng4 wäi4 gai1 wa2
打雞血,da2 gäi1 hük2
打緊字,da2 gäng2 zi6
打九九九,da2 gäu2 gäu2 gäu2
打鼾,da2 fung4
打住家工,da2 zü6 ga1 gung1
單側,dæng1 zäk2
踏青,dap6 cäng1
兜圈子,däu1 hüng1 zi2
顛倒過來,ding1 däu2 gwo1 löi4
疊層,dip6 cäng4
吊片,diu1 ping2
讀默,duk6 mäk6
讀壞書,duk6 wai6 sü1
毒爪,duk6 zau2
番鬼佬,fæng1 gwäi2 läu2
番茄紅素,fæng1 kö4 hung4 su1
憤怨,fäng1 yüng1
非平衡,fi1 päng4 häng4
火油,fo2 yäu4
火上澆油,fo2 söng6 giu1 yäu4
敷衍塞責,fu1 hing2 säk2 zæk2
歡聲雷動,fung1 säng1 löi4 dung6
風乾機,fung1 gung1 gi1
風口浪尖,fung1 häu2 long6 zim1
佳偶天成,gai1 ngäu1 ting1 säng4
間中都有,gæng1 zung1 du1 yäu1
校勘,gau1 häm1
錦衣夜行,gäm2 yi1 ye6 häng4
咁盞,gäm1 zæng2
近親交配,gäng6 cäng1 gau1 pui1
梗概,gäng2 kwui1
急需解決,gäp2 sü1 gai2 kük2
九十二,gäu2 säp6 yi6
激進武裝,gäk2 zäng1 mu1 zong1
乾包,gung1 bau1
江湖騙子,gong1 wu4 ping1 zi2
槓上開花,gong1 söng1 fui1 fa1
高空彈跳,gäu1 hung1 dæng6 tiu1
貴婦犬,gwäi1 fu1 hüng2
貴州省,gwäi1 zäu1 sæng2
下陸,ha6 luk6
鞋抽面,hai4 cäu1 ming6
呷乾醋,hap2 gung1 cu1
黑色金屬,häk2 säk2 gäm1 suk6
刻舟求劍,häk2 zäu1 käu4 gim1
氣塞,hi1 säk2
吃不上,hek2 bäk2 söng6
吃軟飯,hek2 yüng1 fæng6
害人精,fui6 yäng4 zäng1
學業有成,hok6 yip6 yäu1 säng4
汗如雨下,fung6 yü4 yü1 ha6
好景不長,häu2 gäng2 bäk2 cöng4
好手氣,häu2 säu2 hi1
哭喪着臉,huk2 song1 zök6 lim1
槲寄生,huk6 gi1 säng1
音樂團體,yäm1 ngok6 tüng4 täi2
人工受精,yäng4 gung1 säu6 zäng1
一齊時,yäk2 cäi4 si4
一番苦心,yäk2 fæng1 fu2 säm1
一哄而上,yäk2 hung1 yi4 söng1
油艇仔,yäu4 täng1 zäi2
惹毛,ye1 mäu4
衣食父母,yi1 säk6 fu6 mu1
二百八十,yi6 bæk2 bæk2 säp6
二澳,yi6 au1
異食癖,yi6 säk6 päk2
異性相吸,yi6 säng1 söng1 käp2
逆向行駛,yäk6 höng1 häng4 säi2
鹽城,yim4 säng4
凝血因子,yäng4 hük2 yäng1 zi2
熱啤,ngik6 be1
楊永強,yöng4 wäng1 köng4
毓華街,yuk2 wa4 gai1
玉米餅,yuk6 mai1 beng2
用手掣,yung6 säu2 zäi1
如法泡製,yü4 fæk2 pau1 zäi1
軟包,yüng1 bau1
遠渡重洋,yüng1 du6 cung4 yöng4
強忍悲痛,köng1 yäng1 bi1 tung1
窮書生,kung4 sü1 säng1
闌尾炎,læng4 mi1 yim4
勵精圖治,läi6 zäng1 tu4 zi6
甩上,läk2 söng1
李成昌,li1 säng4 cöng1
李駿傑,li1 zäng1 gik6
利瑪竇,li6 ma1 däu6
雷打不動,löi4 da2 bäk2 dung6
零舍醒神,läng4 se1 säng2 säng4
兩面派,löng1 ming6 pai1
老來得子,läu1 löi4 däk2 zi2
老太公,läu1 tai1 gung1
孖釘,ma1 deng1
馬失前蹄,ma1 säk2 cing4 täi4
孟姜女,mæng6 göng1 nü1
米林,mai1 läm4
聞雞起舞,mäng4 gäi1 hi2 mu1
民族舞蹈,mäng4 zuk6 mu1 däu6
未便,mi6 bing6
妙筆生花,miu6 bäk2 säng1 fa1
無從談起,mu4 cung4 tam4 hi2
毛絨玩具,mäu4 yung4 wung6 gü6
無精症,mu4 zäng1 zäng1
舞文弄墨,mu1 mäng4 lung6 mäk6
梅小惠,mui4 siu2 wäi6
五月節,ng1 ngük6 zik2
捱肚餓,ngai4 tu1 ngo6
啱唔啱聽,ngam1 m4 ngam1 teng1
愛普生,wui1 pu2 säng1
奧陶紀,äu1 täu4 gi2
柏架山,pæk2 ga1 sæng1
皮開肉裂,pi4 fui1 yuk6 lik6
拼鬥,päng1 däu1
碰倒,pung1 däu2
沙丁胺醇,sa1 däng1 wung1 säng4
散粉,sæng2 fäng2
生結,sæng1 gik2
新娘潭路,säng1 nöng4 tam4 lu6
新生事物,säng1 sæng1 si6 mäk6
神經管,säng4 gäng1 gwung2
生漆,säng1 cäk2
生物氣體,säng1 mäk6 hi1 täi2
十番,säp6 fæng1
失面子,säk2 ming6 zi2
修道人,säu1 däu6 yäng4
手指拗出,säu2 zi2 au2 cäk2
社經地位,se1 gäng1 di6 wäi6
四一二,si1 yäk2 yi6
成個幾鐘,seng4 go1 gi2 zung1
水磨石,söi2 mo6 sek6
水上芭蕾,söi2 söng6 ba1 löi4
睡眠失調,söi6 ming4 säk2 tiu4
瑞士刀,söi6 si6 däu1
食得瞓得,säk6 däk2 fäng1 däk2
成都市,säng4 du1 si1
傻話,so4 wa2
相差不多,söng1 ca1 bäk2 do1
相離,söng1 li4
上呼吸,söng6 fu1 käp2
上頜骨,söng6 häp6 gwäk2
上諭,söng6 yü6
數班,su1 bæng1
數十隻,su1 säp6 zek2
酸梅醬,süng1 mui4 zöng1
體外受精,täi2 wui6 säu6 zäng1
陶瓷器,täu4 ci4 hi1
華苑,wa4 yüng2
歪風邪氣,wai1 fung1 ce4 hi1
威靈頓街,wäi1 läng4 däng6 gai1
混打,wäng6 da2
王小波,wong4 siu2 bo1
摘譯,zæk6 yäk6
扎針,zæk2 zäm1
側跟,zäk2 gäng1
針嘴,zäm1 zöi2
針黹,zäm1 zi2
曾德成,zäng1 däk2 säng4
志士仁人,zi1 si6 yäng4 yäng4
知識庫,zi1 säk2 fu1
輾平,zing2 päng4
精密儀器,zäng1 mäk6 yi4 hi1
精囊,zäng1 nong4
精疲力盡,zäng1 pi4 läk6 zäng6
助人為樂,zo6 yäng4 wäi4 lok6
坐像,zo6 zöng6
長尾巴,zöng2 mi1 ba1
裝神弄鬼,zong1 säng4 lung6 gwäi2
早死早着,zäu2 si2 zäu2 zök6
俗語有話,zuk6 yü1 yäu1 wa6
時刻準備,si4 hæk2 zäng2 bi6
巴甫洛夫,ba1 pu2 lok6 fu1
百折不撓,bæk2 zik2 bäk2 nau4
白吃白喝,bæk6 hek2 bæk6 fuk2
班衫,bæng1 sam1
包藏禍心,bau1 cong4 wo6 säm1
不可勝數,bäk2 ho2 säng1 su2
不吭一聲,bäk2 hong4 yäk2 säng1
不明覺厲,bäk2 mäng4 gok2 läi6
不成體統,bäk2 säng4 täi2 tung2
拔臣小學,bäk6 säng4 siu2 hok6
邊度得,bing1 du6 däk2
邊度讀,bing1 du6 duk6
邊番,bing1 fæng1
表面現象,biu2 ming6 ying6 zöng6
波光粼粼,bo1 gwong1 läng4 läng4
博覽道,bok2 lam1 däu6
寶覺,bäu2 gok2
暴熱,bäu6 ngik6
半生不熟,bung1 sæng1 bäk2 suk6
差誤,ca1 ng6
差使,cai1 säi2
插翼難飛,cap2 yäk6 næng4 fi1
炒米餅,cau2 mai1 beng2
沉下去,cäm4 ha6 hü1
襯墊,cäng1 zing1
七孔生煙,cäk2 hung2 säng1 ying1
丑生,cäu2 säng1
車奴,ce1 nu4
斜眼看,ce4 ngæng1 fung1
催經,cöi1 gäng1
春宮畫,cäng1 gung1 wa6
似水年華,ci1 söi2 ning4 wa4
清君側,cäng1 gwäng1 zäk2
青囊,cäng1 nong4
朝門,ciu4 mung4
腸肚,cöng4 tu1
牀墊,cong4 zing1
曹公潭,cäu4 gung1 tam4
衝壓,cung1 æk2
儲電量,cü1 ding6 löng6
打巢,da2 cau4
大吃特吃,dai6 hek2 däk6 hek2
大聲喊叫,dai6 säng1 ham1 giu1
膽正命平,dam2 zäng1 mäng6 peng4
第一聲,däi6 yäk2 säng1
第二人稱,däi6 yi6 yäng4 cäng1
第二台,däi6 yi6 töi4
逗樂,däu6 lok6
頂戴,däng2 dai1
都落雨,du1 lok6 yü1
倒數緊,däu1 su2 gäng2
動態平衡,dung6 tai1 päng4 häng4
斷滅,düng6 mik6
浮淺,fäu4 cing2
蜚聲,fi1 säng1
課外讀物,fo1 wui6 duk6 mäk6
方頂,fong1 deng2
富商巨賈,fu1 söng1 gü6 gwu2
解放日,gai2 fong1 yäk6
交際舞,gau1 zäi1 mu1
九泉之下,gäu2 cüng4 zi1 ha6
譏刺,gi1 ci1
幾尾,gi2 mi1
幾生修到,gi2 säng1 säu1 däu1
激靈,gäk2 läng4
兼容並包,gim1 yung4 bäng6 bau1
見習醫生,ging1 zap6 yi1 säng1
經濟落後,gäng1 zäi1 lok6 häu6
乾癟,gung1 bik6
乾貝,gung1 bui1
干德道,gwung1 däk2 däu6
降調,gong1 diu6
降罪,gong1 zöi6
高壓線,gäu1 æk2 sing1
高濃縮鈾,gäu1 nung4 suk2 yäu4
顧客至上,gwu1 hæk2 zi1 söng6
鬼都怕,gwäi2 du1 pa1
涓滴,güng1 däk6
下牀,ha6 cong4
夏韶聲,ha6 siu4 säng1
核糖,häk6 tong4
吃大虧,hek2 dai6 kwäi1
虛位以待,hü1 wäi6 yi1 döi6
獻舞,hing1 mu1
輕重緩急,häng1 cung1 wung6 gäp2
可道,ho2 däu6
荷李活道,ho4 li1 wuk6 däu6
海鮮卷,fui2 sing1 güng2
翰林學士,fung6 läm4 hok6 si6
好唱口,häu2 cöng1 häu2
好耐之後,häu2 nöi6 zi1 häu6
好逸惡勞,häu1 yäk6 wu1 läu4
哭聲震天,huk2 säng1 zäng1 ting1
紅光滿面,hung4 gwong1 mung1 ming6
人急智生,yäng4 gäp2 zi1 säng1
引力波,yäng1 läk6 bo1
引着,yäng1 zök6
一兩份,yäk2 löng1 fäng6
一乘,yäk2 säng6
油腔滑調,yäu4 hong1 wæk6 diu6
有冇折,yäu1 mäu1 zik2
醃肉,yim1 yuk6
煙波,ying1 bo1
言傳身教,ying4 cüng4 säng1 gäu1
業餘愛好,yip6 yü4 wui1 häu1
養生法,yöng1 säng1 fæk2
溶解度,yung4 gai2 du6
魚翅湯,yü4 ci1 tong1
儒士,yü4 si6
語音合成,yü1 yäm1 häp6 säng4
語尾,yü1 mi1
原平,yüng4 päng4
月份牌,ngük6 fäng6 pai4
卡哇依,ka1 wa1 yi1
卡哇兒,ka1 wa1 yi4
鉗住,kim4 zü6
傾斜角,käng1 ce4 gok2
強心劑,köng4 säm1 zäi1
爛炸,læng6 za1
例行工作,läi6 häng4 gung1 zok2
厲行節約,läi6 häng4 zik2 yök2
立錐之地,läp6 zöi1 zi1 di6
梨果,li4 gwo2
里弄,li1 lung6
李司棋,li1 si1 ki4
靚到暈,leng1 däu1 wäng4
嶺南畫派,läng1 nam4 wa6 pai1
蘿蔔仔,lo4 bæk6 zäi2
略讀,lök6 duk6
糧食作物,löng4 säk6 zok2 mäk6
兩脅插刀,löng1 hip2 cap2 däu1
老大媽,läu1 dai6 ma1
老東西,läu1 dung1 säi1
老感,läu1 gäm2
老相好,läu1 söng1 häu2
六行,luk6 hong4
弄僵,lung6 göng1
弄瓦,lung6 nga1
弄臣,lung6 säng4
弄些,lung6 se1
孖芝,ma1 zi1
馬蹄形,ma1 täi4 yäng4
米牛,mai1 ngäu4
麥長青,mæk6 cöng4 cäng1
文化衫,mäng4 fa1 sam1
孭數,me1 su1
未吃完,mi6 hek2 yüng4
模壓,mu4 æk2
無可爭辯,mu4 ho2 zäng1 bing6
梅紅,mui4 hung4
梅里達,mui4 li1 dæk6
那具,na1 gü6
難辦,næng4 bæng6
危重病人,ngäi4 zung6 beng6 yäng4
魏鳳和,ngäi6 fung6 wo4
餓肚子,ngo6 tu1 zi2
年老色衰,ning4 läu1 säk2 söi1
拍紙簿,pæk2 zi2 bu2
偏斜,ping1 ce4
便宜點,ping4 yi4 dim2
平房區,päng4 fong4 kü1
平月,päng4 ngük6
平卧,päng4 ngo6
散檔,sæng1 dong1
身體部分,säng1 täi2 bu6 fäng6
生殖力,säng1 zäk6 läk6
收假,säu1 ga1
蛇車,se4 ce1
腥氣,säng1 hi1
垂掛,söi4 gwa1
燒茄子,siu1 kö4 zi2
蕭乾,siu1 king4
小老婆,siu2 läu1 po4
削波,sök2 bo1
相斥,söng1 cäk2
相生相剋,söng1 säng1 söng1 häk2
常樂街,söng4 lok6 gai1
上倉,söng1 cong1
上陣殺敵,söng1 zäng6 sæk2 däk6
上級領導,söng6 käp2 läng1 däu6
數百個,su1 bæk2 go1
掃羅,säu1 lo4
數頭,su1 täu4
貪吃,tam1 hek2
貪着數,tam1 zök6 su1
聽之任之,täng1 zi1 yäm6 zi1
挑燈夜讀,tiu1 däng1 ye6 duk6
挑明,tiu1 mäng4
跳下跳下,tiu1 ha1 tiu1 ha1
劏蛇,tong1 se4
燙平,tong1 päng4
土包子,tu2 bau1 zi2
土風舞,tu2 fung1 mu1
圖畫書,tu4 wa6 sü1
通便劑,tung1 bing6 zäi1
環頭環尾,wæng4 täu4 wæng4 mi1
暈機浪,wäng4 gi1 long6
榮成,wäng4 säng4
黃花梨木,wong4 fa1 li4 muk6
黃狗射尿,wong4 gäu2 se6 niu6
換屎片,wung6 si2 ping2
針扎,zäm1 zæk2
曾咀,zäng1 zöi2
質量管理,zäk2 löng6 gwung2 li1
酒精燈,zäu2 zäng1 däng1
皺紙,zäu1 zi2
縐褶,zäu1 zip2
鄭經翰,zäng6 gäng1 fung6
錐子,zöi1 zi2
最低谷,zöi1 däi1 guk2
准生證,zäng2 säng1 zäng1
直通火車,zäk6 tung1 fo2 ce1
佔為己有,zim1 wäi4 gi2 yäu1
精疲力竭,zäng1 pi4 läk6 kik2
精神衰弱,zäng1 säng4 söi1 yök6
正啱,zäng1 ngam1
節油,zik2 yäu4
將藍隧道,zöng1 lam4 söi6 däu6
長孫無忌,zöng2 süng1 mu4 gi6
仗火,zöng1 fo2
仗義疏財,zöng6 yi6 so1 cöi4
做齣好戲,zu6 cäk2 häu2 hi1
鐘點女傭,zung1 dim2 nü1 yung4
中途轉機,zung1 tu4 züng1 gi1
中華煤氣,zung1 wa4 mui4 hi1
豬油包,zü1 yäu4 bau1
黃梨,wong4 li4
移風易俗,yi4 fung1 yi6 zuk6
移風易俗,yi4 fung1 yäk6 zuk6
壓底,æk2 däi2
白板車,bæk6 bæng2 ce1
包巾,bau1 gäng1
飽學之士,bau2 hok6 zi1 si6
跛手,bäi1 säu2
不解風情,bäk2 gai2 fung1 cäng4
不體面,bäk2 täi2 ming6
俾咩,bi2 me1
並行不悖,bäng6 häng4 bäk2 bui6
表面文章,biu2 ming6 mäng4 zöng1
波季,bo1 gwäi1
波襪,bo1 mæk6
暴力法,bäu6 läk6 fæk2
摻假,cam1 ga2
摻水,cam1 söi2
產道,cæng2 däu6
扯頭纜,ce2 täu4 lam6
青蘿蔔,ceng1 lo4 bæk6
青蒜,ceng1 süng1
齒輪傳動,ci2 läng4 cüng4 dung6
刺網,ci1 mong1
青春不再,cäng1 cäng1 bäk2 zöi1
青瓷,cäng1 ci4
超短波,ciu1 düng2 bo1
唱高調,cöng1 gäu1 diu6
長足進步,cöng4 zuk2 zäng1 bu6
才華出眾,cöi4 wa4 cäk2 zung1
粗着,cu1 zök2
充少少,cung1 siu2 siu2
從優,cung4 yäu1
傳道者,cüng4 däu6 ze2
打波子,da2 bo1 zi2
打街波,da2 gai1 bo1
打耳光,da2 yi1 gwong1
打唔打機,da2 m4 da2 gi1
大好前程,dai6 häu2 cing4 cäng4
大懶蛇,dai6 læng1 se4
大新銀行,dai6 säng1 ngäng4 hong4
大政方針,dai6 zäng1 fong1 zäm1
彈壓,dæng6 æk2
蜑家話,dæng6 ga1 wa2
彈無虛發,dæng6 mu4 hü1 fæk2
第二程,däi6 yi6 cäng4
第二團,däi6 yi6 tüng4
電纜線,ding6 lam6 sing1
頂格,däng2 gæk2
雕刻品,diu1 häk2 bäng2
調休,diu6 yäu1
多少有些,do1 siu2 yäu1 se1
多位數,do1 wäi6 su1
嘟噥,du1 nung4
倒賠,däu2 pui4
獨身生活,duk6 säng1 säng1 wuk6
動魄驚心,dung6 pæk2 gäng1 säm1
花容月貌,fa1 yung4 ngük6 mau6
法網難逃,fæk2 mong1 næng4 täu4
發牙痕,fæk2 nga4 häng4
昏頭轉向,fäng1 täu4 züng2 höng1
非金屬,fi1 gäm1 suk6
肥肚腩,fi4 tu1 nam1
枯燥無味,fu1 cäu1 mu4 mi6
負荊請罪,fu6 gäng1 cäng2 zöi6
輻射計,fuk2 se6 gäi1
風聲緊,fung1 säng1 gäng2
加工成本,ga1 gung1 säng4 bung2
加油添醋,ga1 yäu4 tim1 cu1
迦密柏雨,ga1 mäk6 pæk2 yü1
假一賠十,ga2 yäk2 pui4 säp6
解纜,gai2 lam6
雞公嶺,gäi1 gung1 leng1
金湖縣,gäm1 wu4 yüng6
急行軍,gäp2 häng4 gwäng1
久經考驗,gäu2 gäng1 hau2 yim6
幾十下,gi2 säp6 ha1
驚青青,geng1 ceng1 ceng1
擊刺,gäk2 ci1
驚惶失色,gäng1 wong4 säk2 säk2
勁急,gäng6 gäp2
高壓鍋,gäu1 æk2 wo1
棺材仔,gwung1 cöi4 zäi2
公司會議,gung1 si1 wui6 yi1
共襄盛舉,gung6 söng1 säng6 gü2
國計民生,gwok2 gäi1 mäng4 säng1
下扒輕輕,ha6 pa4 heng1 heng1
行下行下,hæng4 ha1 hæng4 ha1
吃得消,hek2 däk2 siu1
吃喝嫖賭,hek2 fuk2 piu4 du2
輕侮,häng1 mu1
好到極,häu2 däu1 gik6
好細膽,häu2 säi1 dam2
豪華型,häu4 wa4 yäng4
酷刑折磨,häu6 yäng4 zik2 mo4
血肉相連,hük2 yuk6 söng1 ling4
陰月,yäm1 ngük6
人哋先,yäng4 di1 sing1
一舉成功,yäk2 gü2 säng4 gung1
一兩篇,yäk2 löng1 ping1
惹蟻,ye1 ngäi1
耳鬢廝磨,yi1 bäng1 si1 mo4
耳鼻咽喉,yi1 bi6 ying1 häu4
耳提面命,yi1 täi4 ming6 mäng6
宴樂,ying1 lok6
現代戰爭,ying6 döi6 zing1 zäng1
櫻木花道,yäng1 muk6 fa1 däu6
辱沒,yuk6 muk6
餘毒,yü4 duk6
預校錄影,yü6 gau1 luk6 yäng2
月虧,ngük6 kwäi1
擒青,käm4 ceng1
茄瓜,kö4 gwa1
鉗工,kim4 gung1
抗凝血劑,kong1 yäng4 hük2 zäi1
懶蛇,læng1 se4
爛瞓豬,læng6 fäng1 zü1
爛身爛勢,læng6 säng1 læng6 säi1
濾泡,lü6 pau1
連翔道,ling4 cöng4 däu6
另行安排,läng6 häng4 wung1 pai4
量體重,löng4 täi2 cung1
兩肋插刀,löng1 läk6 cap2 däu1
兩列,löng1 lik6
兩仔乸,löng1 zäi2 na2
樂呵呵,lok6 ho1 ho1
撈汁,läu1 zäp2
老火靚湯,läu1 fo2 leng1 tong1
弄懂,lung6 dung2
馬尾辮,ma1 mi1 bing1
萬應靈丹,mæng6 yäng1 läng4 dæng1
民間習俗,mäng4 gæng1 zap6 zuk6
物質文明,mäk6 zäk2 mäng4 mäng4
孭書包,me1 sü1 bau1
面如土色,ming6 yü4 tu2 säk2
明斷,mäng4 düng6
名垂青史,mäng4 söi4 cäng1 si2
摩士公園,mo1 si6 gung1 yüng4
無所不為,mu4 so2 bäk2 wäi4
蕪湖,mu4 wu4
木質素,muk6 zäk2 su1
沒有品味,muk6 yäu1 bäng2 mi6
那層,na1 cäng4
難於登天,næng4 yü1 däng1 ting1
凹坑,näp2 hæng1
五仁月餅,ng1 yäng4 ngük6 beng2
顏面掃地,ngæng4 ming6 säu1 di6
眼乾症,ngæng1 gung1 zäng1
攀附權貴,pæng1 fu6 küng4 gwäi1
披掛,pi1 gwa1
被頭,pi1 täu4
拼搶,päng1 cöng2
拼命三郎,päng1 mäng6 sam1 long4
平淡無奇,päng4 dam6 mu4 ki4
平庸之輩,päng4 yung4 zi1 bui1
平鍋,päng4 wo1
鋪張浪費,pu1 zöng1 long6 fäi1
陪聊,pui4 liu4
沙井口,sa1 zäng2 häu2
三百二十,sam1 bæk2 yi6 säp6
三度板斧,sam1 du6 bæng2 fu2
三道板斧,sam1 däu6 bæng2 fu2
三天兩頭,sam1 ting1 löng1 täu4
生搬硬套,sæng1 bung1 ngæng6 täu1
撒種,sæk2 zung2
洗髮精,säi2 fæk2 zäng1
塞豆窿,säk2 däu6 lung1
深灣道,säm1 wæng1 däu6
沈國放,säm2 gwok2 fong1
滲透壓,säm1 täu1 æk2
薪傳,säng1 cüng4
生財之道,säng1 cöi4 zi1 däu6
生理學家,säng1 li1 hok6 ga1
生死與共,säng1 si2 yü1 gung6
生活污水,säng1 wuk6 wu1 söi2
捨近求遠,se2 gäng6 käu4 yüng1
射埋去,se6 mai4 hü1
腥悶,säng1 mung6
水滾茶靚,söi2 gwäng2 ca4 leng1
筍乾,säng2 gung1
脣齒相依,säng4 ci2 söng1 yi1
詩歌舞街,si1 go1 mu1 gai1
時來運轉,si4 löi4 wäng6 züng1
食品工業,säk6 bäng2 gung1 yip6
禪機,sim4 gi1
鮮彩,sing1 cöi2
聲名遠播,säng1 mäng4 yüng1 bo1
成家立業,säng4 ga1 läp6 yip6
承啟道,säng4 käi2 däu6
成為泡影,säng4 wäi4 päu1 yäng2
少林拳,siu1 läm4 küng4
相惡,söng1 wu1
相貌堂堂,söng1 mau6 tong4 tong4
上低音號,söng6 däi1 yäm1 häu6
上上之策,söng6 söng6 zi1 cæk2
上中下游,söng6 zung1 ha6 yäu4
數據網絡,su1 gü1 mong1 lok6
數線,su1 sing1
數丈,su1 zöng6
從容就義,sung1 yung4 zäu6 yi6
踢踏舞,tek2 dap6 mu1
天花病毒,ting1 fa1 beng6 duk6
挑弄,tiu1 lung6
湯力水,tong1 läk6 söi2
湯劑,tong1 zäi1
桃紅柳綠,täu4 hung4 läu1 luk6
桃心,täu4 säm1
肚臍餅,tu1 ci4 beng2
肚空,tu1 hung1
桐油,tung4 yäu4
同樂街,tung4 lok6 gai1
斷癮,tüng1 yäng1
華潤堂,wa4 yäng6 tong4
橫間衫,wæng4 gæng1 sam1
穩壓,wäng2 æk2
禍從天降,wo6 cung4 ting1 gong1
户口簿,wu6 häu2 bu2
互相聯繫,wu6 söng1 lüng4 häi6
會議道,wui6 yi1 däu6
活力四射,wuk6 läk6 si1 se6
炸薯片,za1 sü4 ping2
齋戒沐浴,zai1 gai1 muk6 yuk6
窄縫,zæk2 fung6
爭訟,zäng1 zung6
姪孫女,zäk6 süng1 nü1
井岡山,zäng2 gong1 sæng1
樽裝啤酒,zäng1 zong1 be1 zäu2
駿和,zäng1 wo4
滋油,zi1 yäu4
紫錐花,zi2 zöi1 fa1
即刻射,zik2 häk2 se6
煎炸油,zing1 za1 yäu4
輾轉流傳,zing2 züng2 läu4 cüng4
蒸生瓜,zäng1 sæng1 gwa1
精神百倍,zäng1 säng4 bæk2 pui1
朝行晚拆,ziu1 häng4 mæng1 cæk2
朝朝暮暮,ziu1 ziu1 mu6 mu6
竹升仔,zuk2 säng1 zäi2
濁世,zuk6 säi1
總經銷,zung2 gäng1 siu1
種子選手,zung2 zi2 süng2 säu2
朱成竹,zü1 säng4 zuk2
諸相,zü1 söng1
奇靈里,ki4 läng4 li1
這面,ze1 ming6
百和路,bæk2 wo4 lu6
白話詩,bæk6 wa2 si1
班雅明,bæng1 nga1 mäng4
包辦婚姻,bau1 bæng6 fäng1 yäng1
包產到户,bau1 cæng2 däu1 wu6
包票,bau1 piu1
包心菜,bau1 säm1 cöi1
飽和點,bau2 wo4 dim2
不可估量,bäk2 ho2 gwu2 löng6
不吭聲,bäk2 hong4 säng1
不二價,bäk2 yi6 ga1
不平常,bäk2 päng4 söng4
不足月,bäk2 zuk2 ngük6
拔草,bäk6 cäu2
拔腳,bäk6 gök2
俾人圍,bi2 yäng4 wäi4
碧海青天,bäk2 fui2 cäng1 ting1
便池,bing6 ci4
扑落去,bok2 lok6 hü1
駁倒,bok2 däu2
暴露狂,bäu6 lu6 kwong4
背井離鄉,bui1 zäng2 li4 höng1
背轉,bui1 züng2
半球形,bung1 käu4 yäng4
茶油,ca4 yäu4
豺狼當道,cai4 long4 dong1 däu6
親密無間,cäng1 mäk6 mu4 gæng1
親自掛帥,cäng1 zi6 gwa1 söi1
扯裂,ce2 lik6
斜槓,ce4 gong1
赤腳醫生,cek2 gök2 yi1 säng1
出生缺陷,cäk2 säng1 kük2 ham6
似核,ci1 häk6
前車之鑒,cing4 ce1 zi1 gam1
清風明月,cäng1 fung1 mäng4 ngük6
楚漢相爭,co2 fung1 söng1 zäng1
槍炮聲,cöng1 pau1 säng1
長夜漫漫,cöng4 ye6 mæng6 mæng6
速遞車,cuk2 däi6 ce1
促膝長談,cuk2 säk2 cöng4 tam4
充值卡,cung1 zäk6 kæk2
重載,cung1 zöi1
傳述,cüng4 säk6
傳送服務,cüng4 sung1 fuk6 mu6
打撲克,da2 pok2 häk2
打踭,da2 zang1
打側身,da2 zäk2 säng1
帶勁,dai1 gäng6
淡泊名利,dam6 bok6 mäng4 li6
低濃縮鈾,däi1 nung4 suk2 yäu4
底朝天,däi2 ciu4 ting1
第二枝,däi6 yi6 zi1
笛卡爾,dek6 ka1 yi1
滴流,däk6 läu4
癲番晚,ding1 fæng1 mæng1
丁二醇,däng1 yi6 säng4
調查核實,diu6 ca4 häk6 säk6
多米尼加,do1 mai1 ni4 ga1
倒放,däu2 fong1
東西半球,dung1 säi1 bung1 käu4
化學成分,fa1 hok6 säng4 fäng6
翻江倒海,fæng1 gong1 däu2 fui2
蕃茄仔,fæng1 kö4 zäi2
反射作用,fæng2 se6 zok2 yung6
發青光,fæk2 ceng1 gwong1
發聲器,fæk2 säng1 hi1
剖面,fäu2 ming6
火尾,fo2 mi1
放寒假,fong1 fung4 ga1
防曬油,fong4 sai1 yäu4
苦大仇深,fu2 dai6 säu4 säm1
苦參,fu2 säm1
鳳德道,fung6 däk2 däu6
家長制,ga1 zöng2 zäi1
解毒藥,gai2 duk6 yök6
解吸,gai2 käp2
解嘲,gai2 zau1
隔籬班,gæk2 li4 bæng1
奸惡,gæng1 ok2
鹼度,gæng2 du6
感覺點,gäm2 gok2 dim2
錦衣玉食,gäm2 yi1 yuk6 säk6
近郊區,gäng6 gau1 kü1
近義詞,gäng6 yi6 ci4
粳米,gäng1 mai1
久病成醫,gäu2 beng6 säng4 yi1
狗尾續貂,gäu2 mi1 zuk6 diu1
救苦救難,gäu1 fu2 gäu1 næng6
幾十種,gi2 säp6 zung2
經歷風雨,gäng1 läk6 fung1 yü1
驚歎不已,gäng1 tæng1 bäk2 yi1
乾薑,gung1 göng1
乾一杯,gung1 yäk2 bui1
江湖情,gong1 wu4 cäng4
高才生,gäu1 cöi4 sæng1
古井無波,gwu2 zäng2 mu4 bo1
官學生,gwung1 hok6 sæng1
功成名就,gung1 säng4 mäng4 zäu6
瓜子口面,gwa1 zi2 häu2 ming6
掛慮,gwa1 lü6
鬼使神差,gwäi2 si2 säng4 cai1
貴幹,gwäi1 gwung1
跪伏,gwäi6 fuk6
下腹部,ha6 fuk2 bu6
下咽,ha6 ying1
行開行埋,hæng4 fui1 hæng4 mai4
刻意為之,häk2 yi1 wäi4 zi1
核大國,häk6 dai6 gwok2
核桃仁,häk6 täu4 yäng4
輕食,häng1 säk6
好多節目,häu2 do1 zik2 muk6
好牽強,häu2 hing1 köng1
好相與,häu2 söng1 yü1
毫針,häu4 zäm1
淫樂,yäm4 lok6
恩斷義絕,yäng1 düng6 yi6 zük6
印度音樂,yäng1 du6 yäm1 ngok6
仁人志士,yäng4 yäng4 zi1 si6
一兩度,yäk2 löng1 du6
一馬平川,yäk2 ma1 päng4 cüng1
油灰,yäu4 fui1
油漏,yäu4 läu6
惹痰,ye1 tam4
二十四史,yi6 säp6 si1 si2
鹽井,yim4 zäng2
驗核,yim6 häk6
延經,ying4 gäng1
形聲字,yäng4 säng1 zi6
形成層,yäng4 säng4 cäng4
欲經,yuk6 gäng1
擁軍,yung2 gwäng1
魚肚白,yü4 tu1 bæk6
語聲,yü1 säng1
卡式機,ka1 säk2 gi1
祈使句,ki4 si2 gü1
企一齊,ki1 yäk2 cäi4
傾下傾下,käng1 ha1 käng1 ha1
卻為,kök2 wäi4
爛好人,læng6 häu2 yäng4
留言簿,läu4 ying4 bu2
留話,läu4 wa6
李龍基,li1 lung4 gi1
李泳豪,li1 wäng6 häu4
壘球隊,löi1 käu4 döi6
兩下子,löng1 ha1 zi2
兩三層,löng1 sam1 cäng4
兩頭走,löng1 täu4 zäu2
兩則,löng1 zäk2
來行去,löi4 hæng4 hü1
魯班鎖,lu1 bæng1 so2
老襯亭,läu1 cäng1 täng4
老煙槍,läu1 ying1 cöng1
碌人情卡,luk2 yäng4 cäng4 kæk2
龍山隧道,lung4 sæng1 söi6 däu6
弄瓦之喜,lung6 nga1 zi1 hi2
唔等使,m4 däng2 säi2
乜劇,mäk2 kek6
微觀經濟,mi4 gwung1 gäng1 zäi1
未行過,mi6 hæng4 gwo1
味同嚼蠟,mi6 tung4 zök2 lap6
面臨困難,ming6 läm4 kwäng1 næng4
滅絕種族,mik6 zük6 zung2 zuk6
秒差距,miu1 ca1 kü1
望文生義,mong6 mäng4 säng1 yi6
無話不談,mu4 wa6 bäk2 tam4
母乳代,mu1 yü1 döi6
武藝高強,mu1 ngäi6 gäu1 köng4
木釘,muk6 deng1
沐浴油,muk6 yuk6 yäu4
滿負荷,mung1 fu6 ho6
滿腹經綸,mung1 fuk2 gäng1 läng4
沒大改變,muk6 dai6 gwui2 bing1
沒大沒小,muk6 dai6 muk6 siu2
沒有差別,muk6 yäu1 ca1 bik6
哪次,na1 ci1
那枚,na1 mui4
女中音,nü1 zung1 yäm1
五番,ng1 fæng1
五行欠水,ng1 häng4 him1 söi2
五行缺水,ng1 häng4 kük2 söi2
五蛇羹,ng1 se4 gäng1
啱啱先至,ngam1 ngam1 sing1 zi1
硬紙板,ngæng6 zi2 bæng2
膿泡,nung4 pau1
暖氈,nüng1 zing1
安步當車,wung1 bu6 dong1 gü1
安安樂樂,wung1 wung1 lok6 lok6
按時完成,wung1 si4 yüng4 säng4
拍爛手,pæk2 læng6 säu2
拋生藕,pau1 sæng1 ngäu1
片彎,ping2 wæng1
拼圖遊戲,päng1 tu4 yäu4 hi1
旁遮普省,pong4 ze1 pu2 sæng2
三寸釘,sam1 cüng1 deng1
三角測量,sam1 gok2 cäk2 löng4
三角錐,sam1 gok2 zöi1
山崩地裂,sæng1 bäng1 di6 lik6
山村道,sæng1 cüng1 däu6
山巒起伏,sæng1 lüng4 hi2 fuk6
深更半夜,säm1 gäng1 bung1 ye6
神仙肚,säng4 sing1 tu1
腎盂,säng6 yü4
生命徵象,säng1 mäng6 zäng1 zöng6
生悶氣,säng1 mung6 hi1
生活設施,säng1 wuk6 cik2 si1
十幾個月,säp6 gi2 go1 ngük6
成日都做,seng4 yäk6 du1 zu6
成世仔,seng4 säi1 zäi2
水車館,söi2 ce1 gwung2
水蛇腰,söi2 se4 yiu1
碎片化,söi1 ping2 fa1
廝打,si1 da2
食飽未,säk6 bau2 mi6
食到應,säk6 däu1 yäng1
食狗屎,säk6 gäu2 si2
食水幾深,säk6 söi2 gi2 säm1
鮮明個性,sing1 mäng4 go1 säng1
線速度,sing1 cuk2 du6
性冷淡,säng1 læng1 dam6
乘便,säng4 bing6
乘興而來,säng4 häng1 yi4 löi4
攝高枕頭,sip2 gäu1 zäm2 täu4
攝牙罅,sip2 nga4 la1
燒餅油條,siu1 beng2 yäu4 tiu4
小麥胚芽,siu2 mæk6 pui1 nga4
削平,sök2 päng4
想點都得,söng2 dim2 du1 däk2
上一步,söng6 yäk2 bu6
上水鄉,söng6 söi2 höng1
數三聲,su2 sam1 säng1
送機尾,sung1 gi1 mi1
舒張壓,sü1 zöng1 æk2
貪吃鬼,tam1 hek2 gwäi2
頭暈身熱,täu4 wäng4 säng1 ngik6
天然毒素,ting1 ying4 duk6 su1
天理難容,ting1 li1 næng4 yung4
挑揀,tiu1 gæng2
拓拔,tok2 bäk6
湯殼,tong1 hok2
湯類,tong1 löi6
吐魯番,tu1 lu1 fæng1
桃膠,täu4 gau1
陶樂,täu4 lok6
斷擔挑,tüng1 dam1 tiu1
畫押,wæk6 æk2
灣仔峽,wæng1 zäi2 hap6
患難之交,wæng6 næng6 zi1 gau1
遺傳物質,wäi4 cüng4 mäk6 zäk2
惠更斯,wäi6 gäng1 si1
為人作嫁,wäi6 yäng4 zok2 ga1
衞理道,wäi6 li1 däu6
運行狀況,wäng6 häng4 zong6 fong1
黃家強,wong4 ga1 köng4
黃梅戲,wong4 mui4 hi1
胡話,wu4 wa6
互相監督,wu6 söng1 gam1 duk2
回力球,wui4 läk6 käu4
針法,zäm1 fæk2
周波,zäu1 bo1
隻言片語,zek2 ying4 ping1 yü1
精乖伶俐,zeng1 gwai1 läng4 li6
精乖靈利,zeng1 gwai1 läng4 li6
自學成才,zi6 hok6 säng4 cöi4
尖子生,zim1 zi2 säng1
煎炸食品,zing1 za1 säk6 bäng2
墊背,zing1 bui1
張量,zöng1 löng6
贓車,zong1 ce1
中古車,zung1 gwu2 ce1
縱情聲色,zung1 cäng4 säng1 säk2
轉眼即逝,züng2 ngæng1 zik2 säi6
轉悠,züng1 yäu4
刻薄寡恩,hæk2 bok6 gwa2 yäng1
異性相處,yi6 säng1 söng1 cü1
鴨片,ap2 ping2
百彈齋主,bæk2 tæng4 zai1 zü2
白領階級,bæk6 läng1 gai1 käp2
包賠,bau1 pui4
檳榔嶼,bäng1 long4 zü6
不成樣子,bäk2 säng4 yöng6 zi2
不畏強暴,bäk2 wäi1 köng4 bäu6
不足為訓,bäk2 zuk2 wäi4 fäng1
避惡,bi6 ok2
病人衫,beng6 yäng4 sam1
病歷卡,beng6 läk6 kæk2
扁桃體,bing2 täu4 täi2
便覽,bing6 lam1
菠蘿釘,bo1 lo4 deng1
保安道,bäu2 wung1 däu6
補習先生,bu2 zap6 sing1 sæng1
背手,bui1 säu2
半生瓜,bung1 säng1 gwa1
擦網球,cæk2 mong1 käu4
齊奏,cäi4 zäu1
陳松青,cäng4 cung4 cäng1
循環小數,cäng4 wæng4 siu2 su1
出難題,cäk2 næng4 täi4
黐飲黐食,ci1 yäm2 ci1 säk6
刺字,ci1 zi6
磁卡,ci4 kæk2
千差萬別,cing1 ca1 mæng6 bik6
淺水灣道,cing2 söi2 wæng1 däu6
前途無量,cing4 tu4 mu4 löng6
卓有成效,cök2 yäu1 säng4 hau6
長鬚鯨,cöng4 su1 käng4
菜頭菜尾,cöi1 täu4 cöi1 mi1
粗估,cu1 gwu2
松仔園,cung4 zäi2 yüng4
寸斷,cüng1 düng6
傳抄,cüng4 cau1
存摺簿,cüng4 zip2 bu2
打岔,da2 ca1
打秋風,da2 cäu1 fung1
打電報,da2 ding6 bäu1
打倒褪,da2 däu1 täng1
打估,da2 gwu2
打躬作揖,da2 gung1 zok2 yäp2
打拱作揖,da2 gung2 zok2 yäp2
打手語,da2 säu2 yü1
打算盤,da2 süng1 pung4
打旋,da2 süng4
帶兩梳蕉,dai1 löng1 so1 ziu1
大明湖,dai6 mäng4 wu4
彈弓指,dæng6 gung1 zi2
第二面,däi6 yi6 ming6
滴溜溜,däk6 läu6 läu6
電解液,ding6 gai2 yäk6
袋裝書,döi6 zong1 sü1
嘟嘟車,du1 du1 ce1
都勻,du1 wäng4
倒把,däu2 ba2
倒懸,däu1 yüng4
道牙,däu6 nga4
東半球,dung1 bung1 käu4
斷搶,düng1 cöng2
花心大少,fa1 säm1 dai6 siu2
化油器,fa1 yäu4 hi1
化為泡影,fa1 wäi4 pau1 yäng2
犯得着,fæng6 däk2 zök6
飛機老鼠,fi1 gi1 läu1 sü2
呼朋引伴,fu1 päng4 yäng1 bung6
婦女主任,fu1 nü1 zü2 yäm6
輻射線,fuk2 se6 sing1
福華街,fuk2 wa4 gai1
縫起,fung4 hi2
假人像,ga2 yäng4 zöng6
街市仔,gai1 si1 zäi2
減壓病,gam2 æk2 beng6
簡單明瞭,gæng2 dæng1 mäng4 liu1
交接班,gau1 zip2 bæng1
攪混,gau2 wäng6
教研室,gäu1 ying4 säk2
禁止停車,gäm1 zi2 täng4 ce1
近廚得食,gäng6 cü4 däk2 säk6
羹湯,gäng1 tong1
機艙老鼠,gi1 cong1 läu1 sü2
寄生物,gi1 säng1 mäk6
舉案齊眉,gü2 wung1 cäi4 mi4
堅忍不拔,ging1 yäng1 bäk2 bäk6
驚歎號,gäng1 tæng1 häu6
趕鴨仔,gwung2 ap2 zäi2
公正不阿,gung1 zäng1 bäk2 o1
寡淡,gwa2 dam6
掛號費,gwa1 häu6 fäi1
貴寶號,gwäi1 bäu2 häu6
骨肉相連,gwäk2 yuk6 söng1 ling4
下頜骨,ha6 häp6 gwäk2
下中農,ha6 zung1 nung4
喊生喊死,ham1 sæng1 ham1 si2
坑尾村,hæng1 mi1 cüng1
口輕,häu2 heng1
吃奶之力,hek2 nai1 zi1 läk6
牽強附會,hing1 köng1 fu6 wui6
輕巧方便,häng1 hau2 fong1 bing6
輕慢,häng1 mæng6
輕省,häng1 sæng2
香港卡,höng1 gong2 kæk2
韓國話,fung4 gwok2 wa2
汗青,fung6 cäng1
康樂路,hong1 lok6 lu6
好氣色,häu2 hi1 säk2
好唔好過,häu2 m4 häu2 gwo1
好削,häu2 sök2
好為人師,häu1 wäi4 yäng4 si1
哭靈,huk2 läng4
紅墨水,hung4 mäk6 söi2
陰錯陽差,yäm1 co1 yöng4 ca1
人哋可能,yäng4 di1 ho2 näng4
人地生疏,yäng4 di6 säng1 so1
人參果,yäng4 säm1 gwo2
一般貿易,yäk2 bung1 mäu6 yäk6
一兩架,yäk2 löng1 ga1
一脈相傳,yäk2 mæk6 söng1 cüng4
一線之間,yäk2 sing1 zi1 gæng1
一字不差,yäk2 zi6 bäk2 ca1
逸話,yäk6 wa6
邱士縉,yäu1 si6 zäng1
油頁岩,yäu4 yip6 ngam4
有載,yäu1 zöi2
依山傍水,yi1 sæng1 bong6 söi2
意氣相投,yi1 hi1 söng1 täu4
耳釘,yi1 deng1
二等車,yi6 däng2 ce1
二項,yi6 hong6
二十億,yi6 säp6 yäk2
櫻桃蘿蔔,yäng1 täu4 lo4 bæk6
葉聖陶,yip6 säng1 täu4
搖電話,yiu4 ding6 wa2
藥師經,yök6 si1 gäng1
玉米糖漿,yuk6 mai1 tong4 zöng1
玉成其事,yuk6 säng4 ki4 si6
擁擠不堪,yung2 zäi1 bäk2 häm1
祈請,ki4 cäng2
奇解,ki4 gai2
其樂融融,ki4 lok6 yung4 yung4
懶懶散散,læng1 læng1 sæng2 sæng2
爛頭蟀,læng6 täu4 säk2
撈一把,läu4 yäk2 ba2
李浩然,li1 häu6 ying4
李少光,li1 siu1 gwong1
驢打滾,lü4 da2 gwäng2
鐳射唱片,löi4 se6 cöng1 ping1
領取行李,läng1 cü2 häng4 li1
領角鴞,läng1 gok2 hiu1
聊以自慰,liu4 yi1 zi6 wäi1
量地官,löng4 di6 gwung1
兩頂,löng1 deng2
兩梳蕉,löng1 so1 ziu1
樂清,lok6 cäng1
落花生,lok6 fa1 säng1
老辣,läu1 læk6
老馬識途,läu1 ma1 säk2 tu4
老婆豬,läu1 po4 zü1
老少皆宜,läu1 siu1 gai1 yi4
老想着,läu1 söng2 zök6
老糊塗,läu1 wu4 tu4
弄糟,lung6 zäu1
蔓生,mæng6 säng1
麥齊光,mæk6 cäi4 gwong1
麥德林,mæk6 däk2 läm4
麥克維,mæk6 häk2 wäi4
蜜月假期,mäk6 ngük6 ga1 ki4
物華街,mäk6 wa4 gai1
棉乾絮濕,ming4 gung1 sü1 säp2
眠乾睡濕,ming4 gung1 söi6 säp2
面懵心精,ming6 mung2 säm1 zeng1
莫少聰,mok6 siu1 cung1
網絡成癮,mong1 lok6 säng4 yäng1
望女成鳳,mong6 nü1 säng4 fung6
無心裝載,mu4 säm1 zong1 zöi1
煤球,mui4 käu4
媒質,mui4 zäk2
抹胸,muk2 hung1
那棵,na1 fo2
那匹,na1 päk2
南番順,nam4 pung1 säng6
泥公仔,näi4 gung1 zäi2
伍樂城,ng1 lok6 säng4
啱唔啱先,ngam1 m4 ngam1 sing1
眼都大埋,ngæng1 du1 dai6 mai4
眼見為實,ngæng1 ging1 wäi4 säk6
咬嚼,ngau1 zök2
牛背鷺,ngäu4 bui1 lu6
牛潭尾,ngäu4 tam4 mi1
娥眉月,ngo4 mi4 ngük6
年老力衰,ning4 läu1 läk6 söi1
鳥叫聲,niu1 giu1 säng1
惡德,ok2 däk2
拋繡球,pau1 säu1 käu4
泡開,pau1 fui1
拼到底,päng1 däu1 däi2
平板手機,päng4 bæng2 säu2 gi1
三重唱,sam1 cung4 cöng1
三輪車夫,sam1 läng4 ce1 fu1
三丈,sam1 zöng6
散文詩,sæng2 mäng4 si1
生詞,sæng1 ci4
生雪,sæng1 sük2
使不得,säi2 bäk2 däk2
審度,säm2 dok6
新城病,säng1 säng4 beng6
神經學家,säng4 gäng1 hok6 ga1
生物鐘,säng1 mäk6 zung1
生榮死哀,säng1 wäng4 si2 wui1
十二味,säp6 yi6 mi6
失道寡助,säk2 däu6 gwa2 zo6
死結難解,si2 gik2 næng4 gai2
死於安樂,si2 yü1 wung1 lok6
四散奔逃,si1 sæng1 bäng1 täu4
錫婚,sek2 fäng1
瑞士制,söi6 si6 zäi1
信和中心,säng1 wo4 zung1 säm1
純素食者,säng4 su1 säk6 ze2
絲毫不差,si1 häu4 bäk2 ca1
時刻準備,si4 häk2 zäng2 bi6
時斷時續,si4 tüng1 si4 zuk6
士農工商,si6 nung4 gung1 söng1
食欲不振,säk6 yuk6 bäk2 zäng1
鮮芋仙,sing1 wu6 sing1
性惡論,säng1 ok2 läng6
乘空,säng4 hung1
城市熱島,säng4 si1 ngik6 däu2
成熟點,säng4 suk6 dim2
小米椒,siu2 mai1 ziu1
上釉,söng1 yäu6
上半葉,söng6 bung1 yip6
上竹園,söng6 zuk2 yüng4
船纜,süng4 lam6
塔羅卡,tap2 lo4 kæk2
頭重重,täu4 cung1 cung1
投降書,täu4 hong4 sü1
頭禡,täu4 nga4
踢皮球,tek2 pi4 käu4
挑燈夜戰,tiu1 däng1 ye6 zing1
唾面自乾,to1 ming6 zi6 gung1
拓片,tok2 ping2
湯鎮業,tong1 zäng1 yip6
桃園結義,täu4 yüng4 gik2 yi6
統一規劃,tung2 yäk2 kwäi1 wæk6
話到嘴邊,wa6 däu1 zöi2 bing1
環球化,wæng4 käu4 fa1
屈質,wäk2 zäk2
和風細雨,wo4 fung1 säi1 yü1
胡樂,wu4 ngok6
回覆下,wui4 fuk2 ha1
詐降,za1 hong4
集郵簿,zap6 yäu4 bu2
抓賊,zau2 cäk6
抓姦,zau2 gæng1
擠壓出,zäi1 æk2 cäk2
鄭莉梅,zäng6 li6 mui4
錐蟲病,zöi1 cung4 beng6
序數,zü6 su1
墜子,zöi6 zi2
置之度外,zi1 zi1 du6 wui6
即使間,zik2 si2 gæng1
積習難改,zäk2 zap6 næng4 gwui2
直達車,zäk6 dæk6 ce1
佔下風,zim1 ha6 fung1
徵調,zäng1 diu6
精幹,zäng1 gwung1
精氨酸,zäng1 ong1 süng1
精衞填海,zäng1 wäi6 ting4 fui2
正義道,zäng1 yi6 däu6
政治避難,zäng1 zi6 bi6 næng6
摺皺,zip2 zäu1
朝秦暮楚,ziu1 cäng4 mu6 co2
坐立難安,zo6 läp6 næng4 wung1
嚼蠟,zök2 lap6
作個故仔,zok2 go1 gwu1 zäi2
竹青,zuk2 ceng1
中間名,zung1 gæng1 mäng4
總次數,zung2 ci1 su1
綜上所述,zung1 söng6 so2 säk6
種植業,zung1 zäk6 yip6
著名人物,zü1 mäng4 yäng4 mäk6
轉學生,züng2 hok6 säng1
轉置,züng2 zi1
打爛齋缽,da2 læng6 zai1 buk2
刻苦學習,hæk2 fu2 hok6 zap6
刻意求工,hæk2 yi1 käu4 gung1
凹處,näp2 cü1
即刻扯,zik2 hæk2 ce2
百屌成材,bæk2 diu2 säng4 cöi4
暗轉,äm1 züng2
百般刁難,bæk2 bung1 diu1 næng4
白加士街,bæk6 ga1 si6 gai1
白陶,bæk6 täu4
包頂頸,bau1 däng2 geng2
包皮環切,bau1 pi4 wæng4 cik2
包活,bau1 wuk6
飽食終日,bau2 säk6 zung1 yäk6
崩倒,bäng1 däu2
不情之請,bäk2 cäng4 zi1 cäng2
不經濟,bäk2 gäng1 zäi1
不安分,bäk2 wung1 fäng6
不足為慮,bäk2 zuk2 wäi4 lü6
拔河比賽,bäk6 ho4 bi2 cöi1
拔尖補底,bäk6 zim1 bu2 däi2
病態肥胖,beng6 tai1 fi4 bung6
邊架車,bing1 ga1 ce1
邊卡,bing1 ka1
冰硬,bäng1 ngæng6
冰上運動,bäng1 söng6 wäng6 dung6
表面張力,biu2 ming6 zöng1 läk6
表姪女,biu2 zäk6 nü1
波曲,bo1 kuk2
波力,bo1 läk6
博聞強記,bok2 mäng4 köng4 gi1
背時,bui6 si4
參考書目,cam1 hau2 sü1 muk6
參照系,cam1 ziu1 häi6
產鉗,cæng2 kim4
齊刷刷,cäi4 cak2 cak2
寢食,cäm2 säk6
七旬老人,cäk2 cäng4 läu1 yäng4
七十二行,cäk2 säp6 yi6 hong4
秋老虎,cäu1 läu1 fu2
斜靠,ce4 kau1
催乳激素,cöi1 yü1 gäk2 su1
黐仔,ci1 zäi2
刺戳,ci1 cök2
次生林,ci1 säng1 läm4
青釉,cäng1 yäu6
坐失良機,co1 säk2 löng4 gi1
醋精,cu1 zäng1
衝浪者,cung1 long6 ze2
充炮艇,cung1 pau1 täng1
重抄,cung4 cau1
重荷,cung1 ho6
傳導性,cüng4 däu6 säng1
傳動裝置,cüng4 dung6 zong1 zi1
全副精力,cüng4 fu1 zäng1 läk6
全內反射,cüng4 nöi6 fæng2 se6
打邊鼓,da2 bing1 gwu2
打衝鋒,da2 cung1 fung1
打定底,da2 däng6 däi2
打哈欠,da2 ha1 him1
打孔機,da2 hung2 gi1
打唔打風,da2 m4 da2 fung1
打牙祭,da2 nga4 zäi1
大人大量,dai6 yäng4 dai6 löng6
大人有大量,dai6 yäng4 yäu1 dai6 löng6
大成街,dai6 säng4 gai1
大相公,dai6 söng1 gung1
大潭峽,dai6 tam4 hap6
淡月,dam6 ngük6
單身寡仔,dæng1 säng1 gwa2 zäi2
得道多助,däk2 däu6 do1 zo6
掟球,deng1 käu4
對不上,döi1 bäk2 söng1
點擊數,dim2 gäk2 su1
頂目,däng2 muk6
吊裝,diu1 zong1
倒彩,däu2 cöi2
倒尿,däu2 niu6
倒運,däu2 wäng6
讀寫能力,duk6 se2 näng4 läk6
東便,dung1 bing6
翻攪,fæng1 gau2
番木瓜,fæng1 muk6 gwa1
葷腥,fäng1 säng1
訓讀,fäng1 duk6
非富即貴,fi1 fu1 zik2 gwäi1
荒淫無度,fong1 yäm4 mu4 du6
放不下心,fong1 bäk2 ha6 säm1
放射病,fong1 se6 beng6
放射療法,fong1 se6 liu4 fæk2
婦女運動,fu1 nü1 wäng6 dung6
輻射儀,fuk2 se6 yi4
搞埋一齊,gau2 mai4 yäk2 cäi4
金巴利道,gäm1 ba1 li6 däu6
咁謙,gäm1 him1
近鄉情怯,gäng6 höng1 cäng4 hip2
急風暴雨,gäp2 fung1 bäu6 yü1
狗窿,gäu2 lung1
九種,gäu2 zung2
夠唔夠班,gäu1 m4 gäu1 bæng1
救生船,gäu1 säng1 süng4
舊怨,gäu6 yüng1
幾朵,gi2 do2
極為龐大,gik6 wäi4 pong4 dai6
經不住,gäng1 bäk2 zü6
驚怖,gäng1 bu1
驚悸,gäng1 gwäi1
經濟前途,gäng1 zäi1 cing4 tu4
乾娘,gung1 nöng4
缸瓦甫,gong1 nga1 fu2
古月粉,gwu2 ngük6 fäng2
公用電話,gung1 yung6 ding6 wa2
骨肉相殘,gwäk2 yuk6 söng1 cæng4
果脯,gwo2 pu2
國內貿易,gwok2 nöi6 mäu6 yäk6
下錨,ha6 nau4
黑種人,häk2 zung2 yäng4
行獵,häng4 lip6
行政區劃,häng4 zäng1 kü1 wæk6
合桃露,häp6 täu4 lu6
猴年馬月,häu4 ning4 ma1 ngük6
汽水車,hi1 söi2 ce1
吃香喝辣,hek2 höng1 fuk2 læk6
輕車簡從,häng1 ce1 gæng2 cung4
輕輕一笑,häng1 häng1 yäk2 siu1
輕饒,häng1 yiu4
河間,ho4 gæng1
香精油,höng1 zäng1 yäu4
向巴平措,höng1 ba1 päng4 cu1
向斜,höng1 ce4
開油鑊,fui1 yäu4 wok6
開映,fui1 yäng2
好多蚊,häu2 do1 mäng1
好鬼衰,häu2 gwäi2 söi1
好手尾,häu2 säu2 mi1
好哇,häu2 wa1
空房間,hung1 fong4 gæng1
孔融讓梨,hung2 yung4 yöng6 li4
紅梅谷,hung4 mui4 guk2
鴻圖道,hung4 tu4 däu6
血氧量,hük2 yöng1 löng6
印度豹,yäng1 du6 pau1
一筆抹殺,yäk2 bäk2 muk2 sæk2
一筆抹煞,yäk2 bäk2 muk2 sæk2
一千二百,yäk2 cing1 yi6 bæk2
一錢不值,yäk2 cing4 bäk2 zäk6
一泡,yäk2 pau1
一時半會,yäk2 si4 bung1 wui6
一掃而光,yäk2 säu1 yi4 gwong1
日月如梭,yäk6 ngük6 yü4 so1
優質鋼,yäu1 zäk2 gong1
遊伴,yäu4 bung6
油甘子,yäu4 gäm1 zi2
油嘴,yäu4 zöi2
友好訪問,yäu1 häu2 fong2 mäng6
有數圍,yäu1 su1 wäi4
夜幕降臨,ye6 mok6 gong1 läm4
二進宮,yi6 zäng1 gung1
譯著,yäk6 zü1
煙花女,ying1 fa1 nü1
煙士,ying1 si2
燕麥粥,ying1 mæk6 zuk2
現金流轉,ying6 gäm1 läu4 züng2
盈月,yäng4 ngük6
凝集素,yäng4 zap6 su1
饒舌音樂,yiu4 sik6 yäm1 ngok6
肉毒素,yuk6 duk6 su1
擁塞,yung2 säk2
寓意深長,yü6 yi1 säm1 cöng4
原裝貨,yüng4 zong1 fo1
月桂冠,ngük6 gwäi1 gwung1
強似,köng4 ci1
抗爭歌,kong1 zäng1 go1
窮山惡水,kung4 sæng1 ok2 söi2
拳腳相向,küng4 gök2 söng1 höng1
爛酒,læng6 zäu2
李璨琛,li1 cæng1 säm1
李君妍,li1 gwäng1 ying4
李香琴,li1 höng1 käm4
李日朗,li1 yäk6 long1
李冶,li1 ye1
蘿蔔乾,lo4 bæk6 gung1
兩棲作戰,löng1 cäi1 zok2 zing1
兩虎相爭,löng1 fu2 söng1 zäng1
兩個包,löng1 go1 bau1
落於下風,lok6 yü1 ha6 fung1
樂滋滋,lok6 zi1 zi1
撈世界,läu1 säi1 gai1
盧吉道,lu4 gäk2 däu6
老繭,läu1 gæng2
老一套,läu1 yäk2 täu1
龍運巴士,lung4 wäng6 ba1 si2
弄璋,lung6 zöng1
唔卡,m4 ka1
馬伯樂,ma1 bæk2 lok6
猛吃,mæng1 hek2
墨翟,mäk6 däk6
麥糠,mæk6 hong1
尾頁,mi1 yip6
美容覺,mi1 yung4 gau1
面貌一新,ming6 mau6 yäk2 säng1
面面俱到,ming6 ming6 kü1 däu1
無米之炊,mu4 mai1 zi1 cöi1
毛肚,mäu4 tu1
煤儲量,mui4 cü1 löng6
梅雨天,mui4 yü1 ting1
梅子林,mui4 zi2 läm4
末梢神經,muk6 sau1 säng4 gäng1
沒心沒肺,muk6 säm1 muk6 fäi1
女公爵,nü1 gung1 zök2
女流之輩,nü1 läu4 zi1 bui1
晤面,ng6 ming6
雅淡,nga1 dam6
扲荷包,ngäm4 ho4 bau1
奀挑鬼命,ngäng1 tiu1 gwäi2 mäng6
鈎針,ngäu1 zäm1
外斜肌,wui6 ce4 gi1
尿泡,niu6 pau1
扒艇仔,pa4 täng1 zäi2
派片,pai1 ping2
拍胸脯,pæk2 hung1 pu2
噴墨式,päng1 mäk6 säk2
平又靚,peng4 yäu6 leng1
拼爭,päng1 zäng1
平方英尺,päng4 fong1 yäng1 cek2
平裝本,päng4 zong1 bung2
蚌精,pong1 zäng1
灑水車,sa2 söi2 ce1
三公經費,sam1 gung1 gäng1 fäi1
散春,sæng1 cäng1
生筋,sæng1 gäng1
生唔生仔,sæng1 m4 sæng1 zäi2
心都實,säm1 du1 säk6
心肝脾肺腎,säm1 gwung1 pi4 fäi1 säng6
心無二用,säm1 mu4 yi6 yung6
審讀,säm2 duk6
沈貞巧,säm2 zäng1 hau2
身強力壯,säng1 köng4 läk6 zong1
慎重其事,säng6 zung6 ki4 si6
生機盎然,säng1 gi1 ong1 ying4
生物降解,säng1 mäk6 gong1 gai2
生平事跡,säng1 päng4 si6 zäk2
生態農業,säng1 tai1 nung4 yip6
生卒年,säng1 zäk2 ning4
十月芥菜,säp6 ngük6 gai1 cöi1
實屬不易,säk6 suk6 bäk2 yi6
手痕痕,säu2 häng4 häng4
壽山村道,säu6 sæng1 cüng1 däu6
瀉肚子,se1 tu1 zi2
死蛇爛鱔,si2 se4 læng6 sing1
四朵,si1 do2
石頂,sek6 däng2
成身大汗,seng4 säng1 dai6 fung6
雖死猶生,söi1 si2 yäu4 säng1
順寧道,säng6 näng4 däu6
司法院長,si1 fæk2 yüng6 zöng2
嘶嘶聲,si1 si1 säng1
屍體解剖,si1 täi2 gai2 fäu2
屎波架撐多,si2 bo1 ga1 cæng1 do1
食祿,säk6 luk6
食物油,säk6 mäk6 yäu4
禪堂,sim4 tong4
省察,säng2 cæk2
乘龍快婿,säng4 lung4 fai1 säi1
承上啟下,säng4 söng6 käi2 ha6
城鐵,säng4 tik2
攝影術,sip2 yäng2 säk6
攝灶罅,sip2 zäu1 la1
消毒碗櫃,siu1 duk6 wung2 gwäi6
少管閒事,siu2 gwung2 hæng4 si6
少食多滋味,siu2 säk6 do1 zi1 mi6
笑臉相迎,siu1 lim1 söng1 yäng4
相交數,söng1 gau1 su1
上髀,söng6 bi2
上杭,söng6 hong4
數手指,su2 säu2 zi2
數台,su1 töi4
屬象,suk6 zöng6
太陽輻射,tai1 yöng4 fuk2 se6
彈撥,tæng4 buk6
彈墨,tæng4 mäk6
天下為家,ting1 ha6 wäi4 ga1
天樂里,ting1 lok6 li1
挑三揀四,tiu1 sam1 gæng2 si1
跳舞蘭,tiu1 mu1 læng4
調羹,tiu4 gäng1
調酒器,tiu4 zäu2 hi1
桃花心木,täu4 fa1 säm1 muk6
淘古井,täu4 gwu2 zäng2
肚唔肚餓,tu1 m4 tu1 ngo6
同道者,tung4 däu6 ze2
畫屏,wa6 bäng2
話裏有話,wa6 li1 yäu1 wa6
歪打正着,wai1 da2 zäng1 zök6
壞種,wai6 zung2
遺著,wäi4 zü1
位極人臣,wäi6 gik6 yäng4 säng4
永隆銀行,wäng1 lung4 ngäng4 hong4
和味龍,wo4 mi6 lung4
黃道吉日,wong4 däu6 gäk2 yäk6
王馨平,wong4 häng1 päng4
黃嶺,wong4 leng1
户口制度,wu6 häu2 zäi1 du6
會澤,wui6 zäk6
揸住支咪,za1 zü6 zi1 mäi1
側視,zäk2 si6
針山,zäm1 sæng1
真好彩,zäng1 häu2 cöi2
曾綺婷,zäng1 yi2 täng4
爭名奪利,zäng1 mäng4 dük6 li6
曾外祖父,zäng1 wui6 zu2 fu6
曾祖父母,zäng1 zu2 fu6 mu1
周打魚湯,zäu1 da2 yü4 tong1
謝絕參觀,ze6 zük6 cam1 gwung1
紫質症,zi2 zäk2 zäng1
自行車賽,zi6 häng4 ce1 cöi1
自立自強,zi6 läp6 zi6 köng4
正月初二,zäng1 ngük6 co1 yi6
精神性,zäng1 säng4 säng1
整齊劃一,zäng2 cäi4 wæk6 yäk2
整冧,zäng2 läm1
折疊式,zik2 dip6 säk2
招貼畫,ziu1 tip2 wa6
阻難,zo2 næng6
坐席,zo6 zäk6
雀食,zök2 säk6
栽倒,zöi1 däu1
裝卸工,zong1 se1 gung1
中華基金,zung1 wa4 gi1 gäm1
忠貞不二,zung1 zäng1 bäk2 yi6
縱橫天下,zung1 wæng4 ting1 ha6
主打品牌,zü2 da2 bäng2 pai4
專線電話,züng1 sing1 ding6 wa2
轉產,züng2 cæng2
鑽卡,züng1 ka1
絕無花假,zük6 mu4 fa1 ga2
巴塞爾,ba1 cöi1 yi1
疤痕組織,ba1 häng4 zu2 zäk2
敗家精,bai6 ga1 zäng1
百思莫解,bæk2 si1 mok6 gai2
白板仔,bæk6 bæng2 zäi2
板起塊面,bæng2 hi2 fai1 ming6
板長壽司,bæng2 zöng2 säu6 si1
包搞掂,bau1 gau2 dim6
飽和狀態,bau2 wo4 zong6 tai1
品質管制,bäng2 zäk2 gwung2 zäi1
不懂裝懂,bäk2 dung2 zong1 dung2
不成文法,bäk2 säng4 mäng4 fæk2
不調和,bäk2 tiu4 wo4
鼻青眼腫,bi6 ceng1 ngæng1 zung2
便宜行事,bing6 yi4 häng4 si6
兵強馬壯,bäng1 köng4 ma1 zong1
波瀾起伏,bo1 læng4 hi2 fuk6
波昂,bo1 ngong4
波批,bo1 päi1
報生,bäu1 sæng1
步行區,bu6 häng4 kü1
暴洪,bäu6 hung4
背包遊,bui1 bau1 yäu4
背逆,bui1 yäk6
卜卜米,buk2 buk2 mai1
茶果嶺道,ca4 gwo2 leng1 däu6
差旅費,cai1 lü1 fäi1
殘羹剩飯,cæng4 gäng1 säng6 fæng6
齊頭並進,cäi4 täu4 bäng6 zäng1
齊聚一堂,cäi4 zü6 yäk2 tong4
陳潔靈,cäng4 gik2 läng4
七拼八湊,cäk2 päng1 bæk2 cäu1
秋茄,cäu1 kö4
車公廟路,ce1 gung1 miu6 lu6
請喝茶,ceng2 fuk2 ca4
簽名簿,cim1 mäng4 bu2
清油,cäng1 yäu4
青面獠牙,cäng1 ming6 liu4 nga4
青雲直上,cäng1 wäng4 zäk6 söng1
潮州音樂,ciu4 zäu1 yäm1 ngok6
錯層,co1 cäng4
長春籐,cöng4 cäng1 täng4
長蟲,cöng4 cung4
長江實業,cöng4 gong1 säk6 yip6
長沙市,cöng4 sa1 si1
長洲區,cöng4 zäu1 kü1
採食,cöi2 säk6
倉惶,cong1 wong4
牀下底,cong4 ha6 däi2
粗齋,cu1 zai1
重操舊業,cung4 cäu1 gäu6 yip6
重辣,cung1 læk6
重量訓練,cung1 löng6 fäng1 ling6
穿着打扮,cüng1 zök2 da2 bæng6
傳報,cüng4 bäu1
傳燈,cüng4 däng1
傳聞證據,cüng4 mäng4 zäng1 gü1
打暗號,da2 äm1 häu6
打赤膊,da2 cek2 bok2
打翻身仗,da2 fæng1 säng1 zöng1
打個折,da2 go1 zik2
打輸數,da2 sü1 su1
打橫瞓,da2 wæng4 fäng1
打針雞,da2 zäm1 gäi1
大白話,dai6 bæk6 wa2
大飲大食,dai6 yäm2 dai6 säk6
大食細,dai6 säk6 säi1
大頭釘,dai6 täu4 däng1
擔沙塞海,dam1 sa1 säk2 fui2
單核細胞,dæng1 häk6 säi1 bau1
遞降,däi6 gong1
第二副,däi6 yi6 fu1
登報聲明,däng1 bäu1 säng1 mäng4
等一會兒,däng2 yäk2 wui6 yi4
凸面,däk6 ming6
地縫,di6 fung4
糴米,dek6 mai1
滴管,däk6 gwung2
靛青,ding6 ceng1
跌打損傷,dik2 da2 süng2 söng1
多除少補,do1 cü4 siu2 bu2
刀耕火種,däu1 gæng1 fo2 zung1
倒糞,däu2 fäng1
倒開,däu2 fui1
道德困境,däu6 däk2 kwäng1 gäng2
稻荷壽司,däu6 ho4 säu6 si1
讀唔讀書,duk6 m4 duk6 sü1
讀成點,duk6 säng4 dim2
短波長,düng2 bo1 cöng4
斷語,düng1 yü1
斷層線,düng6 cäng4 sing1
花前月下,fa1 cing4 ngük6 ha6
花假,fa1 ga2
花生仁,fa1 säng1 yäng4
反空降,fæng2 hung1 gong1
反面人物,fæng2 ming6 yäng4 mäk6
犯難,fæng6 næng4
發個好夢,fæk2 go1 häu2 mung6
發仔寒,fæk2 zäi2 fung4
徽墨,fäi1 mäk6
廢話連篇,fäi1 wa2 ling4 ping1
粉嶺圍,fäng2 leng1 wäi4
佛口蛇心,fäk6 häu2 se4 säm1
否決票,fäu2 kük2 piu1
浮滑,fäu4 wæk6
飛行記錄,fi1 häng4 gi1 luk6
科學館道,fo1 hok6 gwung2 däu6
苦差事,fu2 cai1 si6
虎鉗,fu2 kim4
副廠長,fu1 cong2 zöng2
輻射能,fuk2 se6 näng4
瘋話,fung1 wa2
加大油門,ga1 dai6 yäu4 mung4
假條,ga1 tiu4
介紹錯,gai1 siu6 co1
隔行掃描,gæk2 hong4 säu1 miu4
隔油池,gæk2 yäu4 ci4
減壓症,gam2 æk2 zäng1
艱難險阻,gæng1 næng4 him2 zo2
金錢萬能,gäm1 cing4 mæng6 näng4
甘肅省,gäm1 suk2 sæng2
感覺器官,gäm2 gok2 hi1 gwung1
跟手尾,gäng1 säu2 mi1
更遞,gäng1 däi6
更正錯誤,gäng1 zäng1 co1 ng6
更高性能,gäng1 gäu1 säng1 näng4
急凍食物,gäp2 dung1 säk6 mäk6
舊山頂道,gäu6 sæng1 deng2 däu6
堅強不屈,ging1 köng4 bäk2 wäk2
健康飲食,ging6 hong1 yäm2 säk6
經濟作物,gäng1 zäi1 zok2 mäk6
勁到無倫,gäng6 däu1 mu4 läng4
潔身自好,gik2 säng1 zi6 häu2
改良品種,gwui2 löng4 bäng2 zung2
乾瞪眼,gung1 cäng4 ngæng1
乾渴,gung1 fuk2
乾酪,gung1 lok6
鋼片琴,gong1 ping2 käm4
降旨,gong1 zi2
高清晰度,gäu1 cäng1 säk2 du6
估摸,gwu2 mo2
古為今用,gwu2 wäi4 gäm1 yung6
管道運輸,gwung2 däu6 wäng6 sü1
公共道德,gung1 gung6 däu6 däk2
寡廉鮮恥,gwa2 lim4 sing1 ci2
掛唔掛住,gwa1 m4 gwa1 zü6
掛礙,gwa1 wui6
貴族身份,gwäi1 zuk6 säng1 fäng6
下水管,ha6 söi2 gwung2
行得累,hæng4 däk2 löi6
刻薄寡恩,häk2 bok6 gwa2 yäng1
黑命貴,häk2 mäng6 gwäi1
很卡,häng2 ka1
行有餘力,häng4 yäu1 yü4 läk6
合成代謝,häp6 säng4 döi6 ze6
核爆炸,häk6 bau1 za1
核裝置,häk6 zong1 zi1
厚德載物,häu1 däk2 zöi1 mäk6
汽艇,hi1 täng1
吃螺絲,hek2 lo4 si1
吃皇糧,hek2 wong4 löng4
響按聲,höng2 wung1 säng1
海濱道,fui2 bäng1 däu6
學成歸國,hok6 säng4 gwäi1 gwok2
好趁手,häu2 cäng1 säu2
好醜怪,häu2 cäu2 gwai1
好多晚,häu2 do1 mæng1
好易話為,häu2 yi6 wa6 wäi4
好熱氣,häu2 ngik6 hi1
皓首,häu6 säu2
空中飄浮,hung1 zung1 piu1 fäu4
洪福齊天,hung4 fuk2 cäi4 ting1
鴻福齊天,hung4 fuk2 cäi4 ting1
血液凝結,hük2 yäk6 yäng4 gik2
血氧含量,hük2 yöng1 häm4 löng6
血仇,hük2 säu4
陰險毒辣,yäm1 him2 duk6 læk6
音樂感,yäm1 ngok6 gäm2
音樂之聲,yäm1 ngok6 zi1 säng1
忍辱偷生,yäng1 yuk6 täu1 säng1
印度文,yäng1 du6 mäng4
人生舞台,yäng4 säng1 mu1 töi4
引體向上,yäng1 täi2 höng1 söng6
一皇兩后,yäk2 wong4 löng1 häu6
有仇口,yäu1 säu4 häu2
惹火燒身,ye1 fo2 siu1 säng1
醫療經驗,yi1 liu4 gäng1 yim6
以強凌弱,yi1 köng4 läng4 yök6
逆數,yäk6 su1
咽炎,ying1 yim4
言行合一,ying4 häng6 häp6 yäk2
頁尾,yip6 mi1
業精於勤,yip6 zäng1 yü1 käng4
遙控車,yiu4 hung1 ce1
肉墊,yuk6 zing1
喁喁,yung4 yung4
冤仇,yüng1 säu4
怨命,yüng1 mäng6
玄參,yüng4 säm1
軟釘子,yüng1 deng1 zi2
卡拉卡斯,ka1 lai1 ka1 si1
禽獸行為,käm4 säu1 häng4 wäi4
棋高一着,ki4 gäu1 yäk2 zök6
繪聲繪色,kwui2 säng1 kwui2 säk2
葵盛西,kwäi4 säng4 säi1
拉衫尾,lai1 sam1 mi1
拉頭纜,lai1 täu4 lam6
禮教吃人,läi1 gäu1 hek2 yäng4
荔枝核,läi6 zi1 wäk6
臨朝,läm4 ciu4
林奮強,läm4 fäng1 köng4
臨渴掘井,läm4 fuk2 gwäk6 zäng2
立著,läp6 zü1
流量計,läu4 löng6 gäi1
李思雅,li1 si1 nga1
李贄,li1 zi1
濾波器,lü6 bo1 hi1
零食物語,läng4 säk6 mäk6 yü1
另請高明,läng6 cäng2 gäu1 mäng4
聊齋志異,liu4 zai1 zi1 yi6
兩邊倒,löng1 bing1 däu2
兩朵,löng1 do2
兩瓶,löng1 päng4
落草為寇,lok6 cäu2 wäi4 käu1
狼毒,long4 duk6
狼過華秀,long4 gwo1 wa4 säu1
爐頂,lu4 deng2
老牛破車,läu1 ngäu4 po1 ce1
老實商人,läu1 säk6 söng1 yäng4
龍眼乾,lung4 ngæng1 gung1
龍潭虎穴,lung4 tam4 fu2 yük6
馬尾松,ma1 mi1 cung4
賣小強,mai6 siu2 köng4
賣斷市,mai6 tüng1 si1
麥霸,mæk6 ba1
麥芽糖醇,mæk6 nga4 tong4 säng4
紋面,mäng4 ming6
文山會海,mäng4 sæng1 wui6 fui2
未受精,mi6 säu6 zäng1
未置可否,mi6 zi1 ho2 fäu2
面帶愁容,ming6 dai1 säu4 yung4
面晤,ming6 ng6
面黃肌瘦,ming6 wong4 gi1 säu1
明眸皓齒,mäng4 mäu4 häu6 ci2
摩西五經,mo1 säi1 ng1 gäng1
磨盤,mo4 pung4
妄斷,mong1 düng1
無機可乘,mu4 gi1 ho2 säng4
梅花點,mui4 fa1 dim2
瞞上欺下,mung4 söng6 hi1 ha6
悶聲不響,mung6 säng1 bäk2 höng2
抹灰,muk2 fui1
沒人住,muk6 yäng4 zü6
沒水平,muk6 söi2 päng4
乸口乸面,na2 häu2 na2 ming6
那碗,na1 wung2
男婚女嫁,nam4 fäng1 nü1 ga1
凹進,näp2 zäng1
彌散,ni4 sæng1
女乘務員,nü1 säng4 mu6 yüng4
吳柏男,ng4 pæk2 nam4
五二三,ng1 yi6 sam1
五丈,ng1 zöng6
芽菜仔,nga4 cöi1 zäi2
捱時間,ngai4 si4 gæng1
咬耳朵,ngau1 yi1 do2
外甥仔,wui6 säng1 zäi2
年富力強,ning4 fu1 läk6 köng4
腦閉塞,näu1 bäi1 säk2
惡搞文化,ok2 gau2 mäng4 fa1
憑照,päng4 ziu1
平方公分,päng4 fong1 gung1 fäng6
平攤,päng4 tæng1
三年五載,sam1 ning4 ng1 zöi2
三朝兩日,sam1 ziu1 löng1 yäk6
山卡拉,sæng1 ka1 lai1
山尾,sæng1 mi1
山棯,sæng1 nim1
散兵坑,sæng2 bäng1 hæng1
散戲,sæng1 hi1
生啤酒,sæng1 be1 zäu2
省儉,sæng2 gim6
省縣,sæng2 yüng6
筲箕灣道,sau1 gi1 wæng1 däu6
使牛,säi2 ngäu4
心靈手巧,säm1 läng4 säu2 hau2
審核權,säm2 häk6 küng4
新都廣場,säng1 du1 gwong2 cöng4
神差鬼使,säng4 cai1 gwäi2 si2
神推鬼使,säng4 töi1 gwäi2 si2
生物界,säng1 mäk6 gai1
十二地支,säp6 yi6 di6 zi1
失物招領,säk2 mäk6 ziu1 läng1
膝上舞,säk2 söng6 mu1
首腦會晤,säu2 näu1 wui6 ng6
手抓羊肉,säu2 zau2 yöng4 yuk6
蛇頭鼠眼,se4 täu4 sü2 ngæng1
四百二十,si1 bæk2 yi6 säp6
腥臊,säng1 säu1
水球賽,söi2 käu4 cöi1
水牛城,söi2 ngäu4 säng4
水平儀,söi2 päng4 yi4
使唔使用,si2 m4 si2 yung6
時間廊,si4 gæng1 long4
士的車,si6 däk2 ce1
食不果腹,säk6 bäk2 gwo2 fuk2
食唔食飯,säk6 m4 säk6 fæng6
食物櫃,säk6 mäk6 gwäi6
食粥水,säk6 zuk2 söi2
禪理,sim4 li1
醒世恆言,säng2 säi1 häng4 ying4
性偏好,säng1 ping1 häu1
乘鶴,säng4 hok6
乘其不備,säng4 ki4 bäk2 bi6
繩墨,säng4 mäk6
盛舉,säng6 gü2
少一條毛,siu2 yäk2 tiu4 mäu4
少條毛,siu2 tiu4 mäu4
疏淡,so1 dam6
疏窿,so1 lung1
鎖掣,so2 zäi1
相對而坐,söng1 döi1 yi4 co1
相契,söng1 käi1
相同名字,söng1 tung4 mäng4 zi6
相命,söng1 mäng6
常盛街,söng4 säng6 gai1
上頁,söng6 yip6
上皮組織,söng6 pi4 zu2 zäk2
數據通信,su1 gü1 tung1 säng1
掃尾,säu1 mi1
數尾,su1 mi1
數枚,su1 mui4
素質差,su1 zäk2 ca1
樹碑立傳,sü6 bi1 läp6 züng6
旋轉台,süng4 züng2 töi4
太平山街,tai1 päng4 sæng1 gai1
淡茂茂,tam1 mäu6 mäu6
攤長,tæng1 cöng4
投機倒把,täu4 gi1 däu2 ba2
天差地遠,ting1 ca1 di6 yüng1
天下一家,ting1 ha6 yäk2 ga1
天后廟道,ting1 häu6 miu6 däu6
天女散花,ting1 nü1 sæng1 fa1
填塞物,ting4 säk2 mäk6
貼生,tip2 säng1
鐵血宰相,tik2 hük2 zöi2 söng1
挑毛病,tiu1 mäu4 beng6
討便宜,täu2 ping4 yi4
通俗易懂,tung1 zuk6 yi6 dung2
華德中,wa4 däk2 zung1
橫征暴斂,wæng4 zäng1 bäu6 lim1
橫徵暴斂,wæng4 zäng1 bäu6 lim1
橫正暴斂,wæng4 zäng1 bäu6 lim1
芸芸眾生,wäng4 wäng4 zung1 säng1
暈針,wäng4 zäm1
運行方式,wäng6 häng4 fong1 säk2
鬱鬱不樂,wäk2 wäk2 bäk2 lok6
和平利用,wo4 päng4 li6 yung6
和平鳥,wo4 päng4 niu1
黃格仔,wong4 gæk2 zäi2
湖翠路,wu4 cöi1 lu6
護士室,wu6 si6 säk2
互相連接,wu6 söng1 ling4 zip2
玩具站,wung6 gü6 zam6
斟生意,zäm1 sæng1 yi1
爭面子,zäng1 ming6 zi2
質量檢查,zäk2 löng6 gim2 ca4
質譜,zäk2 pu2
質譜儀,zäk2 pu2 yi4
窒下窒下,zäk6 ha1 zäk6 ha1
借讀,ze1 duk6
井田制,zäng2 ting4 zäi1
進度表,zäng1 du6 biu2
支使,zi1 säi2
止痛片,zi2 tung1 ping2
知識寶庫,zi1 säk2 bäu2 fu1
自由散漫,zi6 yäu4 sæng2 mæng6
矽晶片,zäk6 zäng1 ping1
墊肩,zing1 ging1
精當,zäng1 dong1
精神財富,zäng1 säng4 cöi4 fu1
淨飲,zäng6 yäm2
靜脈點滴,zäng6 mæk6 dim2 däk6
坐收漁利,zo6 säu1 yü4 li6
鑿壁偷光,zok6 bäk2 täu1 gwong1
裝點門面,zong1 dim2 mung4 ming6
莊月明,zong1 ngük6 mäng4
中法戰爭,zung1 fæk2 zing1 zäng1
中間界,zung1 gæng1 gai1
中和劑,zung1 wo4 zäi1
中大伏,zung1 dai6 fuk6
專案經理,züng1 wung1 gäng1 li1
轉變過程,züng2 bing1 gwo1 cäng4
轉駁,züng2 bok2
絕對數字,zük6 döi1 su1 zi6
惡死能登,ok2 si2 näng4 däng1
惡屎能登,ok2 si2 näng4 däng1
刻苦努力,hæk2 fu2 nu1 läk6
逛下,kwæng1 ha1
壓板,æk2 bæng2
壓寶,æk2 bäu2
百幾間,bæk2 gi2 gæng1
百裏挑一,bæk2 li1 tiu1 yäk2
百靈鳥,bæk2 läng4 niu1
百米賽跑,bæk2 mai1 cöi1 pau2
八大元老,bæk2 dai6 yüng4 läu1
八番,bæk2 fæng1
八丈,bæk2 zöng6
包產,bau1 cæng2
包大人,bau1 dai6 yäng4
鮑甫,bau1 pu2
包種,bau1 zung2
不以為苦,bäk2 yi1 wäi4 fu2
拔取,bäk6 cü2
比量,bi2 löng4
被保人,bi6 bäu2 yäng4
餅乾盒,beng2 gung1 häp6
別着急,bik6 zök6 gäp2
波蕩,bo1 dong6
波西米亞,bo1 säi1 mai1 a1
薄荷腦,bok6 ho4 näu1
補衫,bu2 sam1
報仇雪恥,bäu1 säu4 sük2 ci2
暴冷暴熱,bäu6 læng1 bäu6 ngik6
暴走漫畫,bäu6 zäu2 mæng6 wa6
背倚,bui1 yi2
背語,bui1 yü1
貝卡谷地,bui1 ka1 guk2 di6
背簍,bui1 läu1
焙乾,bui6 gung1
茶點時間,ca4 dim2 si4 gæng1
差佬開槍,cai1 läu2 fui1 cöng1
柴魚片,cai4 yü4 ping2
齊膝,cäi4 säk2
趁便,cäng1 bing6
七打,cäk2 da1
醜相,cäu2 söng1
遒勁,cäu4 gäng6
刺癢,ci1 yöng1
磁片,ci4 ping2
青工,cäng1 gung1
青紅幫,cäng1 hung4 bong1
請求寬恕,cäng2 käu4 fung1 sü1
情緒商數,cäng4 söi1 söng1 su1
切近,cik2 gäng6
超大聲,ciu1 dai6 säng1
峭拔,ciu1 bäk6
坐穩船,co1 wäng2 süng4
唱詩班,cöng1 si1 bæng1
長板凳,cöng4 bæng2 däng1
長短句,cöng4 düng2 gü1
長期共存,cöng4 ki4 gung6 cüng4
長袍馬褂,cöng4 päu4 ma1 gwa1
長山,cöng4 sæng1
長壽香,cöng4 säu6 höng1
采聲,cöi2 säng1
醋勁,cu1 gäng6
曹達華,cäu4 dæk6 wa4
速讀法,cuk2 duk6 fæk2
重樣,cung4 yöng6
重孫,cung4 süng1
傳布,cüng4 bu1
傳輸服務,cüng4 sü1 fuk6 mu6
傳頌千古,cüng4 zung6 cing1 gwu2
打爆缸,da2 bau1 gong1
打爆油缸,da2 bau1 yäu4 gong1
打到開花,da2 däu1 fui1 fa1
打棍子,da2 gwäng1 zi2
打唔打算,da2 m4 da2 süng1
打死無怨,da2 si2 mu4 yüng1
打颱風,da2 töi4 fung1
大家都去,dai6 ga1 du1 hü1
大網仔,dai6 mong1 zäi2
單口相聲,dæng1 häu2 söng1 säng1
單相思,dæng1 söng1 si1
低產量,däi1 cæng2 löng6
低首下心,däi1 säu2 ha6 säm1
第二方,däi6 yi6 fong1
遞質,däi6 zäk2
德望學校,däk2 mong6 hok6 hau6
抌落,däm2 lok6
鄧中華,däng6 zung1 wa4
頂板,deng2 bæng2
對得上,döi1 däk2 söng1
噸數,däng1 su1
的士夠格,däk2 si6 gäu1 gæk2
滴答聲,däk6 dap2 säng1
電話信號,ding6 wa2 säng1 häu6
叮噹響,däng1 dong1 höng2
頂艇,däng2 täng1
頂針,däng2 zäm1
頂趾,däng2 zi2
頂住條氣,däng2 zü6 tiu4 hi1
丟面子,diu1 ming6 zi2
釣艇,diu1 täng1
度街,dok6 gai1
度身做衫,dok6 säng1 zu6 sam1
倒打一耙,däu2 da2 yäk2 pa4
讀脣,duk6 säng4
動態更新,dung6 tai1 gäng1 säng1
傀儡戲,fai1 löi1 hi1
快樂幸福,fai1 lok6 häng6 fuk2
番客,fæng1 hæk2
反轉錄,fæng2 züng1 luk6
發暈,fæk2 wäng4
揮發油,fäi1 fæk2 yäu4
否定詞,fäu2 däng6 ci4
菲律賓話,fi1 läk6 bäng1 wa2
科研小組,fo1 ying4 siu2 zu2
放浪不羈,fong1 long6 bäk2 gi1
附屬物,fu6 suk6 mäk6
輻射強度,fuk2 se6 köng4 du6
家爺仔乸,ga1 ye4 zäi2 na2
賈炳達道,ga2 bäng2 dæk6 däu6
假設語氣,ga2 cik2 yü1 hi1
賈第蟲,ga2 däi6 cung4
假性近視,ga2 säng1 gäng6 si6
嫁俾,ga1 bi2
解頤,gai2 yi4
解悟,gai2 ng6
解像力,gai2 zöng6 läk6
間腦,gæng1 näu1
甲胺,gap2 wung1
教育質量,gäu1 yuk6 zäk2 löng6
雞頭米,gäi1 täu4 mai1
今日打風,gäm1 yäk6 da2 fung1
金融風波,gäm1 yung4 fung1 bo1
金屬薄片,gäm1 suk6 bok6 ping2
九代單傳,gäu2 döi6 dæng1 cüng4
九分之一,gäu2 fäng6 zi1 yäk2
狗經,gäu2 gäng1
狗肉湯,gäu2 yuk6 tong1
亟待解決,gäk2 döi6 gai2 kük2
堅拿道西,ging1 na4 däu6 säi1
健康生活,ging6 hong1 säng1 wuk6
經濟週期,gäng1 zäi1 zäu1 ki4
潔淨無瑕,gik2 zäng6 mu4 ha4
嗰句話,go2 gü1 wa6
改轉,gwui2 züng1
講白話,gong2 bæk6 wa6
講實話,gong2 säk6 wa2
高檔服裝,gäu1 dong1 fuk6 zong1
孤老,gwu1 läu1
供油系統,gung1 yäu4 häi6 tung2
掛冠求去,gwa1 gwung1 käu4 hü1
貴婦狗,gwäi1 fu1 gäu2
貴婦人,gwäi1 fu1 yäng4
肱二頭肌,gwäng1 yi6 täu4 gi1
果句話,gwo2 gü1 wa6
郭少芸,gwok2 siu1 wäng4
捐褲襠,güng1 fu1 nong6
下不來,ha6 bäk2 löi4
下臂,ha6 bi1
下灣,ha6 wæng1
閒聊天,hæng4 liu4 ting1
敲敲打打,hau1 hau1 da2 da2
刻苦學習,häk2 fu2 hok6 zap6
刻意求工,häk2 yi1 käu4 gung1
行動主義,häng4 dung6 zü2 yi6
行李票,häng4 li1 piu1
核發電,häk6 fæk2 ding6
核鹼基,häk6 gæng2 gi1
核工程,häk6 gung1 cäng4
核子戰爭,häk6 zi2 zing1 zäng1
氣味相投,hi1 mi6 söng1 täu4
吃空餉,hek2 hung1 höng2
牽引車,hing1 yäng1 ce1
歇聲,hik2 säng1
可見度,ho2 ging1 du6
海泓道,fui2 wäng4 däu6
看街上,fung1 gai1 söng6
邯鄲學步,fung4 dæng1 hok6 bu6
好大數,häu2 dai6 su1
好好瞓,häu2 häu2 fäng1
好言好語,häu2 ying4 häu2 yü1
胸無城府,hung1 mu4 säng4 fu2
犬牙交錯,hüng2 nga4 gau1 co1
飲彈自盡,yäm2 dæng6 zi6 zäng6
吟風弄月,ngäm4 fung1 lung6 ngük6
一號波,yäk2 häu6 bo1
一號風球,yäk2 häu6 fung1 käu4
一兩本,yäk2 löng1 bung2
一兩晚,yäk2 löng1 mæng1
一片痴心,yäk2 ping1 ci1 säm1
游乾水,yäu4 gung1 söi2
油鹽醬醋,yäu4 yim4 zöng1 cu1
油棕,yäu4 zung1
耶青,ye4 cäng1
夜不成眠,ye6 bäk2 säng4 ming4
已經愛,yi1 gäng1 wui1
二等艙,yi6 däng2 cong1
二氧化錳,yi6 yöng1 fa1 mæng1
易逝,yi6 säi6
益胃生津,yäk2 wäi6 sæng1 zäng1
易志明,yäk6 zi1 mäng4
燕窩湯,ying1 wo1 tong1
英明果斷,yäng1 mäng4 gwo2 düng1
應考生,yäng1 hau2 sæng1
應用平台,yäng1 yung6 päng4 töi4
熱輻射,ngik6 fuk2 se6
約請,yök2 cäng2
楊玉梅,yöng4 yuk6 mui4
羊桃,yöng4 täu4
魚皮花生,yü4 pi4 fa1 säng1
遠隔重洋,yüng1 gæk2 cung4 yöng4
月光曲,ngük6 gwong1 kuk2
稽查人員,käi1 ca4 yäng4 yüng4
禁諗,gäm1 näm2
襟諗,käm1 näm2
茄科,kö4 fo1
喬裝打扮,kiu4 zong1 da2 bæng6
強烈願望,köng4 lik6 yüng6 mong6
強猛,köng4 mæng1
強作用力,köng4 zok2 yung6 läk6
抗壓性,kong1 æk2 säng1
拉纜,lai1 lam6
濫好人,lam1 häu2 yäng4
爛鬥爛,læng6 däu1 læng6
蠟油,lap6 yäu4
肋間肌,läk6 gæng1 gi1
立體照片,läp6 täi2 ziu1 ping2
留級生,läu4 käp2 sæng1
李源潮,li1 yüng4 ciu4
李蕙敏,li1 wäi6 mäng1
蕾絲花邊,löi4 si1 fa1 bing1
旅行裝備,lü1 häng4 zong1 bi6
輪暴,läng4 bäu6
拎便當,läng1 bing6 dong1
靈山,läng4 sæng1
靈舍,läng4 se1
領便當,läng1 bing6 dong1
攞便宜,lo2 ping4 yi4
鑼聲,lo4 säng1
兩棲部隊,löng1 cäi1 bu6 döi6
兩當,löng1 dong1
兩番,löng1 fæng1
兩開,löng1 fui1
兩路人馬,löng1 lu6 yäng4 ma1
兩廂情願,löng1 söng1 cäng4 yüng6
兩相情願,löng1 söng1 cäng4 yüng6
樂富廣場,lok6 fu1 gwong2 cöng4
老閉,läu1 bäi1
老蚌生珠,läu1 pong1 sæng1 zü1
老鼠窿,läu1 sü2 lung1
老丈,läu1 zöng6
六百二十,luk6 bæk2 yi6 säp6
祿位,luk6 wäi6
弄璋之喜,lung6 zöng1 zi1 hi2
馬有失蹄,ma1 yäu1 säk2 täi4
馬拉開波,ma1 lai1 fui1 bo1
萬丈光芒,mæng6 zöng6 gwong1 mong4
米仔蘭,mai1 zäi2 læng4
墨筆,mäk6 bäk2
民航班機,mäng4 hong4 bæng1 gi1
文華里,mäng4 wa4 li1
民族平等,mäng4 zuk6 päng4 däng2
謀刺,mäu4 ci1
謀食,mäu4 säk6
眉宇之間,mi4 yü1 zi1 gæng1
美利道,mi1 li6 däu6
勉強餬口,ming1 köng1 wu4 häu2
秒傳,miu1 cüng4
摩度,mo1 du6
摸爬滾打,mo2 pa4 gwäng2 da2
磨折,mo4 zik2
舞台音樂,mu1 töi4 yäm1 ngok6
霉菌毒素,mui4 kwäng2 duk6 su1
煤焦油,mui4 ziu1 yäu4
木已成舟,muk6 yi1 säng4 zäu1
沐浴球,muk6 yuk6 käu4
滿口髒話,mung1 häu2 zong1 wa6
哪方,na1 fong1
南乳花生,nam4 yü1 fa1 sæng1
納霍德卡,nap6 fok2 däk2 ka1
泥質,näi4 zäk2
女繼承人,nü1 gäi1 säng4 yäng4
女功,nü1 gung1
女公子,nü1 gung1 zi2
顏色波,ngæng4 säk2 bo1
屹立不動,ngäk6 läp6 bäk2 dung6
餓波,ngo6 bo1
卧倒,ngo6 däu2
餓肚,ngo6 tu1
年度之歌,ning4 du6 zi1 go1
年輕氣盛,ning4 häng1 hi1 säng6
鳥為食亡,niu1 wäi4 säk6 mong4
內斜視,nöi6 ce4 si6
燶口燶面,nung1 häu2 nung1 ming6
濃墨重彩,nung4 mäk6 cung1 cöi2
安平區,wung1 päng4 kü1
啪斷,pæk2 tüng1
憑準,päng4 zäng2
拼讀,päng1 duk6
平淡無味,päng4 dam6 mu4 mi6
平等互惠,päng4 däng2 wu6 wäi6
平撫,päng4 fu2
平型關,päng4 yäng4 gwæng1
平水尺,päng4 söi2 cek2
平頭百姓,päng4 täu4 bæk2 säng1
平津戰役,päng4 zäng1 zing1 yäk6
抱擁,päu1 yung2
配接卡,pui1 zip2 kæk2
陪唱女,pui4 cöng1 nü1
判讀,pung1 duk6
沙灘老鼠,sa1 tæng1 läu1 sü2
三茶兩飯,sam1 ca4 löng1 fæng6
三度空間,sam1 du6 hung1 gæng1
三番五次,sam1 fæng1 ng1 ci1
三門仔,sam1 mung4 zäi2
三十二相,sam1 säp6 yi6 söng1
三司會審,sam1 si1 wui6 säm2
傘降,sæng1 gong1
生草藥,sæng1 cäu2 yök6
省議員,sæng2 yi1 yüng4
使頸,säi2 geng2
細胞毒性,säi1 bau1 duk6 säng1
細挑,säi1 tiu1
誓死不從,säi6 si2 bäk2 cung4
心都離埋,säm1 du1 li4 mai4
參薯,säm1 sü4
沈殿霞,säm2 ding6 ha4
沈復,säm2 fuk6
身量,säng1 löng6
腎部,säng1 bu6
生氣蓬勃,säng1 hi1 pung4 buk6
生物量,säng1 mäk6 löng6
生平簡介,säng1 päng4 gæng2 gai1
十冤九仇,säp6 yüng1 gäu2 säu4
手刃仇人,säu2 yäng6 säu4 yäng4
守正不阿,säu2 zäng1 bäk2 o1
受騙上當,säu6 ping1 söng1 dong1
蛇喱眼,se4 li1 ngæng1
射喱眼,se6 li1 ngæng1
四個全面,si1 go1 cüng4 ming6
聲談,säng1 tam4
衰相,söi1 söng1
水車館街,söi2 ce1 gwung2 gai1
水平尺,söi2 päng4 cek2
水上新娘,söi2 söng6 säng1 nöng4
歲月如流,söi1 ngük6 yü4 läu4
歲月靜好,söi1 ngük6 zäng6 häu2
歲歲平安,söi1 söi1 päng4 wung1
摔打,säk2 da2
施食,si1 säk6
市井小民,si1 zäng2 siu2 mäng4
惜力,säk2 läk6
食晏晝,säk6 æng1 zäu1
食醋,säk6 cu1
食蟲植物,säk6 cung4 zäk6 mäk6
食言而肥,säk6 ying4 yi4 fi4
禪杖,sim4 zöng6
聲情並茂,säng1 cäng4 bäng6 mäu6
聲卡,säng1 kæk2
聲能,säng1 näng4
成圈,säng4 hüng1
盛饌,säng6 zæng6
攝青鬼,sip2 ceng1 gwäi2
攝鐵,sip2 tik2
小便器,siu2 bing6 hi1
少根筋,siu2 gäng1 gäng1
小籠湯包,siu2 lung4 tong1 bau1
少年老成,siu1 ning4 läu1 säng4
疏財仗義,so1 cöi4 zöng6 yi6
雙生兄弟,söng1 säng1 häng1 däi6
上天入地,söng1 ting1 yäp6 di6
上早班,söng1 zäu2 bæng1
上足電,söng1 zuk2 ding6
上半部分,söng6 bung1 bu6 fäng6
數席,su1 zäk6
粟米羹,suk2 mai1 gäng1
酸乳,süng1 yü1
太空行走,tai1 hung1 häng4 zäu2
太二,tai1 yi6
貪食蛇,tam1 säk6 se4
替班,täi1 bæng1
頭朝下,täu4 ciu4 ha6
甜豉油,tim4 si6 yäu4
天命難違,ting1 mäng6 næng4 wäi4
聽憑,täng1 päng4
停車標誌,täng4 ce1 biu1 zi1
挑花,tiu1 fa1
挑起條筋,tiu1 hi2 tiu4 gäng1
湯泉,tong1 cüng4
倘使,tong2 si2
套近乎,täu1 gäng6 fu4
圖畫紙,tu4 wa6 zi2
通俗讀物,tung1 zuk6 duk6 mäk6
統一招生,tung2 yäk2 ziu1 säng1
銅管樂,tung4 gwung2 ngok6
同聲傳譯,tung4 säng1 cüng4 yäk6
娃娃車,wa1 wa1 ce1
畫軸,wa6 zuk6
歪歪扭扭,wai1 wai1 näu2 näu2
劃掉,wæk6 diu6
彎腰駝背,wæng1 yiu1 to4 bui1
橫暴,wæng4 bäu6
滑車,wæk6 ce1
威信掃地,wäi1 säng1 säu1 di6
畏難,wäi1 næng4
位高權重,wäi6 gäu1 küng4 zung6
胃下垂,wäi6 ha6 söi4
和平特使,wo4 päng4 däk6 si1
和製漢語,wo4 zäi1 fung1 yü1
鑊撈,wok6 läu1
糊精,wu4 zäng1
會展頭,wui6 zing2 täu4
玩器,wung6 hi1
活剝生吞,wuk6 mok2 säng1 täng1
齋姑,zai1 gwu1
摘抄,zæk6 cau1
宅度假,zæk6 du6 ga1
贊唔贊成,zæng1 m4 zæng1 säng4
雜食動物,zap6 säk6 dung6 mäk6
抓辮子,zau2 bing1 zi2
仔薑,zäi2 göng1
側漏,zäk2 läu6
爭執不下,zäng1 zäp2 bäk2 ha6
周打蜆湯,zäu1 da2 hing2 tong1
洲際飛彈,zäu1 zäi1 fi1 dæng6
精甩辮,zeng1 läk2 bing1
罪惡滔天,zöi6 ok2 täu1 ting1
紫米露,zi2 mai1 lu6
自治省,zi6 zi6 sæng2
即刻扯,zik2 häk2 ce2
直皖戰爭,zäk6 wung1 zing1 zäng1
沾花惹草,zim1 fa1 ye1 cäu2
精巢,zäng1 cau4
折轉,zik2 züng2
朝陽產業,ziu1 yöng4 cæng2 yip6
嚼不爛,zök2 bäk2 læng6
着棋,zök6 ki4
長記性,zöng2 gi1 säng1
蔣桂戰爭,zöng2 gwäi1 zing1 zäng1
仗勢欺人,zöng6 säi1 hi1 yäng4
裝門面,zong1 mung4 ming6
做好做醜,zu6 häu2 zu6 cäu2
做先生,zu6 sing1 sæng1
祝君好,zuk2 gwäng1 häu2
足量,zuk2 löng6
中間道,zung1 gæng1 däu6
種牙,zung1 nga4
豬尾巴,zü1 mi1 ba1
轉敗為勝,züng2 bai6 wäi4 säng1
轉下眼,züng2 ha1 ngæng1
轉念之間,züng2 nim6 zi1 gæng1
轉禍為福,züng2 wo6 wäi4 fuk2
敲竹槓,hau1 zuk2 gong1
屌到反艇,diu2 däu1 fæng2 täng1
厄難,æk2 næng6
從嚴懲處,cung4 yim4 cäng4 cü1
掛號處,gwa1 häu6 cü1
刻錄,hæk2 luk6
這棵,ze1 fo2
啞老師,a2 läu1 si1
亞麻子油,a1 ma4 zi2 yäu4
矮凳仔,ai2 däng1 zäi2
暗度陳倉,äm1 du6 cäng4 cong1
百讀不厭,bæk2 duk6 bäk2 yim1
白相人,bæk6 söng1 yäng4
板上釘釘,bæng2 söng6 deng1 deng1
包退,bau1 töi1
飽經滄桑,bau2 gäng1 cong1 song1
飽經憂患,bau2 gäng1 yäu1 wæng6
飽食遠颺,bau2 säk6 yüng1 yöng4
品種改良,bäng2 zung2 gwui2 löng4
不露聲色,bäk2 lu6 säng1 säk2
不傷和氣,bäk2 söng1 wo4 hi1
不為已甚,bäk2 wäi4 yi1 säm6
不戰不和,bäk2 zing1 bäk2 wo4
不做聲,bäk2 zu6 säng1
比手劃腳,bi2 säu2 wæk6 gök2
便桶,bing6 tung2
冰上表演,bäng1 söng6 biu2 ying2
屏氣凝神,bäng2 hi1 yäng4 säng4
標準間,biu1 zäng2 gæng1
駁腳經紀,bok2 gök2 gäng1 gi2
煲無米粥,bäu1 mu4 mai1 zuk2
步調一致,bu6 diu6 yäk2 zi1
簿記員,bu6 gi1 yüng4
暴斂,bäu6 lim1
背約,bui1 yök2
本位主義,bung2 wäi6 zü2 yi6
半金屬,bung1 gäm1 suk6
叉形,ca1 yäng4
參唔參加,cam1 m4 cam1 ga1
慘綠少年,cam2 luk6 siu1 ning4
撐艇仔,cæng1 täng1 zäi2
齊葺葺,cäi4 cäp2 cäp2
齊民要術,cäi4 mäng4 yiu1 säk6
七聲,cäk2 säng1
車裂,ce1 lik6
車載斗量,ce1 zöi1 däu2 löng4
斜紋軟呢,ce4 mäng4 yüng1 ni4
青腫,ceng1 zung2
隨伴,cöi4 bung6
隨聲附和,cöi4 säng1 fu6 wo6
此伏彼起,ci2 fuk6 bi2 hi2
青衣西路,cäng1 yi1 säi1 lu6
青羊,cäng1 yöng4
清齋,cäng1 zai1
切身經驗,cik2 säng1 gäng1 yim6
長槍短炮,cöng4 cöng1 düng2 pau1
長腳蜢,cöng4 gök2 mæng2
長沙街,cöng4 sa1 gai1
才華蓋世,cöi4 wa4 gwui1 säi1
錯雜,cok2 zap6
蒼松翠柏,cong1 cung4 cöi1 pæk2
松嶺,cung4 leng1
重新統一,cung4 säng1 tung2 yäk2
重核,cung1 häk6
存儲卡,cüng4 cü1 kæk2
傳語,cüng4 yü1
全權大使,cüng4 küng4 dai6 si1
打錶,da2 biu1
打長工,da2 cöng4 gung1
打旋風,da2 süng4 fung1
打雪仗,da2 sük2 zöng1
帶薪休假,dai1 säng1 yäu1 ga1
大發仔,dai6 fæk2 zäi2
大吃苦頭,dai6 hek2 fu2 täu4
大旗嶺,dai6 ki4 leng1
大食積,dai6 säk6 zäk2
大潭道,dai6 tam4 däu6
膽生石,dam2 sæng1 sek6
單打一,dæng1 da2 yäk2
單人間,dæng1 yäng4 gæng1
丹麥包,dæng1 mæk6 bau1
彈冠相慶,dæng6 gwung1 söng1 häng1
搭背,dap2 bui1
搭食,dap2 säk6
踏墊,dap6 zing1
第二街,däi6 yi6 gai1
第四聲,däi6 si1 säng1
德信學校,däk2 säng1 hok6 hau6
特種警察,däk6 zung2 gäng2 cæk2
竇娥冤,däu6 ngo4 yüng1
地方停車,di6 fong1 täng4 ce1
釘牢,deng1 läu4
滴點,däk6 dim2
顛鸞倒鳳,ding1 lüng4 däu2 fung6
電纜塔,ding6 lam6 tap2
頂拜,däng2 bai1
頂冒,däng2 mäu6
多重國籍,do1 cung4 gwok2 zäk6
都未決定,du1 mi6 kük2 däng6
都會大學,du1 wui6 dai6 hok6
道風山,däu6 fung1 sæng1
毒腺,duk6 sing1
冬青樹,dung1 cäng1 sü6
東頭村道,dung1 täu4 cüng1 däu6
犯上作亂,fæng6 söng6 zok2 lüng6
發鈔銀行,fæk2 cau1 ngäng4 hong4
發聲法,fæk2 säng1 fæk2
揮霍浪費,fäi1 fok2 long6 fäi1
廢銅爛鐵,fäi1 tung4 læng6 tik2
婚姻調解,fäng1 yäng1 tiu4 gai2
忽上忽下,fäk2 söng1 fäk2 ha6
浮財,fäu4 cöi4
荒誕無稽,fong1 dæng1 mu4 käi1
荒謬無稽,fong1 mäu6 mu4 käi1
放牛班,fong1 ngäu4 bæng1
虎口餘生,fu2 häu2 yü4 säng1
苦難深重,fu2 næng6 säm1 zung6
伏流,fuk6 läu4
寬大為懷,fung1 dai6 wäi4 wai4
風油精,fung1 yäu4 zäng1
風流雲散,fung1 läu4 wäng4 sæng1
諷刺畫,fung1 ci1 wa6
鳳城,fung6 säng4
伽馬輻射,ga1 ma1 fuk2 se6
假令,ga2 läng6
假石山,ga2 sek6 sæng1
假托,ga2 tok2
假託,ga2 tok2
假肢,ga2 zi1
隔三叉五,gæk2 sam1 ca1 ng1
交個波俾,gau1 go1 bo1 bi2
膠原質,gau1 yüng4 zäk2
交相輝映,gau1 söng1 fäi1 yäng2
絞纜,gau2 lam6
近日點,gäng6 yäk6 dim2
更始,gäng1 ci2
九旬老人,gäu2 cäng4 läu1 yäng4
久負盛名,gäu2 fu6 säng6 mäng4
狗叫聲,gäu2 giu1 säng1
狗吃屎,gäu2 hek2 si2
狗仗人勢,gäu2 zöng6 yäng4 säi1
幾靈,gi2 läng4
激濁揚清,gäk2 zuk6 yöng4 cäng1
堅韌不拔,ging1 ngäng6 bäk2 bäk6
驚奇不已,gäng1 ki4 bäk2 yi1
警車燈,gäng2 ce1 däng1
景嶺路,gäng2 leng1 lu6
矯形醫生,giu2 yäng4 yi1 säng1
叫醒服務,giu1 seng2 fuk6 mu6
乾燥機,gung1 cäu1 gi1
講過算數,gong2 gwo1 süng1 su1
高矮胖瘦,gäu1 ai2 bung6 säu1
高調支持,gäu1 diu6 zi1 ci4
孤寒種,gwu1 fung4 zung2
故伎重演,gwu1 gi6 cung4 ying2
故技重演,gwu1 gi6 cung4 ying2
固體物質,gwu1 täi2 mäk6 zäk2
工作過度,gung1 zok2 gwo1 du6
掛失,gwa1 säk2
怪形怪相,gwai1 yäng4 gwai1 söng1
歸屬權,gwäi1 suk6 küng4
軌道車,gwäi2 däu6 ce1
國定假日,gwok2 däng6 ga1 yäk6
國家至上,gwok2 ga1 zi1 söng6
國字口面,gwok2 zi6 häu2 ming6
光風霽月,gwong1 fung1 zäi1 ngük6
下齒,ha6 ci2
下情上達,ha6 cäng4 söng6 dæk6
下下之策,ha6 ha6 zi1 cæk2
鹹濕相,ham4 säp2 söng1
行得埋,hæng4 däk2 mai4
行酒令,hæng4 zäu2 läng6
敲打鑼鼓,hau1 da2 lo4 gwu2
刻苦努力,häk2 fu2 nu1 läk6
黑墨墨,häk2 mäk6 mäk6
行兇殺人,häng4 hung1 sæk2 yäng4
行文流暢,häng4 mäng4 läu4 cöng1
行為主義,häng4 wäi4 zü2 yi6
核軍備,häk6 gwäng1 bi6
核仁,häk6 yäng4
口毒,häu2 duk6
口痕痕,häu2 häng4 häng4
口水仗,häu2 söi2 zöng1
喜從天降,hi2 cung4 ting1 gong1
起泡沫,hi2 päu1 muk6
吃不開,hek2 bäk2 fui1
吃虧上當,hek2 kwäi1 söng1 dong1
牽掣,hing1 zäi1
輕脆,häng1 cöi1
輕金屬,häng1 gäm1 suk6
可多可少,ho2 do1 ho2 siu2
可能掛,ho2 näng4 gwa1
鄉村醫生,höng1 cüng1 yi1 säng1
香火錢,höng1 fo2 cing4
寒冬臘月,fung4 dung1 lap6 ngük6
鼾聲如雷,fung4 säng1 yü4 löi4
好咬口,häu2 ngau1 häu2
好頭暈,häu2 täu4 wäng4
豪情萬丈,häu4 cäng4 mæng6 zöng6
皓皓,häu6 häu6
皓首窮經,häu6 säu2 kung4 gäng1
空乘,hung1 säng4
兇相畢露,hung1 söng1 bäk2 lu6
空話連篇,hung1 wa6 ling4 ping1
空着手,hung1 zök6 säu2
紅磡道,hung4 häm1 däu6
血凝素,hük2 yäng4 su1
人間佛教,yäng4 gæng1 fäk6 gäu1
人為刀俎,yäng4 wäi4 däu1 zo2
引種,yäng1 zung2
入電油,yäp6 ding6 yäu4
一下兒,yäk2 ha1 yi4
一兩聲,yäk2 löng1 säng1
一老一幼,yäk2 läu1 yäk2 yäu1
一息間,yäk2 säk2 gæng1
油茶,yäu4 ca4
油灰水,yäu4 fui1 söi2
油光水滑,yäu4 gwong1 söi2 wæk6
油塘灣,yäu4 tong4 wæng1
依牙鬆槓,yi1 nga4 sung1 gong1
移山倒海,yi4 sæng1 däu2 fui2
耳朵軟,yi1 do2 yüng1
二八年華,yi6 bæk2 ning4 wa4
驛道,yäk6 däu6
掩面而泣,yim2 ming6 yi4 yäp2
嚴絲合縫,yim4 si1 häp6 fung4
煙精,ying1 zäng1
延請,ying4 cäng2
應邀赴會,yäng1 yiu1 fu6 wui6
營私舞弊,yäng4 si1 mu1 bäi6
凝縮,yäng4 suk2
熱傳導,ngik6 cüng4 däu6
搖擺舞,yiu4 bai2 mu1
姚連生,yiu4 ling4 säng1
藥食同源,yök6 säk6 tung4 yüng4
洋片,yöng4 ping2
肉脯,yuk6 fu2
玉荷包,yuk6 ho4 bau1
肉中刺,yuk6 zung1 ci1
完好如初,yüng4 häu2 yü4 co1
原生動物,yüng4 säng1 dung6 mäk6
完整包,yüng4 zäng2 bau1
月下老人,ngük6 ha6 läu1 yäng4
琴瑟和鳴,käm4 säk2 wo4 mäng4
擒上擒落,käm4 söng1 käm4 lok6
畸士,ki1 si2
企管碩士,ki1 gwung2 sek6 si6
鉗口,kim4 häu2
傾數,käng1 su1
翹曲,kiu4 kuk2
強買強賣,köng1 mai1 köng1 mai6
強使,köng1 si2
曲學阿世,kuk2 hok6 o1 säi1
拉長臉,lai1 cöng4 lim1
拉客仔,lai1 hæk2 zäi2
爛糊,læng6 wu4
琉球海,läu4 käu4 fui2
留針,läu4 zäm1
李家聲,li1 ga1 säng1
李思穎,li1 si1 wäng6
李尚福,li1 söng6 fuk2
李尚正,li1 söng6 zäng1
李雪健,li1 sük2 ging6
旅遊集散,lü1 yäu4 zap6 sæng1
類金屬,löi6 gäm1 suk6
歷史成本,läk6 si2 säng4 bung2
力透紙背,läk6 täu1 zi2 bui1
煉金術士,ling6 gäm1 säk6 si6
煉乳,ling6 yü1
令行禁止,läng6 häng4 gäm1 zi2
另一度,läng6 yäk2 du6
獵潛艇,lip6 cim4 täng1
烈士陵,lik6 si6 läng4
僚屬,liu4 suk6
兩不相欠,löng1 bäk2 söng1 him1
兩清,löng1 cäng1
兩堆,löng1 döi1
兩點水,löng1 dim2 söi2
兩記,löng1 gi1
兩毛,löng1 mäu4
兩三班,löng1 sam1 bæng1
兩所,löng1 so2
樂以忘憂,lok6 yi1 mong4 yäu1
樂羊羊,lok6 yöng4 yöng4
落山道,lok6 sæng1 däu6
撈本,läu1 bung2
老嫖,läu1 piu4
老鼠洞,läu1 sü2 dung6
老皇曆,läu1 wong4 läk6
老旺,läu1 wong6
六班,luk6 bæng1
弄歪,lung6 wai1
亂車,lüng6 ce1
馬頭角道,ma1 täu4 gok2 däu6
禡牙,ma6 nga4
萬能老倌,mæng6 näng4 läu1 gwung1
萬惡之首,mæng6 ok2 zi1 säu2
默讀,mäk6 duk6
麥角,mæk6 gok2
墨匣,mäk6 hap6
墨魚頭,mäk6 yü4 täu4
墨線,mäk6 sing1
麥田怪圈,mæk6 ting4 gwai1 hüng1
文輝道,mäng4 fäi1 däu6
文科學生,mäng4 fo1 hok6 sæng1
聞上去,mäng4 söng1 hü1
乜菜,mäk2 cöi1
乜滯,mäk2 zäi6
密歇根湖,mäk6 hik2 gäng1 wu4
物質財富,mäk6 zäk2 cöi4 fu1
物質需要,mäk6 zäk2 sü1 yiu1
娓娓動聽,mi1 mi1 dung6 teng1
尾韻,mi1 wäng1
面都青,ming6 du1 ceng1
面有菜色,ming6 yäu1 cöi1 säk2
面目一新,ming6 muk6 yäk2 säng1
面上無光,ming6 söng6 mu4 gwong1
明火執仗,mäng4 fo2 zäp2 zöng1
明華大廈,mäng4 wa4 dai6 ha6
巫毒教,mu4 duk6 gäu1
每片,mui1 ping1
懵上心口,mung2 söng1 säm1 häu2
抹刀,muk2 däu1
哪家,na1 ga1
能上能下,näng4 söng1 näng4 ha6
凹鏡,näp2 geng1
凹形,näp2 yäng4
女低音,nü1 däi1 yäm1
女舍監,nü1 se1 gam1
五百二十,ng1 bæk2 yi6 säp6
五月病,ng1 ngük6 beng6
伍文生,ng1 mäng4 säng1
誤上賊船,ng6 söng1 cäk6 süng4
硬功夫,ngæng6 gung1 fu1
銀包仔,ngäng4 bau1 zäi2
牛頭梗,ngäu4 täu4 gäng2
牛津道,ngäu4 zäng1 däu6
外籍華人,wui6 zäk6 wa4 yäng4
黏稠度,nim1 cäu4 du6
年少老成,ning4 siu1 läu1 säng4
碾磨,ning1 mo4
糯米紙,no6 mai1 zi2
暖調,nüng1 diu6
柯布連道,o1 bu1 ling4 däu6
惡騰騰,ok2 täng4 täng4
跑調,pau2 diu6
被子植物,pi1 zi2 zäk6 mäk6
片費,ping2 fäi1
拼火,päng1 fo2
拼圖玩具,päng1 tu4 wung6 gü6
平劇,päng4 kek6
平平常常,päng4 päng4 söng4 söng4
匍伏,pu4 fuk6
抱成一團,päu1 säng4 yäk2 tüng4
蓬萊米,pung4 löi4 mai1
沙那,sa1 na1
沙宣道,sa1 süng1 däu6
衫長褲短,sam1 cöng4 fu1 düng2
三滴,sam1 däk6
山頂洞人,sæng1 deng2 dung6 yäng4
山頂廣場,sæng1 däng2 gwong2 cöng4
山光道,sæng1 gwong1 däu6
山核桃,sæng1 häk6 täu4
散曲,sæng2 kuk2
散伙,sæng1 fo2
生得幾靚,sæng1 däk2 gi2 leng1
生日賀卡,sæng1 yäk6 ho6 kæk2
省便,sæng2 bing6
省稱,sæng2 cäng1
霎戇,sap2 ngong6
洗手乳,säi2 säu2 yü1
沈約,säm2 yök2
神龍汽車,säng4 lung4 hi1 ce1
生產費,säng1 cæng2 fäi1
生產勞動,säng1 cæng2 läu4 dung6
生字表,säng1 zi6 biu2
濕水欖核,säp2 söi2 lam2 wäk6
十二億,säp6 yi6 yäk2
十丈,säp6 zöng6
失魂車,säk2 wäng4 ce1
瘦叉,säu1 ca1
壽命不長,säu6 mäng6 bäk2 cöng4
瀉湖,se1 wu4
死翹翹,si2 kiu4 kiu4
四重唱,si1 cung4 cöng1
四番,si1 fæng1
石澳道,sek6 au1 däu6
水耕法,söi2 gæng1 fæk2
水氣掣,söi2 hi1 zäi1
水上的士,söi2 söng6 däk2 si2
水上鄉,söi2 söng6 höng1
遂平,söi6 päng4
思想包袱,si1 söng2 bau1 fuk6
使人信服,si2 yäng4 säng1 fuk6
時好時差,si4 häu2 si4 ca1
市錢,si1 cing4
茜發道,sing6 fæk2 däu6
醒扒,säng2 pa4
乘號,säng4 häu6
乘人不備,säng4 yäng4 bäk2 bi6
成和道,säng4 wo4 däu6
城垣,säng4 wung4
硝化甘油,siu1 fa1 gäm1 yäu4
少安毋躁,siu2 wung1 mu4 cäu1
相切,söng1 cik2
相機行事,söng1 gi1 häng4 si6
上榜名單,söng1 bong2 mäng4 dæng1
上臂骨,söng6 bi1 gwäk2
上唔上進,söng6 m4 söng6 zäng1
數部,su1 bu6
數詞,su1 ci4
數頂,su1 deng2
數據挖掘,su1 gü1 wæk2 gwäk6
數碼媒體,su1 ma1 mui4 täi2
數十次,su1 säp6 ci1
數十道,su1 säp6 däu6
從從容容,sung1 sung1 yung4 yung4
書面許可,sü1 ming6 hü2 ho2
船老大,süng4 läu1 dai6
旋轉力,süng4 züng2 läk6
太輕浮,tai1 häng1 fäu4
泰米爾語,tai1 mai1 yi1 yü1
彈詞,tæng4 ci4
體育衫,täi2 yuk6 sam1
體側,täi2 zäk2
偷食禁果,täu1 säk6 gäm1 gwo2
艇仔邊,täng1 zäi2 bing1
天地更,ting1 di6 gæng1
天下興亡,ting1 ha6 häng1 mong4
天湖,ting1 wu4
停板制度,täng4 bæng2 zäi1 du6
鐵嶺,tik2 läng1
跳井,tiu1 zäng2
調諧,tiu4 hai4
調焦,tiu4 ziu1
胎便,töi1 bing6
湯顯明,tong1 hing2 mäng4
棠梨,tong4 li4
桃花水母,täu4 fa1 söi2 mu1
同類相殘,tung4 löi6 söng1 cæng4
畫評家,wa6 päng4 ga1
華僑報,wa4 kiu4 bäu1
華為技術,wa4 wäi4 gi6 säk6
歪瓜裂棗,wai1 gwa1 lik6 zäu2
畫等號,wæk6 däng2 häu6
畫龜,wæk6 gwäi1
劃十字,wæk6 säp6 zi6
渾球,wäng4 käu4
魂精,wäng4 zeng1
韻調,wäng1 diu6
鍋墊,wo1 zing1
王侯將相,wong4 häu4 zöng1 söng1
黃華,wong4 wa4
污泥濁水,wu1 näi4 zuk6 söi2
湖景路,wu4 gäng2 lu6
胡椒薄荷,wu4 ziu1 bok6 ho4
護國戰爭,wu6 gwok2 zing1 zäng1
齋日,zai1 yäk6
齋湯,zai1 tong1
摘記,zæk6 gi1
擇善而從,zæk6 sing6 yi4 cung4
爭交,zæng1 gau1
集體經濟,zap6 täi2 gäng1 zäi1
擠上去,zäi1 söng1 hü1
制服呢,zäi1 fuk6 ni4
側空翻,zäk2 hung1 fæng1
針車,zäm1 ce1
針頂,zäm1 däng2
針葉樹,zäm1 yip6 sü6
針尾鴨,zäm1 mi1 ap2
枕頭包,zäm2 täu4 bau1
震下震下,zäng1 ha1 zäng1 ha1
執翻條命仔,zäp2 fæng1 tiu4 mäng6 zäi2
執番劑,zäp2 fæng1 zäi1
質樸無華,zäk2 pok2 mu4 wa4
姪女婿,zäk6 nü1 säi1
鄒平,zäu1 päng4
借轉,ze1 züng1
盡歡而散,zäng6 fung1 yi4 sæng1
脂質體,zi1 zäk2 täi2
置信水平,zi1 säng1 söi2 päng4
自強運動,zi6 köng4 wäng6 dung6
字墨,zi6 mäk6
積惡,zäk2 ok2
直接貿易,zäk6 zip2 mäu6 yäk6
佔為,zim1 wäi4
墊被,zing1 pi1
精神學家,zäng1 säng4 hok6 ga1
淨高,zäng6 gäu1
褶子,zip2 zi2
截尾,zik6 mi1
趙樂際,ziu6 lok6 zäi1
着褸,zök2 läu1
仗恃,zöng6 ci1
載波,zöi1 bo1
裝瘋賣傻,zong1 fung1 mai6 so4
做好做歹,zu6 häu2 zu6 dai2
中央凹,zung1 yöng1 näp2
種羣,zung2 kwäng4
種禾,zung1 wo4
種植體,zung1 zäk6 täi2
仲齊,zung6 cäi4
重孝,zung6 hau1
豬下水,zü1 ha6 söi2
尊老,züng1 läu1
轉步,züng2 bu6
轉眼便忘,züng2 ngæng1 bing6 mong4
轉鼓,züng1 gwu2
轉唔轉工,züng1 m4 züng1 gung1
倒春寒,däu2 cäng1 fung4
倒春寒,däu1 cäng1 fung4
撈嘢,läu4 ya1
撈嘢,läu1 ya1
敦刻爾克,däng1 hæk2 yi1 häk2
雕刻家,diu1 hæk2 ga1
勤奮刻苦,käng4 fäng1 hæk2 fu2
即刻收聲,zik2 hæk2 säu1 säng1
壓克力,æk2 häk2 läk6
壓力計,æk2 läk6 gäi1
白粉仔,bæk6 fäng2 zäi2
白沙道,bæk6 sa1 däu6
白滑長腿,bæk6 wæk6 cöng4 töi2
班加羅爾,bæng1 ga1 lo4 yi1
八婆仔,bæk2 po4 zäi2
八十二,bæk2 säp6 yi6
拔身,bäk6 säng1
俾人飛,bi2 yäng4 fi1
俾人使,bi2 yäng4 säi2
比翼齊飛,bi2 yäk6 cäi4 fi1
被剝削者,bi6 mok2 sök2 ze2
碧雲道,bäk2 wäng4 däu6
背底,bui1 däi2
背花,bui1 fa1
背頭,bui1 täu4
胖了,bung6 liu1
叉廚,ca1 cü4
叉緊電,ca1 gäng2 ding6
茶青,ca4 cäng1
茶果嶺村,ca4 gwo2 leng1 cüng1
踩剎車,cai2 sæk2 ce1
參謁,cam1 yik2
參酌,cam1 zök2
殘垣斷壁,cæng4 wung4 düng6 bäk2
插翅難飛,cap2 ci1 næng4 fi1
擦油,cæk2 yäu4
炒鑊勁,cau2 wok6 gäng6
淒惶,cäi1 wong4
測量工具,cäk2 löng4 gung1 gü6
趁熱打鐵,cäng1 ngik6 da2 tik2
陳湛文,cäng4 zam1 mäng4
七顛八倒,cäk2 ding1 bæk2 däu2
請春茗,ceng2 cäng1 mäng1
翠青蛇,cöi1 cäng1 se4
出伏,cäk2 fuk6
痴長,ci1 zöng2
刺繡品,ci1 säu1 bäng2
淺顯易懂,cing2 hing2 yi6 dung2
青春永駐,cäng1 cäng1 wäng1 zü1
清點人數,cäng1 dim2 yäng4 su1
清風兩袖,cäng1 fung1 löng1 zäu6
青雲路,cäng1 wäng4 lu6
青棗,cäng1 zäu2
請諒解,cäng2 löng6 gai2
撤完,cik2 yüng4
暢通易達,cöng1 tung1 yi6 dæk6
長圓,cöng4 yüng4
長尾鸚鵡,cöng4 mi1 yäng1 mu1
長生祿位,cöng4 säng1 luk6 wäi6
長索,cöng4 sok2
長旺道,cöng4 wong6 däu6
艙面,cong1 ming6
藏經洞,cong4 gäng1 dung6
牀尾,cong4 mi1
粗通文墨,cu1 tung1 mäng4 mäk6
充分就業,cung1 fäng6 zäu6 yip6
充內行,cung1 nöi6 hong4
重櫃,cung1 gwäi6
傳遞者,cüng4 däi6 ze2
傳導體,cüng4 däu6 täi2
傳見,cüng4 ging1
傳觀,cüng4 gwung1
傳略,cüng4 lök6
打赤腳,da2 cek2 gök2
打單泡,da2 dæng1 pau1
打對頭,da2 döi1 täu4
打擊樂器,da2 gäk2 ngok6 hi1
打穀機,da2 guk2 gi1
打下手,da2 ha6 säu2
打響名號,da2 höng2 mäng4 häu6
打卡鐘,da2 kæk2 zung1
打窿機,da2 lung1 gi1
打勾,da2 ngäu1
打鐵工,da2 tik2 gung1
帶調,dai1 diu6
大阪地,dai6 bæng2 di6
大腹便便,dai6 fuk2 bing6 bing6
大浪漫,dai6 long6 mæng6
大泡和,dai6 pau1 wo4
大衫,dai6 sam1
大頭嶺,dai6 täu4 leng1
大齋期,dai6 zai1 ki4
大眾銀行,dai6 zung1 ngäng4 hong4
蛋糕仔,dæng6 gäu1 zäi2
搭上身,dap2 söng6 säng1
低壓帶,däi1 æk2 dai1
蒂華納,däi1 wa4 nap6
鄧鏡波,däng6 geng1 bo1
兜賣,däu1 mai6
兜肚,däu1 tu1
鬥爭性,däu1 zäng1 säng1
豆寇年華,däu6 käu1 ning4 wa4
釘牀,deng1 cong4
釘口,deng1 häu2
滴石,däk6 sek6
顛來倒去,ding1 löi4 däu2 hü1
叮噹聲,däng1 dong1 säng1
頂缸,däng2 gong1
頂梁柱,däng2 löng4 cü1
鼎盛期,däng2 säng6 ki4
多重性,do1 cung4 säng1
多多都有,do1 do1 du1 yäu1
當年後生,dong1 ning4 häu6 sæng1
倒買倒賣,däu2 mai1 däu2 mai6
賭數,du2 su1
讀譜,duk6 pu2
斷袖之癖,düng6 zäu6 zi1 päk2
花生肉,fa1 säng1 yuk6
翻釘,fæng1 deng1
發球區,fæk2 käu4 kü1
粉嶺樓,fäng2 leng1 läu4
瞓個靚覺,fäng1 go1 leng1 gau1
浮泥,fäu4 näi4
浮皮,fäu4 pi4
浮土,fäu4 tu2
非數字,fi1 su1 zi6
火燭車,fo2 zuk2 ce1
課間,fo1 gæng1
富得流油,fu1 däk2 läu4 yäu4
婦道人家,fu1 däu6 yäng4 ga1
附薦包,fu6 zing1 bau1
輻射防護,fuk2 se6 fong4 wu6
服裝秀,fuk6 zong1 säu1
風尾,fung1 mi1
豐盛街,fung1 säng6 gai1
闊老,fuk2 läu1
加里波第,ga1 li1 bo1 däi6
加深理解,ga1 säm1 li1 gai2
解放中,gai2 fong1 zung1
減核,gam2 häk6
間充質,gæng1 cung1 zäk2
簡轉繁,gæng2 züng2 fæng4
間隔號,gæng1 gæk2 häu6
更夫,gæng1 fu1
金錢餅,gäm1 cing4 beng2
謹上,gäng2 söng1
更加之,gäng1 ga1 zi1
九度,gäu2 du6
九龍道,gäu2 lung4 däu6
狗牙嶺,gäu2 nga4 leng1
舊惡,gäu6 ok2
基波,gi1 bo1
幾次三番,gi2 ci1 sam1 fæng1
幾多斤兩,gi2 do1 gäng1 löng2
幾時話過,gi2 si4 wa6 gwo1
寄生者,gi1 säng1 ze2
驚到面青,geng1 däu1 ming6 ceng1
見諸行動,ging1 zü1 häng4 dung6
驚悟,gäng1 ng6
警覺心,gäng2 gok2 säm1
勁哥,gäng6 go1
結束時間,gik2 cuk2 si4 gæng1
潔面露,gik2 ming6 lu6
叫餸食飯,giu1 sung1 säk6 fæng6
嗰朵,go2 do2
腳爭,gök2 zäng1
乾菜,gung1 cöi1
肝膽俱裂,gwung1 dam2 kü1 lik6
剛柔相濟,gong1 yäu4 söng1 zäi1
肛塞,gong1 säk2
江湖藝人,gong1 wu4 ngäi6 yäng4
割袍斷義,gwuk2 päu4 düng6 yi6
功過相抵,gung1 gwo1 söng1 däi2
功樂道,gung1 lok6 däu6
攻城獅,gung1 säng4 si1
關刀領,gwæng1 däu1 leng1
君位,gwäng1 wäi6
骨縫,gwäk2 fung4
骨片,gwäk2 ping1
國標舞,gwok2 biu1 mu1
光暗掣,gwong1 äm1 zäi1
下髀,ha6 bi2
下九流,ha6 gäu2 läu4
下一節,ha6 yäk2 zik2
下游工業,ha6 yäu4 gung1 yip6
下欄工,ha6 læng4 gung1
下死勁,ha6 si2 gäng6
鞋拔,hai4 bäk6
鹹脆花生,ham4 cöi1 fa1 säng1
行開下,hæng4 fui1 ha1
刻錄,häk2 luk6
黑孖孖,häk2 ma1 ma1
行政員,häng4 zäng1 yüng4
合成詞,häp6 säng4 ci4
核驗,häk6 yim6
核子彈頭,häk6 zi2 dæng6 täu4
核子試爆,häk6 zi2 si1 bau1
起皺紋,hi2 zäu1 mäng4
棄惡從善,hi1 ok2 cung4 sing6
氣頭上,hi1 täu4 söng6
吃刀,hek2 däu1
吃閒飯,hek2 hæng4 fæng6
吃牢飯,hek2 läu4 fæng6
輕重倒置,häng1 cung1 däu2 zi1
輕諾寡信,häng1 nok6 gwa2 säng1
蹺家,hiu1 ga1
可共患難,ho2 gung6 wæng6 næng6
可望有成,ho2 mong6 yäu1 säng4
河背,ho4 bui1
香車街,höng1 ce1 gai1
香島道,höng1 däu2 däu6
開拔,fui1 bäk6
開元盛世,fui1 yüng4 säng6 säi1
海盜行為,fui2 däu6 häng4 wäi4
海量汪涵,fui2 löng6 wong1 ham4
海上運動,fui2 söng6 wäng6 dung6
好多瓣,häu2 do1 fæng6
好厭倦,häu2 yim1 güng6
耗散,häu1 sæng1
空間局,hung1 gæng1 guk6
空口白話,hung1 häu2 bæk6 wa6
陰極射線,yäm1 gik6 se6 sing1
音樂卡,yäm1 ngok6 kæk2
窨井,yäm1 zäng2
仁人義士,yäng4 yäng4 yi6 si6
人力車夫,yäng4 läk6 ce1 fu1
一兩級,yäk2 löng1 käp2
一兩倍,yäk2 löng1 pui1
一兩席,yäk2 löng1 zäk6
一來二去,yäk2 löi4 yi6 hü1
一無所長,yäk2 mu4 so2 cöng4
一吐為快,yäk2 tu1 wäi4 fai1
日本米酒,yäk6 bung2 mai1 zäu2
遊學生,yäu4 hok6 sæng1
油桃,yäu4 täu4
油汪汪,yäu4 wong1 wong1
油炸蟹,yäu4 za1 hai1
油脂仔,yäu4 zi1 zäi2
油粘米,yäu4 zim1 mai1
油氈,yäu4 zing1
有為有守,yäu1 wäi4 yäu1 säu2
有志竟成,yäu1 zi1 gäng2 säng4
以華制華,yi1 wa4 zäi1 wa4
耳墜子,yi1 zöi6 zi2
易到極,yi6 däu1 gik6
二婚,yi6 fäng1
易開罐,yi6 fui1 gwung1
二人台,yi6 yäng4 töi4
二十五史,yi6 säp6 ng1 si2
逆斷層,yäk6 düng6 cäng4
煙仔餅,ying1 zäi2 beng2
研定,ying4 däng6
現場會議,ying6 cöng4 wui6 yi1
凝血素,yäng4 hük2 su1
形影相隨,yäng4 yäng2 söng1 cöi4
業務水平,yip6 mu6 söi2 päng4
嚙合,ngik6 häp6
養老送終,yöng1 läu1 sung1 zung1
玉米筍,yuk6 mai1 säng2
熔岩湖,yung4 ngam4 wu4
余仁生,yü4 yäng4 säng1
乳房攝影,yü1 fong4 sip2 yäng2
乳山,yü1 sæng1
愈吹愈盛,yü6 cöi1 yü6 säng6
遇難船,yü6 næng6 süng4
怨艾,yüng1 ngai6
圓錐狀,yüng4 zöi1 zong6
月俸,ngük6 fung6
月經到,ngük6 gäng1 däu1
月季花,ngük6 gwäi1 fa1
月暈,ngük6 wäng6
卡尺,ka1 cek2
楷字,kai2 zi6
擒上去,käm4 söng1 hü1
吸毒成癮,käp2 duk6 säng4 yäng1
寇仇,käu1 säu4
球瓶,käu4 päng4
區畫,kü1 wæk6
翹翹板,kiu4 kiu4 bæng2
翹尾巴,kiu4 mi1 ba1
翹足,kiu4 zuk2
抗毒素,kong1 duk6 su1
抗組胺劑,kong1 zu2 wung1 zäi1
喇沙利道,la1 sa1 li6 däu6
拉大便,lai1 dai6 bing6
癩皮狗,lai1 pi4 gäu2
藍塘道,lam4 tong4 däu6
爛食,læng6 säk6
辣醬油,læk6 zöng1 yäu4
荔枝乾,läi6 zi1 gung1
林智樂,läm4 zi1 lok6
留尾巴,läu4 mi1 ba1
離行離捺,li4 hong4 li4 næk6
李嘉文,li1 ga1 mäng4
李漫芬,li1 mæng6 fäng1
利園山道,li6 yüng4 sæng1 däu6
鯪魚球,läng4 yü4 käu4
鱗片狀,läng4 ping1 zong6
歷經滄桑,läk6 gäng1 cong1 song1
歷盡艱難,läk6 zäng6 gæng1 næng4
零度以上,läng4 du6 yi1 söng6
領收,läng1 säu1
烈火乾柴,lik6 fo2 gung1 cai4
量尺寸,löng4 cek2 cüng1
量天尺,löng4 ting1 cek2
兩度散手,löng1 du6 sæng2 säu2
兩道散手,löng1 däu6 sæng2 säu2
兩個文明,löng1 go1 mäng4 mäng4
兩下散手,löng1 ha1 sæng2 säu2
兩三度,löng1 sam1 du6
兩三架,löng1 sam1 ga1
兩三首,löng1 sam1 säu2
兩張表,löng1 zöng1 biu2
落錯格,lok6 co1 gæk2
浪船,long6 süng4
勞永樂,läu4 wäng1 lok6
老襯當旺,läu1 cäng1 dong1 wong6
老大爺,läu1 dai6 ye4
老大娘,läu1 dai6 nöng4
老驥,läu1 ki1
魯莽行事,lu1 mong1 häng4 si6
老奀茄,läu1 ngäng1 kö4
老年期,läu1 ning4 ki4
老水鴨,läu1 söi2 ap2
龍背,lung4 bui1
龍崗道,lung4 gong1 däu6
馬蹄蓮,ma1 täi4 ling4
買藥食,mai1 yök6 säk6
萬籟無聲,mæng6 lai6 mu4 säng1
萬能博士,mæng6 näng4 bok2 si6
迷魂湯,mäi4 wäng4 tong1
麥當勞道,mæk6 dong1 läu4 däu6
墨累,mäk6 löi6
民間舞蹈,mäng4 gæng1 mu1 däu6
敏華冰廳,mäng1 wa4 bäng1 täng1
掹耳仔,mäng1 yi1 zäi2
密度計,mäk6 du6 gäi1
物質獎勵,mäk6 zäk2 zöng2 läi6
勉力而為,ming1 läk6 yi4 wäi4
面巾紙,ming6 gäng1 zi2
面黃黃,ming6 wong4 wong4
面謝,ming6 ze6
明月清風,mäng4 ngük6 cäng1 fung1
磨耗,mo4 häu1
無驚無險,mu4 gäng1 mu4 him2
門墊,mung4 zing1
沒過多久,muk6 gwo1 do1 gäu2
沒譜,muk6 pu2
那瓶,na1 päng4
那尊,na1 züng1
難肥,næng4 fi4
難以抹去,næng4 yi1 muk2 hü1
難混,næng4 wäng6
能量代謝,näng4 löng6 döi6 ze6
凹紋,näp2 mäng4
女士優先,nü1 si6 yäu1 sing1
五毒俱全,ng1 duk6 kü1 cüng4
五行欠炳,ng1 häng4 him1 bäng2
五行欠打,ng1 häng4 him1 da2
艾迪生,ngai6 däk6 säng1
啱啱要,ngam1 ngam1 yiu1
硬地滾球,ngæng6 di6 gwäng2 käu4
硬頂跑車,ngæng6 deng2 pau2 ce1
硬灌,ngæng6 gwung1
硬脂酸,ngæng6 zi1 süng1
咬嚙,ngau1 ngik6
牛孖筋,ngäu4 ma1 gäng1
黏土動畫,nim1 tu2 dung6 wa6
碾米,ning1 mai1
阿附,o1 fu6
愛奧華,wui1 äu1 wa4
惡癖,ok2 päk2
奧米伽,äu1 mai1 ga1
憑恃,päng4 ci1
憑條,päng4 tiu4
琵琶仔,pi4 pa4 zäi2
劈裂,pek2 lik6
辟魚腥,päk2 yü4 säng1
拼板,päng1 bæng2
拼版,päng1 bæng2
拼音字母,päng1 yäm1 zi6 mu1
平陸,päng4 luk6
平面角,päng4 ming6 gok2
佩掛,pui1 gwa1
配屬,pui1 suk6
賠湯藥,pui4 tong1 yök6
蓬蓽生輝,pung4 bäk2 säng1 fäi1
沙利度胺,sa1 li6 du6 wung1
沙田嶺,sa1 ting4 leng1
三掛,sam1 gwa1
山高水長,sæng1 gäu1 söi2 cöng4
散列,sæng2 lik6
散體,sæng2 täi2
生鹽,sæng1 yim4
生苔,sæng1 töi4
洗澡間,säi2 cäu1 gæng1
使眼色,säi2 ngæng1 säk2
細胞毒,säi1 bau1 duk6
細個仔,säi1 go1 zäi2
細聲細氣,säi1 säng1 säi1 hi1
心肌梗死,säm1 gi1 gäng2 si2
心塞,säm1 säk2
深井村,säm1 zäng2 cüng1
審度時勢,säm2 dok6 si4 säi1
甚為不解,säm6 wäi4 bäk2 gai2
薪盡火傳,säng1 zäng6 fo2 cüng4
神經突,säng4 gäng1 däk6
腎囊,säng1 nong4
生殺予奪,säng1 sæk2 yü1 dük6
生卒年月,säng1 zäk2 ning4 ngük6
十二經脈,säp6 yi6 gäng1 mæk6
失打,säk2 da2
收支相抵,säu1 zi1 söng1 däi2
首都領地,säu2 du1 läng1 di6
守分,säu2 fäng6
手瓜硬,säu2 gwa1 ngæng6
手抓餅,säu2 zau2 beng2
仇隙,säu4 gwäk2
捨生忘死,se2 säng1 mong4 si2
蛇皮果,se4 pi4 gwo2
四大美女,si1 dai6 mi1 nü1
四輪馬車,si1 läng4 ma1 ce1
四平八正,si1 päng4 bæk2 zäng1
四聲杜鵑,si1 säng1 du6 güng1
水波爐,söi2 bo1 lu4
水喉掣,söi2 häu4 zäi1
水浪窩,söi2 long6 wo1
水中撈月,söi2 zung1 läu4 ngük6
師丈,si1 zöng6
使用數量,si2 yung6 su1 löng6
使性子,si2 säng1 zi2
視為畏途,si6 wäi4 wäi1 tu4
釋讀,säk2 duk6
識字班,säk2 zi6 bæng1
食人鯊,säk6 yäng4 sa1
食煙仔,säk6 ying1 zäi2
食慾不佳,säk6 yuk6 bäk2 gai1
食鐘,säk6 zung1
鮮卑族,sing1 bi1 zuk6
線性規劃,sing1 säng1 kwäi1 wæk6
聲紋,säng1 mäng4
性情平和,säng1 cäng4 päng4 wo4
聖朝,säng1 ciu4
乘隙,säng4 gwäk2
成語典故,säng4 yü1 ding2 gwu1
成羣結隊,säng4 kwäng4 gik2 döi6
涉外經濟,sip2 wui6 gäng1 zäi1
小肚雞腸,siu2 tu1 gäi1 cöng4
笑笑下,siu1 siu1 ha1
削髮為僧,sök2 fæk2 wäi4 zäng1
相別,söng1 bik6
雙生子,söng1 säng1 zi2
相商,söng1 söng1
上半夜,söng6 bung1 ye6
上游工業,söng6 yäu4 gung1 yip6
騷話,säu1 wa6
數段,su1 düng6
掃球,säu1 käu4
掃雷艇,säu1 löi4 täng1
數碼沖印,su1 ma1 cung1 yäng1
數篇,su1 ping1
旋轉角,süng4 züng2 gok2
旋轉球,süng4 züng2 käu4
旋轉軸,süng4 züng2 zuk6
彈撥樂,tæng4 buk6 ngok6
彈撥樂器,tæng4 buk6 ngok6 hi1
塌棵菜,tap2 fo2 cöi1
蹄印,täi4 yäng1
透視度,täu1 si6 du6
頭頂出煙,täu4 deng2 cäk2 ying1
退位讓賢,töi1 wäi6 yöng6 ying4
天長日久,ting1 cöng4 yäk6 gäu2
天冧,ting1 läm1
聽衰,täng1 söi1
鐵甲車,tik2 gap2 ce1
湯湯水水,tong1 tong1 söi2 söi2
糖水道,tong4 söi2 däu6
荼毒生靈,tu4 duk6 säng1 läng4
陶工,täu4 gung1
陶宗儀,täu4 zung1 yi4
通天本領,tung1 ting1 bung2 läng1
僮僕,tung4 buk6
同類相食,tung4 löi6 söng1 säk6
斷莊,tüng1 zong1
娃娃生,wa1 wa1 säng1
華洋轇轕,wa4 yöng4 gau1 gwuk2
話做就做,wa6 zu6 zäu6 zu6
話中有刺,wa6 zung1 yäu1 ci1
壞車燈,wai6 ce1 däng1
灣仔峽道,wæng1 zäi2 hap6 däu6
橫截面,wæng4 zik6 ming6
滑鼠蛇,wæk6 sü2 se4
威震天下,wäi1 zäng1 ting1 ha6
遺傳工程,wäi4 cüng4 gung1 cäng4
為得人,wäi6 däk2 yäng4
蕙質蘭心,wäi6 zäk2 læng4 säm1
穩便,wäng2 bing6
潁上縣,wäng6 söng6 yüng6
和平會談,wo4 päng4 wui6 tam4
胡攪蠻纏,wu4 gau2 mæng4 cing4
湖山路,wu4 sæng1 lu6
護士鞋,wu6 si6 hai4
匯民道,wui6 mäng4 däu6
揸緊時間,za1 gäng2 si4 gæng1
榨油機,za1 yäu4 gi1
摘引,zæk6 yäng1
雜差房,zap6 cai1 fong4
掣電,zäi1 ding6
側部,zäk2 bu6
振華道,zäng1 wa4 däu6
曾航生,zäng1 hong4 säng1
爭臣,zäng1 säng4
就寢時間,zäu6 cäm2 si4 gæng1
借腹生子,ze1 fuk2 säng1 zi2
井欄樹,zäng2 læng4 sü6
最後祝福,zöi1 häu6 zuk2 fuk2
最小值,zöi1 siu2 zäk6
自不量力,zi6 bäk2 löng6 läk6
自由降落,zi6 yäu4 gong1 lok6
職分,zäk2 fäng6
即墨,zik2 mäk6
直上雲霄,zäk6 söng1 wäng4 siu1
剪刀差,zing2 däu1 ca1
墊平,zing1 päng4
精讀課,zäng1 duk6 fo1
精耕細作,zäng1 gæng1 säi1 zok2
偵聽,zäng1 teng1
精子密度,zäng1 zi2 mäk6 du6
整成點,zäng2 säng4 dim2
靜坐罷工,zäng6 zo6 ba6 gung1
照映,ziu1 yäng2
左上方,zo2 söng6 fong1
坐化,zo6 fa1
坐一望二,zo6 yäk2 mong6 yi6
獎掖,zöng2 yäk6
長守,zöng2 säu2
鑿大,zok6 dai6
鑿空,zok6 hung1
鑿井,zok6 zäng2
髒錢,zong1 cing4
裝殮,zong1 lim1
裝配線,zong1 pui1 sing1
組織生活,zu2 zäk2 säng1 wuk6
做針線,zu6 zäm1 sing1
重得了,zung6 däk2 liu1
煮重米,zü2 cung1 mai1
煮豆燃萁,zü2 däu6 ying4 ki4
尊老愛幼,züng1 läu1 wui1 yäu1
轉速錶,züng1 cuk2 biu1
轉爐,züng1 lu4
生意盎然,sæng1 yi1 ong1 ying4
生意盎然,säng1 yi1 ong1 ying4
墊住,zing1 zü6
開襠褲,fui1 dong1 fu1
押車,æk2 ce1
壓榨機,æk2 za1 gi1
壓擠,æk2 zäi1
百度一下,bæk2 dok6 yäk2 ha1
白色人種,bæk6 säk2 yäng4 zung2
八重奏,bæk2 cung4 zäu1
八行,bæk2 hong4
包層,bau1 cäng4
包使,bau1 säi2
包食住,bau1 säk6 zü6
包治百病,bau1 zi6 bæk2 beng6
不定量,bäk2 däng6 löng6
不惜血本,bäk2 säk2 hük2 bung2
筆畫數,bäk2 wæk6 su1
不長眼睛,bäk2 zöng2 ngæng1 zäng1
不足為憑,bäk2 zuk2 wäi4 päng4
拔羣,bäk6 kwäng4
扁桃體炎,bing2 täu4 täi2 yim4
便民利民,bing6 mäng4 li6 mäng4
兵精糧足,bäng1 zäng1 löng4 zuk2
波弗特海,bo1 fäk2 däk6 fui2
波哥大,bo1 go1 dai6
波爾圖,bo1 yi1 tu4
薄荷煙,bok6 ho4 ying1
補充量,bu2 cung1 löng6
寶刀不老,bäu2 däu1 bäk2 läu1
保險槓,bäu2 him2 gong1
寶路華,bäu2 lu6 wa4
寶珊道,bäu2 sæng1 däu6
布頭布尾,bu1 täu4 bu1 mi1
暴冷,bäu6 læng1
背陰,bui1 yäm1
背着手,bui1 zök6 säu2
撥浪鼓,buk6 long6 gwu2
差館里,ca1 gwung2 li1
猜着,cai1 zök6
慘相,cam2 söng1
蠶食鯨吞,cam4 säk6 käng4 täng1
撐門面,cæng1 mung4 ming6
親和性,cäng1 wo4 säng1
層層包圍,cäng4 cäng4 bau1 wäi4
七行,cäk2 hong4
吹波機,cöi1 bo1 gi1
取其精華,cü2 ki4 zäng1 wa4
春風一度,cäng1 fung1 yäk2 du6
巡城馬,cäng4 säng4 ma1
出沒無常,cäk2 muk6 mu4 söng4
出將入相,cäk2 zöng1 yäp6 söng1
黐總掣,ci1 zung2 zäi1
刺胞動物,ci1 bau1 dung6 mäk6
次重量級,ci1 cung1 löng6 käp2
刺激素,ci1 gäk2 su1
次生災害,ci1 säng1 zöi1 fui6
淺近,cing2 gäng6
青春頌,cäng1 cäng1 zung6
清涼油,cäng1 löng4 yäu4
青朗公路,cäng1 long1 gung1 lu6
清湯寡水,cäng1 tong1 gwa2 söi2
清華街,cäng1 wa4 gai1
徹夜難眠,cik2 ye6 næng4 ming4
超拔,ciu1 bäk6
朝天椒,ciu4 ting1 ziu1
錯包,co1 bau1
錯蕩,co1 dong6
娼女,cöng1 nü1
長青公路,cöng4 cäng1 gung1 lu6
長徑,cöng4 gäng1
長康街,cöng4 hong1 gai1
長樂街,cöng4 lok6 gai1
長射程,cöng4 se6 cäng4
賽車選手,cöi1 ce1 süng2 säu2
敞篷車,cong2 pung4 ce1
創興銀行,cong1 häng1 ngäng4 hong4
從緩,cung4 wung6
處女雞,cü1 nü1 gäi1
詮解,cüng4 gai2
傳輸設備,cüng4 sü1 cik2 bi6
傳輸距離,cüng4 sü1 kü1 li4
打啞謎,da2 a2 mai4
打大赤腳,da2 dai6 cek2 gök2
打個響指,da2 go1 höng2 zi2
打光棍,da2 gwong1 gwäng1
打橫來講,da2 wæng4 löi4 gong2
打橫寫,da2 wæng4 se2
打折頭,da2 zik2 täu4
大埔尾,dai6 bu1 mi1
大埔仔,dai6 bu1 zäi2
大綱領,dai6 gong1 läng1
大航假期,dai6 hong4 ga1 ki4
大嶺,dai6 leng1
大蛇灣,dai6 se4 wæng1
大肚黃,dai6 tu1 wong4
大窩口道,dai6 wo1 häu2 däu6
淡光,dam6 gwong1
單車泵,dæng1 ce1 bäm1
丹毒,dæng1 duk6
單肩包,dæng1 ging1 bau1
單行線,dæng1 häng4 sing1
彈牀,dæng6 cong4
彈牙感,dæng6 nga4 gäm2
彈膛,dæng6 tong4
答數,dap2 su1
低聲細語,däi1 säng1 säi1 yü1
抌心抌肺,däm2 säm1 däm2 fäi1
豆沙月餅,däu6 sa1 ngük6 beng2
爹核士街,de1 häk6 si6 gai1
釘橋,deng1 kiu4
釘書針,deng1 sü1 zäm1
對流層頂,döi1 läu4 cäng4 deng2
敦刻爾克,däng1 häk2 yi1 häk2
頓開茅塞,däng6 fui1 mau4 säk2
滴劑,däk6 zäi1
點金成鐵,dim2 gäm1 säng4 tik2
典下典下,ding2 ha1 ding2 ha1
捵下捵下,ding2 ha1 ding2 ha1
鼎食,däng2 säk6
頂肚餓,däng2 tu1 ngo6
疊詞,dip6 ci4
雕刻家,diu1 häk2 ga1
丟書包,diu1 sü1 bau1
吊車尾,diu1 ce1 mi1
啄尾,dök2 mi1
代數方程,döi6 su1 fong1 cäng4
都爹利街,du1 de1 li6 gai1
都應當,du1 yäng1 dong1
都市傳奇,du1 si1 züng6 ki4
賭番攤,du2 fæng1 tæng1
倒奶,däu2 nai1
倒帳,däu2 zöng1
倒栽葱,däu2 zöi1 cung1
道教徒,däu6 gäu1 tu4
道學先生,däu6 hok6 sing1 sæng1
杜老誌道,du6 läu1 zi1 däu6
讀破,duk6 po1
斷代史,düng6 döi6 si2
花生秀,fa1 säng1 säu1
番麥,fæng1 mæk6
反共宣傳,fæng2 gung6 süng1 cüng4
反射療法,fæng2 se6 liu4 fæk2
犯不上,fæng6 bäk2 söng1
飯湯,fæng6 tong1
髮針,fæk2 zäm1
費事話,fäi1 si6 wa6
拂掃,fäk2 säu1
剖解,fäu2 gai2
浮利,fäu4 li6
浮漂,fäu4 piu1
非黨人士,fi1 dong2 yäng4 si6
飛行棺材,fi1 häng4 gwung1 cöi4
蜚聲海外,fi1 säng1 fui2 wui6
科士街,fo1 si6 gai1
火暴,fo2 bäu6
方解石,fong1 gai2 sek6
放大倍數,fong1 dai6 pui1 su1
防血凝,fong4 hük2 yäng4
桴鼓相應,fu1 gwu2 söng1 yäng1
虎踞龍蟠,fu2 gü1 lung4 pung4
俯仰之間,fu2 yöng1 zi1 gæng1
富邦銀行,fu1 bong1 ngäng4 hong4
負重擔,fu6 cung1 dam1
附屬學校,fu6 suk6 hok6 hau6
灰領,fui1 läng1
伏罪,fuk6 zöi6
復轉,fuk6 züng2
封頂儀式,fung1 deng2 yi4 säk2
風險估計,fung1 him2 gwu2 gäi1
加油工,ga1 yäu4 gung1
假小子,ga2 siu2 zi2
解乏,gai2 fæk6
監平監賤,gam1 peng4 gam1 zing6
簡裝,gæng2 zong1
甲二醇,gap2 yi6 säng4
交通擁擠,gau1 tung1 yung2 zäi1
校驗碼,gau1 yim6 ma1
金錢路,gäm1 cing4 lu6
撳鐘仔,gäm6 zung1 zäi2
根數,gäng1 su1
近乎同步,gäng6 fu4 tung4 bu6
急救知識,gäp2 gäu1 zi1 säk2
九下,gäu2 ha1
九號波,gäu2 häu6 bo1
九號風球,gäu2 häu6 fung1 käu4
舉着,gü2 zök6
句句實話,gü1 gü1 säk6 wa6
極盛時期,gik6 säng6 si4 ki4
兼讀制,gim1 duk6 zäi1
驚喜若狂,gäng1 hi2 yök6 kwong4
驚恐萬狀,gäng1 hung2 mæng6 zong6
京士頓,gäng1 si6 däng6
警備車,gäng2 bi6 ce1
結為一體,gik2 wäi4 yäk2 täi2
傑西卡,gik6 säi1 ka1
個體經濟,go1 täi2 gäng1 zäi1
江河湖海,gong1 ho4 wu4 fui2
講習班,gong2 zap6 bæng1
高速球,gäu1 cuk2 käu4
高山道,gäu1 sæng1 däu6
孤獨精,gwu1 duk6 zäng1
顧美華,gwu1 mi1 wa4
公錢,gung1 cing4
工科學生,gung1 fo1 hok6 sæng1
公共假期,gung1 gung6 ga1 ki4
工作裝,gung1 zok2 zong1
工裝褲,gung1 zong1 fu1
掛科,gwa1 fo1
掛意,gwa1 yi1
貴姓名,gwäi1 säng1 mäng4
過氣老倌,gwo1 hi1 läu1 gwung1
國富兵強,gwok2 fu1 bäng1 köng4
光波長,gwong1 bo1 cöng4
下半天,ha6 bung1 ting1
下等貨,ha6 däng2 fo1
下洋,ha6 yöng4
鹹濕片,ham4 säp2 ping2
坑仔,hæng1 zäi2
校章,hau6 zöng1
吭氣,häng1 hi1
行政部長,häng4 zäng1 bu6 zöng2
合成數,häp6 säng4 su1
乞降,häk2 gong1
核轟炸,häk6 gwäng1 za1
核轟炸機,häk6 gwäng1 za1 gi1
核能源,häk6 näng4 yüng4
核黃素,häk6 wong4 su1
核子能,häk6 zi2 näng4
后羿射日,häu6 ngäi6 se6 yäk6
後生遙遙,häu6 sæng1 yiu4 yiu4
欺君犯上,hi1 gwäng1 fæng6 söng6
喜見樂聞,hi2 ging1 lok6 mäng4
氣貫長虹,hi1 gwung1 cöng4 hung4
氣浪,hi1 long6
氣體擴散,hi1 täi2 kwok2 sæng1
吃啞巴虧,hek2 a2 ba1 kwäi1
吃大户,hek2 dai6 wu6
險遭毒手,him2 zäu1 duk6 säu2
輕言細語,häng1 ying4 säi1 yü1
輕如羽毛,häng1 yü4 yü1 mäu4
興華街,häng1 wa4 gai1
協和小學,hip2 wo4 siu2 hok6
可耕地,ho2 gæng1 di6
可馬陶,ho2 ma1 täu4
可視電話,ho2 si6 ding6 wa2
荷重,ho6 cung1
香草精,höng1 cäu2 zäng1
香葉道,höng1 yip6 däu6
開句聲,fui1 gü1 säng1
開仗,fui1 zöng1
學有所成,hok6 yäu1 so2 säng4
看風使舵,fung1 fung1 säi2 to4
漢口道,fung1 häu2 däu6
航班表,hong4 bæng1 biu2
項上人頭,hong6 söng6 yäng4 täu4
好彩數,häu2 cöi2 su1
好頸,häu2 geng2
好人士,häu2 yäng4 si6
好宜家,häu2 yi4 ga1
好飲好食,häu1 yäm2 häu1 säk6
紅磡繞道,hung4 häm1 yiu2 däu6
紅心番薯,hung4 säm1 fæng1 sü4
血塞,hük2 säk2
人頭蛇身,yäng4 täu4 se4 säng1
一大兩細,yäk2 dai6 löng1 säi1
一兩滴,yäk2 löng1 däk6
一兩段,yäk2 löng1 düng6
一兩塊,yäk2 löng1 fai1
一炮打響,yäk2 pau1 da2 höng2
一身腥,yäk2 säng1 säng1
一生所愛,yäk2 säng1 so2 wui1
日租卡,yäk6 zu1 ka1
幽魂不散,yäu1 wäng4 bäk2 sæng1
由近而遠,yäu4 gäng6 yi4 yüng1
油子,yäu4 zi2
油紙遮,yäu4 zi2 ze1
油占多,yäu4 zim1 do1
有部車,yäu1 bu6 ce1
又靚又叻,yäu6 leng1 yäu6 lek2
右上方,yäu6 söng6 fong1
釉陶,yäu6 täu4
惹屎上身,ye1 si2 söng1 säng1
野狐禪,ye1 wu4 sim4
醫生膠布,yi1 säng1 gau1 bu1
疑難問題,yi4 næng4 mäng6 täi4
以心為心,yi1 säm1 wäi4 säm1
二八佳人,yi6 bæk2 gai1 yäng4
易受攻擊,yi6 säu6 gung1 gäk2
易接近,yi6 zip2 gäng6
翼城縣,yäk6 säng4 yüng6
驗證下,yim6 zäng1 ha1
研缽,ying4 buk2
言行不符,ying4 häng6 bäk2 fu4
言行如一,ying4 häng6 yü4 yäk2
研製過程,ying4 zäi1 gwo1 cäng4
映山紅,yäng2 sæng1 hung4
嚙齒動物,ngik6 ci2 dung6 mäk6
熱核反應,ngik6 häk6 fæng2 yäng1
熱核武器,ngik6 häk6 mu1 hi1
腰間盤,yiu1 gæng1 pung4
腰骨硬,yiu1 gwäk2 ngæng6
姚柏良,yiu4 pæk2 löng4
羊角包,yöng4 gok2 bau1
毓華里,yuk2 wa4 li1
玉米卷,yuk6 mai1 güng2
雍容大度,yung1 yung4 dai6 du6
魚鱗片,yü4 läng4 ping1
俞正聲,yü4 zäng1 säng1
乳豬紙,yü1 zü1 zi2
元墩下,yüng4 däng1 ha6
懸樑刺股,yüng4 löng4 ci1 gwu2
軟坐,yüng1 zo6
月女神,ngük6 nü1 säng4
卡拉奇,ka1 lai1 ki4
靠背椅,kau1 bui1 yi2
襟度,käm1 du6
勤奮刻苦,käng4 fäng1 häk2 fu2
扣女,käu1 nü1
奇能異士,ki4 näng4 yi6 si6
乾陵,king4 läng4
傾城傾國,käng1 säng4 käng1 gwok2
翹望,kiu4 mong6
強制令,köng1 zäi1 läng6
窘相,kwäng1 söng1
困惑不解,kwäng1 wæk6 bäk2 gai2
狂頂,kwong4 däng2
狂飲暴食,kwong4 yäm2 bäu6 säk6
拉車邊,lai1 ce1 bing1
癩皮,lai1 pi4
爛花,læng6 fa1
爛癮,læng6 yäng1
爛用,læng6 yung6
冷氣衫,læng1 hi1 sam1
林新強,läm4 säng1 köng4
林偉強,läm4 wäi1 köng4
甩包袱,läk2 bau1 fuk6
嘍打,läu1 da2
硫胺素,läu4 wung1 su1
李富春,li1 fu1 cäng1
李國祥,li1 gwok2 cöng4
李浩林,li1 häu6 läm4
李鐵拐,li1 tik2 gwai2
李偉健,li1 wäi1 ging6
李靜蓮,li1 zäng6 ling4
利樂包,li6 lok6 bau1
旅行裝,lü1 häng4 zong1
輪種,läng4 zung1
臉都綠了,lim1 du1 luk6 liu1
零敲碎打,läng4 hau1 söi1 da2
靈丘,läng4 yäu1
領章,läng1 zöng1
聊表寸心,liu4 biu2 cüng1 säm1
梁省德,löng4 säng2 däk2
兩對鞋,löng1 döi1 hai4
兩虎相鬥,löng1 fu2 söng1 däu1
兩公孫,löng1 gung1 süng1
兩撇鬚,löng1 pik2 su1
兩三套,löng1 sam1 täu1
兩兆,löng1 siu6
兩户,löng1 wu6
浪茄灣,long6 kö4 wæng1
撈雞,läu1 gäi1
撈一票,läu1 yäk2 piu1
勞動強度,läu4 dung6 köng4 du6
老虎鎖,läu1 fu2 so2
老公餅,läu1 gung1 beng2
老於世故,läu1 yü1 säi1 gwu1
老毛子,läu1 mäu4 zi2
老鼠尾巴,läu1 sü2 mi1 ba1
老宗,läu1 zung1
碌下碌下,luk2 ha1 luk2 ha1
六掛,luk6 gwa1
隆乳手術,lung4 yü1 säu2 säk6
弄混,lung6 wäng6
孖吉,ma1 gäk2
猛醒,mæng1 säng2
米每秒,mai1 mui1 miu1
墨刑,mäk6 yäng4
蚊都瞓,mäng1 du1 fäng1
紋刺,mäng4 ci1
敏感物質,mäng1 gäm2 mäk6 zäk2
味覺遲鈍,mi6 gok2 ci4 däng6
面懵膏,ming6 mung2 gäu1
名聲遠播,mäng4 säng1 yüng1 bo1
摩爾門經,mo1 yi1 mung4 gäng1
無核區,mu4 häk6 kü1
摹畫,mu4 wæk6
母難日,mu1 næng6 yäk6
武裝人員,mu1 zong1 yäng4 yüng4
木瓜鮮奶,muk6 gwa1 sing1 nai1
沒門兒,muk6 mung4 yi4
那碟,na1 dip6
哪間,na1 gæng1
那門,na1 mung4
那艘,na1 säu2
那則,na1 zäk2
男耕女織,nam4 gæng1 nü1 zäk2
南角道,nam4 gok2 däu6
難以出口,næng4 yi1 cäk2 häu2
赧然,næng1 ying4
凹凸形,näp2 däk6 yäng4
凹面鏡,näp2 ming6 geng1
彌縫,ni4 fung4
女王蜂,nü1 wong4 fung1
五嶺,ng1 leng1
五尾,ng1 mi1
牙釉質,nga4 yäu6 zäk2
伢子,nga4 zi2
雅翔道,nga1 cöng4 däu6
硬領,ngæng6 läng1
硬目標,ngæng6 muk6 biu1
外甥女婿,wui6 säng1 nü1 säi1
戇居佬,ngong6 gü1 läu2
黏米,nim1 mai1
寧波街,näng4 bo1 gai1
寧波公學,näng4 bo1 gung1 hok6
內比都,nöi6 bi2 du1
屙肚,o1 tu1
痾肚,o1 tu1
惡意代碼,ok2 yi1 döi6 ma1
惡神,ok2 säng4
惡濁,ok2 zuk6
棚尾拉箱,pæng4 mi1 lai1 söng1
澎湖島,pæng4 wu4 däu2
拋倒,pau1 däu2
噴射飛航,päng1 se6 fi1 hong4
披肝瀝膽,pi1 gwung1 läk6 dam2
皮包骨頭,pi4 bau1 gwäk2 täu4
片岩,ping1 ngam4
拼刺,päng1 ci1
拼死拼活,päng1 si2 päng1 wuk6
破讀,po1 duk6
普濟眾生,pu2 zäi1 zung1 säng1
潘兆平,pung1 siu6 päng4
三心二意,sam1 säm1 yi6 yi1
三頭兩日,sam1 täu4 löng1 yäk6
山水相連,sæng1 söi2 söng1 ling4
山胡桃木,sæng1 wu4 täu4 muk6
散話,sæng2 wa6
散逸,sæng1 yäk6
生石膏,sæng1 sek6 gäu1
省營,sæng2 yäng4
薩斯卡通,sæk2 si1 ka1 tung1
西班牙港,säi1 bæng1 nga4 gong2
西摩道,säi1 mo1 däu6
洗滌靈,säi2 däk6 läng4
新出生,säng1 cäk2 säng1
晨昏定省,säng4 fäng1 däng6 säng2
神經大條,säng4 gäng1 dai6 tiu4
生髮劑,säng1 fæk2 zäi1
生有權,säng1 yäu1 küng4
生如夏花,säng1 yü4 ha6 fa1
生物晶片,säng1 mäk6 zäng1 ping1
濕毒,säp2 duk6
十二時辰,säp6 yi6 si4 säng4
十字轉門,säp6 zi6 züng1 mung4
失墜,säk2 zöi6
收爛數,säu1 læng6 su1
搜腸刮肚,säu2 cöng4 gwæk2 tu1
首尾相接,säu2 mi1 söng1 zip2
秀明道,säu1 mäng4 däu6
仇外心理,säu4 wui6 säm1 li1
寫意畫,se2 yi1 wa6
卸磨殺驢,se1 mo4 sæk2 lü4
蛇鵰,se4 diu1
射釘槍,se6 deng1 cöng1
射嘢,se6 ya1
四格漫畫,si1 gæk2 mæng6 wa6
四掛,si1 gwa1
四尾,si1 mi1
石湖圍,sek6 wu4 wäi4
水上摩托,söi2 söng6 mo1 tok2
誰輕輕,söi4 häng1 häng1
瞬息之間,säng1 säk2 zi1 gæng1
史納莎,si2 nap6 sa1
士敏土,si6 mäng1 tu2
視神經盤,si6 säng4 gäng1 pung4
識精,säk2 zeng1
食肉寢皮,säk6 yuk6 cäm2 pi4
食物網,säk6 mäk6 mong1
食評家,säk6 päng4 ga1
食屎屙飯,säk6 si2 o1 fæng6
食屎痾飯,säk6 si2 o1 fæng6
鮮啤酒,sing1 be1 zäu2
成千成萬,säng4 cing1 säng4 mæng6
乘方,säng4 fong1
成身蟻,säng4 säng1 ngäi1
燮和,sik2 wo4
蕭偉強,siu1 wäi1 köng4
小道新聞,siu2 däu6 säng1 mäng4
小瀝源路,siu2 läk6 yüng4 lu6
小相公,siu2 söng1 gung1
小蘇打粉,siu2 su1 da2 fäng2
兆和街,siu6 wo4 gai1
疏散措施,so1 sæng1 cu1 si1
常青藤,söng4 cäng1 täng4
上齒,söng6 ci2
上情下達,söng6 cäng4 ha6 dæk6
上鄉道,söng6 höng1 däu6
上饒,söng6 yiu4
喪氣話,song1 hi1 wa6
數尺,su1 cek2
數顆,su1 fo2
塑膠車,su1 gau1 ce1
數件,su1 ging6
數量詞,su1 löng6 ci4
數量級,su1 löng6 käp2
數碼科技,su1 ma1 fo1 gi6
素面朝天,su1 ming6 ciu4 ting1
掃硬,säu1 ngæng6
數十篇,su1 säp6 ping1
數節,su1 zik2
數載,su1 zöi2
縮番條槓,suk2 fæng1 tiu4 gong1
酸梅湯,süng1 mui4 tong1
損耗量,süng2 häu1 löng6
旋轉燈,süng4 züng2 däng1
雪地車,sük2 di6 ce1
雪油,sük2 yäu4
太和街,tai1 wo4 gai1
譚公道,tam4 gung1 däu6
譚臣道,tam4 säng4 däu6
碳排放量,tæng1 pai4 fong1 löng4
歎惜,tæng1 säk2
漯河,tap2 ho4
褪車,täng1 ce1
透視畫,täu1 si6 wa6
投硬幣,täu4 ngæng6 bäi6
天城路,ting1 säng4 lu6
挑刺,tiu1 ci1
調訓,tiu4 fäng1
調弄,tiu4 lung6
湯武革命,tong1 mu1 gæk2 mäng6
湯盤,tong1 pung4
討論班,täu2 läng6 bæng1
討平,täu2 päng4
徒手畫,tu4 säu2 wa6
肚皮打鼓,tu1 pi4 da2 gwu2
通用拼音,tung1 yung6 päng1 yäm1
桐油樹,tung4 yäu4 sü6
銅鑼灣道,tung4 lo4 wæng1 däu6
同生死,tung4 säng1 si2
同位語,tung4 wäi6 yü1
華翰,wa4 fung6
華英中學,wa4 yäng1 zung1 hok6
畫地自限,wæk6 di6 zi6 hæng6
為之一新,wäi4 zi1 yäk2 säng1
瘟咁,wäng1 gäm1
暈機,wäng4 gi1
勻淨,wäng4 zäng6
宏照道,wäng4 ziu1 däu6
永樂街,wäng1 lok6 gai1
黃大仙道,wong4 dai6 sing1 däu6
王士禛,wong4 si6 zäng1
黃朝百晏,wong4 ziu1 bæk2 æng1
黃朝八晏,wong4 ziu1 bæk2 æng1
湖沼,wu4 ziu2
護髮乳,wu6 fæk2 yü1
怙惡不悛,wu6 ok2 bäk2 süng1
護衞艇,wu6 wäi6 täng1
偎傍,wui1 bong6
回尾,wui4 mi1
回鍋油,wui4 wo1 yäu4
匯差,wui6 ca1
彙總,wui6 zung2
活便,wuk6 bing6
炸粟米,za1 suk2 mai1
齋校,zai1 hau6
窄搣搣,zæk2 mik6 mik6
翟理斯,zak6 li1 si1
摘編,zæk6 ping1
爭得遠,zæng1 däk2 yüng1
雜港包,zap6 gong2 bau1
抓耳撓腮,zau2 yi1 nau4 söi1
側目而視,zäk2 muk6 yi4 si6
針鼻削鐵,zäm1 bi6 sök2 tik2
曾大屋,zäng1 dai6 uk2
爭強好勝,zäng1 köng4 häu1 säng1
曾肇添,zäng1 siu6 tim1
執行令,zäp2 häng4 läng6
質低個價,zäk2 däi1 go1 ga1
質難,zäk2 næng4
晝短夜長,zäu1 düng2 ye6 cöng4
井蛙之見,zäng2 wa1 zi1 ging1
鄭家生,zäng6 ga1 säng1
追車尾,zöi1 ce1 mi1
椎心泣血,zöi1 säm1 yäp2 hük2
最低音,zöi1 däi1 yäm1
最優惠國,zöi1 yäu1 wäi6 gwok2
聚齊,zü6 cäi4
墜火,zöi6 fo2
自覺自願,zi6 gok2 zi6 yüng6
自強自立,zi6 köng4 zi6 läp6
即刻收聲,zik2 häk2 säu1 säng1
展城館,zing2 säng4 gwung2
精密陶瓷,zäng1 mäk6 täu4 ci4
精辟,zäng1 päk2
政委會,zäng1 wäi2 wui6
褶曲,zip2 kuk2
折痕,zik2 häng4
招領,ziu1 läng1
左右兩難,zo2 yäu6 löng1 næng4
左上右落,zo2 söng1 yäu6 lok6
着紅鞋,zök2 hung4 hai4
着手於,zök6 säu2 yü1
着重點,zök6 zung6 dim2
象聲詞,zöng6 säng1 ci4
載重能力,zöi1 cung1 näng4 läk6
裝萌,zong1 mäng4
裝載量,zong1 zöi1 löng6
做針黹,zu6 zäm1 zi2
竹園道,zuk2 yüng4 däu6
粥少僧多,zuk2 siu2 zäng1 do1
舂米公,zung1 mai1 gung1
中上等,zung1 söng6 däng2
中上階級,zung1 söng6 gai1 käp2
縱慾無度,zung1 yuk6 mu4 du6
諸事精,zü1 si6 zäng1
煮硬,zü2 ngæng6
著稱於世,zü1 cäng1 yü1 säi1
轉向燈,züng2 höng1 däng1
轉車台,züng1 ce1 töi4
啜面珠,zük2 ming6 zü1
攝親,sip2 cäng1
版刻,bæng2 hæk2
經銷處,gäng1 siu1 cü1
刻骨相思,hæk2 gwäk2 söng1 si1
赫爾墨斯,hæk2 yi1 mäk6 si1
赫耳墨斯,hæk2 yi1 mäk6 si1
與人相處,yü1 yäng4 söng1 cü1
少刻,siu2 hæk2
教學相長,gäu1 hok6 söng1 cöng4
教學相長,gäu1 hok6 söng1 zöng2
舀湯,yiu2 tong1
蹲伏,zäng1 fuk6
朋比為奸,päng4 bi2 wäi4 gæng1
捐褲襠,güng1 fu1 dong1
坐蓮,co1 ling4
坐蓮,zo6 ling4
壓伏,æk2 fuk6
拗橫,au2 wæng4
矮小精悍,ai2 siu2 zäng1 fung6
暗經,äm1 gäng1
擺門面,bai2 mung4 ming6
拜老師,bai1 läu1 si1
百分制,bæk2 fäng6 zäi1
百幾班,bæk2 gi2 bæng1
百煉成鋼,bæk2 ling6 säng4 gong1
白行簡,bæk6 häng4 gæng2
班駁,bæng1 bok2
班線,bæng1 sing1
版刻,bæng2 häk2
八打,bæk2 da1
八月花,bæk2 ngük6 fa1
包打天下,bau1 da2 ting1 ha6
飽經世故,bau2 gäng1 säi1 gwu1
跛腳了哥,bäi1 gök2 liu1 go1
筆底下,bäk2 däi2 ha6
不經一事,bäk2 gäng1 yäk2 si6
拔罐法,bäk6 gwung1 fæk2
拔錨,bäk6 nau4
俾銀紙,bi2 ngäng4 zi2
病病歪歪,beng6 beng6 wai1 wai1
病毒營銷,beng6 duk6 yäng4 siu1
貶降,bing2 gong1
變速傳動,bing1 cuk2 cüng4 dung6
便祕,bing6 bi1
便門,bing6 mung4
辯爭,bing6 zäng1
冰消瓦解,bäng1 siu1 nga1 gai2
冰磧,bäng1 zäk2
必有重謝,bik2 yäu1 cung1 ze6
標楷,biu1 kai2
波缽,bo1 buk2
波密縣,bo1 mäk6 yüng6
扑傻瓜,bok2 so4 gwa1
博覽道東,bok2 lam1 däu6 dung1
博聞強識,bok2 mäng4 köng4 säk2
補底班,bu2 däi2 bæng1
寶靈街,bäu2 läng4 gai1
寶石湖路,bäu2 sek6 wu4 lu6
寶湖道,bäu2 wu4 däu6
保真度,bäu2 zäng1 du6
布格仔路,bu1 gæk2 zäi2 lu6
報話機,bäu1 wa6 gi1
步話機,bu6 wa2 gi1
背斜,bui1 ce4
半驚半喜,bung1 gäng1 bung1 hi2
半乳糖,bung1 yü1 tong4
胖墩墩,bung6 däng1 däng1
伴熱,bung6 ngik6
撥轉,buk6 züng2
叉滿電,ca1 mung1 ding6
踩低人哋,cai2 däi1 yäng4 di1
參觀團體,cam1 gwung1 tüng4 täi2
慘毒,cam2 duk6
慘遭毒害,cam2 zäu1 duk6 fui6
插不上手,cap2 bäk2 söng1 säu2
妻兒老小,cäi1 yi4 läu1 siu2
齊齊哈爾,cäi4 cäi4 ha1 yi1
齊大非偶,cäi4 dai6 fi1 ngäu1
齊家文化,cäi4 ga1 mäng4 fa1
襯家兩免,cäng1 ga1 löng1 ming1
層巒疊嶂,cäng4 lüng4 dip6 zöng1
七重奏,cäk2 cung4 zäu1
秋耕,cäu1 gæng1
扯纜,ce2 lam6
斜釘,ce4 deng1
邪釘,ce4 deng1
青啤啤,ceng1 bi1 bi1
請仙,ceng2 sing1
催化裂化,cöi1 fa1 lik6 fa1
催生素,cöi1 sæng1 su1
隨風倒,cöi4 fung1 däu2
除惡務盡,cü4 ok2 mu6 zäng6
秦都,cäng4 du1
刺刺不休,ci1 ci1 bäk2 yäu1
持平之論,ci4 päng4 zi1 läng6
千載一時,cing1 zöi2 yäk2 si4
錢可通神,cing4 ho2 tung1 säng4
前兩晚,cing4 löng1 mæng1
青蛙公主,cäng1 wa1 gung1 zü2
青酒,cäng1 zäu2
請別見怪,cäng2 bik6 ging1 gwai1
請勿吸煙,cäng2 mäk6 käp2 ying1
請援,cäng2 wung4
懲惡揚善,cäng4 ok2 yöng4 sing6
切磋琢磨,cik2 co1 dök2 mo4
超過限度,ciu1 gwo1 hæng6 du6
超越數,ciu1 yük6 su1
超級女生,ciu1 käp2 nü1 säng1
瞧着辦,ciu4 zök6 bæng6
楚漢戰爭,co2 fung1 zing1 zäng1
坐穩車,co1 wäng2 ce1
長春市,cöng4 cäng1 si1
長程飛彈,cöng4 cäng4 fi1 dæng6
長發商場,cöng4 fæk2 söng1 cöng4
長吁短歎,cöng4 hü1 düng2 tæng1
長命雨,cöng4 mäng6 yü1
長命富貴,cöng4 mäng6 fu1 gwäi1
長盛街,cöng4 säng6 gai1
長洲警署,cöng4 zäu1 gäng2 cü1
長咀,cöng4 zöi2
採種,cöi2 zung1
牀上用品,cong4 söng6 yung6 bäng2
草墊,cäu2 zing1
醋海生波,cu1 fui2 säng1 bo1
束裝,cuk2 zong1
充車,cung1 ce1
從諫如流,cung4 gæng1 yü4 läu4
從句,cung4 gü1
從有到無,cung4 yäu1 däu1 mu4
從嚴辦理,cung4 yim4 bæng6 li1
重華路,cung4 wa4 lu6
重音節,cung1 yäm1 zik2
重離子,cung1 li4 zi2
重晶石,cung1 zäng1 sek6
穿着講究,cüng1 zök2 gong2 gäu1
傳寄,cüng4 gi1
傳輸模式,cüng4 sü1 mu4 säk2
泉華,cüng4 wa4
傳真發送,cüng4 zäng1 fæk2 sung1
打地氣,da2 di6 hi1
打孔器,da2 hung2 hi1
打先鋒,da2 sing1 fung1
打嚏噴,da2 täi1 päng1
打剔,da2 täk2
打通關,da2 tung1 gwæng1
打橫打掂,da2 wæng4 da2 dim6
打側坐,da2 zäk2 co1
大家好做,dai6 ga1 häu2 zu6
大角咀道,dai6 gok2 zöi2 däu6
大閨女,dai6 gwäi1 nü1
大齡青年,dai6 läng4 cäng1 ning4
大撈家,dai6 läu1 ga1
大西庇阿,dai6 säi1 bi1 o1
大生圍,dai6 säng1 wäi4
大圍道,dai6 wäi4 däu6
大王下村,dai6 wong4 ha6 cüng1
淡泊明志,dam6 bok6 mäng4 zi1
彈簧門,dæng6 wong4 mung4
彈簧鎖,dæng6 wong4 so2
搭伴,dap2 bung6
搭坐,dap2 zo6
低波行駛,däi1 bo1 häng4 säi2
低領口,däi1 leng1 häu2
第二杯,däi6 yi6 bui1
第二塊,däi6 yi6 fai1
第二審,däi6 yi6 säm2
第二陣,däi6 yi6 zäng6
第二席,däi6 yi6 zäk6
第六感覺,däi6 luk6 gäm2 gok2
德班,däk2 bæng1
登革病毒,däng1 gæk2 beng6 duk6
戥番勻,däng6 fæng1 wäng4
兜車,däu1 ce1
兜翻,däu1 fæng1
鬥醒,däu1 säng2
鬥爭意志,däu1 zäng1 yi1 zi1
地球暖化,di6 käu4 nüng1 fa1
地祇,di6 ki4
地面氣壓,di6 ming6 hi1 æk2
釘倉,deng1 cong1
釘上釘,deng1 söng6 deng1
對數表,döi1 su1 biu2
狄波拉,däk6 bo1 lai1
滴蟲病,däk6 cung4 beng6
滴水成冰,däk6 söi2 säng4 bäng1
滌淨,däk6 zäng6
點心車,dim2 säm1 ce1
電子伏特,ding6 zi2 fuk6 däk6
頂補,däng2 bu2
頂擋,däng2 dong2
頂謝,däng2 ze6
頂趾鞋,däng2 zi2 hai4
疊韻,dip6 wäng1
疊嶂,dip6 zöng1
多重選擇,do1 cung4 süng2 zæk6
多退少補,do1 töi1 siu2 bu2
多謝老婆,do1 ze6 läu1 po4
躲難,do2 næng6
代數和,döi6 su1 wo4
蕩平,dong6 päng4
嘟嘟響,du1 du1 höng2
倒空,däu2 hung1
倒換,däu2 wung6
倒懸之苦,däu1 yüng4 zi1 fu2
倒褪,däu1 täng1
道光帝,däu6 gwong1 däi1
毒蕈,duk6 cäm1
讀音錯誤,duk6 yäm1 co1 ng6
凍硬,dung1 ngæng6
斷乎,düng6 fu4
斷窮根,düng6 kung4 gäng1
斷瓦殘垣,düng6 nga1 cæng4 wung4
花墟道,fa1 hü1 däu6
花旗裝,fa1 ki4 zong1
翻耕,fæng1 gæng1
番鬼仔,fæng1 gwäi2 zäi2
反時針,fæng2 si4 zäm1
樊少皇,fæng4 siu1 wong4
繁華街,fæng4 wa4 gai1
琺琅質,fæk2 long4 zäk2
法相宗,fæk2 söng1 zung1
瞓覺衫,fäng1 gau1 sam1
佛要金裝,fäk6 yiu1 gäm1 zong1
浮動工資,fäu4 dung6 gung1 zi1
浮游生物,fäu4 yäu4 säng1 mäk6
浮選,fäu4 süng2
飛彈頭,fi1 dæng6 täu4
非核國家,fi1 häk6 gwok2 ga1
飛鵝山道,fi1 ngo4 sæng1 däu6
肥鮮,fi4 sing1
科教片,fo1 gäu1 ping2
棵棵,fo2 fo2
荒唐無稽,fong1 tong4 mu4 käi1
紡車,fong2 ce1
恍然醒悟,fong2 ying4 säng2 ng6
妨礙球,fong4 wui6 käu4
枯焦,fu1 ziu1
虎尾春冰,fu2 mi1 cäng1 bäng1
副腎,fu1 säng6
赴難,fu6 næng6
附屬小學,fu6 suk6 siu2 hok6
輻射熱,fuk2 se6 ngik6
輻射狀,fuk2 se6 zong6
風水生,fung1 söi2 sæng1
俸錢,fung6 cing4
馮素波,fung4 su1 bo1
縫住,fung4 zü6
鳳舞街,fung6 mu1 gai1
闊口大面,fuk2 häu2 dai6 ming6
家僮,ga1 tung4
假頭髮,ga2 täu4 fæk2
假腿,ga2 töi2
街邊小食,gai1 bing1 siu2 säk6
街頭小食,gai1 täu4 siu2 säk6
格子呢,gæk2 zi2 ni4
減低速度,gam2 däi1 cuk2 du6
監平賣,gam1 peng4 mai6
簡易棚,gæng2 yi6 pæng4
間壁,gæng1 bäk2
交叉運球,gau1 ca1 wäng6 käu4
金錢徑,gäm1 cing4 gäng1
金朝陽,gäm1 ciu4 yöng4
甘油三脂,gäm1 yäu4 sam1 zi1
金牌打仔,gäm1 pai4 da2 zäi2
金屬鍵,gäm1 suk6 ging6
感荷,gäm2 ho6
敢為人先,gäm2 wäi4 yäng4 sing1
更番,gäng1 fæng1
更唔更新,gäng1 m4 gäng1 säng1
梗板,gäng2 bæng2
急人之難,gäp2 yäng4 zi1 næng4
九九乘法,gäu2 gäu2 säng4 fæk2
九行,gäu2 hong4
九龍城道,gäu2 lung4 säng4 däu6
狗上瓦坑,gäu2 söng1 nga1 hæng1
基本詞彙,gi1 bung2 ci4 wui6
幾點食,gi2 dim2 säk6
寄女,gi1 nü1
寄生生活,gi1 säng1 säng1 wuk6
芰荷,gi6 ho4
驚到標尿,geng1 däu1 biu1 niu6
居合道,gü1 häp6 däu6
儉省,gim6 sæng2
毽球,ging1 käu4
經久不衰,gäng1 gäu2 bäk2 söi1
驚怯,gäng1 hip2
驚鳥,gäng1 niu1
經信委,gäng1 säng1 wäi2
京士頓街,gäng1 si6 däng6 gai1
經緯儀,gäng1 wäi1 yi4
警察城市,gäng2 cæk2 säng4 si1
勁卒,gäng6 zäk2
結核菌素,gik2 häk6 kwäng2 su1
叫牀聲,giu1 cong4 säng1
哥打巴魯,go1 da2 ba1 lu1
乾蒸牛肉,gung1 zäng1 ngäu4 yuk6
岡下肌,gong1 ha6 gi1
缸瓦甫路,gong1 nga1 fu2 lu6
江湖醫生,gong1 wu4 yi1 säng1
江湖佬,gong1 wu4 läu2
講爛口,gong2 læng6 häu2
割荷包,gwuk2 ho4 bau1
高麗王朝,gäu1 läi6 wong4 ciu4
高攀不上,gäu1 pæng1 bäk2 söng1
孤雌生殖,gwu1 ci1 säng1 zäk6
股二頭肌,gwu2 yi6 täu4 gi1
焗油機,guk6 yäu4 gi1
管井,gwung2 zäng2
宮調,gung1 diu6
功成不居,gung1 säng4 bäk2 gü1
掛藍燈籠,gwa1 lam4 däng1 lung4
掛懷,gwa1 wai4
怪誕不經,gwai1 dæng1 bäk2 gäng1
怪聲怪氣,gwai1 säng1 gwai1 hi1
龜背灣,gwäi1 bui1 wæng1
貴賓犬,gwäi1 bäng1 hüng2
貴遠賤近,gwäi1 yüng1 zing6 gäng6
貴細,gwäi1 säi1
貴族政治,gwäi1 zuk6 zäng1 zi6
櫃桶仔,gwäi6 tung2 zäi2
滾攪,gwäng2 gau2
骨朵,gwäk2 do2
過渡金屬,gwo1 du6 gäm1 suk6
過頭話,gwo1 täu4 wa6
郭聲琨,gwok2 säng1 kwäng1
光二極管,gwong1 yi6 gik6 gwung2
捐生,güng1 säng1
下額,ha6 ngæk6
鹹乾花生,ham4 gung1 fa1 säng1
涵攝,ham4 sip2
限載人數,hæng6 zöi1 yäng4 su1
坑井,hæng1 zäng2
刻骨相思,häk2 gwäk2 söng1 si1
崁頂,häm1 däng2
恨海難填,häng6 fui2 næng4 ting4
恆生大學,häng4 säng1 dai6 hok6
杏花新城,häng6 fa1 säng1 säng4
杏領,häng6 leng1
恰恰舞,häp2 häp2 mu1
合成法,häp6 säng4 fæk2
合成體,häp6 säng4 täi2
核對峙,häk6 döi1 ci1
核工業部,häk6 gung1 yip6 bu6
核型,häk6 yäng4
核熱,häk6 ngik6
核物理,häk6 mäk6 li1
核門檻,häk6 mung4 lam6
口講無憑,häu2 gong2 mu4 päng4
侯王道,häu4 wong4 däu6
後車軸,häu6 ce1 zuk6
喜錢,hi2 cing4
氣度恢宏,hi1 du6 fui1 wäng4
氣質佳,hi1 zäk2 gai1
氣象巴打,hi1 zöng6 ba1 da2
吃不住,hek2 bäk2 zü6
輕秤,heng1 cäng1
輕元素,häng1 yüng4 su1
興城,häng1 säng4
脅從犯,hip2 cung4 fæng6
可裂變,ho2 lik6 bing1
荷包仔,ho4 bau1 zäi2
河內道,ho4 nöi6 däu6
開胃咯,fui1 wäi6 lok2
海底撈針,fui2 däi2 läu4 zäm1
海庭道,fui2 täng4 däu6
康城路,hong1 säng4 lu6
行輩,hong4 bui1
好辯駁,häu2 bing6 bok2
好當家,häu2 dong1 ga1
好快還,häu2 fai1 wæng4
好衣食,häu2 yi1 säk6
好茅,häu2 mau4
好眼界,häu2 ngæng1 gai1
好笑口,häu2 siu1 häu2
皓月當空,häu6 ngük6 dong1 hung1
紅豆相思,hung4 däu6 söng1 si1
熊腰虎背,hung4 yiu1 fu2 bui1
紅梅谷路,hung4 mui4 guk2 lu6
鴻雁傳書,hung4 ngæng6 cüng4 sü1
圈聲,hüng1 säng1
血親復仇,hük2 cäng1 fuk6 säu4
血衫,hük2 sam1
淫畫,yäm4 wa6
因人成事,yäng1 yäng4 säng4 si6
印度鬼椒,yäng1 du6 gwäi2 ziu1
人為土,yäng4 wäi4 tu2
引線穿針,yäng1 sing1 cüng1 zäm1
一驚一乍,yäk2 gäng1 yäk2 za1
一貫道,yäk2 gwung1 däu6
一雨成秋,yäk2 yü1 säng4 cäu1
一兩杯,yäk2 löng1 bui1
一兩拳,yäk2 löng1 küng4
一面之交,yäk2 ming6 zi1 gau1
一心向上,yäk2 säm1 höng1 söng6
一石兩鳥,yäk2 sek6 löng1 niu1
一頭半個月,yäk2 täu4 bung1 go1 ngük6
一頭半月,yäk2 täu4 bung1 ngük6
一肚皮,yäk2 tu1 pi4
幽咽,yäu1 yik2
由天而降,yäu4 ting1 yi4 gong1
揉和,yäu4 wo4
有隙可乘,yäu1 gwäk2 ho2 säng4
有理數,yäu1 li1 su1
有兩道,yäu1 löng1 däu6
有兩下子,yäu1 löng1 ha6 zi2
有聲讀物,yäu1 säng1 duk6 mäk6
右下方,yäu6 ha6 fong1
右上左落,yäu6 söng1 zo2 lok6
惹俾,ye1 bi2
惹得起,ye1 däk2 hi2
野雞學校,ye1 gäi1 hok6 hau6
夜行軍,ye6 häng4 gwäng1
衣食無虞,yi1 säk6 mu4 yü4
怡成坊,yi4 säng4 fong1
耳下腺,yi1 ha6 sing1
耳仔郁,yi1 zäi2 yuk2
二氧化物,yi6 yöng1 fa1 mäk6
二路元帥,yi6 lu6 yüng4 söi1
逆行倒施,yäk6 häng4 däu2 si1
驛馬車,yäk6 ma1 ce1
腋生,yäk6 säng1
鹽湖區,yim4 wu4 kü1
演藝道,ying2 ngäi6 däu6
燃油艙,ying4 yäu4 cong1
鷹擊長空,yäng1 gäk2 cöng4 hung1
影像會議,yäng2 zöng6 wui6 yi1
凝膠體,yäng4 gau1 täi2
形質,yäng4 zäk2
凝聚態,yäng4 zü6 tai1
要講道理,yiu1 gong2 däu6 li1
約略估計,yök2 lök6 gwu2 gäi1
旭龢道,yuk2 wo4 däu6
玉米糝,yuk6 mai1 sam2
浴湯,yuk6 tong1
用心險惡,yung6 säm1 him2 ok2
瑜伽波,yü4 ga1 bo1
盂蘭勝會,yü4 læng4 säng1 wui6
輿論調查,yü4 läng6 diu6 ca4
余振強,yü4 zäng1 köng4
乳腐,yü1 fu6
宇宙速度,yü1 zäu6 cuk2 du6
預讀,yü6 duk6
鴛鴦蛇,yüng1 yöng1 se4
婉言相勸,yüng2 ying4 söng1 hüng1
原生生物,yüng4 säng1 säng1 mäk6
軟耳朵,yüng1 yi1 do2
遠未解決,yüng1 mi6 gai2 kük2
月經週期,ngük6 gäng1 zäu1 ki4
月桂樹葉,ngük6 gwäi1 sü6 yip6
月圓花好,ngük6 yüng4 fa1 häu2
月芽,ngük6 nga4
月牙形,ngük6 nga4 yäng4
卡板車,ka1 bæng2 ce1
卡加利,ka1 ga1 li6
卡墊,ka1 zing1
靠背壟道,kau1 bui1 lung1 däu6
靠打工,kau1 da2 gung1
啟田道,käi2 ting4 däu6
襟食,käm1 säk6
扱印,käp2 yäng1
舅老爺,käu1 läu1 ye4
鯨油,käng4 yäu4
翹二郎腿,kiu4 yi6 long4 töi2
強姦藥,köng4 gæng1 yök6
抗組胺,kong1 zu2 wung1
規劃人員,kwäi1 wæk6 yäng4 yüng4
權力紛爭,küng4 läk6 fäng1 zäng1
缺衣少食,kük2 yi1 siu2 säk6
攬硬,lam2 ngæng6
爛賤,læng6 zing6
荔城區,läi6 säng4 kü1
林沈,läm4 säm2
甩頭甩尾,läk2 täu4 läk2 mi1
流肛華,läu4 gong1 wa4
流落江湖,läu4 lok6 gong1 wu4
劉錫明,läu4 sek2 mäng4
溜溜球,läu6 läu6 käu4
李彩樺,li1 cöi2 wa4
履帶車,lü1 dai1 ce1
李希,li1 hi1
李豫,li1 yü6
李先念,li1 sing1 nim6
李城璧,li1 säng4 bäk2
李淑儀,li1 suk6 yi4
李芷晴,li1 zi2 cäng4
利南道,li6 nam4 däu6
蒞會,li6 wui6
靚到爆燈,leng1 däu1 bau1 däng1
靚佬,leng1 läu2
領當,leng1 dong1
旅居車,lü1 gü1 ce1
旅行巴士,lü1 häng4 ba1 si2
類毒素,löi6 duk6 su1
力傳遞,läk6 cüng4 däi6
力行雞,läk6 hong4 gäi1
瀝源街,läk6 yüng4 gai1
蓮荷,ling4 ho4
拎包黨,läng1 bau1 dong2
靈犀相通,läng4 säi1 söng1 tung1
嶺南衡怡,läng1 nam4 häng4 yi4
裂變武器,lik6 bing1 mu1 hi1
咧開嘴笑,lik6 fui1 zöi2 siu1
聊且,liu4 ce2
聊城,liu4 säng4
寮肚,liu4 tu1
寮肚路,liu4 tu1 lu6
了唔了解,liu1 m4 liu1 gai2
羅城縣,lo4 säng4 yüng6
螺旋鉗,lo4 süng4 kim4
兩腳書櫥,löng2 gök2 sü1 cü4
兩條褲,löng2 tiu4 fu1
兩噸,löng1 däng1
兩三部,löng1 sam1 bu6
兩三份,löng1 sam1 fäng6
兩三碗,löng1 sam1 wung2
兩性花,löng1 säng1 fa1
兩尊,löng1 züng1
量販式,löng6 fæng1 säk2
樂開花,lok6 fui1 fa1
樂禮街,lok6 läi1 gai1
狼多肉少,long4 do1 yuk6 siu2
狼尾草,long4 mi1 cäu2
朗和路,long1 wo4 lu6
浪費紙,long6 fäi1 zi2
撈邊瓣,läu1 bing1 fæng6
撈生意,läu1 sæng1 yi1
老虎菜,läu1 fu2 cöi1
老交情,läu1 gau1 cäng4
老舉埋年,läu1 gü2 mai4 ning4
老古板,läu1 gwu2 bæng2
老賬,läu1 zöng1
老狀,läu1 zong6
六聲,luk6 säng1
弄短,lung6 düng2
聯福道,lüng4 fuk2 däu6
亂彈琴,lüng6 tæng4 käm4
麻米,ma4 mai1
買單車,mai1 dæng1 ce1
賣面子,mai6 ming6 zi2
萬古長青,mæng6 gwu2 cöng4 cäng1
萬里長江,mæng6 li1 cöng4 gong1
茅屋頂,mau4 uk2 deng2
米蘭花,mai1 læng4 fa1
墨七,mäk6 cäk2
麥潔文,mæk6 gik2 mäng4
墨丘利,mäk6 yäu1 li6
麥詩晴,mæk6 si1 cäng4
文科學士,mäng4 fo1 hok6 si6
文福道,mäng4 fuk2 däu6
民怨鼎沸,mäng4 yüng1 däng2 fäi1
泯沒,mäng1 muk6
掹掹,mäng1 mäng1
密切相連,mäk6 cik2 söng1 ling4
尾梢,mi1 sau1
美聲唱法,mi1 säng1 cöng1 fæk2
尾註,mi1 zü1
面帶病容,ming6 dai1 beng6 yung4
面諛,ming6 yü4
明朝體,mäng4 ciu4 täi2
明降暗升,mäng4 gong1 äm1 säng1
名門貴族,mäng4 mung4 gwäi1 zuk6
篾片,mik6 ping2
磨穿蓆,mo4 cüng1 zek6
磨洋工,mo4 yöng4 gung1
磨破嘴皮,mo4 po1 zöi2 pi4
亡國滅種,mong4 gwok2 mik6 zung2
無理數,mu4 li1 su1
無量壽,mu4 löng6 säu6
無尾飛砣,mu4 mi1 fi1 to4
無尾飛陀,mu4 mi1 fi1 to4
無憑無證,mu4 päng4 mu4 zäng1
蕪湖街,mu4 wu4 gai1
武警戰士,mu1 gäng2 zing1 si6
梅花錶,mui4 fa1 biu1
梅樹坑,mui4 sü6 hæng1
木管樂,muk6 gwung2 ngok6
木吒,muk6 za1
木質部,muk6 zäk2 bu6
滿州話,mung1 zäu1 wa2
沒人味,muk6 yäng4 mi6
沒有得救,muk6 yäu1 däk2 gäu1
沒有形狀,muk6 yäu1 yäng4 zong6
沒心眼,muk6 säm1 ngæng1
沒頭沒臉,muk6 täu4 muk6 lim1
沒長眼,muk6 zöng2 ngæng1
那筆,na1 bäk2
那串,na1 cüng1
那絲,na1 si1
男拔萃,nam4 bäk6 söi6
南乳肉,nam4 yü1 yuk6
南灣隧道,nam4 wæng1 söi6 däu6
難以自已,næng4 yi1 zi6 yi1
難離難捨,næng4 li4 næng4 se2
難相與,næng4 söng1 yü1
納降,nap6 hong4
凹透鏡,näp2 täu1 geng1
扭數,näu2 su1
呢喃細語,ni4 nam4 säi1 yü1
呢子,ni4 zi2
您請,ni1 ceng2
女襯衫,nü1 cäng1 sam1
女王老五,nü1 wong4 läu1 ng1
五月茶,ng1 ngük6 ca4
五聲音階,ng1 säng1 yäm1 gai1
艾滋病毒,ngai6 zi1 beng6 duk6
眼中刺,ngæng1 zung1 ci1
雁過拔毛,ngæng6 gwo1 bäk6 mäu4
硬席,ngæng6 zäk6
巍然屹立,ngäi4 ying4 ngäk6 läp6
銀本位制,ngäng4 bung2 wäi6 zäi1
屹然,ngäk6 ying4
偶然之間,ngäu1 ying4 zi1 gæng1
偶蹄類,ngäu1 täi4 löi6
外層空間,wui6 cäng4 hung1 gæng1
礙難,wui6 næng4
樂府詩集,ngok6 fu2 si1 zap6
齶裂,ngok6 lik6
戇佬,ngong6 läu2
黏着力,nim1 zök2 läk6
內存卡,nöi6 cüng4 ka1
內質網,nöi6 zäk2 mong1
怒容滿面,nu6 yung4 mung1 ming6
柯士甸路,o1 si6 ding6 lu6
安土重遷,wung1 tu2 cung4 cing1
按照字面,wung1 ziu1 zi6 ming6
耙耳朵,pa4 yi1 do2
砲艇,pau1 täng1
炮台山道,pau1 töi4 sæng1 däu6
瀕近,päng4 gäng6
貧窮潦倒,päng4 kung4 läu1 däu2
披莎,pi1 sa1
被胎,pi1 töi1
劈波斬浪,pek2 bo1 zam2 long6
偏轉,ping1 züng1
拼花地板,päng1 fa1 di6 bæng2
拼攏,päng1 lung1
平旦,päng4 dæng1
平印,päng4 yäng1
平安福音,päng4 wung1 fuk2 yäm1
胚泡,pui1 päu1
盤倒,pung4 däu2
碰彩數,pung1 cöi2 su1
蓬首垢面,pung4 säu2 gäu1 ming6
沙梨篤,sa1 li4 duk2
沙悟淨,sa1 ng6 zäng6
三盤兩勝,sam1 pung4 löng1 säng1
三蛇羹,sam1 se4 gäng1
山尾街,sæng1 mi1 gai1
散板,sæng2 bæng2
散熱貼,sæng1 ngik6 tip2
生薑絲,sæng1 göng1 si1
西洋仔,säi1 yöng4 zäi2
西樹泡芙,säi1 sü6 pau1 fu4
使媽,säi2 ma1
洗碗精,säi2 wung2 zäng1
塞牙,säk2 nga4
心寬體胖,säm1 fung1 täi2 bung6
心平如鏡,säm1 päng4 yü4 geng1
心神不屬,säm1 säng4 bäk2 suk6
滲井,säm1 zäng2
神經元網,säng4 gäng1 yüng4 mong1
生理衞生,säng1 li1 wäi6 säng1
生僻字,säng1 päk2 zi6
生活力,säng1 wuk6 läk6
十滴,säp6 däk6
十棵,säp6 fo2
十幾種,säp6 gi2 zung2
十二邊形,säp6 yi6 bing1 yäng4
失錯,säk2 co1
失身分,säk2 säng1 fäng6
手風好順,säu2 fung1 häu2 säng6
首映典禮,säu2 yäng2 ding2 läi1
首映式,säu2 yäng2 säk2
手拿包,säu2 na4 bau1
鏽斑,säu1 bæng1
受氣包,säu6 hi1 bau1
受難紀念,säu6 næng6 gi2 nim6
受精囊,säu6 zäng1 nong4
蛇龍珠,se4 lung4 zü1
死而無怨,si2 yi4 mu4 yüng1
四片,si1 ping1
石罅米,sek6 la1 mai1
石梨街,sek6 li4 gai1
純量,säng4 löng6
順安道,säng6 wung1 däu6
司湯達,si1 tong1 dæk6
使習慣,si2 zap6 gwæng1
試驗間,si1 yim6 gæng1
時間進程,si4 gæng1 zäng1 cäng4
食大煙,säk6 dai6 ying1
食腐動物,säk6 fu6 dung6 mäk6
食無求飽,säk6 mu4 käu4 bau2
食純,säk6 säng4
食住勢,säk6 zü6 säi1
仙人球,sing1 yäng4 käu4
鮮烈,sing1 lik6
秈米,sing1 mai1
跣落去,sing1 lok6 hü1
聲類,säng1 löi6
聖經典故,säng1 gäng1 ding2 gwu1
成丁,säng4 däng1
成仁取義,säng4 yäng4 cü2 yi6
成年累月,säng4 ning4 löi6 ngük6
成安街,säng4 wung1 gai1
成肚氣,säng4 tu1 hi1
盛季,säng6 gwäi1
宵衣旰食,siu1 yi1 gwung1 säk6
消聲器,siu1 säng1 hi1
小青腳鷸,siu2 ceng1 gök2 wäk6
小家種,siu2 ga1 zung2
少刻,siu2 häk2
少兒不宜,siu2 yi4 bäk2 yi4
傻傻更更,so4 so4 gæng1 gæng1
傻傻戇戇,so4 so4 ngong6 ngong6
雙百方針,söng1 bæk2 fong1 zäm1
雙人間,söng1 yäng4 gæng1
雙眼視覺,söng1 ngæng1 si6 gok2
相思子,söng1 si1 zi2
雙聲帶,söng1 säng1 dai1
相互兼容,söng1 wu6 gim1 yung4
上網本,söng1 mong1 bung2
上白泥,söng6 bæk6 näi4
上半晝,söng6 bung1 zäu1
上方寶劍,söng6 fong1 bäu2 gim1
上校軍官,söng6 gau1 gwäng1 gwung1
上意識,söng6 yi1 säk2
蘇蝦仔,su1 ha1 zäi2
數得上,su2 däk2 söng1
數百隻,su1 bæk2 zek2
數千個,su1 cing1 go1
數據接口,su1 gü1 zip2 häu2
數見不鮮,su1 ging1 bäk2 sing1
數拳,su1 küng4
數十倍,su1 säp6 pui1
掃雪車,säu1 sük2 ce1
數題,su1 täi4
掃黃運動,säu1 wong4 wäng6 dung6
粟米卷,suk2 mai1 güng2
縮頭縮尾,suk2 täu4 suk2 mi1
選士,süng2 si6
算度,süng1 dok6
旋乾轉坤,süng4 king4 züng2 kwäng1
旋舞,süng4 mu1
雪茄屁股,sük2 ga1 pi1 gwu2
太老爺,tai1 läu1 ye4
太平梯,tai1 päng4 täi1
潭子,tam4 zi2
淡水大鱷,tam1 söi2 dai6 ngok6
剃面,täi1 ming6
提掖,täi4 yäk6
藤野先生,täng4 ye1 sing1 sæng1
騰上騰落,täng4 söng1 täng4 lok6
投射幕,täu4 se6 mok6
投井下石,täu4 zäng2 ha6 sek6
天平山村,ting1 päng4 sæng1 cüng1
天盛商場,ting1 säng6 söng1 cöng4
聽鬧,täng1 nau6
聽訟,täng1 zung6
停車燈,täng4 ce1 däng1
挑嘴,tiu1 zöi2
拖人下水,to1 yäng4 ha6 söi2
駝背佬,to4 bui1 läu2
台上台下,töi4 söng6 töi4 ha6
唐包點,tong4 bau1 dim2
唐記包點,tong4 gi1 bau1 dim2
土著人,tu2 zü1 yäng4
陶硯,täu4 ying6
陶源酒家,täu4 yüng4 zäu2 ga1
塗抹醬,tu4 muk2 zöng1
肚癮,tu1 yäng1
通話錄音,tung1 wa6 luk6 yäm1
銅管樂器,tung4 gwung2 ngok6 hi1
同一掛,tung4 yäk2 gwa1
同類相吸,tung4 löi6 söng1 käp2
華胄,wa4 zäu6
話得埋,wa6 däk2 mai4
華建,wa6 ging1
華佗再世,wa6 to4 zöi1 säi1
淮上,wai4 söng6
畫虎類犬,wæk6 fu2 löi6 hüng2
頑劣分子,wæng4 lük2 fäng6 zi2
環暈,wæng4 wäng6
橫斷山脈,wæng4 düng6 sæng1 mæk6
毀家紓難,wäi2 ga1 sü1 næng4
衞道士,wäi6 däu6 si6
衞生套,wäi6 säng1 täu1
運動場道,wäng6 dung6 cöng4 däu6
和生圍,wo4 säng1 wäi4
皇甫嵩,wong4 fu2 sung1
烏都語,wu1 du1 yü1
胡攪,wu4 gau2
互相扯皮,wu6 söng1 ce2 pi4
回魂覺,wui4 wäng4 gau1
會意字,wui6 yi1 zi6
玩人喪德,wung6 yäng4 song1 däk2
澤安道,zäk6 wung1 däu6
綻裂,zæng6 lik6
撰著,zæng6 zü1
集市貿易,zap6 si1 mäu6 yäk6
雜種仔,zap6 zung2 zäi2
側便,zäk2 bing6
針刺麻醉,zäm1 ci1 ma4 zöi1
斟下,zäm1 ha1
針線活,zäm1 sing1 wuk6
鴆毒,zäm6 duk6
曾外祖母,zäng1 wui6 zu2 mu1
執齊行李,zäp2 cäi4 häng4 li1
執書包,zäp2 sü1 bau1
周年旺相,zäu1 ning4 wong6 söng1
週年旺相,zäu1 ning4 wong6 söng1
周成王,zäu1 säng4 wong4
周轉金,zäu1 züng2 gäm1
皺折,zäu1 zik2
謝頂,ze6 deng2
井財街,zäng2 cöi4 gai1
井鹽,zäng2 yim4
贅生,zöi6 säng1
支質,zi1 zäk2
指東打西,zi2 dung1 da2 säi1
自然經濟,zi6 ying4 gäng1 zäi1
積疊,zäk2 dip6
席捲天下,zäk6 güng2 ting1 ha6
直接數據,zäk6 zip2 su1 gü1
尖山隧道,zim1 sæng1 söi6 däu6
箭毒蛙,zing1 duk6 wa1
精雕細琢,zäng1 diu1 säi1 dök2
精明消費,zäng1 mäng4 siu1 fäi1
精神權利,zäng1 säng4 küng4 li6
精神療法,zäng1 säng4 liu4 fæk2
靜脈吸毒,zäng6 mæk6 käp2 duk6
招賢納士,ziu1 ying4 nap6 si6
焦炙,ziu1 zek2
坐銀望金,zo6 ngäng4 mong6 gäm1
坐卧不寧,zo6 ngo6 bäk2 näng4
着草鞋,zök2 cäu2 hai4
着然,zök6 ying4
像一滴,zöng6 yäk2 däk6
載舟覆舟,zöi1 zäu1 fuk2 zäu1
擢髮難數,zok6 fæk2 næng4 su1
鑿岩,zok6 ngam4
鑿岩機,zok6 ngam4 gi1
祖傳祕方,zu2 cüng4 bi1 fong1
中間件,zung1 gæng1 ging6
中下等,zung1 ha6 däng2
終成泡影,zung1 säng4 pau1 yäng2
盅仔飯,zung1 zäi2 fæng6
總方針,zung2 fong1 zäm1
縱波,zung1 bo1
眾口同聲,zung1 häu2 tung4 säng1
眾安銀行,zung1 wung1 ngäng4 hong4
重情重義,zung6 cäng4 zung6 yi6
重利輕義,zung6 li6 häng1 yi6
駐留時間,zü1 läu4 si4 gæng1
轉悲為喜,züng2 bi1 wäi4 hi2
轉托,züng2 tok2
轉賬卡,züng2 zöng1 kæk2
絕對高度,zük6 döi1 gäu1 du6
七上八下,cäk2 söng1 bæk2 ha1
七上八下,cäk2 söng6 bæk2 ha6
刻度盤,hæk2 du6 pung4
刻苦鑽研,hæk2 fu2 züng1 ying4
學習刻苦,hok6 zap6 hæk2 fu2
會合處,wui6 häp6 cü1
精雕細刻,zäng1 diu1 säi1 hæk2
掛爐鴨,gwa1 lu4 ap2
壓縮力,æk2 suk2 läk6
壓蒜器,æk2 süng1 hi1
拗實,au1 säk6
歐米伽,äu1 mai1 ga1
巴丙頓道,ba1 bäng2 däng6 däu6
百分數,bæk2 fäng6 su1
百福道,bæk2 fuk2 däu6
百老匯街,bæk2 läu1 wui6 gai1
白附片,bæk6 fu6 ping1
白鶴汀街,bæk6 hok6 däng1 gai1
白乳膠,bæk6 yü1 gau1
白撈,bæk6 läu1
白尾海鵰,bæk6 mi1 fui2 diu1
白尾鸏,bæk6 mi1 mung4
八行書,bæk2 häng4 sü1
包龍圖,bau1 lung4 tu4
包探,bau1 tam1
包退換,bau1 töi1 wung6
賓州仔,bäng1 zäu1 zäi2
不夠質素,bäk2 gäu1 zäk2 su1
筆下生花,bäk2 ha6 säng1 fa1
不日放映,bäk2 yäk6 fong1 yäng2
拔頂,bäk6 deng2
拔毒,bäk6 duk6
拔海,bäk6 fui2
拔染,bäk6 yim1
拔萃小學,bäk6 söi6 siu2 hok6
卑利士道,bi1 li6 si6 däu6
俾差人拉,bi2 cai1 yäng4 lai1
俾啦,bi2 la1
祕撈,bi1 läu1
被爆者,bi6 bau1 ze2
鼻窿大,bi6 lung1 dai6
篦頭,bi6 täu4
篦子,bi6 zi2
病到聲沙,beng6 däu1 säng1 sa1
病假條,beng6 ga1 tiu4
邊防戰士,bing1 fong4 zing1 si6
冰塞,bäng1 säk2
屏營,bäng2 yäng4
柄權,bäng1 küng4
波老道,bo1 läu1 däu6
波霎,bo1 sap2
波茲坦,bo1 zi1 tæng2
博士茶,bok2 si6 ca4
保平路,bäu2 päng4 lu6
暴露癖,bäu6 lu6 päk2
暴龍屬,bäu6 lung4 suk6
背包袱,bui1 bau1 fuk6
貝葉經,bui1 yip6 gäng1
背脊開窿,bui1 zek2 fui1 lung1
搬位,bung1 wäi6
本位貨幣,bung2 wäi6 fo1 bäi6
拌食堂,bung6 säk6 tong4
差館上街,ca1 gwung2 söng6 gai1
茶水錢,ca4 söi2 cing4
踩親條尾,cai2 cäng1 tiu4 mi1
踩嚫條尾,cai2 cäng1 tiu4 mi1
參差錯落,cam1 ci1 co1 lok6
參考室,cam1 hau2 säk2
蠶種,cam4 zung2
殘毒,cæng4 duk6
察察為明,cæk2 cæk2 wäi4 mäng4
抄近,cau1 gäng6
齊次,cäi4 ci1
齊頭齊尾,cäi4 täu4 cäi4 mi1
沉潭,cäm4 tam4
陳俊生,cäng4 zäng1 säng1
層層疊上,cäng4 cäng4 dip6 söng1
七百二十,cäk2 bæk2 yi6 säp6
七扭八歪,cäk2 näu2 bæk2 wai1
七十二家,cäk2 säp6 yi6 ga1
七聲音階,cäk2 säng1 yäm1 gai1
湊啱,cäu1 ngam1
車把式,ce1 ba2 säk2
車後箱,ce1 häu6 söng1
赤柱村道,cek2 cü1 cüng1 däu6
青麻,ceng1 ma4
青頭潛鴨,ceng1 täu4 cim4 ap2
請人飲茶,ceng2 yäng4 yäm2 ca4
吹糠見米,cöi1 hong1 ging1 mai1
催生婆,cöi1 sæng1 po4
春核,cäng1 wäk6
黐線仔,ci1 sing1 zäi2
次聲波,ci1 säng1 bo1
持家有道,ci4 ga1 yäu1 däu6
池湯,ci4 tong1
潛沒,cim4 muk6
青松觀路,cäng1 cung4 gwung1 lu6
青海圍,cäng1 fui2 wäi4
青囊經,cäng1 nong4 gäng1
青檀樹,cäng1 tæng4 sü6
青田路,cäng1 ting4 lu6
青磚圍,cäng1 züng1 wäi4
請多關照,cäng2 do1 gwæng1 ziu1
程控電話,cäng4 hung1 ding6 wa2
懲一儆百,cäng4 yäk2 gäng2 bæk2
懲惡勸善,cäng4 ok2 hüng1 sing6
朝堂,ciu4 tong4
坐得住,co1 däk2 zü6
坐倒頭車,co1 däu1 täu4 ce1
暢散紙,cöng1 sæng2 zi2
腸毒素,cöng4 duk6 su1
長發街,cöng4 fæk2 gai1
長喙,cöng4 fui1
長荔街,cöng4 läi6 gai1
長唔長久,cöng4 m4 cöng4 gäu2
長生久視,cöng4 säng1 gäu2 si6
長順街,cöng4 säng6 gai1
長途話費,cöng4 tu4 wa6 fäi1
蒼生塗炭,cong1 säng1 tu4 tæng1
敞篷汽車,cong2 pung4 hi1 ce1
藏掖,cong4 yäk6
噪聲污染,cäu1 säng1 wu1 yim1
嘈兩嘈,cäu4 löng1 cäu4
促聲,cuk2 säng1
充分保障,cung1 fäng6 bäu2 zöng1
充硬,cung1 ngæng6
重複法,cung4 fuk2 fæk2
重起爐灶,cung4 hi2 lu4 zäu1
蟲媒病毒,cung4 mui4 beng6 duk6
重午,cung4 ng1
重氫,cung1 häng1
重力異常,cung1 läk6 yi6 söng4
寸絲不掛,cüng1 si1 bäk2 gwa1
傳動比,cüng4 dung6 bi2
傳呼電話,cüng4 fu1 ding6 wa2
傳教團,cüng4 gäu1 tüng4
傳審,cüng4 säm2
傳輸媒體,cüng4 sü1 mui4 täi2
傳種,cüng4 zung2
打八爪,da2 bæk2 zau2
打包單,da2 bau1 dæng1
打單信,da2 dæng1 säng1
打到瞓直,da2 däu1 fäng1 zäk6
打番幾鋪,da2 fæng1 gi2 pu1
打風球,da2 fung1 käu4
打嗝兒,da2 gæk2 yi4
打機室,da2 gi1 säk2
打鼓邊,da2 gwu2 bing1
打鞋碼,da2 hai4 ma1
打開心扉,da2 fui1 säm1 fi1
打魚佬,da2 yü4 läu2
打棚,da2 pæng4
打睡,da2 söi6
打信號,da2 säng1 häu6
打漿機,da2 zöng1 gi1
大便乾燥,dai6 bing6 gung1 cäu1
大放悲聲,dai6 fong1 bi1 säng1
大坑東道,dai6 hæng1 dung1 däu6
大開齋,dai6 fui1 zai1
大孖瘡,dai6 ma1 cong1
大面缽,dai6 ming6 buk2
大澳道,dai6 au1 däu6
大三度,dai6 sam1 du6
大棠山道,dai6 tong4 sæng1 däu6
大張聲勢,dai6 zöng1 säng1 säi1
單車鎖匙,dæng1 ce1 so2 si4
單車掣,dæng1 ce1 zäi1
單速車,dæng1 cuk2 ce1
單色畫,dæng1 säk2 wa6
彈藥箱,dæng6 yök6 söng1
彈子鎖,dæng6 zi2 so2
彈珠枱,dæng6 zü1 töi4
搭倒頭車,dap2 däu1 täu4 ce1
抵肚餓,däi2 tu1 ngo6
第二棵,däi6 yi6 fo2
第二雙,däi6 yi6 söng1
第二頭,däi6 yi6 täu4
得梅因,däk2 mui4 yäng1
得失參半,däk2 säk2 cam1 bung1
德華街,däk2 wa4 gai1
抌印,däm2 yäng1
等差數列,däng2 ca1 su1 lik6
凸面鏡,däk6 ming6 geng1
兜捕,däu1 bu6
兜路走,däu1 lu6 zäu2
兜鍪,däu1 mäu4
鬥頂,däu1 däng2
地拉那,di6 lai1 na1
釘錘,deng1 cöi4
釘鈀,deng1 pa4
掟石仔,deng1 sek6 zäi2
對口相聲,döi1 häu2 söng1 säng1
對空射擊,döi1 hung1 se6 gäk2
的黎波里,däk2 läi4 bo1 li1
電壓表,ding6 æk2 biu2
電動轉盤,ding6 dung6 züng1 pung4
電量表,ding6 löng6 biu2
電話區碼,ding6 wa2 kü1 ma1
丁香油,däng1 höng1 yäu4
汀太路,däng1 tai1 lu6
丟卒保車,diu1 zäk2 bäu2 ce1
調赴,diu6 fu6
多錢善賈,do1 cing4 sing6 gwu2
多財善賈,do1 cöi4 sing6 gwu2
多種經營,do1 zung2 gäng1 yäng4
噹噹車,dong1 dong1 ce1
當斷則斷,dong1 düng1 zäk2 düng1
當行出色,dong1 hong4 cäk2 säk2
都會道,du1 wui6 däu6
倒倉,däu2 cong1
倒海翻江,däu2 fui2 fæng1 gong1
倒弄,däu2 lung6
搗米,däu2 mai1
倒屎塔,däu2 si2 tap2
倒位,däu2 wäi6
倒嚼,däu2 zök2
倒休,däu1 yäu1
倒懸之急,däu1 yüng4 zi1 gäp2
道不拾遺,däu6 bäk2 säp6 wäi4
導向飛彈,däu6 höng1 fi1 dæng6
稻成,däu6 säng4
讀贏,duk6 yeng4
東勝道,dung1 säng1 däu6
東成里,dung1 säng4 li1
東頭灣道,dung1 täu4 wæng1 däu6
動能車,dung6 näng4 ce1
端面,düng1 ming6
短訓班,düng2 fäng1 bæng1
短中取長,düng2 zung1 cü2 cöng4
斷簡殘章,düng6 gæng2 cæng4 zöng1
花骨朵,fa1 gwäk2 do2
花朝節,fa1 ziu1 zik2
化學平衡,fa1 hok6 päng4 häng4
快掣,fai1 zäi1
番刀,fæng1 däu1
反攻為守,fæng2 gung1 wäi4 säu2
反映論,fæng2 yäng2 läng6
反袁鬥爭,fæng2 yüng4 däu1 zäng1
反射弧,fæng2 se6 wu4
反脣相譏,fæng2 säng4 söng1 gi1
繁難,fæng4 næng4
帆船仔,fæng4 süng4 zäi2
法爾卡什,fæk2 yi1 ka1 säp6
發泡劑,fæk2 päu1 zäi1
暉映,fäi1 yäng2
瞓一覺,fäng1 yäk2 gau1
拂士,fäk2 si6
浮質,fäu4 zäk2
浮腫病,fäu4 zung2 beng6
飛行艇,fi1 häng4 täng1
非常會議,fi1 söng4 wui6 yi1
扉畫,fi1 wa6
貨運卡車,fo1 wäng6 ka1 ce1
霍亂毒素,fok2 lüng6 duk6 su1
放幾日假,fong1 gi2 yäk6 ga1
放唔放假,fong1 m4 fong1 ga1
枯水位,fu1 söi2 wäi6
苦行贖罪,fu2 häng4 suk6 zöi6
富融銀行,fu1 yung4 ngäng4 hong4
附着物,fu6 zök6 mäk6
福佬村道,fuk2 läu2 cüng1 däu6
輻射波,fuk2 se6 bo1
服硬,fuk6 ngæng6
寬廣度,fung1 gwong2 du6
寬宏大度,fung1 wäng4 dai6 du6
風向針,fung1 höng1 zäm1
逢人便講,fung4 yäng4 bing6 gong2
縫衣工人,fung4 yi1 gung1 yäng4
加多樂,ga1 do1 lok6
嘉道理道,ga1 däu6 li1 däu6
加列山道,ga1 lik6 sæng1 däu6
假到死,ga2 däu1 si2
假道伐虢,ga2 däu6 fæk6 gwäk2
楷簿,gai1 bu2
街簿,gai1 bu2
階級成分,gai1 käp2 säng4 fäng6
解釦,gai2 käu1
解民倒懸,gai2 mäng4 däu2 yüng4
解釋器,gai2 säk2 hi1
革面洗心,gæk2 ming6 säi2 säm1
鹼性金屬,gæng2 säng1 gäm1 suk6
甲醇中毒,gap2 säng4 zung1 duk6
交叉學科,gau1 ca1 hok6 fo1
攪擾,gau2 yiu2
教區長,gäu1 kü1 zöng2
雞伯嶺路,gäi1 bæk2 leng1 lu6
雞公車,gäi1 gung1 ce1
金怡假期,gäm1 yi4 ga1 ki4
金華街,gäm1 wa4 gai1
贛劇,gäm1 kek6
噤聲令,gäm1 säng1 läng6
贛州,gäm1 zäu1
斤斤較量,gäng1 gäng1 gau1 löng6
梗約,gäng2 yök2
急驚,gäp2 geng1
狗膽包天,gäu2 dam2 bau1 ting1
九朵,gäu2 do2
九九重陽,gäu2 gäu2 cung4 yöng4
九校聯盟,gäu2 hau6 lüng4 mäng4
九面,gäu2 ming6
狗話連篇,gäu2 wa2 ling4 ping1
夠不着,gäu1 bäk2 zök6
夠得着,gäu1 däk2 zök6
舊調子,gäu6 diu6 zi2
幾十班,gi2 säp6 bæng1
紀傳體,gi2 züng6 täi2
句數,gü1 su1
檢波,gim2 bo1
見縫就鑽,ging1 fung6 zäu6 züng1
驚風駭浪,gäng1 fung1 hai1 long6
驚怪,gäng1 gwai1
經濟倉,gäng1 zäi1 cong1
敬請指教,gäng1 cäng2 zi2 gäu1
勁挺,gäng6 täng1
競爭產品,gäng6 zäng1 cæng2 bäng2
腳痕,gök2 häng4
殭屍茶包,göng1 si1 ca4 bau1
覺不覺得,gok2 bäk2 gok2 däk2
覺光,gok2 gwong1
各顯所長,gok2 hing2 so2 cöng4
乾草叉,gung1 cäu2 ca1
乾打壘,gung1 da2 löi1
崗背街,gong1 bui1 gai1
崗棯,gong1 nim1
講波箱,gong2 bo1 söng1
港澳生,gong2 au1 sæng1
降結腸,gong1 gik2 cöng4
高等代數,gäu1 däng2 döi6 su1
功夫球,gung1 fu1 käu4
工學士,gung1 hok6 si6
貢士,gung1 si6
掛號證,gwa1 häu6 zäng1
刮目相待,gwæk2 muk6 söng1 döi6
龜背竹,gwäi1 bui1 zuk2
鬼由心生,gwäi2 yäu4 säm1 säng1
軌跡球,gwäi2 zäk2 käu4
貴妃牀,gwäi1 fi1 cong4
貴人多忘,gwäi1 yäng4 do1 mong4
貴陽市,gwäi1 yöng4 si1
桂平,gwäi1 päng4
桂華山,gwäi1 wa4 sæng1
貴州街,gwäi1 zäu1 gai1
軍事素質,gwäng1 si6 su1 zäk2
君子之爭,gwäng1 zi2 zi1 zäng1
國內戰爭,gwok2 nöi6 zing1 zäng1
光照度,gwong1 ziu1 du6
廣州火車,gwong2 zäu1 fo2 ce1
下坑,ha6 hæng1
下一曲,ha6 yäk2 kuk2
下線儀式,ha6 sing1 yi4 säk2
行得起,hæng4 däk2 hi2
行地方,hæng4 di6 fong1
行多轉,hæng4 do1 züng2
行東行西,hæng4 dung1 hæng4 säi1
敲背,hau1 bui1
克頓道,häk2 däng6 däu6
黑道家族,häk2 däu6 ga1 zuk6
刻度盤,häk2 du6 pung4
刻苦鑽研,häk2 fu2 züng1 ying4
黑山頂,häk2 sæng1 deng2
黑體輻射,häk2 täi2 fuk2 se6
行不由徑,häng4 bäk2 yäu4 gäng1
衡量制,häng4 löng6 zäi1
行政救濟,häng4 zäng1 gäu1 zäi1
幸運道,häng6 wäng6 däu6
合縫,häp6 fung4
合成語音,häp6 säng4 yü1 yäm1
合眾為一,häp6 zung1 wäi4 yäk2
核地雷,häk6 di6 löi4
核對帳目,häk6 döi1 zöng1 muk6
核廢物,häk6 fäi1 mäk6
核飛彈,häk6 fi1 dæng6
核均勢,häk6 gwäng1 säi1
核推進,häk6 töi1 zäng1
後兩首,häu6 löng1 säu2
熙和街,hi1 wo4 gai1
喜車,hi2 ce1
氣不平,hi1 bäk2 päng4
汽車號牌,hi1 ce1 häu6 pai4
吃不來,hek2 bäk2 löi4
吃乾飯,hek2 gung1 fæng6
吃後悔藥,hek2 häu6 fui1 yök6
去長隆,hü1 cöng4 lung4
去粗取精,hü1 cu1 cü2 zäng1
去淡水,hü1 dam6 söi2
輕擊球,häng1 gäk2 käu4
興盛路,häng1 säng6 lu6
輕鐵車廠,häng1 tik2 ce1 cong2
輕質石油,häng1 zäk2 sek6 yäu4
脅從,hip2 cung4
河背街,ho4 bui1 gai1
荷花徑,ho4 fa1 gäng1
荷塘區,ho4 tong4 kü1
香車寶馬,höng1 ce1 bäu2 ma1
鄉城縣,höng1 säng4 yüng6
開錯口,fui1 co1 häu2
開明車馬,fui1 mäng4 gü1 ma1
開平區,fui1 päng4 kü1
海帆道,fui2 fæng4 däu6
海下灣,fui2 ha6 wæng1
殼質,hok2 zäk2
學校設施,hok6 hau6 cik2 si1
學校活動,hok6 hau6 wuk6 dung6
學生行為,hok6 sæng1 häng4 wäi4
學習刻苦,hok6 zap6 häk2 fu2
漢華中學,fung1 wa4 zung1 hok6
邯鄲縣,fung4 dæng1 yüng6
邯山,fung4 sæng1
康樂廣場,hong1 lok6 gwong2 cöng4
康莊道,hong1 zong1 däu6
好得滯,häu2 däk2 zäi6
好家伙,häu2 ga1 fo2
好老定,häu2 läu1 däng6
好命公,häu2 mäng6 gung1
好命佬,häu2 mäng6 läu2
好夢難成,häu2 mung6 næng4 säng4
好手腳,häu2 säu2 gök2
皓齒明眸,häu6 ci2 mäng4 mäu4
空間探測,hung1 gæng1 tam1 cäk2
空口無憑,hung1 häu2 mu4 päng4
胸有城府,hung1 yäu1 säng4 fu2
紅鸞道,hung4 lüng4 däu6
紅尾水鴝,hung4 mi1 söi2 kü4
飲食療養,yäm2 säk6 liu4 yöng1
壬辰倭亂,yäm4 säng4 wo1 lüng6
欣澳道,yäng1 au1 däu6
仁濟二中,yäng4 zäi1 yi6 zung1
引鬼上門,yäng1 gwäi2 söng1 mung4
紉針,yäng6 zäm1
入伍生,yäp6 ng1 säng1
一把好手,yäk2 ba2 häu2 säu2
一級士官,yäk2 käp2 si6 gwung1
一兩毫,yäk2 löng1 häu4
一兩排,yäk2 löng1 pai4
一兩歲,yäk2 löng1 söi1
一木難支,yäk2 muk6 næng4 zi1
一式二份,yäk2 säk2 yi6 fäng6
日掛夜掛,yäk6 gwa1 ye6 gwa1
日月年,yäk6 ngük6 ning4
日月食,yäk6 ngük6 säk6
溢位,yäk6 wäi6
憂勞成疾,yäu1 läu4 säng4 zäk6
油加利,yäu4 ga1 li6
游行示威,yäu4 häng4 si6 wäi1
油香餅,yäu4 höng1 beng2
油性筆,yäu4 säng1 bäk2
友翔道,yäu1 cöng4 däu6
有冇假放,yäu1 mäu1 ga1 fong1
有損壓縮,yäu1 süng2 æk2 suk2
耶魯拼音,ye4 lu1 päng1 yäm1
伊斯梅爾,yi1 si1 mui4 yi1
咦點解,yi2 dim2 gai2
疑難解答,yi4 næng4 gai2 dap2
以點帶面,yi1 dim2 dai1 ming6
耳骨硬,yi1 gwäk2 ngæng6
以權壓法,yi1 küng4 æk2 fæk2
耳仔窿,yi1 zäi2 lung1
二重性,yi6 cung4 säng1
異讀詞,yi6 duk6 ci4
二東山,yi6 dung1 sæng1
二伏,yi6 fuk6
肄業生,yi6 yip6 säng1
二氧化鈾,yi6 yöng1 fa1 yäu4
二級士官,yi6 käp2 si6 gwung1
二者之一,yi6 ze2 zi1 yäk2
二進制碼,yi6 zäng1 zäi1 ma1
異裝癖,yi6 zong1 päk2
驛使,yäk6 si1
翼側,yäk6 zäk2
研考,ying4 hau2
研求,ying4 käu4
延時攝影,ying4 si4 sip2 yäng2
凝固點,yäng4 gwu1 dim2
凝液,yäng4 yäk6
楊凝式,yöng4 yäng4 säk2
羊水穿刺,yöng4 söi2 cüng1 ci1
養生送死,yöng1 säng1 sung1 si2
肉嘟嘟,yuk6 du1 du1
肉中毒,yuk6 zung1 duk6
雍盛苑,yung1 säng6 yüng2
榆錢,yü4 cing4
瑜伽墊,yü4 ga1 zing1
漁光道,yü4 gwong1 däu6
乳部,yü1 bu6
預防為主,yü6 fong4 wäi4 zü2
遇事生風,yü6 si6 säng1 fung1
冤口冤面,yüng1 häu2 yüng1 ming6
圓面積,yüng4 ming6 zäk2
元惡,yüng4 ok2
圓屋頂,yüng4 uk2 deng2
原子數,yüng4 zi2 su1
遠端轉移,yüng1 düng1 züng2 yi4
月經墊,ngük6 gäng1 zing1
月岩,ngük6 ngam4
月台票,ngük6 töi4 piu1
卡布其諾,ka1 bu1 ki4 nok6
卡爾紮伊,ka1 yi1 zæk2 yi1
卡盤,ka1 pung4
楷書體,kai2 sü1 täi2
啟德隧道,käi2 däk2 söi6 däu6
啟福道,käi2 fuk2 däu6
禁磨,gäm1 mo4
琴調,käm4 diu6
擒上樹,käm4 söng1 sü6
吸收劑量,käp2 säu1 zäi1 löng6
扱手,käp2 säu2
扣賬卡,käu1 zöng1 kæk2
球蟲,käu4 cung4
球芽甘藍,käu4 nga4 gäm1 lam4
鉗嘴鸛,kim4 zöi2 gwung1
翹鼻麻鴨,kiu4 bi6 ma4 ap2
強迫觀念,köng4 bäk2 gwung1 nim6
強幹,köng4 gwung1
強嘴,köng1 zöi2
概數,kwui1 su1
窮凶極惡,kung4 hung1 gik6 ok2
癩皮病,lai1 pi4 beng6
懶過條蛇,læng1 gwo1 tiu4 se4
爛口角,læng6 häu2 gok2
爛天花,læng6 ting1 fa1
麗景道,läi6 gäng2 däu6
林奠月娥,läm4 ding6 ngük6 ngo4
臨界質量,läm4 gai1 zäk2 löng6
林健華,läm4 ging6 wa4
淋球菌,läm4 käu4 kwäng2
流球羣島,läu4 käu4 kwäng4 däu2
琉球羣島,läu4 käu4 kwäng4 däu2
劉永生,läu4 wäng1 säng1
李卓庭,li1 cök2 täng4
理科學士,li1 fo1 hok6 si6
李季蘭,li1 gwäi1 læng4
李汝珍,li1 yü1 zäng1
李劼人,li1 kik2 yäng4
李麗芬,li1 läi6 fäng1
李美嫦,li1 mi1 söng4
理平頭,li1 päng4 täu4
李天縱,li1 ting1 zung1
李屋,li1 uk2
李祉均,li1 zi2 gwäng1
靚溜,leng1 läu6
領釦,leng1 käu1
粼粼碧波,läng4 läng4 bäk2 bo1
力量均衡,läk6 löng6 gwäng1 häng4
連德道,ling4 däk2 däu6
連汁撈埋,ling4 zäp2 läu1 mai4
凌波舞,läng4 bo1 mu1
靈快,läng4 fai1
靈氣療法,läng4 hi1 liu4 fæk2
聊以解悶,liu4 yi1 gai2 mung6
騾馬大車,lo4 ma1 dai6 ce1
量程,löng4 cäng4
良家女子,löng4 ga1 nü1 zi2
梁上君子,löng4 söng6 gwäng1 zi2
兩把刷子,löng1 ba2 cak2 zi2
兩寸,löng1 cüng1
兩粵,löng1 yük6
兩撇雞,löng1 pik2 gäi1
兩三隊,löng1 sam1 döi6
兩三股,löng1 sam1 gwu2
兩三級,löng1 sam1 käp2
兩三席,löng1 sam1 zäk6
兩扇,löng1 sing1
兩性差距,löng1 säng1 ca1 kü1
兩節棍,löng1 zik2 gwäng1
樂民新村,lok6 mäng4 säng1 cüng1
浪唔浪費,long6 m4 long6 fäi1
顱頂骨,lu4 däng2 gwäk2
老用户,läu1 yung6 wu6
老來俏,läu1 löi4 ciu1
老馬戀棧,läu1 ma1 lüng2 zæng6
老視,läu1 si6
老少無欺,läu1 siu1 mu4 hi1
老着臉,läu1 zök6 lim1
六朵,luk6 do2
六面體,luk6 ming6 täi2
綠女紅男,luk6 nü1 hung4 nam4
唔曾,m4 cäng4
馬兜鈴科,ma1 däu1 läng4 fo1
馬尾下,ma1 mi1 ha6
螞蟻銀行,ma1 ngäi1 ngäng4 hong4
馬莎百貨,ma1 sa1 bæk2 fo1
馬頭壩道,ma1 täu4 ba1 däu6
萬靈節,mæng6 läng4 zik2
萬死一生,mæng6 si2 yäk2 säng1
迷惑不解,mäi4 wæk6 bäk2 gai2
麥蓋提縣,mæk6 gwui1 täi4 yüng6
麥國風,mæk6 gwok2 fung1
麥克米蘭,mæk6 häk2 mai1 læng4
麥爾維爾,mæk6 yi1 wäi4 yi1
麥粒腫,mæk6 näp2 zung2
麥胚,mæk6 pui1
默書簿,mäk6 sü1 bu2
墨暈,mäk6 wäng6
墨紙,mäk6 zi2
文白異讀,mäng4 bæk6 yi6 duk6
民樂街,mäng4 lok6 gai1
文成武德,mäng4 säng4 mu1 däk2
問責局長,mäng6 zæk2 guk6 zöng2
掹得住,mäng1 däk2 zü6
掹雞豆皮,mäng1 gäi1 däu6 pi4
掹緊,mäng1 gäng2
乜款,mäk2 fung2
謬種,mäu6 zung2
孭鐵,me1 tik2
孭周身債,me1 zäu1 säng1 zai1
孭住藥煲,me1 zü6 yök6 bäu1
眉毛鉗,mi4 mäu4 kim4
眉眼傳情,mi4 ngæng1 cüng4 cäng4
美差事,mi1 cai1 si6
尾鑊,mi1 wok6
覓食行為,mäk6 säk6 häng4 wäi4
面洽,ming6 häp2
面口差,ming6 häu2 ca1
面諭,ming6 yü6
面惡心善,ming6 ok2 säm1 sing6
磨嘴皮,mo4 zöi2 pi4
剝光衫褲,mok2 gwong1 sam1 fu1
妄下判斷,mong1 ha6 pung1 düng6
網開三面,mong1 fui1 sam1 ming6
巫士,mu4 si6
模式種,mu4 säk2 zung2
無線咪,mu4 sing1 mäi1
冇記得,mäu1 gi1 däk2
武經總要,mu1 gäng1 zung2 yiu1
冇術,mäu1 säk6
武裝侵略,mu1 zong1 cäm1 lök6
梅光軒,mui4 gwong1 hing1
梅核氣,mui4 wäk6 hi1
梅窩碼頭,mui4 wo1 ma1 täu4
木管樂器,muk6 gwung2 ngok6 hi1
目挑心招,muk6 tiu1 säm1 ziu1
木湖,muk6 wu4
滿打滿算,mung1 da2 mung1 süng1
懵口懵面,mung2 häu2 mung2 ming6
矇眼仔,mung4 ngæng1 zäi2
沒緊要,muk6 gäng2 yiu1
沒上沒下,muk6 söng6 muk6 ha6
那束,na1 cuk2
那頂,na1 deng2
哪顆,na1 fo2
那粒,na1 näp2
那枝,na1 zi1
那株,na1 zü1
南奧塞梯,nam4 äu1 cöi1 täi1
男性親屬,nam4 säng1 cäng1 suk6
男性厭惡,nam4 säng1 yim1 wu1
難於接近,næng4 yü1 zip2 gäng6
難聽到死,næng4 teng1 däu1 si2
泥尾,näi4 mi1
凹凸印,näp2 däk6 yäng1
凹雕,näp2 diu1
朽爛,näu2 læng6
女人腔,nü1 yäng4 hong1
女兒牆,nü1 yi4 cöng4
女衫,nü1 sam1
女性厭惡,nü1 säng1 yim1 wu1
女媧氏,nü1 wo1 si6
五苓散,ng1 läng4 sæng2
五黃六月,ng1 wong4 luk6 ngük6
衙前塱道,nga4 cing4 long1 däu6
眼公仔,ngæng1 gung1 zäi2
硬打硬,ngæng6 da2 ngæng6
偽朝,ngäi6 ciu4
鈎稽,ngäu1 käi1
牛年馬月,ngäu4 ning4 ma1 ngük6
鵝行鴨步,ngo4 hæng4 ap2 bu6
外孫女兒,wui6 süng1 nü1 yi4
外照射,wui6 ziu1 se6
戇頭戇腦,ngong6 täu4 ngong6 näu1
鳥胺酸,niu1 wung1 süng1
糯米甜酒,no6 mai1 tim4 zäu2
農夫車,nung4 fu1 ce1
愛港力量,wui1 gong2 läk6 löng6
愛遊玩,wui1 yäu4 wung6
惡恨,ok2 häng6
惡語傷人,ok2 yü1 söng1 yäng4
拍門收數,pæk2 mung4 säu1 su1
拋下錨,pau1 ha6 nau4
泡子,pau1 zi2
憑靠,päng4 kau1
裨補,pi4 bu2
片麻岩,ping1 ma4 ngam4
平均劑量,päng4 gwäng1 zäi1 löng6
平衡態,päng4 häng4 tai1
平原河,päng4 yüng4 ho4
瓶領,päng4 läng1
平安茶,päng4 wung1 ca4
平靖,päng4 zäng6
飄拂,piu1 fäk2
鋪話法,pu1 wa6 fæk2
普通道,pu2 tung1 däu6
泡騰,päu1 täng4
胚胎發生,pui1 töi1 fæk2 säng1
配給量,pui1 käp2 löng6
蓬頭散髮,pung4 täu4 sæng1 fæk2
潑水難收,puk2 söi2 næng4 säu1
沙地話,sa1 di6 wa2
沙下,sa1 ha6
沙嘴道,sa1 zöi2 däu6
沙磧,sa1 zäk2
三朵,sam1 do2
三日兩頭,sam1 yäk6 löng1 täu4
三言兩句,sam1 ying4 löng1 gü1
三面體,sam1 ming6 täi2
山道年,sæng1 däu6 ning4
山谷道,sæng1 guk2 däu6
散散收收,sæng2 sæng2 säu1 säu1
散心解悶,sæng1 säm1 gai2 mung6
生墳,sæng1 fäng4
颯颯聲,sap2 sap2 säng1
煞尾,sæk2 mi1
洗髮香波,säi2 fæk2 höng1 bo1
使脾氣,säi2 pi4 hi1
深水灣道,säm1 söi2 wæng1 däu6
沈河,säm2 ho4
沈威,säm2 wäi1
新山道,säng1 sæng1 däu6
新成路,säng1 säng4 lu6
新中華,säng1 zung1 wa4
神神經經,säng4 säng4 gäng1 gäng1
腎盂炎,säng6 yü4 yim4
生物測定,säng1 mäk6 cäk2 däng6
生物戰劑,säng1 mäk6 zing1 zäi1
濕包,säp2 bau1
十多道,säp6 do1 däu6
十二角形,säp6 yi6 gok2 yäng4
十二面體,säp6 yi6 ming6 täi2
實際困難,säk6 zäi1 kwäng1 næng4
收簿,säu1 bu2
受降儀式,säu6 hong4 yi4 säk2
受災面積,säu6 zöi1 ming6 zäk2
捨正從邪,se2 zäng1 cung4 ce4
蛇殼,se4 hok2
四大鬚生,si1 dai6 su1 säng1
四四聲,si1 si1 säng1
四丈,si1 zöng6
錫伯族,sek2 bæk2 zuk6
石油蠟,sek6 yäu4 lap6
石湖新村,sek6 wu4 säng1 cüng1
聲喉,säng1 häu4
成個彈起,seng4 go1 dæng6 hi2
成朝早,seng4 ziu1 zäu2
水滸全傳,söi2 wu2 cüng4 züng6
水滸後傳,söi2 wu2 häu6 züng6
水蕉老圍,söi2 ziu1 läu1 wäi4
信息靈通,säng1 säk2 läng4 tung1
嘶啞聲,si1 a2 säng1
獅子石道,si1 zi2 sek6 däu6
使受傷,si2 säu6 söng1
嗜痂成癖,si3 ga1 säng4 päk2
試吃品,si1 hek2 bäng2
嗜殺成性,si3 sæk2 säng4 säng1
市長盃,si1 zöng2 bui1
士丹頓街,si6 dæng1 däng6 gai1
士丹利街,si6 dæng1 li6 gai1
事乾,si6 gung1
色度計,säk2 du6 gäi1
色拉油,säk2 lai1 yäu4
淅瀝瀝,säk2 läk2 läk2
食霸王飯,säk6 ba1 wong4 fæng6
食蟲目,säk6 cung4 muk6
食啖,säk6 dam6
食管癌,säk6 gwung2 ngam4
食果果,säk6 gwo2 gwo2
食人隻車,säk6 yäng4 zek2 gü1
食懵你,säk6 mung2 ni1
鮮油包,sing1 yäu4 bau1
鮮選壽司,sing1 süng2 säu6 si1
先旨聲明,sing1 zi2 säng1 mäng4
線上音樂,sing1 söng6 yäm1 ngok6
聲名大震,säng1 mäng4 dai6 zäng1
聖道迦南,säng1 däu6 ga1 nam4
聖神降臨,säng1 säng4 gong1 läm4
乘法表,säng4 fæk2 biu2
乘火打劫,säng4 fo2 da2 gip2
成語接龍,säng4 yü1 zip2 lung4
成雙作對,säng4 söng1 zok2 döi1
盛福街,säng6 fuk2 gai1
盛泰道,säng6 tai1 däu6
消愁解悶,siu1 säu4 gai2 mung6
小便斗,siu2 bing6 däu2
少塊肉,siu2 fai1 yuk6
少府,siu1 fu2
兆電子伏,siu6 ding6 zi2 fuk6
梳西裝,so1 säi1 zong1
削梨,sök2 li4
相對論性,söng1 döi1 läng6 säng1
相對密度,söng1 döi1 mäk6 du6
雙肩包,söng1 ging1 bau1
雙槓體操,söng1 gong1 täi2 cäu1
相去無幾,söng1 hü1 mu4 gi2
湘潭,söng1 tam4
上唔上水,söng1 m4 söng1 söi2
上齶,söng6 ngok6
上尉軍官,söng6 wäi1 gwäng1 gwung1
上中農,söng6 zung1 nung4
鰓裂,söi1 lik6
桑間濮上,song1 gæng1 buk6 söng6
蘇打餅乾,su1 da2 beng2 gung1
蘇呼米,su1 fu1 mai1
數百倍,su1 bæk2 pui1
數層,su1 cäng4
數千架,su1 cing1 ga1
數份,su1 fäng6
掃灰水,säu1 fui1 söi2
數據介面,su1 gü1 gai1 ming6
數具,su1 gü6
數羣,su1 kwäng4
數片,su1 ping1
數十口,su1 säp6 häu2
數十枚,su1 säp6 mui4
數十條,su1 säp6 tiu4
數十張,su1 säp6 zöng1
數字信號,su1 zi6 säng1 häu6
數宗,su1 zung1
縮衣節食,suk2 yi1 zik2 säk6
熟啤酒,suk6 be1 zäu2
熟片,suk6 ping2
宋平,sung1 päng4
鼠肚雞腸,sü2 tu1 gäi1 cöng4
樹仔頭,sü6 zäi2 täu4
算術平均,süng1 säk6 päng4 gwäng1
旋轉極,süng4 züng2 gik6
旋轉運動,süng4 züng2 wäng6 dung6
雪仗,sük2 zöng1
太空舞步,tai1 hung1 mu1 bu6
太平鳥,tai1 päng4 niu1
太和商場,tai1 wo4 söng1 cöng4
潭影,tam4 yäng2
譚李麗芬,tam4 li1 läi6 fäng1
談判制度,tam4 pung1 zäi1 du6
談吐之間,tam4 tu1 zi1 gæng1
塔木德經,tap2 muk6 däk2 gäng1
體大思精,täi2 dai6 si1 zäng1
體內平衡,täi2 nöi6 päng4 häng4
透明程度,täu1 mäng4 cäng4 du6
透視畫法,täu1 si6 wa6 fæk2
投影面,täu4 yäng2 ming6
踢馬刺,tek2 ma1 ci1
踢着腳,tek2 zök6 gök2
聽下聽下,teng1 ha1 teng1 ha1
艇心,täng1 säm1
天搖地轉,ting1 yiu4 di6 züng2
天平商場,ting1 päng4 söng1 cöng4
停經期,täng4 gäng1 ki4
挑腳,tiu1 gök2
調測,tiu4 cäk2
調謔,tiu4 yök6
調唆,tiu4 so1
拖吊車,to1 diu1 ce1
湯浴,tong1 yuk6
討米,täu2 mai1
兔仔跳,tu1 zäi2 tiu1
圖形界面,tu4 yäng4 gai1 ming6
桃園圍,täu4 yüng4 wäi4
肚煲,tu1 bäu1
肚赤,tu1 cek2
通行本,tung1 häng4 bung2
同性相斥,tung4 säng1 söng1 cäk2
華景山路,wa4 gäng2 sæng1 lu6
華蘭路,wa4 læng4 lu6
話癆,wa6 läu4
歪七扭八,wai1 cäk2 näu2 bæk2
劃花口面,wæk6 fa1 häu2 ming6
畫花口面,wæk6 fa1 häu2 ming6
玩卧底,wæng4 ngo6 däi2
環仔,wæng4 zäi2
橫剖面,wæng4 fäu2 ming6
遺傳信息,wäi4 cüng4 säng1 säk2
維園道,wäi4 yüng4 däu6
為時不晚,wäi4 si4 bäk2 mæng1
圍城打援,wäi4 säng4 da2 wung4
為得朋友,wäi6 däk2 päng4 yäu1
衞生用紙,wäi6 säng1 yung6 zi2
衞生陶瓷,wäi6 säng1 täu4 ci4
衞城道,wäi6 säng4 däu6
衞城里,wäi6 säng4 li1
雲景道,wäng4 gäng2 däu6
暈血,wäng4 hük2
雲消霧散,wäng4 siu1 mu6 sæng1
暈頭暈腦,wäng4 täu4 wäng4 näu1
永泰道,wäng1 tai1 däu6
永和街,wäng1 wo4 gai1
倭軍,wo1 gwäng1
禍棗災梨,wo6 zäu2 zöi1 li4
黃熱病毒,wong4 ngik6 beng6 duk6
王少清,wong4 siu1 cäng1
王華湘,wong4 wa4 söng1
皇皇巨著,wong4 wong4 gü6 zü1
弧長,wu4 cöng4
胡吃海喝,wu4 hek2 fui2 fuk2
護法戰爭,wu6 fæk2 zing1 zäng1
户口調查,wu6 häu2 diu6 ca4
回車鍵,wui4 ce1 ging6
回籠覺,wui4 lung4 gau1
會計科目,wui6 gäi1 fo1 muk6
匯劃,wui6 wæk6
乍青乍白,za1 ceng1 za1 bæk6
炸油餅,za1 yäu4 beng2
擇刺,zæk6 ci1
爭埋單,zæng1 mai4 dæng1
爭生爭死,zæng1 säng1 zæng1 si2
閘側,zap6 zäk2
扎啤,zæk2 be1
抓瞎,zau2 häk6
掣板,zäi1 bæng2
側邊欄,zäk2 bing1 læng4
側鋒,zäk2 fung1
針葉植物,zäm1 yip6 zäk6 mäk6
針球,zäm1 käu4
質量保障,zäk2 löng6 bäu2 zöng1
質量數,zäk2 löng6 su1
鄒家華,zäu1 ga1 wa4
借問一聲,ze1 mäng6 yäk2 säng1
脊柱側凸,zek2 cü1 zäk2 däk6
井頭,zäng2 täu4
鄭健樂,zäng6 ging6 lok6
鄭易里,zäng6 yäk6 li1
錐尖,zöi1 zim1
嶼南道,zü6 nam4 däu6
俊拔,zäng1 bäk6
孳乳,zi1 yü1
芝麻仔,zi1 ma4 zäi2
枝節橫生,zi1 zik2 wæng4 säng1
恣行無忌,zi1 häng4 mu4 gi6
致死劑量,zi1 si2 zäi1 löng6
志和街,zi1 wo4 gai1
自卸車,zi6 se1 ce1
巳蛇,zi6 se4
積錢,zäk2 cing4
即映即有,zik2 yäng2 zik2 yäu1
職業素質,zäk2 yip6 su1 zäk2
直覺性,zäk6 gok2 säng1
尖頭倒腳,zim1 täu4 däu1 gök2
櫼頭倒腳,zim1 täu4 däu1 gök2
精彩人生,zäng1 cöi2 yäng4 säng1
精雕細刻,zäng1 diu1 säi1 häk2
精唔精神,zäng1 m4 zäng1 säng4
精密化,zäng1 mäk6 fa1
精明強幹,zäng1 mäng4 köng4 gwung1
精神狂亂,zäng1 säng4 kwong4 lüng6
整倍數,zäng2 pui1 su1
正斷層,zäng1 düng6 cäng4
正義鬥爭,zäng1 yi6 däu1 zäng1
正常包,zäng1 söng4 bau1
靜坐不動,zäng6 zo6 bäk2 dung6
浙贛,zik2 gäm1
截長補短,zik6 cöng4 bu2 düng2
蕉蕾,ziu1 löi4
朝拍晚播,ziu1 pæk2 mæng1 bo1
招災惹禍,ziu1 zöi1 ye1 wo6
焦作,ziu1 zok2
坐不垂堂,zo6 bäk2 söi4 tong4
坐便器,zo6 bing6 hi1
坐觀成敗,zo6 gwung1 säng4 bai6
坐視無睹,zo6 si6 mu4 du2
着人舊鞋,zök2 yäng4 gäu6 hai4
着火點,zök6 fo2 dim2
着慌,zök6 fong1
張國強,zöng1 gwok2 köng4
長西裝,zöng2 säi1 zong1
裝不裝,zong1 bäk2 zong1
裝傻扮懵,zong1 so4 bæng6 mung2
早老素,zäu2 läu1 su1
做埋老襯,zu6 mai4 läu1 cäng1
竹葉青蛇,zuk2 yip6 cäng1 se4
捉墨魚,zuk2 mäk6 yü4
中程飛彈,zung1 cäng4 fi1 dæng6
中景道,zung1 gäng2 däu6
舂下舂下,zung1 ha1 zung1 ha1
中下階級,zung1 ha6 gai1 käp2
中峽道,zung1 hap6 däu6
舂磡角道,zung1 häm1 gok2 däu6
中控面板,zung1 hung1 ming6 bæng2
縱裂,zung1 lik6
中文數字,zung1 mäng4 su1 zi6
中轉倉,zung1 züng2 cong1
重義輕利,zung6 yi6 häng1 li6
豬乸上樹,zü1 na2 söng1 sü6
諸城,zü1 säng4
豬小肚,zü1 siu2 tu1
煮好飯,zü2 häu2 fæng6
尊賢使能,züng1 ying4 si2 näng4
轉帆,züng2 fæng4
轉義,züng2 yi6
轉戰千里,züng2 zing1 cing1 li1
轉動軸,züng1 dung6 zuk6
轉矩,züng1 gü2
轉唔轉行,züng1 m4 züng1 hong4
轉紐,züng1 näu2
絕代美女,zük6 döi6 mi1 nü1
塞拉耶佛,cöi1 lai1 ye4 fäk6
遊艇徑,yäu4 täng1 gäng1
這朵,ze1 do2
證券經營,zäng1 hüng1 gäng1 yäng4
圓蹄,yüng4 täi4
交易處理,gau1 yäk6 cü1 li1
刻鵠類鶩,hæk2 huk6 löi6 mu6
恩重如山,yäng1 cung1 yü4 sæng1
恩重如山,yäng1 zung6 yü4 sæng1
好撚重口,häu2 näng2 cung1 häu2
亞瑟士,a1 säk2 si6
罌粟種子,æng1 suk2 zung2 zi2
壓而不服,æk2 yi4 bäk2 fuk6
壓力強度,æk2 läk6 köng4 du6
白揀,bæk6 gæng2
班地喱,bæng1 di6 li1
班什,bæng1 säp6
扮裝皇后,bæng6 zong1 wong4 häu6
八仔機,bæk2 zäi2 gi1
包尾油,bau1 mi1 yäu4
包皮環境,bau1 pi4 wæng4 gäng2
鮑參翅肚,bau1 säm1 ci1 tu1
包華士道,bau1 wa4 si6 däu6
包撞板,bau1 zong6 bæng2
崩裝,bäng1 zong1
不易之論,bäk2 yäk6 zi1 läng6
不落痕跡,bäk2 lok6 häng4 zäk2
不問好歹,bäk2 mäng6 häu2 dai2
不平而鳴,bäk2 päng4 yi4 mäng4
不足齒數,bäk2 zuk2 ci2 su1
啤把,be1 ba2
俾鬼迷,bi2 gwäi2 mäi4
俾下面,bi2 ha6 ming6
俾人燉,bi2 yäng4 däng6
俾人識穿,bi2 yäng4 säk2 cüng1
俾天收,bi2 ting1 säu1
被動吸煙,bi6 dung6 käp2 ying1
被動免疫,bi6 dung6 ming1 yäk6
被加數,bi6 ga1 su1
被上訴人,bi6 söng6 su1 yäng4
逼人哋,bäk2 yäng4 di1
邊防要塞,bing1 fong4 yiu1 cöi1
邊夠時間,bing1 gäu1 si4 gæng1
便函,bing6 ham4
便衣兵,bing6 yi1 bäng1
屏退,bäng2 töi1
丙子戰爭,bäng2 zi2 zing1 zäng1
炳着,bäng2 zök6
並行計算,bäng6 häng4 gäi1 süng1
波波腸,bo1 bo1 cöng4
波波燈,bo1 bo1 däng1
波美度,bo1 mi1 du6
玻片,bo1 ping1
扑親,bok2 cäng1
博覽道中,bok2 lam1 däu6 zung1
薄油層,bok6 yäu4 cäng4
保甲制度,bäu2 gap2 zäi1 du6
寶覺小學,bäu2 gok2 siu2 hok6
報錯價,bäu1 co1 ga1
布鞋仔,bu1 hai4 zäi2
部分值,bu6 fäng6 zäk6
步行蟲,bu6 häng4 cung4
暴龍科,bäu6 lung4 fo1
簿籍,bu6 zäk6
背脊厚,bui1 zek2 häu1
本底調查,bung2 däi2 diu6 ca4
本壘打,bung2 löi1 da2
本位音,bung2 wäi6 yäm1
半自耕農,bung1 zi6 gæng1 nung4
差不離,ca1 bäk2 li4
茶片,ca4 ping1
擦鞋墊,cæk2 hai4 zing1
妻妾成羣,cäi1 cip2 säng4 kwäng4
測量學,cäk2 löng4 hok6
沉凝,cäm4 yäng4
陳樂頤,cäng4 lok6 yi4
七番,cäk2 fæng1
七月七號,cäk2 ngük6 cäk2 häu6
七種武器,cäk2 zung2 mu1 hi1
醜甩耳仔,cäu2 läk2 yi1 zäi2
湊細蚊仔,cäu1 säi1 mäng1 zäi2
囚首垢面,cäu4 säu2 gäu1 ming6
車牀,ce1 cong4
斜長石,ce4 cöng4 sek6
斜鈎,ce4 ngäu1
斜射球,ce4 se6 käu4
請嘢,ceng2 ya1
請食凍柑,ceng2 säk6 dung1 gäm1
刺胞,ci1 bau1
刺戟,ci1 gäk2
刺絲胞,ci1 si1 bau1
恃強欺弱,ci1 köng4 hi1 yök6
諂上欺下,cim2 söng6 hi1 ha6
前仔,cing4 zäi2
清腸寡肚,cäng1 cöng4 gwa2 tu1
青鮫,cäng1 gau1
青江菜,cäng1 gong1 cöi1
稱孤道寡,cäng1 gwu1 däu6 gwa2
青宮,cäng1 gung1
青康路,cäng1 hong1 lu6
青年幹部,cäng1 ning4 gwung1 bu6
青年營,cäng1 ning4 yäng4
青葙,cäng1 söng1
青檀,cäng1 tæng4
切骨之仇,cik2 gwäk2 zi1 säu4
切平面,cik2 päng4 ming6
朝鮮太宗,ciu4 sing1 tai1 zung1
錯誤碼,co1 ng6 ma1
坐茶監,co1 ca4 gam1
長班車,cöng4 bæng1 ce1
長義街,cöng4 yi6 gai1
長流流,cöng4 läu4 läu4
長寧街,cöng4 näng4 gai1
長平公主,cöng4 päng4 gung1 zü2
腸套疊,cöng4 täu1 dip6
長征軍,cöng4 zäng1 gwäng1
蒼背山雀,cong1 bui1 sæng1 zök2
瘡痕,cong1 häng4
醋種,cu1 zung2
沖淡水,cung1 tam1 söi2
重定向,cung4 däng6 höng1
重結晶,cung4 gik2 zäng1
重慶火鍋,cung4 häng1 fo2 wo1
重巒疊嶂,cung4 lüng4 dip6 zöng1
重碼,cung4 ma1
重新長大,cung4 säng1 zöng2 dai6
重立立,cung1 läp6 läp6
重手重腳,cung1 säu2 cung1 gök2
儲精囊,cü1 zäng1 nong4
忖量,cüng2 löng4
串仔,cüng1 zäi2
存簿,cüng4 bu2
傳出神經,cüng4 cäk2 säng4 gäng1
傳道部,cüng4 däu6 bu6
傳入神經,cüng4 yäp6 säng4 gäng1
傳信鴿,cüng4 säng1 gäp2
傳輸協定,cüng4 sü1 hip2 däng6
傳輸控制,cüng4 sü1 hung1 zäi1
打燈謎,da2 däng1 mai4
打富濟貧,da2 fu1 zäi1 päng4
打機去,da2 gi1 hü1
打腳骨,da2 gök2 gwäk2
打工廠工,da2 gung1 cong2 gung1
打孔鑽,da2 hung2 züng1
打箍,da2 kwu1
打羣架,da2 kwäng4 ga1
打蛇不死,da2 se4 bäk2 si2
打禪,da2 sim4
打小算盤,da2 siu2 süng1 pung4
打製石器,da2 zäi1 sek6 hi1
打字法,da2 zi6 fæk2
大度包容,dai6 du6 bau1 yung4
大家坐低,dai6 ga1 co1 däi1
大學道,dai6 hok6 däu6
大襟衫,dai6 käm1 sam1
大連排道,dai6 ling4 pai4 däu6
大麥地,dai6 mæk6 di6
大網仔路,dai6 mong1 zäi2 lu6
大細老嫩,dai6 säi1 läu1 nüng6
大寫數字,dai6 se2 su1 zi6
大成小學,dai6 säng4 siu2 hok6
擔荷,dam1 ho6
彈弓牀,dæng6 gung1 cong4
彈簧椅,dæng6 wong4 yi2
踏青賞花,dap6 cäng1 söng2 fa1
第二打,däi6 yi6 da1
第二滴,däi6 yi6 däk6
第二碟,däi6 yi6 dip6
第二發,däi6 yi6 fæk2
第二顆,däi6 yi6 fo2
第二拳,däi6 yi6 küng4
第二艘,däi6 yi6 säu2
等壓線,däng2 æk2 sing1
兜篤將軍,däu1 duk2 zöng1 gwäng1
兜兒,däu1 yi4
地理緯度,di6 li1 wäi1 du6
堆高車,döi1 gäu1 ce1
對講電話,döi1 gong2 ding6 wa2
滴水石穿,däk6 söi2 sek6 cüng1
點心卡,dim2 säm1 ka1
典質,ding2 zäk2
電磁噪聲,ding6 ci4 cäu1 säng1
電傳機,ding6 cüng4 gi1
電纜接頭,ding6 lam6 zip2 täu4
電陶爐,ding6 täu4 lu4
電話講緊,ding6 wa2 gong2 gäng2
電子行業,ding6 zi2 hong4 yip6
貂禪,diu1 sim4
調參,diu6 cam1
調號,diu6 häu6
多吃多佔,do1 hek2 do1 zim1
多謀善斷,do1 mäu4 sing6 düng6
代數式,döi6 su1 säk2
度嘢,dok6 ya1
嘟嘟噥噥,du1 du1 nung4 nung4
杜梨,du6 li4
毒蠅傘,duk6 ying4 sæng1
讀者羣,duk6 ze2 kwäng4
東部華僑,dung1 bu6 wa4 kiu4
東征西怨,dung1 zäng1 säi1 yüng1
化化聲,fa1 fa1 säng1
快放假,fai1 fong1 ga1
翻揀,fæng1 gæng2
番狗仔,fæng1 gäu2 zäi2
翻老賬,fæng1 läu1 zöng1
反射定律,fæng2 se6 däng6 läk6
范長龍,fæng6 cöng4 lung4
飯堂吃飯,fæng6 tong4 hek2 fæng6
法國長棍,fæk2 gwok2 cöng4 gwäng1
發聲器官,fæk2 säng1 hi1 gwung1
粉嶺樓路,fäng2 leng1 läu4 lu6
瞓懶覺,fäng1 læng1 gau1
佛話,fäk6 wa6
剖肝瀝膽,fäu2 gwung1 läk6 dam2
浮潛器具,fäu4 cim4 hi1 gü6
浮貼,fäu4 tip2
非負數,fi1 fu6 su1
飛行者,fi1 häng4 ze2
飛針走線,fi1 zäm1 zäu2 sing1
火炬計劃,fo2 gü6 gäi1 wæk6
放低幾兩,fong1 däi1 gi2 löng2
放低二両,fong1 däi1 yi6 löng2
放低二兩,fong1 däi1 yi6 löng2
放射防護,fong1 se6 fong4 wu6
防潮墊,fong4 ciu4 zing1
苦埋泡腮,fu2 mai4 pau1 söi1
苦麥,fu2 mæk6
副祕書長,fu1 bi1 sü1 zöng2
戽被,fu1 pi1
婦姑勃谿,fu1 gwu1 buk6 käi1
附屬腺,fu6 suk6 sing1
付之行動,fu6 zi1 häng4 dung6
灰背燕尾,fui1 bui1 ying1 mi1
灰背椋鳥,fui1 bui1 löng4 niu1
福壽綿長,fuk2 säu6 ming4 cöng4
輻射散射,fuk2 se6 sæng2 se6
輻射體,fuk2 se6 täi2
伏案,fuk6 wung1
蜂肚,fung1 tu1
馮皓揚,fung4 häu6 yöng4
奉承討好,fung6 säng4 täu2 häu2
加多近街,ga1 do1 gäng6 gai1
架子車,ga1 zi2 ce1
階磚仔,gai1 züng1 zäi2
界內球,gai1 nöi6 käu4
監頭簿,gam1 täu4 bu2
減壓表,gam2 æk2 biu2
減壓程序,gam2 æk2 cäng4 zü6
監生食,gam1 sæng1 säk6
揀蟀,gæng2 säk2
間隔攝影,gæng1 gæk2 sip2 yäng2
間接賓語,gæng1 zip2 bäng1 yü1
交叉火力,gau1 ca1 fo2 läk6
交叉旗,gau1 ca1 ki4
攪屎攪棍,gau2 si2 gau2 gwäng1
計上心來,gäi1 söng1 säm1 löi4
計數管,gäi1 su1 gwung2
計數者,gäi1 su1 ze2
計盡數,gäi1 zäng6 su1
今文經,gäm1 mäng4 gäng1
金城道,gäm1 säng4 däu6
敢不從命,gäm2 bäk2 cung4 mäng6
敢打敢衝,gäm2 da2 gäm2 cung1
感覺器,gäm2 gok2 hi1
跟兜,gäng1 däu1
跟下眼,gäng1 ha1 ngæng1
緊密相聯,gäng2 mäk6 söng1 lüng4
緊張緩和,gäng2 zöng1 wung6 wo4
近似解,gäng6 ci1 gai2
九重霄,gäu2 cung4 siu1
九打,gäu2 da1
久假不歸,gäu2 ga1 bäk2 gwäi1
九肚徑,gäu2 tu1 gäng1
九肚山路,gäu2 tu1 sæng1 lu6
夠行頭,gäu1 hong4 täu4
機靈鬼,gi1 läng4 gwäi2
幾丁質,gi2 däng1 zäk2
幾多核,gi2 do1 häk6
幾難先至,gi2 næng4 sing1 zi1
幾十度,gi2 säp6 du6
幾丈,gi2 zöng6
頸仔,geng2 zäi2
巨蛇尾,gü6 se4 mi1
見風使帆,ging1 fung1 säi2 fæng4
驚慌失色,gäng1 fong1 säk2 säk2
驚戒,gäng1 gai1
驚急,gäng1 gäp2
勁峭,gäng6 ciu1
嗰番,go2 fæng1
嗰片,go2 ping1
個心好翳,go1 säm1 häu2 äi1
腳肚,gök2 tu1
改惡向善,gwui2 ok2 höng1 sing6
改錐,gwui2 zöi1
角質素,gok2 zäk2 su1
乾糧袋,gung1 löng4 döi6
趕浪頭,gwung2 long6 täu4
江油,gong1 yäu4
講三字經,gong2 sam1 zi6 gäng1
講數口,gong2 su1 häu2
高麗朝,gäu1 läi6 ciu4
焗到暈,guk6 däu1 wäng4
館陶,gwung2 täu4
功高望重,gung1 gäu1 mong6 zung6
公唔公道,gung1 m4 gung1 däu6
工字背,gung1 zi6 bui1
公丈,gung1 zöng6
掛望,gwa1 mong6
摑一下,gwæk2 yäk2 ha1
貴人事忙,gwäi1 yäng4 si6 mong4
桂木屬,gwäi1 muk6 suk6
貴珊瑚,gwäi1 sæng1 wu4
桂枝仔,gwäi1 zi1 zäi2
過度關懷,gwo1 du6 gwæng1 wai4
國外貿易,gwok2 wui6 mäu6 yäk6
廣東計劃,gwong2 dung1 gäi1 wæk6
鄄城縣,güng1 säng4 yüng6
下碇,ha6 däng1
下個世紀,ha6 go1 säi1 gi2
下流人士,ha6 läu4 yäng4 si6
下齶骨,ha6 ngok6 gwäk2
下畫線,ha6 wæk6 sing1
鞋仔屐仔,hai4 zäi2 kek6 zäi2
桁桷,hæng4 gok2
行開先,hæng4 fui1 sing1
行勻全國,hæng4 wäng4 cüng4 gwok2
考勤簿,hau2 käng4 bu2
刻鵠類鶩,häk2 huk6 löi6 mu6
吭吭,häng1 häng1
盒仔飯,häp6 zäi2 fæng6
核辦,häk6 bæng6
核冬天,häk6 dung1 ting1
核計,häk6 gäi1
瞎拼,häk6 päng1
核小體,häk6 siu2 täi2
喉乾頸渴,häu4 gung1 geng2 fuk2
喉塞音,häu4 säk2 yäm1
後車之鑒,häu6 ce1 zi1 gam1
欺男霸女,hi1 nam4 ba1 nü1
起釘器,hi2 deng1 hi1
起飛彈射,hi2 fi1 tæng4 se6
起落裝置,hi2 lok6 zong1 zi1
起五更,hi2 ng1 gæng1
戲仔,hi1 zäi2
吃飽撐着,hek2 bau2 cæng1 zök6
吃得住,hek2 däk2 zü6
吃空額,hek2 hung1 ngæk6
吃牛雜,hek2 ngäu4 zap6
去坐地鐵,hü1 co1 di6 tik2
去湛江,hü1 zam1 gong1
顯著優勢,hing2 zü1 yäu1 säi1
輕妙,häng1 miu6
協調道,hip2 diu6 däu6
響應時間,höng2 yäng1 si4 gæng1
響流朵,höng2 läu4 do2
開口有話,fui1 häu2 yäu1 wa6
開司米,fui1 si1 mai1
學下人哋,hok6 ha1 yäng4 di1
看菜吃飯,fung1 cöi1 hek2 fæng6
行檔,hong4 dong1
好似發燒,häu2 ci1 fæk2 siu1
好都得,häu2 du1 däk2
好鬼痛,häu2 gwäi2 tung1
好好戀愛,häu2 häu2 lüng2 wui1
好面善,häu2 ming6 sing6
好惡死,häu2 ok2 si2
好色水,häu2 säk2 söi2
好話為,häu2 wa6 wäi4
好運符,häu2 wäng6 fu4
好酒貪杯,häu2 zäu2 tam1 bui1
毫微米,häu4 mi4 mai1
蠔仔粥,häu4 zäi2 zuk2
控辯交易,hung1 bing6 gau1 yäk6
紅尾歌鴝,hung4 mi1 go1 kü4
紅面關公,hung4 ming6 gwæng1 gung1
紅十字車,hung4 säp6 zi6 ce1
勸善懲惡,hüng1 sing6 cäng4 ok2
陰氣重,yäm1 hi1 cung4
人哋請,yäng4 di1 ceng2
一暴十寒,yäk2 bäu6 säp6 fung4
一覺瞓醒,yäk2 gau1 fäng1 seng2
一言為重,yäk2 ying4 wäi4 zung6
一兩題,yäk2 löng1 täi4
一兩枝,yäk2 löng1 zi1
一兩種,yäk2 löng1 zung2
一粒女,yäk2 näp2 nü1
一轉手,yäk2 züng2 säu2
油鞋,yäu4 hai4
遊興正濃,yäu4 häng1 zäng1 nung4
猶未為晚,yäu4 mi6 wäi4 mæng1
揉磨,yäu4 mo4
油水地,yäu4 söi2 di6
攸潭美村,yäu4 tam4 mi1 cüng1
油榨,yäu4 za1
油脂裝,yäu4 zi1 zong1
有差價,yäu1 ca1 ga1
有錯就改,yäu1 co1 zäu6 gwui2
有核國家,yäu1 häk6 gwok2 ga1
有無相通,yäu1 mu4 söng1 tung1
有性生殖,yäu1 säng1 säng1 zäk6
惹氣,ye1 hi1
依家好亂,yi1 ga1 häu2 lüng6
依屬,yi1 suk6
而家好亂,yi4 ga1 häu2 lüng6
以一敵二,yi1 yäk2 däk6 yi6
二百零一,yi6 bæk2 läng4 yäk2
義德道,yi6 däk2 däu6
二點鐘,yi6 dim2 zung1
二埠,yi6 fäu6
二愣子,yi6 läng6 zi2
二十五萬,yi6 säp6 ng1 mæng6
逆全球化,yäk6 cüng4 käu4 fa1
易門,yäk6 mung4
掖庭,yäk6 täng4
液晶片,yäk6 zäng1 ping1
鹽田仔,yim4 ting4 zäi2
染色質,yim1 säk2 zäk2
煙花風月,ying1 fa1 fung1 ngük6
燕尾旗,ying1 mi1 ki4
言行若一,ying4 häng6 yök6 yäk2
研船,ying4 süng4
現行標準,ying6 häng4 biu1 zäng2
營釘,yäng4 deng1
形影相弔,yäng4 yäng2 söng1 diu1
葉片狀,yip6 ping1 zong6
業成街,yip6 säng4 gai1
嚙齒,ngik6 ci2
耀道中學,yiu6 däu6 zung1 hok6
約道,yök2 däu6
約翰二書,yök2 fung6 yi6 sü1
揚清激濁,yöng4 cäng1 gäk2 zuk6
陽光女孩,yöng4 gwong1 nü1 hai4
洋腔洋調,yöng4 hong1 yöng4 diu6
洋蒲桃,yöng4 pu4 täu4
癢癢撓,yöng1 yöng1 nau4
仰屋著書,yöng1 uk2 zü1 sü1
漁撈,yü4 läu4
如鳥獸散,yü4 niu1 säu1 sæng1
語言產生,yü1 ying4 cæng2 säng1
乳漿,yü1 zöng1
鳶尾科,yüng1 mi1 fo1
怨唱,yüng1 cöng1
元洲仔,yüng4 zäu1 zäi2
軟硬不吃,yüng1 ngæng6 bäk2 hek2
縣委會,yüng6 wäi2 wui6
月入過萬,ngük6 yäp6 gwo1 mæng6
粵語詞彙,yük6 yü1 ci4 wui6
月滿則虧,ngük6 mung1 zäk2 kwäi1
月朔,ngük6 sok2
卡托維茲,ka1 tok2 wäi4 zi1
楷體字,kai2 täi2 zi6
擒擒青青,käm4 käm4 ceng1 ceng1
禽禽青青,käm4 käm4 ceng1 ceng1
求帶上,käu4 dai1 söng1
球粒隕石,käu4 näp2 wäng1 sek6
舅少,käu1 siu1
舅仔鞋,käu1 zäi2 hai4
羯磨,kik2 mo4
翹企,kiu4 ki1
翹拇指,kiu4 mu1 zi2
翹硬,kiu4 ngæng6
強辯到底,köng1 bing6 däu1 däi2
規矩繩墨,kwäi1 gü2 säng4 mäk6
擴充卡,kwok2 cung1 kæk2
狂暴者,kwong4 bäu6 ze2
權利聲明,küng4 li6 säng1 mäng4
拉拉隊長,lai1 lai1 döi6 zöng2
拉片,lai1 ping2
拉雜成軍,lai1 zap6 säng4 gwäng1
爛機,læng6 gi1
爛口爛面,læng6 häu2 læng6 ming6
撈埋一碟,läu4 mai4 yäk2 dip6
麗翔道,läi6 cöng4 däu6
冧波箱,läm1 bo1 söng1
立立重,läp6 läp6 cung1
立體交叉,läp6 täi2 gau1 ca1
摟休,läu1 yäu1
留西裝,läu4 säi1 zong1
理財之道,li1 cöi4 zi1 däu6
李重茂,li1 cung4 mäu6
李悝,li1 fui1
鯉景道,li1 gäng2 däu6
李潤田,li1 yäng6 ting4
李賢堯,li1 ying4 yiu4
李求恩,li1 käu4 yäng1
李節街,li1 zik2 gai1
李章洙,li1 zöng1 zü1
雷公蛇,löi4 gung1 se4
壘球員,löi1 käu4 yüng4
濾光片,lü6 gwong1 ping2
歷歷可數,läk6 läk6 ho2 su1
連軸轉,ling4 zuk6 züng2
煉焦爐,ling6 ziu1 lu4
零打碎敲,läng4 da2 söi1 hau1
零度空間,läng4 du6 hung1 gæng1
靈花,läng4 fa1
嶺南中學,läng1 nam4 zung1 hok6
領罪,läng1 zöi6
另存為,läng6 cüng4 wäi4
另眼相待,läng6 ngæng1 söng1 döi6
列王記上,lik6 wong4 gi1 söng6
羅麥記,lo4 mæk6 gi1
量瓶,löng4 päng4
兩家好,löng1 ga1 häu2
兩缸,löng1 gong1
兩河文明,löng1 ho4 mäng4 mäng4
兩日遊,löng1 yäk6 yäu4
兩眼濕濕,löng1 ngæng1 säp2 säp2
兩三串,löng1 sam1 cüng1
兩三格,löng1 sam1 gæk2
兩三罐,löng1 sam1 gwung1
兩三拳,löng1 sam1 küng4
兩三堂,löng1 sam1 tong4
兩生類,löng1 säng1 löi6
量腹,löng6 fuk2
樂而忘形,lok6 yi4 mong4 yäng4
浪卡子,long6 ka1 zi2
撈得幾掂,läu1 däk2 gi2 dim6
老卓,läu1 cök2
老番冬,läu1 fæng1 dung1
老虎頭,läu1 fu2 täu4
老糠,läu1 hong1
老爺鐘,läu1 ye4 zung1
老棚,läu1 pæng4
老婆擔遮,läu1 po4 dam1 ze1
老鼠尾,läu1 sü2 mi1
老替,läu1 täi1
老土眼鏡,läu1 tu2 ngæng1 geng1
老塗,läu1 tu4
露兩手,lu6 löng1 säu2
碌士,luk2 si2
六朝時代,luk6 ciu4 si4 döi6
六啤,luk6 pe1
六片,luk6 ping1
壟斷販賣,lung1 düng6 fæng1 mai6
孿生姐妹,lüng4 sæng1 ze2 mui6
孖辮女,ma1 bing1 nü1
麻甩女,ma4 läk2 nü1
碼頭道,ma1 täu4 däu6
賣面光,mai6 ming6 gwong1
慢班,mæng6 bæng1
蔓生植物,mæng6 säng1 zäk6 mäk6
抹窗口,mæk2 cöng1 häu2
米籽,mai1 zi2
麥考利,mæk6 hau2 li6
麥皓兒,mæk6 häu6 yi4
墨魚骨,mäk6 yü4 gwäk2
麥納瑪,mæk6 nap6 ma1
文化道,mäng4 fa1 däu6
問候卡,mäng6 häu6 ka1
畝產量,mäu1 cæng2 löng6
某一方面,mäu1 yäk2 fong1 ming6
微波天線,mi4 bo1 ting1 sing1
微伏,mi4 fuk6
尾欠,mi1 him1
未有得食,mi6 yäu1 däk2 säk6
免揀,ming1 gæng2
面對逆境,ming6 döi1 yäk6 gäng2
面口熟,ming6 häu2 suk6
面有喜色,ming6 yäu1 hi2 säk2
面木木,ming6 muk6 muk6
面皰,ming6 pau1
面色如土,ming6 säk2 yü4 tu2
面善心惡,ming6 sing6 säm1 ok2
明槍易躲,mäng4 cöng1 yi6 do2
名都廣場,mäng4 du1 gwong2 cöng4
妙語橫生,miu6 yü1 wæng4 säng1
摩天嶺,mo1 ting1 leng1
磨齒,mo4 ci2
磨牀,mo4 cong4
磨嘰,mo4 gi1
磨砂殼,mo4 sa1 hok2
莫士比港,mok6 si6 bi2 gong2
無從交代,mu4 cung4 gau1 döi6
無尾猿,mu4 mi1 yüng4
無再出聲,mu4 zöi1 cäk2 säng1
武經七書,mu1 gäng1 cäk2 sü1
冇釐,mäu1 li4
舞手弄腳,mu1 säu2 lung6 gök2
梅道,mui4 däu6
梅花拳,mui4 fa1 küng4
梅開三度,mui4 fui1 sam1 du6
枚乘,mui4 säng4
滿坐寂然,mung1 zo6 zäk6 ying4
悶聲悶氣,mung6 säng1 mung6 hi1
抹脖子,muk2 buk6 zi2
沒大沒細,muk6 dai6 muk6 säi1
乸聲乸氣,na2 säng1 na2 hi1
哪項,na1 hong6
那盞,na1 zæng2
男儐相,nam4 bäng1 söng1
南風道,nam4 fung1 däu6
南乳醬,nam4 yü1 zöng1
焫親,nat2 cäng1
焫着,nat2 zök6
撓癢癢,nau4 yöng1 yöng1
撓了撓,nau4 liu1 nau4
泥質岩,näi4 zäk2 ngam4
凹度,näp2 du6
女儐相,nü1 bäng1 söng1
女拔萃,nü1 bäk6 söi6
吳少芳,ng4 siu1 fong1
五油三水,ng1 yäu4 sam1 söi2
五聲,ng1 säng1
伍少梅,ng1 siu1 mui4
衙前圍道,nga4 cing4 wäi4 däu6
雅間,nga1 gæng1
艾比湖,ngai6 bi2 wu4
啱啱得,ngam1 ngam1 däk2
啱啱線,ngam1 ngam1 sing1
硬石膏,ngæng6 sek6 gäu1
銀行仔,ngäng4 hong4 zäi2
牛草肚,ngäu4 cäu2 tu1
牛角掛書,ngäu4 gok2 gwa1 sü1
牛乳餅,ngäu4 yü1 beng2
戇喪,ngong6 song1
棯仔,nim1 zäi2
稔仔,nim1 zäi2
年華路,ning4 wa4 lu6
腦子有泡,näu1 zi2 yäu1 päu1
怒火萬丈,nu6 fo2 mæng6 zöng6
燶起塊面,nung1 hi2 fai1 ming6
農圃道,nung4 pu2 däu6
濃集,nung4 zap6
暖氣片,nüng1 hi1 ping1
阿其所好,o1 ki4 so2 häu1
哀惜,wui1 säk2
惡語中傷,ok2 yü1 zung1 söng1
惡跡,ok2 zäk2
安裝器,wung1 zong1 hi1
按兩下,wung1 löng1 ha1
拍攝製作,pæk2 sip2 zäi1 zok2
烹調術,pæng1 tiu4 säk6
拋射物,pau1 se6 mäk6
炮仗街,pau1 zöng6 gai1
皮鞋油,pi4 hai4 yäu4
偏壓,ping1 æk2
拼刺刀,päng1 ci1 däu1
拼桌,päng1 cök2
拼寫錯誤,päng1 se2 co1 ng6
平地機,päng4 di6 gi1
平均水準,päng4 gwäng1 söi2 zäng2
平壤之戰,päng4 yöng6 zi1 zing1
瓶塞鑽,päng4 säk2 züng1
破開兩邊,po1 fui1 löng1 bing1
破壞分子,po1 wai6 fäng6 zi2
葡提子乾,pu4 täi4 zi2 gung1
配種季節,pui1 zung2 gwäi1 zik2
培成路,pui4 säng4 lu6
拚棄,pung1 hi1
蓬蓽生光,pung4 bäk2 säng1 gwong1
沙福道,sa1 fuk2 däu6
沙瀝公路,sa1 läk6 gung1 lu6
三行仔,sam1 hong4 zäi2
三片,sam1 ping1
三四間,sam1 si1 gæng1
三劃王,sam1 wæk6 wong4
山城區,sæng1 säng4 kü1
散伙飯,sæng1 fo2 fæng6
生乾精,sæng1 gung1 zäng1
生蘿蔔,sæng1 lo4 bæk6
生米熟飯,sæng1 mai1 suk6 fæng6
生眼挑針,sæng1 ngæng1 tiu1 zäm1
生活散漫,sæng1 wuk6 sæng2 mæng6
省治,sæng2 zi6
薩那,sæk2 na1
篩波,säi1 bo1
西斜熱,säi1 ce4 ngik6
洗衫粉,säi2 sam1 fäng2
細種,säi1 zung2
心好翳,säm1 häu2 äi1
心領神悟,säm1 läng1 säng4 ng6
心眼好,säm1 ngæng1 häu2
深圳呀,säm1 zäng1 a4
沈葆禎,säm2 bäu2 zäng1
審級制度,säm2 käp2 zäi1 du6
新伴侶,säng1 bung6 lü1
新貴族,säng1 gwäi1 zuk6
生理用品,säng1 li1 yung6 bäng2
生命有價,säng1 mäng6 yäu1 ga1
生命之光,säng1 mäng6 zi1 gwong1
生奶油,säng1 nai1 yäu4
生態孤島,säng1 tai1 gwu1 däu2
十朵,säp6 do2
十冬臘月,säp6 dung1 lap6 ngük6
十幾棵,säp6 gi2 fo2
十聲,säp6 säng1
失讀症,säk2 duk6 zäng1
實梗,säk6 gäng2
首創精神,säu2 cong1 zäng1 säng4
首要分子,säu2 yiu1 fäng6 zi2
秀茂坪道,säu1 mäu6 päng4 däu6
捨己為公,se2 gi2 wäi6 gung1
蛇毒素,se4 duk6 su1
蛇管,se4 gwung2
蛇石坳,se4 sek6 au1
死慳爛慳,si2 hæng1 læng6 hæng1
死中求生,si2 zung1 käu4 säng1
四海升平,si1 fui2 säng1 päng4
四五行,si1 ng1 hong4
錫啖先,sek2 dam6 sing1
石湖圍路,sek6 wu4 wäi4 lu6
石鐘乳,sek6 zung1 yü1
聲都震,säng1 du1 zäng1
成牀,seng4 cong4
成個買,seng4 go1 mai1
成頭大汗,seng4 täu4 dai6 fung6
水道口,söi2 däu6 häu2
水磨功夫,söi2 mo4 gung1 fu1
碎片整理,söi1 ping2 zäng2 li1
睡衫,söi6 sam1
睡回籠覺,söi6 wui4 lung4 gau1
馴從,säng4 cung4
私下交易,si1 ha6 gau1 yäk6
使怒,si2 nu6
視錯覺,si6 co1 gok2
豉油王,si6 yäu4 wong4
士林路,si6 läm4 lu6
士叻,si6 lek2
適間,säk2 gæng1
識文斷字,säk2 mäng4 düng1 zi6
識妳,säk2 ni1
食晏晝飯,säk6 æng1 zäu1 fæng6
食得下,säk6 däk2 ha1
食坊,säk6 fong1
食口立濕,säk6 häu2 läp6 säp2
食痾瞓,säk6 o1 fäng1
食山頭,säk6 sæng1 täu4
食屎屎,säk6 si2 si2
禪思,sim4 si1
鮮露,sing1 lu6
線上教學,sing1 söng6 gäu1 hok6
聲囊,säng1 nong4
聲旁,säng1 pong4
醒豁,säng2 kwuk2
聖家學校,säng1 ga1 hok6 hau6
成擔心機,säng4 dam1 säm1 gi1
乘機搏懵,säng4 gi1 bok2 mung2
成列,säng4 lik6
消炎片,siu1 yim4 ping2
燒硬,siu1 ngæng6
銷士,siu1 si2
少陽病,siu1 yöng4 beng6
梳弄,so1 lung6
傻瓜相機,so4 gwa1 söng1 gi1
傷筋斷骨,söng1 gäng1 tüng1 gwäk2
相沿成習,söng1 yüng4 säng4 zap6
廂式車,söng1 säk2 ce1
雙城子,söng1 säng4 zi2
常怡道,söng4 yi4 däu6
上坡段,söng1 bo1 düng6
上到來,söng1 däu1 löi4
上半世,söng6 bung1 säi1
上格牀,söng6 gæk2 cong4
上洋,söng6 yöng4
上馬石,söng6 ma1 sek6
數不上,su2 bäk2 söng1
數來寶,su2 löi4 bäu2
數百次,su1 bæk2 ci1
數百張,su1 bæk2 zöng1
數滴,su1 däk6
數碟,su1 dip6
數伏,su1 fuk6
數九寒天,su1 gäu2 fung4 ting1
數項,su1 hong6
數碼掃描,su1 ma1 säu1 miu4
數十頭,su1 säp6 täu4
數雙,su1 söng1
數種,su1 zung2
熟到爛,suk6 däu1 læng6
贖參,suk6 säm1
薯仔文,sü4 zäi2 mäng4
樹上開花,sü6 söng6 fui1 fa1
宣道中學,süng1 däu6 zung1 hok6
酸宿爛臭,süng1 suk2 læng6 cäu1
算咯,süng1 lok2
船上交貨,süng4 söng6 gau1 fo1
旋轉乾坤,süng4 züng2 king4 kwäng1
太平車,tai1 päng4 ce1
太平村,tai1 päng4 cüng1
太平鋪,tai1 päng4 pu1
貪近,tam1 käng1
探老人,tam1 läu1 yäng4
聽過隔籬,teng1 gwo1 gæk2 li4
聽過隔離,teng1 gwo1 gæk2 li4
聽聞講,teng1 mäng4 gong2
聽實,teng1 säk6
推斷力,töi1 düng6 läk6
推人落井,töi1 yäng4 lok6 zäng2
頹垣斷壁,töi4 wung4 düng6 bäk2
天湖路,ting1 wu4 lu6
田間管理,ting4 gæng1 gwung2 li1
田雞油,ting4 gäi1 yäu4
聽捱打,täng1 ngai4 da2
聽執笠,täng1 zäp2 läp2
挑起條癮,tiu1 hi2 tiu4 yäng1
挑毛剔刺,tiu1 mäu4 täk2 ci1
調光器,tiu4 gwong1 hi1
調味肉汁,tiu4 mi6 yuk6 zäp2
駝背鯨,to4 bui1 käng4
駝背仔,to4 bui1 zäi2
湯姆斯杯,tong1 mu1 si1 bui1
唐公嶺,tong4 gung1 leng1
討好自己,täu2 häu2 zi6 gi2
掏包,täu4 bau1
圖形卡,tu4 yäng4 kæk2
陶盅,täu4 zung1
通假字,tung1 ga2 zi6
通信量,tung1 säng1 löng6
桐油灰,tung4 yäu4 fui1
甕聲甕氣,ung1 säng1 ung1 hi1
華靡,wa4 mi1
華為出口,wa4 wäi4 cäk2 häu2
劃切,wæk6 cik2
彎曲空間,wæng1 kuk2 hung1 gæng1
威化餅乾,wäi1 fa1 beng2 gung1
為得過,wäi4 däk2 gwo1
為人正直,wäi4 yäng4 zäng1 zäk6
為老不尊,wäi4 läu1 bäk2 züng1
圍仔,wäi4 zäi2
運貨馬車,wäng6 fo1 ma1 ce1
宏光道,wäng4 gwong1 däu6
屈撓,wäk2 nau4
核核突突,wäk6 wäk6 däk6 däk6
永平街,wäng1 päng4 gai1
倭瓜,wo1 gwa1
和睦路,wo4 muk6 lu6
和泰街,wo4 tai1 gai1
黃庭經,wong4 täng4 gäng1
黃筠陶,wong4 wäng4 täu4
烏壓壓,wu1 æk2 æk2
烏漆墨黑,wu1 cäk2 mäk6 häk2
烏下烏下,wu1 ha1 wu1 ha1
烏口烏面,wu1 häu2 wu1 ming6
弧線長,wu4 sing1 cöng4
瓠瓜,wu6 gwa1
回形針,wui4 yäng4 zäm1
會話表,wui6 wa2 biu2
緩急相濟,wung6 gäp2 söng1 zäi1
揸手掣,za1 säu2 zäi1
齋色,zai1 säk2
紮孖辮,zæk2 ma1 bing1
制錢,zäi1 cing4
制成品,zäi1 säng4 bäng2
滯塞,zäi6 säk2
針波,zäm1 bo1
枕長,zäm2 cöng4
震惶,zäng1 wong4
陣間先講,zäng6 gæng1 sing1 gong2
爭長論短,zäng1 cöng4 läng6 düng2
曾家瑩,zäng1 ga1 yäng4
爭衡,zäng1 häng4
曾蔭培,zäng1 yäm1 pui4
曾若華,zäng1 yök6 wa4
增為,zäng1 wäi4
執行完,zäp2 häng4 yüng4
窒窒下,zäk6 zäk6 ha1
走好運,zäu2 häu2 wäng6
就瞓着,zäu6 fäng1 zök6
謝小華,ze6 siu2 wa4
井號,zäng2 häu6
進退為難,zäng1 töi1 wäi4 næng4
紙包雞,zi2 bau1 gäi1
指向裝置,zi2 höng1 zong1 zi1
子衫,zi2 sam1
自變量,zi6 bing1 löng6
自己更新,zi6 gi2 gäng1 säng1
自流井,zi6 läu4 zäng2
即管試下,zik2 gwung2 si1 ha1
植物生長,zäk6 mäk6 säng1 zöng2
漸近線,zim6 gäng6 sing1
戰略方針,zing1 lök6 fong1 zäm1
戰略重點,zing1 lök6 zung6 dim2
戰爭年代,zing1 zäng1 ning4 döi6
戰爭賠償,zing1 zäng1 pui4 söng4
精蟲衝腦,zäng1 cung4 cung1 näu1
精簡開支,zäng1 gæng2 fui1 zi1
精英匯,zäng1 yäng1 wui6
精靈文,zäng1 läng4 mäng4
精神訓話,zäng1 säng4 fäng1 wa6
徵士,zäng1 si6
正常成本,zäng1 söng4 säng4 bung2
靜宓,zäng6 mäk6
靜坐不能,zäng6 zo6 bäk2 näng4
折疊椅,zik2 dip6 yi2
哲學著作,zik2 hok6 zü1 zok2
左道惑眾,zo2 däu6 wæk6 zung1
助動車,zo6 dung6 ce1
坐藥,zo6 yök6
張雀仔,zöng1 zök2 zäi2
仗腰,zöng6 yiu1
再生制動,zöi1 säng1 zäi1 dung6
載途,zöi1 tu4
裝佯,zong1 yöng4
捉波子棋,zuk2 bo1 zi2 ki4
足君好,zuk2 gwäng1 häu2
濁臭熏天,zuk6 cäu1 fäng1 ting1
中壓管,zung1 æk2 gwung2
中間纖維,zung1 gæng1 cim1 wäi4
中下程度,zung1 ha6 cäng4 du6
中意靚,zung1 yi1 leng1
中上程度,zung1 söng6 cäng4 du6
中和作用,zung1 wo4 zok2 yung6
種塊,zung2 fai1
總務組長,zung2 mu6 zu2 zöng2
眾擎易舉,zung1 käng4 yi6 gü2
眾怒難息,zung1 nu6 næng4 säk2
重量輕質,zung6 löng6 häng1 zäk2
豬肉湯,zü1 yuk6 tong1
豬仔餅,zü1 zäi2 beng2
煮米,zü2 mai1
駐車制動,zü1 ce1 zäi1 dung6
注射針頭,zü1 se6 zäm1 täu4
鑽勁,züng1 gäng6
專門列車,züng1 mung4 lik6 ce1
專題研習,züng1 täi4 ying4 zap6
尊重事實,züng1 zung6 si6 säk6
轉韻,züng2 wäng1
轉筆刀,züng1 bäk2 däu1
轉筋,züng1 gäng1
鑽油台,züng1 yäu4 töi4
轉磨,züng1 mo6
轉側,züng1 zäk2
這頂,ze1 deng2
這尾,ze1 mi1
爭秋奪暑,zæng1 cäu1 dük6 sü2
爭秋奪暑,zäng1 cäu1 dük6 sü2
行老正,hæng4 läu1 zäng1
逛下逛下,kwæng1 ha1 kwæng1 ha1
揆情度理,kwäi4 cäng4 dok6 li1
菠蘿彈,bo1 lo4 dæng6
撚下人,näng2 ha6 yäng4
呃鬼食豆腐,æk2 gwäi2 säk6 däu6 fu6
扼喉撫背,æk2 häu4 fu2 bui1
超刻,ciu1 hæk2
存車處,cüng4 ce1 cü1
電腦雕刻,ding6 näu1 diu1 hæk2
歡聚此刻,fung1 zü6 ci2 hæk2
街道辦事處,gai1 däu6 bæng6 si6 cü1
激光雕刻,gäk2 gwong1 diu1 hæk2
經營處,gäng1 yäng4 cü1
刻公章,hæk2 gung1 zöng1
刻錄機,hæk2 luk6 gi1
學生壓力處理,hok6 sæng1 æk2 läk6 cü1 li1
二刻拍案驚奇,yi6 hæk2 pæk2 wung1 gäng1 ki4
零時一刻,läng4 si4 yäk2 hæk2
失物招領處,säk2 mäk6 ziu1 läng1 cü1
宋代石刻,sung1 döi6 sek6 hæk2
衞生處學生健康服務,wäi6 säng1 cü1 hok6 sæng1 ging6 hong1 fuk6 mu6
和平共處五項原則,wo4 päng4 gung6 cü1 ng1 hong6 yüng4 zäk2
鴉嘴卷尾,a1 zöi2 güng2 mi1
啞仔食雲吞,a2 zäi2 säk6 wäng4 täng1
啞仔食黃蓮,a2 zäi2 säk6 wong4 ling4
啞子食黃蓮,a2 zi2 säk6 wong4 ling4
亞里士多德,a1 li1 si6 do1 däk2
亞太經合組織,a1 tai1 gäng1 häp6 zu2 zäk2
亞太經濟合作組織,a1 tai1 gäng1 zäi1 häp6 zok2 zu2 zäk2
亞洲與太平洋,a1 zäu1 yü1 tai1 päng4 yöng4
亞洲太平洋經濟合作組織,a1 zäu1 tai1 päng4 yöng4 gäng1 zäi1 häp6 zok2 zu2 zäk2
挨時間,ai1 si4 gæng1
挨話,ai1 wa2
晏班,æng1 bæng1
鴨仔聽雷,ap2 zäi2 teng1 löi4
鴨仔聽雷公,ap2 zäi2 teng1 löi4 gung1
壓壓腳,æk2 æk2 gök2
壓電體,æk2 ding6 täi2
壓倒多數,æk2 däu2 do1 su1
壓延機,æk2 ying4 gi1
壓敏,æk2 mäng1
押平聲韻,æk2 päng4 säng1 wäng1
壓台戲,æk2 töi4 hi1
拗薑,au2 göng1
拗心白菜,au2 säm1 bæk6 cöi1
拗蔗鬚,au2 ze1 su1
拗到掂,au1 däu1 dim6
拗陷,au1 ham6
拗口令,au1 häu2 läng6
拗數口,au1 su1 häu2
矮茄,ai2 kö4
矮磨球,ai2 mo6 käu4
矮磨碌,ai2 mo6 luk2
矮仔粉,ai2 zäi2 fäng2
暗井,äm1 zäng2
歐洲安全和合作組織,äu1 zäu1 wung1 cüng4 wo4 häp6 zok2 zu2 zäk2
歐洲自由貿易聯盟,äu1 zäu1 zi6 yäu4 mäu6 yäk6 lüng4 mäng4
嘔心瀝血之作,äu2 säm1 läk2 hük2 zi1 zok2
巴勒斯坦解放組織,ba1 läk6 si1 tæng2 gai2 fong1 zu2 zäk2
巴蕾舞團,ba1 löi4 mu1 tüng4
巴西美食,ba1 säi1 mi1 säk6
巴斯德消毒法,ba1 si1 däk2 siu1 duk6 fæk2
霸王硬上弓,ba1 wong4 ngæng6 söng1 gung1
擺長龍,bai2 cöng4 lung4
擺開架生,bai2 fui1 ga1 sæng1
擺老門,bai2 läu1 mung4
拜人為師,bai1 yäng4 wäi4 si1
拜老公,bai1 läu1 gung1
拜氈,bai1 zing1
敗不成軍,bai6 bäk2 säng4 gwäng1
百尺竿頭更進一步,bæk2 cek2 gwung1 täu4 gäng1 zäng1 yäk2 bu6
百利士,bæk2 li6 si6
百無一長,bæk2 mu4 yäk2 cöng4
百事輕怡,bæk2 si6 häng1 yi4
白背兀鷲,bæk6 bui1 ngäk6 zäu6
白扯淡,bæk6 ce2 dam6
白翅百靈,bæk6 ci1 bæk2 läng4
白翅浮鷗,bæk6 ci1 fäu4 äu1
白頂玄鷗,bæk6 deng2 yüng4 äu1
白頂溪鴝,bæk6 deng2 käi1 kü4
白角仔,bæk6 gok2 zäi2
白冠燕尾,bæk6 gwung1 ying1 mi1
白骨頂,bæk6 gwäk2 däng2
白鵠,bæk6 huk6
白飲白食,bæk6 yäm2 bæk6 säk6
白莧紫茄,bæk6 ying6 zi2 kö4
白橋仔,bæk6 kiu4 zäi2
白領翡翠,bæk6 läng1 fi2 cöi1
白尾地鴉,bæk6 mi1 di6 a1
白砒,bæk6 pi1
白首齊眉,bæk6 säu2 cäi4 mi4
白石凹,bæk6 sek6 au1
白鱔上沙灘,bæk6 sing1 söng1 sa1 tæng1
白頭硬尾鴨,bæk6 täu4 ngæng6 mi1 ap2
帛畫,bæk6 wa6
班輩,bæng1 bui1
斑背潛鴨,bæng1 bui1 cim4 ap2
斑背燕尾,bæng1 bui1 ying1 mi1
班戳,bæng1 cök2
班荊相對,bæng1 gäng1 söng1 döi1
斑臉海番鴨,bæng1 lim1 fui2 fæng1 ap2
斑尾鵑鳩,bæng1 mi1 güng1 käu1
斑尾塍鷸,bæng1 mi1 säng4 wäk6
班禪額爾德尼,bæng1 sim4 ngæk6 yi1 däk2 ni4
班圖斯坦,bæng1 tu4 si1 tæng2
扮老醒,bæng6 läu1 säng2
扮豬食老虎,bæng6 zü1 säk6 läu1 fu2
扮煮飯仔,bæng6 zü2 fæng6 zäi2
八百載,bæk2 bæk2 zöi2
八月之光,bæk2 ngük6 zi1 gwong1
八旗制度,bæk2 ki4 zäi1 du6
八十天環遊地球,bæk2 säp6 ting1 wæng4 yäu4 di6 käu4
八十丈,bæk2 säp6 zöng6
八字生得正,bæk2 zi6 sæng1 däk2 zäng1
包辦代替,bau1 bæng6 döi6 täi1
包產到户制,bau1 cæng2 däu1 wu6 zäi1
包荒,bau1 fong1
包價旅遊,bau1 ga1 lü1 yäu4
包飲包食,bau1 yäm2 bau1 säk6
包茅,bau1 mau4
苞米,bau1 mai1
包牌價,bau1 pai4 ga1
包皮環切術,bau1 pi4 wæng4 cik2 säk6
包氏螺旋體,bau1 si6 lo4 süng4 täi2
包承制,bau1 säng4 zäi1
包承組,bau1 säng4 zu2
包書皮,bau1 sü1 pi4
包書紙,bau1 sü1 zi2
包字頭,bau1 zi6 täu4
包剿,bau1 ziu2
飽到上心口,bau2 däu1 söng1 säm1 häu2
飽上心頭,bau2 söng1 säm1 täu4
飽和溶液,bau2 wo4 yung4 yäk6
飽和脂肪酸,bau2 wo4 zi1 fong1 süng1
爆流量,bau1 läu4 löng6
跛手太監,bäi1 säu2 tai1 gam1
閉門塞竇,bäi1 mung4 säk2 däu6
閉會祈禱,bäi1 wui6 ki4 täu2
泵泵聲,bäm1 bäm1 säng1
奔波奔波,bäng1 bo1 bäng1 bo1
賓語關係從句,bäng1 yü1 gwæng1 häi6 cung4 gü1
品味人間,bäng2 mi6 yäng4 gæng1
品質部,bäng2 zäk2 bu6
品質檢查,bäng2 zäk2 gim2 ca4
品質工業,bäng2 zäk2 gung1 yip6
殯車,bäng1 ce1
不包吃,bäk2 bau1 hek2
不包吃住,bäk2 bau1 hek2 zü6
不飽和脂肪酸,bäk2 bau2 wo4 zi1 fong1 süng1
不打不相識,bäk2 da2 bäk2 söng1 säk2
不伏燒埋,bäk2 fuk6 siu1 mai4
不夠使,bäk2 gäu1 säi2
不經之談,bäk2 gäng1 zi1 tam4
不吃多點,bäk2 hek2 do1 dim2
不吃人間煙火,bäk2 hek2 yäng4 gæng1 ying1 fo2
不輕饒,bäk2 häng1 yiu4
不輕視,bäk2 häng1 si6
不可撤銷信用證,bäk2 ho2 cik2 siu1 säng1 yung6 zäng1
不可計數,bäk2 ho2 gäi1 su1
不可數名詞,bäk2 ho2 su2 mäng4 ci4
不可再生資源,bäk2 ho2 zöi1 säng1 zi1 yüng4
不好運,bäk2 häu2 wäng6
不用裝,bäk2 yung6 zong1
不摟,bäk2 läu1
不連續面,bäk2 ling4 zuk6 ming6
不令人鼓舞,bäk2 läng6 yäng4 gwu2 mu1
不列顛哥倫比亞省,bäk2 lik6 ding1 go1 läng4 bi2 a1 sæng2
不明飛行物,bäk2 mäng4 fi1 häng4 mäk6
不明飛行物體,bäk2 mäng4 fi1 häng4 mäk6 täi2
不名數,bäk2 mäng4 su1
蓽門圭竇,bäk2 mung4 gwäi1 däu6
不能平靜,bäk2 näng4 päng4 zäng6
不偏斜,bäk2 ping1 ce4
不平等條約,bäk2 päng4 däng2 tiu4 yök2
不首先使用,bäk2 säu2 sing1 si2 yung6
不鏽鐵,bäk2 säu1 tik2
不死生物,bäk2 si2 säng1 mäk6
不食人間煙火,bäk2 säk6 yäng4 gæng1 ying1 fo2
不醒目,bäk2 säng2 muk6
不成文規定,bäk2 säng4 mäng4 kwäi1 däng6
不相容原理,bäk2 söng1 yung4 yüng4 li1
不聽電話,bäk2 teng1 ding6 wa2
不同部分,bäk2 tung4 bu6 fäng6
筆劃檢字表,bäk2 wæk6 gim2 zi6 biu2
筆劃輸入法,bäk2 wæk6 sü1 yäp6 fæk2
不為零,bäk2 wäi4 läng4
不為酒困,bäk2 wäi4 zäu2 kwäng1
不正當競爭,bäk2 zäng1 dong1 gäng6 zäng1
不象話,bäk2 zöng6 wa6
不轉換,bäk2 züng1 wung6
拔涼拔涼,bäk6 löng4 bäk6 löng4
拔茅連茹,bäk6 mau4 ling4 yü4
拔毛連茹,bäk6 mäu4 ling4 yü4
啤灰,be1 fui1
啤工,be1 gung1
陂頭肚,bi1 täu4 tu1
比亞迪汽車,bi2 a1 däk6 hi1 ce1
彼唱此和,bi2 cöng1 ci2 wo4
俾非士,bi2 fi1 si2
俾格米,bi2 gæk2 mai1
俾個答覆,bi2 go1 dap2 fuk2
俾龜逗,bi2 gwäi1 däu6
俾盒,bi2 häp6
俾人白眼,bi2 yäng4 bæk6 ngæng1
俾人唱衰,bi2 yäng4 cöng1 söi1
俾人陰,bi2 yäng4 yäm1
俾人箍頸,bi2 yäng4 kwu1 geng2
俾人劈,bi2 yäng4 pek2
俾夜作晝,bi2 ye6 zok2 zäu1
俾路支,bi2 lu6 zi1
俾路支省,bi2 lu6 zi1 sæng2
俾面制,bi2 ming6 zäi1
俾三盒飯,bi2 sam1 häp6 fæng6
俾水濁親,bi2 söi2 zuk6 cäng1
俾晝作夜,bi2 zäu1 zok2 ye6
鼻青面腫,bi6 ceng1 ming6 zung2
被除數,bi6 cü4 su1
鼻哥窿擔遮,bi6 go1 lung1 dam1 ze1
避坑落井,bi6 hæng1 lok6 zäng2
鼻口部分,bi6 häu2 bu6 fäng6
避開下,bi6 fui1 ha1
被疑者,bi6 yi4 ze2
備用二級頭呼吸器,bi6 yung6 yi6 käp2 täu4 fu1 käp2 hi1
被佔領土,bi6 zim1 läng1 tu2
病毒血症,beng6 duk6 hük2 zäng1
病毒式營銷,beng6 duk6 säk2 yäng4 siu1
病毒性肝炎,beng6 duk6 säng1 gwung1 yim4
病毒性營銷,beng6 duk6 säng1 yäng4 siu1
逼下逼下,bäk2 ha1 bäk2 ha1
壁塞,bäk2 säk2
邊度關事,bing1 du6 gwæng1 si6
邊個打邊個,bing1 go1 da2 bing1 go1
邊個都信,bing1 go1 du1 säng1
邊個都制,bing1 go1 du1 zäi1
邊個話架,bing1 go1 wa6 ga1
邊吃邊聊,bing1 hek2 bing1 liu4
邊兩樣,bing1 löng1 yöng6
扁桃果,bing2 täu4 gwo2
變得好似,bing1 däk2 häu2 ci1
變調太難,bing1 diu6 tai1 næng4
變色易容,bing1 säk2 yäk6 yung4
變質作用,bing1 zäk2 zok2 yung6
變焦距鏡頭,bing1 ziu1 kü1 geng1 täu4
便車旅行者,bing6 ce1 lü1 häng4 ze2
兵敗如山倒,bäng1 bai6 yü4 sæng1 däu2
冰凝器,bäng1 yäng4 hi1
冰成於水,bäng1 säng4 yü1 söi2
冰上曲棍球,bäng1 söng6 kuk2 gwäng1 käu4
屏蔽罐,bäng2 bäi1 gwung1
丙種射線,bäng2 zung2 se6 sing1
柄政,bäng1 zäng1
並行程序,bäng6 häng4 cäng4 zü6
並行口,bäng6 häng4 häu2
表面活化劑,biu2 ming6 wuk6 fa1 zäi1
表面活性劑,biu2 ming6 wuk6 säng1 zäi1
波斑鴇,bo1 bæng1 bäu2
波茨坦會議,bo1 ci4 tæng2 wui6 yi1
波帶片,bo1 dai1 ping1
波到人到,bo1 däu1 yäng4 däu1
波陽,bo1 yöng4
菠蘿油王子,bo1 lo4 yäu4 wong4 zi2
波斯教,bo1 si1 gäu1
波斯尼亞語,bo1 si1 ni4 a1 yü1
波斯話,bo1 si1 wa2
波濤磷磷,bo1 täu4 läng4 läng4
波濤粼粼,bo1 täu4 läng4 läng4
波狀熱,bo1 zong6 ngik6
波狀雲,bo1 zong6 wäng4
波珠,bo1 zü1
扑鑊勁,bok2 wok6 gäng6
駁腳差佬,bok2 gök2 cai1 läu2
博下彩,bok2 ha1 cöi2
博下懵,bok2 ha1 mung2
博一博單車變摩托,bok2 yäk2 bok2 dæng1 ce1 bing1 mo1 tok2
搏一搏單車變摩托,bok2 yäk2 bok2 dæng1 ce1 bing1 mo1 tok2
博而不精,bok2 yi4 bäk2 zäng1
博老感,bok2 läu1 gäm2
搏命玩,bok2 mäng6 wæng4
駁面子,bok2 ming6 zi2
搏懵呀,bok2 mung2 a4
膊頭下,bok2 täu4 ha6
幫人教老公,bong1 yäng4 gäu1 läu1 gung1
幫助之下,bong1 zo6 zi1 ha6
傍近,bong6 gäng6
傍江,bong6 gong1
傍人門户,bong6 yäng4 mung4 wu6
傍柳隨花,bong6 läu1 cöi4 fa1
傍亮,bong6 löng6
傍午,bong6 ng1
傍户而立,bong6 wu6 yi4 läp6
煲好了,bäu1 häu2 liu1
煲老茄,bäu1 läu1 kö4
煲乜,bäu1 mäk2
褒禪山,bäu1 sim4 sæng1
保不齊,bäu2 bäk2 cäi4
寶寶玩具,bäu2 bäu2 wung6 gü6
保持個人衞生,bäu2 ci4 go1 yäng4 wäi6 säng1
保持環境衞生,bäu2 ci4 wæng4 gäng2 wäi6 säng1
保長對應,bäu2 cöng4 döi1 yäng1
保險解開系統,bäu2 him2 gai2 fui1 häi6 tung2
補漏趁天晴讀書趁年輕,bu2 läu6 cäng1 ting1 cäng4 duk6 sü1 cäng1 ning4 häng1
寶馬香車,bäu2 ma1 höng1 ce1
保安局局長,bäu2 wung1 guk6 guk6 zöng2
保心安油,bäu2 säm1 wung1 yäu4
保衞生命,bäu2 wäi6 säng1 mäng6
報道攝影師,bäu1 däu6 sip2 yäng2 si1
布爾代數,bu1 yi1 döi6 su1
哺雞仔,bu6 gäi1 zäi2
捕狗仔,bu6 gäu2 zäi2
簿記管理員,bu6 gi1 gwung2 li1 yüng4
簿記文員,bu6 gi1 mäng4 yüng4
哺乳類動物,bu6 yü1 löi6 dung6 mäk6
捕抓,bu6 zau2
部長級會議,bu6 zöng2 käp2 wui6 yi1
杯酒解怨,bui1 zäu2 gai2 yüng1
背褡,bui1 dap2
背光源,bui1 gwong1 yüng4
背脢,bui1 mui4
背山臨水,bui1 sæng1 läm4 söi2
背手影,bui1 säu2 yäng2
背脊高,bui1 zek2 gäu1
背角,bui6 gok2
本底輻射,bung2 däi2 fuk2 se6
本地管理界面,bung2 di6 gwung2 li1 gai1 ming6
本地海鮮,bung2 di6 fui2 sing1
本地生產總值,bung2 di6 säng1 cæng2 zung2 zäk6
本是同根生,bung2 si6 tung4 gäng1 säng1
半長軸,bung1 cöng4 zuk6
半間不界,bung1 gæng1 bäk2 gai1
半乳糖血症,bung1 yü1 tong4 hük2 zäng1
半截衫,bung1 zik6 sam1
伴隨效應,bung6 cöi4 hau6 yäng1
伴矩陣,bung6 gü2 zäng6
伴君如伴虎,bung6 gwäng1 yü4 bung6 fu2
撥刺,buk6 ci1
撥號上網,buk6 häu6 söng1 mong1
脖領,buk6 leng1
叉鴨飯,ca1 ap2 fæng6
叉電機,ca1 ding6 gi1
差動齒輪,ca1 dung6 ci2 läng4
叉光,ca1 gwong1
叉開第樣,ca1 fui1 däi6 yöng6
叉嘢,ca1 ya1
差謬,ca1 mäu6
叉尾鷗,ca1 mi1 äu1
差五點,ca1 ng1 dim2
差訛,ca1 ngo4
叉拖,ca1 to1
叉簧,ca1 wong4
差之毫釐繆以千里,ca1 zi1 häu4 li4 mäu6 yi1 cing1 li1
差之毫釐謬以千里,ca1 zi1 häu4 li4 mäu6 yi1 cing1 li1
差之毫釐繆之千里,ca1 zi1 häu4 li4 mäu6 zi1 cing1 li1
差之毫釐謬之千里,ca1 zi1 häu4 li4 mäu6 zi1 cing1 li1
叉積,ca1 zäk2
差住先,ca1 zü6 sing1
岔調,ca1 diu6
奼女,ca1 nü1
茶艇,ca4 täng1
踩到上心口,cai2 däu1 söng1 säm1 häu2
柴車,cai4 ce1
柴油發動機,cai4 yäu4 fæk2 dung6 gi1
拆掂數,cæk2 dim6 su1
策劃書,cæk2 wæk6 sü1
參卡爾,cam1 ka1 yi1
參量,cam1 löng6
參量空間,cam1 löng6 hung1 gæng1
參數化,cam1 su1 fa1
鏟運車,cæng2 wäng6 ce1
燦爛多彩,cæng1 læng6 do1 cöi2
撐屎艇,cæng1 si2 täng1
插錯線,cap2 co1 sing1
插血為盟,cap2 hük2 wäi4 mäng4
插上進攻,cap2 söng1 zäng1 gung1
擦親下,cæk2 cäng1 ha1
察爾汗鹽湖,cæk2 yi1 fung6 yim4 wu4
吵怨巴閉,cau2 yüng1 ba1 bäi1
炒孖更,cau2 ma1 gæng1
巢皮掹雞,cau4 pi4 mäng1 gäi1
齊柏林飛船,cäi4 pæk2 läm4 fi1 süng4
齊柏林飛艇,cäi4 pæk2 läm4 fi1 täng1
齊心戮力,cäi4 säm1 luk6 läk6
齊聲叫好,cäi4 säng1 giu1 häu2
測量室,cäk2 löng4 säk2
寢具總彙,cäm2 gü6 zung2 wui6
沉香當爛柴,cäm4 höng1 dong1 læng6 cai4
親切友好,cäng1 cik2 yäu1 häu2
親生仔不如近身錢,cäng1 sæng1 zäi2 bäk2 yü4 gäng6 säng1 cing4
親疏貴賤,cäng1 so1 gwäi1 zing6
趁機行事,cäng1 gi1 häng4 si6
陳穀子爛芝麻,cäng4 guk2 zi2 læng6 zi1 ma4
陳谷子爛芝麻,cäng4 guk2 zi2 læng6 zi1 ma4
陳仁錫,cäng4 yäng4 sek2
層壓式推銷,cäng4 æk2 säk2 töi1 siu1
曾經美麗,cäng4 gäng1 mi1 läi6
七重唱,cäk2 cung4 cöng1
七月三十號,cäk2 ngük6 sam1 säp6 häu6
七平八穩,cäk2 päng4 bæk2 wäng2
七十二畝,cäk2 säp6 yi6 mäu1
抽得兩咀,cäu1 däk2 löng1 zöi2
秋風起三蛇肥,cäu1 fung1 hi2 sam1 se4 fi4
抽水抽着火水,cäu1 söi2 cäu1 zök6 fo2 söi2
溴單質,cäu1 dæng1 zäk2
湊夠一個好字,cäu1 gäu1 yäk2 go1 häu2 zi6
臭口爛舌,cäu1 häu2 læng6 sik6
臭蜢蜢,cäu1 mang1 mang1
湊仔乸,cäu1 zäi2 na2
車陂路口,ce1 bi1 lu6 häu2
車友一族,ce1 yäu1 yäk2 zuk6
車嘢,ce1 ya1
車轅,ce1 yüng4
車來車去,ce1 löi4 ce1 hü1
車水過田,ce1 söi2 gwo1 ting4
車歪炮台,ce1 wai1 pau1 töi4
車站士多,ce1 zam6 si6 do1
車軸草,ce1 zuk6 cäu2
扯行鼻鼾,ce2 häng4 bi6 fung4
斜襟衫,ce4 käm1 sam1
邪靈退散,ce4 läng4 töi1 sæng1
斜愣眼,ce4 läng6 ngæng1
邪牌愛差人,ce4 pai4 wui1 cai1 yäng4
斜線號,ce4 sing1 häu6
赤柱年華,cek2 cü1 ning4 wa4
赤道畿內亞,cek2 däu6 gi1 nöi6 a1
赤道逆流,cek2 däu6 yäk6 läu4
青菜豆腐,ceng1 cöi1 däu6 fu6
青靛,ceng1 ding6
青腳濱鷸,ceng1 gök2 bäng1 wäk6
青頭鸚鵡,ceng1 täu4 yäng1 mu1
青椒牛柳,ceng1 ziu1 ngäu4 läu1
請茶,ceng2 ca4
請喝水,ceng2 fuk2 söi2
請求包,ceng2 käu4 bau1
請求類型,ceng2 käu4 löi6 yäng4
請求時間,ceng2 käu4 si4 gæng1
吹燈拔蠟,cöi1 däng1 bäk6 lap6
吹到啤一聲,cöi1 däu1 be1 yäk2 säng1
吹下吹下,cöi1 ha1 cöi1 ha1
催淚大片,cöi1 löi6 dai6 ping2
炊事班長,cöi1 si6 bæng1 zöng2
吹式士風,cöi1 säk2 si6 fung1
吹簫乞食,cöi1 siu1 häk2 säk6
娶妻求淑女,cü2 cäi1 käu4 suk6 nü1
隨風倒柳,cöi4 fung1 däu2 läu1
隨機變量,cöi4 gi1 bing1 löng6
捶心抌肺,cöi4 säm1 däm2 fäi1
春秋左氏傳,cäng1 cäu1 zo2 si6 züng6
春風和氣,cäng1 fung1 wo4 hi1
春江花月夜,cäng1 gong1 fa1 ngük6 ye6
春滿人間,cäng1 mung1 yäng4 gæng1
春黃菊屬,cäng1 wong4 guk2 suk6
旬輸月送,cäng4 sü1 ngük6 sung1
出前一面,cäk2 cing4 yäk2 ming6
出錯信息,cäk2 co1 säng1 säk2
出口童裝,cäk2 häu2 tung4 zong1
出言成章,cäk2 ying4 säng4 zöng1
出門無六月,cäk2 mung4 mu4 luk6 ngük6
出神音樂,cäk2 säng4 yäm1 ngok6
痴痴呆呆坐埋一枱,ci1 ci1 wui4 wui4 co1 mai4 yäk2 töi4
痴心情長劍,ci1 säm1 cäng4 cöng4 gim1
黐食,ci1 säk6
矢如雨下,ci2 yü4 yü1 ha6
刺絲胞動物,ci1 si1 bau1 dung6 mäk6
詞長效應,ci4 cöng4 hau6 yäng1
磁釘,ci4 deng1
磁共振成像,ci4 gung6 zäng1 säng4 zöng6
詞人墨客,ci4 yäng4 mäk6 hæk2
詞語彙,ci4 yü1 wui6
纖度,cim1 du6
簽好名,cim1 häu1 mäng4
籤卡,cim1 kæk2
纖維囊泡症,cim1 wäi4 nong4 pau1 zäng1
潛水裝備拖輪箱,cim4 söi2 zong1 bi6 to1 läng4 söng1
千燈湖,cing1 däng1 wu4
千揀萬揀揀着個爛燈盞,cing1 gæng2 mæng6 gæng2 gæng2 zök6 go1 læng6 däng1 zæng2
千金難買向南樓,cing1 gäm1 næng4 mai1 höng1 nam4 läu4
千金難買心頭好,cing1 gäm1 næng4 mai1 säm1 täu4 häu1
千經萬卷,cing1 gäng1 mæng6 güng2
千里送鵝毛物輕情義重,cing1 li1 sung1 ngo4 mäu4 mäk6 häng1 cäng4 yi6 zung6
千里之行始於足下,cing1 li1 zi1 häng4 ci2 yü1 zuk2 ha6
淺兜兜,cing2 däu1 däu1
淺耕,cing2 gæng1
淺希近求,cing2 hi1 gäng6 käu4
淺灘指示浮標,cing2 tæng1 zi2 si6 fäu4 biu1
前磨齒,cing4 mo4 ci2
前世撈亂骨頭,cing4 säi1 läu1 lüng6 gwäk2 täu4
前生召喚,cing4 säng1 ziu6 wung6
錢鐘書,cing4 zung1 sü1
青春一族,cäng1 cäng1 yäk2 zuk6
青貯,cäng1 cü1
清風勁節,cäng1 fung1 gäng6 zik2
清官難審家庭事,cäng1 gwung1 næng4 säm2 ga1 täng4 si6
青果領,cäng1 gwo2 läng1
青荇,cäng1 häng6
青原區,cäng1 yüng4 kü1
青龍偃月刀,cäng1 lung4 ying2 ngük6 däu1
青面雞,cäng1 ming6 gäi1
清明上河圖,cäng1 mäng4 söng6 ho4 tu4
青年公寓,cäng1 ning4 gung1 yü6
青年一族,cäng1 ning4 yäk2 zuk6
青年活動,cäng1 ning4 wuk6 dung6
青年仔,cäng1 ning4 zäi2
清史列傳,cäng1 si2 lik6 züng6
青少年口腔護理,cäng1 siu1 ning4 häu2 hong1 wu6 li1
青銅器時代,cäng1 tung4 hi1 si4 döi6
清華培訓,cäng1 wa4 pui4 fäng1
青雲觀,cäng1 wäng4 gwung1
請等陣,cäng2 däng2 zäng6
請您回復,cäng2 ni1 wui4 fuk6
請批示,cäng2 päi1 si6
請提意見,cäng2 täi4 yi1 ging1
情報研究,cäng4 bäu1 ying4 gäu1
情根深種,cäng4 gäng1 säm1 zung2
情繫一生,cäng4 häi6 yäk2 säng1
撤款,cik2 fung2
切向速度,cik2 höng1 cuk2 du6
切空間,cik2 hung1 gæng1
切削速度,cik2 sök2 cuk2 du6
超刻,ciu1 häk2
超文本傳送協議,ciu1 mäng4 bung2 cüng4 sung1 hip2 yi1
超文本傳輸協定,ciu1 mäng4 bung2 cüng4 sü1 hip2 däng6
超聲波檢查,ciu1 säng1 bo1 gim2 ca4
超聲掃描,ciu1 säng1 säu1 miu4
超少人,ciu1 siu2 yäng4
超維空間,ciu1 wäi4 hung1 gæng1
潮解性,ciu4 gai2 säng1
朝局,ciu4 guk6
潮流焦點,ciu4 läu4 ziu1 dim2
朝鮮核談,ciu4 sing1 häk6 tam4
朝鮮海峽,ciu4 sing1 fui2 hap6
朝鮮勞動黨,ciu4 sing1 läu4 dung6 dong2
朝鮮民主主義人民共和國,ciu4 sing1 mäng4 zü2 zü2 yi6 yäng4 mäng4 gung6 wo4 gwok2
朝鮮字母,ciu4 sing1 zi6 mu1
朝鮮總督府,ciu4 sing1 zung2 duk2 fu2
潮州水晶包,ciu4 zäu1 söi2 zäng1 bau1
朝中有人好辦事,ciu4 zung1 yäu1 yäng4 häu2 bæng6 si6
初速度,co1 cuk2 du6
初等代數,co1 däng2 döi6 su1
搓下波先,co1 ha1 bo1 sing1
初露才華,co1 lu6 cöi4 wa4
初生牛犢,co1 säng1 ngäu4 duk6
錯覺結合,co1 gok2 gik2 häp6
錯落有緻,co1 lok6 yäu1 zi1
坐慣坐熟,co1 gwæng1 co1 suk6
坐埋一條船,co1 mai4 yäk2 tiu4 süng4
坐埋同一條船,co1 mai4 tung4 yäk2 tiu4 süng4
戳下戳下,cök2 ha1 cök2 ha1
桌球棍,cök2 käu4 gwäng1
桌上型電腦,cök2 söng6 yäng4 ding6 näu1
搶上風,cöng2 söng6 fung1
長白山天池,cöng4 bæk6 sæng1 ting1 ci4
長轡遠馭,cöng4 bi1 yüng1 yü6
長青藤,cöng4 cäng1 täng4
長儲,cöng4 cü1
場地自行車,cöng4 di6 zi6 häng4 ce1
牆縫,cöng4 fung4
長腳秧雞,cöng4 gök2 yöng1 gäi1
長角羊,cöng4 gok2 yöng4
長崗見,cöng4 gong1 ging1
長江後浪推前浪,cöng4 gong1 häu6 long6 töi1 cing4 long6
長江三角洲,cöng4 gong1 sam1 gok2 zäu1
長江三角洲經濟區,cöng4 gong1 sam1 gok2 zäu1 gäng1 zäi1 kü1
長氣到死,cöng4 hi1 däu1 si2
長耳鴞,cöng4 yi1 hiu1
長期穩定性,cöng4 ki4 wäng2 däng6 säng1
長距離比賽,cöng4 kü1 li4 bi2 cöi1
長尾鴨,cöng4 mi1 ap2
長尾賊鷗,cöng4 mi1 cäk6 äu1
長尾林鴞,cöng4 mi1 läm4 hiu1
長尾朱雀,cöng4 mi1 zü1 zök2
長命功夫,cöng4 mäng6 gung1 fu1
長命工夫,cöng4 mäng6 gung1 fu1
長命工夫長命做,cöng4 mäng6 gung1 fu1 cöng4 mäng6 zu6
長命債長命還,cöng4 mäng6 zai1 cöng4 mäng6 wæng4
長撓撓,cöng4 nau4 nau4
長跑運動員,cöng4 pau2 wäng6 dung6 yüng4
長蓬力,cöng4 pung4 läk6
長沙美食,cöng4 sa1 mi1 säk6
長生板,cöng4 säng1 bæng2
長秈,cöng4 sing1
長泰縣,cöng4 tai1 yüng6
長痛不如短痛,cöng4 tung1 bäk2 yü4 düng2 tung1
長洲路口,cöng4 zäu1 lu6 häu2
長嘴百靈,cöng4 zöi2 bæk2 läng4
長嘴鷸,cöng4 zöi2 wäk6
長趾濱鷸,cöng4 zi2 bäng1 wäk6
睬你都有味,cöi2 ni1 du1 yäu1 mi6
彩色打印,cöi2 säk2 da2 yäng1
菜包子,cöi1 bau1 zi2
賽車看台,cöi1 ce1 fung1 töi4
菜香不愁巷仔深,cöi1 höng1 bäk2 säu4 hong6 zäi2 säm1
塞爾特語,cöi1 yi1 däk6 yü1
塞爾維亞克羅地亞語,cöi1 yi1 wäi4 a1 häk2 lo4 di6 a1 yü1
塞爾維亞語,cöi1 yi1 wäi4 a1 yü1
塞爾維亞民主黨,cöi1 yi1 wäi4 a1 mäng4 zü2 dong2
塞爾維亞和黑山,cöi1 yi1 wäi4 a1 wo6 häk2 sæng1
財經系,cöi4 gäng1 häi6
財政司司長,cöi4 zäng1 si1 si1 zöng2
錯落不齊,cok2 lok6 bäk2 cäi4
剒住度氣,cok2 zü6 du6 hi1
創意經典,cong1 yi1 gäng1 ding2
創傷後壓力,cong1 söng1 häu6 æk2 läk6
創傷後心理壓力緊張綜合症,cong1 söng1 häu6 säm1 li1 æk2 läk6 gäng2 zöng1 zung1 häp6 zäng1
牀板跳上蓆,cong4 bæng2 tiu1 söng1 zek6
藏藏掖掖,cong4 cong4 yäk6 yäk6
牀下底破柴,cong4 ha6 däi2 po1 cai4
牀鋪被蓆,cong4 pu1 pi1 zek6
牀頭打交牀尾和,cong4 täu4 da2 gau1 cong4 mi1 wo4
牀仔,cong4 zäi2
牀側,cong4 zäk2
粗聲大氣,cu1 säng1 dai6 hi1
草墊子,cäu2 zing1 zi2
嘈住人哋,cäu4 zü6 yäng4 di1
嘈住話要,cäu4 zü6 wa6 yiu1
速調管,cuk2 diu6 gwung2
速效性毒劑,cuk2 hau6 säng1 duk6 zäi1
充班,cung1 bæng1
充大班,cung1 dai6 bæng1
衝斷層,cung1 düng6 cäng4
衝完咯,cung1 yüng4 lok2
葱嶺,cung1 leng1
沖涼睡覺,cung1 löng4 söi6 gau1
衝尾,cung1 mi1
沖着,cung1 zök6
從此往後,cung4 ci2 wong1 häu6
重重復復,cung4 cung4 fuk6 fuk6
重睹天日,cung4 du2 ting1 yäk6
從東莞,cung4 dung1 gwung2
重複語境,cung4 fuk2 yü1 gäng2
重複啟動效應,cung4 fuk2 käi2 dung6 hau6 yäng1
重複使力傷害,cung4 fuk2 säi2 läk6 söng1 fui6
從寬辦理,cung4 fung1 bæng6 li1
重慶特產,cung4 häng1 däk6 cæng2
重慶風味,cung4 häng1 fung1 mi6
從右到左,cung4 yäu6 däu1 zo2
重歷舊遊,cung4 läk6 gäu6 yäu4
從外到裏,cung4 wui6 däu1 li1
蟲鳥叫聲,cung4 niu1 giu1 säng1
松柏之年,cung4 pæk2 zi1 ning4
重新綁上,cung4 säng1 bong2 söng1
松樹嶺,cung4 sü6 läng1
從頭來,cung4 täu4 löi4
松仔腳,cung4 zäi2 gök2
重臂,cung1 bi1
重病特護,cung1 beng6 däk6 wu6
重病特護區,cung1 beng6 däk6 wu6 kü1
重罰不用,cung1 fæk6 bäk2 yung6
重賦,cung1 fu1
重機關槍,cung1 gi1 gwæng1 cöng1
重力感應,cung1 läk6 gäm2 yäng1
重量噸,cung1 löng6 däng1
重眼皮兒,cung1 ngæng1 pi4 yi4
重水反應堆,cung1 söi2 fæng2 yäng1 döi1
重碳酸鹽,cung1 tæng1 süng1 yim4
重碳酸鈣,cung1 tæng1 süng1 kwui1
重活化劑,cung1 wuk6 fa1 zäi1
川黨參,cüng1 dong2 säm1
穿透輻射,cüng1 täu1 fuk2 se6
穿針走線,cüng1 zäm1 zäu2 sing1
串串槓,cüng1 cüng1 gong1
傳播四方,cüng4 bo1 si1 fong1
傳情物意,cüng4 cäng4 mäk6 yi1
傳道受業,cüng4 däu6 säu6 yip6
傳動力,cüng4 dung6 läk6
全跏坐,cüng4 ga1 co1
全國人大會議,cüng4 gwok2 yäng4 dai6 wui6 yi1
全英班,cüng4 yäng1 bæng1
傳球法,cüng4 käu4 fæk2
全球氣候變暖,cüng4 käu4 hi1 häu6 bing1 nüng1
全球物流,cüng4 käu4 mäk6 läu4
全球通信,cüng4 käu4 tung1 säng1
全球位置測定系統,cüng4 käu4 wäi6 zi1 cäk2 däng6 häi6 tung2
全球會議,cüng4 käu4 wui6 yi1
全球資訊網,cüng4 käu4 zi1 säng1 mong1
全面推廣,cüng4 ming6 töi1 gwong2
傳媒教育,cüng4 mui4 gäu1 yuk6
傳三過四,cüng4 sam1 gwo1 si1
全身中毒性毒劑,cüng4 säng1 zung1 duk6 säng1 duk6 zäi1
傳輸層,cüng4 sü1 cäng4
傳輸控制協定,cüng4 sü1 hung1 zäi1 hip2 däng6
傳輸媒質,cüng4 sü1 mui4 zäk2
傳統詞類,cüng4 tung2 ci4 löi6
傳統中國醫藥,cüng4 tung2 zung1 gwok2 yi1 yök6
傳讚,cüng4 zæng1
傳真電報,cüng4 zäng1 ding6 bäu1
打啞語,da2 a2 yü1
打靶鬼,da2 ba2 gwäi2
打靶佬,da2 ba2 läu2
打把勢,da2 ba2 säi1
打把式,da2 ba2 säk2
打包踭,da2 bau1 zang1
打薄剪刀,da2 bok6 zing2 däu1
打層次,da2 cäng4 ci1
打出腳骨,da2 cäk2 gök2 gwäk2
打場大風執塊樹葉,da2 cöng4 dai6 fung1 zäp2 fai1 sü6 yip6
打大翻,da2 dai6 fæng1
打得埋,da2 däk2 mai4
打突兀,da2 däk6 ngäk6
打對仗,da2 döi1 zöng1
打掂,da2 dim6
打掂瞓,da2 dim6 fäng1
打掂放,da2 dim6 fong1
打掂寫,da2 dim6 se2
打電腦遊戲,da2 ding6 näu1 yäu4 hi1
打倒掟,da2 däu1 deng1
打倒掟放,da2 däu1 deng1 fong1
打到二跳四,da2 däu1 yi6 tiu1 si1
打翻電話,da2 fæng1 ding6 wa2
打發功夫還鬼願,da2 fæk2 gung1 fu1 wæng4 gwäi2 yüng6
打肥婆,da2 fi4 po4
打風咯,da2 fung1 lo1
打鳳眼,da2 fung6 ngæng1
打膠槍,da2 gau1 cöng1
打跟頭,da2 gäng1 täu4
打狗欺主,da2 gäu2 hi1 zü2
打擊軍事力量,da2 gäk2 gwäng1 si6 läk6 löng6
打個突兀,da2 go1 däk6 ngäk6
打高爾夫球,da2 gäu1 yi1 fu1 käu4
打鼓趁興,da2 gwu2 cäng1 häng1
打光機,da2 gwong1 gi1
打開方式,da2 fui1 fong1 säk2
打哄,da2 hung1
打印服務器,da2 yäng1 fuk6 mu6 hi1
打游戲機,da2 yäu4 hi1 gi1
打野炮,da2 ye1 pau1
打煙槍,da2 ying1 cöng1
打棋子,da2 ki4 zi2
打纜地,da2 lam6 di6
打爛沙盤,da2 læng6 sa1 pung4
打爛沙盆問到篤,da2 læng6 sa1 pung4 mäng6 däu1 duk2
打爛沙盆璺到篤,da2 læng6 sa1 pung4 mäng6 däu1 duk2
打螺絲,da2 lo4 si1
打來回,da2 löi4 wui4
打埋算盤,da2 mai4 süng1 pung4
打悶雷,da2 mung6 löi4
打鈎,da2 ngäu1
打勾勾,da2 ngäu1 ngäu1
打棚埔,da2 pæng4 bu1
打蛇隨棍上,da2 se4 cöi4 gwäng1 söng1
打蛇打七寸,da2 se4 da2 cäk2 cüng1
打死不離親兄弟,da2 si2 bäk2 li4 cäng1 häng1 däi6
打死狗講價,da2 si2 gäu2 gong2 ga1
打屎窟,da2 si2 fäk2
打算出去,da2 süng1 cäk2 hü1
打頭鑼,da2 täu4 lo4
打挺兒,da2 täng1 yi4
打鐵散工,da2 tik2 sæng2 gung1
打通任督二脈,da2 tung1 yäm6 duk2 yi6 mæk6
打橫炮,da2 wæng4 pau1
打鑊堅,da2 wok6 ging1
打針紙,da2 zäm1 zi2
打怵,da2 zäk2
打仗仔,da2 zöng1 zäi2
打腫面充肥仔,da2 zung2 ming6 cung1 fi4 zäi2
帶分數,dai1 fäng6 su1
大便祕結,dai6 bing6 bi1 gik2
大柴旦行政區,dai6 cai4 dæng1 häng4 zäng1 kü1
大啖一番,dai6 dam6 yäk2 fæng1
大個仔咯,dai6 go1 zäi2 lo1
大蝦細俾屎餵,dai6 ha1 säi1 bi2 si2 wäi1
大口大面,dai6 häu2 dai6 ming6
大氣壓強,dai6 hi1 æk2 köng4
大興安嶺山脈,dai6 häng1 wung1 läng1 sæng1 mæk6
大型浮雕,dai6 yäng4 fäu4 diu1
大型強子對撞機,dai6 yäng4 köng4 zi2 döi1 zong6 gi1
大強子對撞機,dai6 köng4 zi2 döi1 zong6 gi1
大菌食細菌,dai6 kwäng2 säk6 säi1 kwäng2
大懶使二懶,dai6 læng1 säi2 yi6 læng1
大量殺傷武器,dai6 löng6 sæk2 söng1 mu1 hi1
大麥克指數,dai6 mæk6 häk2 zi2 su1
大磨刀,dai6 mo4 däu1
大無畏精神,dai6 mu4 wäi1 zäng1 säng4
大蝻蛇,dai6 nam4 se4
大難不死必有後福,dai6 næng6 bäk2 si2 bik2 yäu1 häu6 fuk2
大難臨頭各自飛,dai6 næng6 läm4 täu4 gok2 zi6 fi1
大平特平,dai6 peng4 däk6 peng4
大盤尾,dai6 pung4 mi1
大沙錐,dai6 sa1 zöi1
大使大食,dai6 säi2 dai6 säk6
大細通食,dai6 säi1 tung1 säk6
大蛇屙屎,dai6 se4 o1 si2
大蛇痾屎,dai6 se4 o1 si2
大石浮頭,dai6 sek6 fäu4 täu4
大石下,dai6 sek6 ha6
大石笮死蟹,dai6 sek6 zæk2 si2 hai1
大食蟻獸,dai6 säk6 ngäi1 säu1
大小三度,dai6 siu2 sam1 du6
大體相當,dai6 täi2 söng1 dong1
大肚臨登,dai6 tu1 läm4 däng1
大話冚大話,dai6 wa6 käm2 dai6 wa6
大位事,dai6 wäi6 si6
大種雞,dai6 zung2 gäi1
擔起上身,dam1 hi2 söng1 säng1
擔雪填井,dam1 sük2 ting4 zäng2
膽驚心顫,dam2 gäng1 säm1 zing1
擔竿也曾做過筍,dam1 gwung1 ya1 cäng4 zu6 gwo1 säng2
淡泊寡味,dam6 bok6 gwa2 mi6
淡淡定定,dam6 dam6 däng6 däng6
單班課,dæng1 bæng1 fo1
單車修理,dæng1 ce1 säu1 li1
單車少女,dæng1 ce1 siu1 nü1
單車維修,dæng1 ce1 wäi4 säu1
單詞產生器模型,dæng1 ci4 cæng2 säng1 hi1 mu4 yäng4
單解碼,dæng1 gai2 ma1
單機容量,dæng1 gi1 yung4 löng6
單鏡反光相機,dæng1 geng1 fæng2 gwong1 söng1 gi1
單片機,dæng1 ping1 gi1
單細胞生物,dæng1 säi1 bau1 säng1 mäk6
單純皰疹病毒,dæng1 säng4 pau1 cäng2 beng6 duk6
單色照片,dæng1 säk2 ziu1 ping2
彈糾,dæng6 gäu2
彈球盤,dæng6 käu4 pung4
彈性模量,dæng6 säng1 mu4 löng6
彈跳板,dæng6 tiu1 bæng2
彈簧秤,dæng6 wong4 cäng1
彈簧牀,dæng6 wong4 cong4
彈簧墊圈,dæng6 wong4 zing1 hüng1
搭錯賊船,dap2 co1 cäk6 süng4
搭縫,dap2 fung4
搭頭搭尾,dap2 täu4 dap2 mi1
搭接片,dap2 zip2 ping1
踏青賞春,dap6 cäng1 söng2 cäng1
踏兩頭船,dap6 löng1 täu4 süng4
低放射性廢物,däi1 fong1 se6 säng1 fäi1 mäk6
低碳行動,däi1 tæng1 häng4 dung6
低劑量照射,däi1 zäi1 löng6 ziu1 se6
第七聲,däi6 cäk2 säng1
第個月,däi6 go1 ngük6
第一調,däi6 yäk2 diu6
第一個包,däi6 yäk2 go1 bau1
第一二個,däi6 yäk2 yi6 go1
第二次世界大戰,däi6 yi6 ci1 säi1 gai1 dai6 zing1
第二型糖尿病,däi6 yi6 yäng4 tong4 niu6 beng6
第二列,däi6 yi6 lik6
第二秒,däi6 yi6 miu1
第二實驗,däi6 yi6 säk6 yim6
第二剪,däi6 yi6 zing2
德國孖人牌,däk2 gwok2 ma1 yäng4 pai4
德意志聯邦共和國,däk2 yi1 zi1 lüng4 bong1 gung6 wo4 gwok2
德意志民主共和國,däk2 yi1 zi1 mäng4 zü2 gung6 wo4 gwok2
得些好意須回手,däk2 se1 häu2 yi1 sü1 wui4 säu2
得罪人多稱呼人少,däk2 zöi6 yäng4 do1 cäng1 fu1 yäng4 siu2
特別行政區,däk6 bik6 häng4 zäng1 kü1
特產零食,däk6 cæng2 läng4 säk6
特殊函數,däk6 sü4 ham4 su1
抌袋,däm2 döi6
抌骨,däm2 gwäk2
抌垃圾,däm2 lap6 sap2
抌石仔,däm2 sek6 zäi2
扽扽下,däng1 däng1 ha1
扽監,däng1 gam1
扽蝦籠,däng1 ha1 lung4
扽下個樽,däng1 ha6 go1 zäng1
扽手踭,däng1 säu2 zang1
等比級數,däng2 bi2 käp2 su1
等比數列,däng2 bi2 su1 lik6
等變壓線,däng2 bing1 æk2 sing1
等差級數,däng2 ca1 käp2 su1
等多下,däng2 do1 ha1
等多一會,däng2 do1 yäk2 wui6
等到頸都長,däng2 däu1 geng2 du1 cöng4
等米落鑊,däng2 mai1 lok6 wok6
鄧小平理論,däng6 siu2 päng4 li1 läng6
突出位置,däk6 cäk2 wäi6 zi1
凸面體,däk6 ming6 täi2
突破難關,däk6 po1 næng4 gwæng1
兜得到,däu1 däk2 däu1
兜下爬,däu1 ha6 pa4
兜痞,däu1 pi2
兜頭兜腦,däu1 täu4 däu1 näu1
兜頭截住,däu1 täu4 zik6 zü6
兜彎,däu1 wæng1
鬥雞聲,däu1 gäi1 säng1
鬥下氣,däu1 ha6 hi1
鬥牛士之歌,däu1 ngäu4 si6 zi1 go1
竇窖,däu6 gau1
地方官職位,di6 fong1 gwung1 zäk2 wäi6
地好濕,di6 häu2 säp2
地區差價,di6 kü1 ca1 ga1
地面灌溉,di6 ming6 gwung1 kwui1
地心緯度,di6 säm1 wäi1 du6
地鐵仔,di6 tik2 zäi2
地質年表,di6 zäk2 ning4 biu2
地質年代表,di6 zäk2 ning4 döi6 biu2
糴糧食,dek6 löng4 säk6
釘翻粒紐,deng1 fæng1 näp2 näu2
釘鞋釘,deng1 hai4 deng1
釘窿機,deng1 lung1 gi1
掟包糯米雞,deng1 bau1 no6 mai1 gäi1
掟花球,deng1 fa1 käu4
堆堆疊疊,döi1 döi1 dip6 dip6
堆壘數論,döi1 löi1 su1 läng6
對頂角,döi1 deng2 gok2
對方付費電話,döi1 fong1 fu6 fäi1 ding6 wa2
對方付款電話,döi1 fong1 fu6 fung2 ding6 wa2
對胸衫,döi1 hung1 sam1
對面牀,döi1 ming6 cong4
對外貿易經濟合作部,döi1 wui6 mäu6 yäk6 gäng1 zäi1 häp6 zok2 bu6
對數函數,döi1 su1 ham4 su1
對數螺線,döi1 su1 lo4 sing1
碓頭,döi1 täu4
對話方塊,döi1 wa6 fong1 fai1
扚波,däk2 bo1
滴定,däk6 däng6
滴漏計時器,däk6 läu6 gäi1 si4 hi1
滴水不羼,däk6 söi2 bäk2 cæng1
迪士尼樂園,däk6 si6 ni4 lok6 yüng4
點滴試驗,dim2 däk6 si1 yim6
點都德,dim2 du1 däk2
點估倒,dim2 gwu2 däu1
點下贊,dim2 ha1 zæng1
點先咯,dim2 sing1 lok2
點算咯,dim2 süng1 lok2
點陣打印機,dim2 zäng6 da2 yäng1 gi1
點陣式打印機,dim2 zäng6 säk2 da2 yäng1 gi1
典型調查,ding2 yäng4 diu6 ca4
電壓計,ding6 æk2 gäi1
墊補,ding6 bu2
電磁相互作用,ding6 ci4 söng1 wu6 zok2 yung6
電唱針,ding6 cöng1 zäm1
電打字機,ding6 da2 zi6 gi1
電燈柱掛老鼠箱,ding6 däng1 cü1 gwa1 läu1 sü2 söng1
電燈總掣,ding6 däng1 zung2 zäi1
電解電容器,ding6 gai2 ding6 yung4 hi1
電光朝露,ding6 gwong1 ziu1 lu6
電荷量,ding6 ho6 löng6
靛油,ding6 yäu4
電腦雕刻,ding6 näu1 diu1 häk2
電腦斷層掃描,ding6 näu1 düng6 cäng4 säu1 miu4
電視汁撈飯,ding6 si6 zäp2 läu1 fæng6
電視精,ding6 si6 zäng1
電視專題片,ding6 si6 züng1 täi4 ping2
電玩模型,ding6 wung6 mu4 yäng4
電子層數,ding6 zi2 cäng4 su1
電子數據交換,ding6 zi2 su1 gü1 gau1 wung6
電轉盤,ding6 züng1 pung4
丁卯戰爭,däng1 mau1 zing1 zäng1
頂風作案,däng2 fung1 zok2 wung1
頂颳颳,däng2 gwæk2 gwæk2
頂下肚,däng2 ha1 tu1
頂喉頂頸,däng2 häu4 däng2 geng2
頂名冒姓,däng2 mäng4 mäu6 säng1
頂硬檔,däng2 ngæng6 dong1
頂手貨,däng2 säu2 fo1
頂頭陣,däng2 täu4 zäng6
頂住個雞頭,däng2 zü6 go1 gäi1 täu4
訂書針,däng1 sü1 zäm1
定風針,däng6 fung1 zäm1
定期更換過期物品,däng6 ki4 gäng1 wung6 gwo1 ki4 mäk6 bäng2
定時攝影,däng6 si4 sip2 yäng2
疊層岩,dip6 cäng4 ngam4
疊層石,dip6 cäng4 sek6
鰈片,dip6 ping1
疊手疊腳,dip6 säu2 dip6 gök2
跌跛腳,dik2 bäi1 gök2
跌親下,dik2 cäng1 ha1
雕楹碧檻,diu1 yäng4 bäk2 lam6
丟眉弄色,diu1 mi4 lung6 säk2
丟生,diu1 sæng1
刁士,diu1 si6
吊釘,diu1 deng1
吊槓,diu1 gong1
吊尾吊味,diu1 mi1 diu1 mi6
吊襠褲,diu1 nong6 fu1
吊墜縛,diu1 zöi6 bok2
吊住條尾,diu1 zü6 tiu4 mi1
調錶器,diu6 biu1 hi1
調藥刀,diu6 yök6 däu1
調馴,diu6 säng4
調户口,diu6 wu6 häu2
多邊貿易談判,do1 bing1 mäu6 yäk6 tam4 pung1
多清淡,do1 cäng1 dam6
多重選擇題,do1 cung4 süng2 zæk6 täi4
多多保重,do1 do1 bäu2 zung6
多發性硬化症,do1 fæk2 säng1 ngæng6 fa1 zäng1
多一事不如少一事,do1 yäk2 si6 bäk2 yü4 siu2 yäk2 si6
多元不飽和脂肪酸,do1 yüng4 bäk2 bau2 wo4 zi1 fong1 süng1
多米尼加共和國,do1 mai1 ni4 ga1 gung6 wo4 gwok2
多米尼加聯邦,do1 mai1 ni4 ga1 lüng4 bong1
多明尼加共和國,do1 mäng4 ni4 ga1 gung6 wo4 gwok2
多年生植物,do1 ning4 säng1 zäk6 mäk6
多細胞生物,do1 säi1 bau1 säng1 mäk6
多水分,do1 söi2 fäng6
多側面,do1 zäk2 ming6
多值函數,do1 zäk6 ham4 su1
多種語言支持,do1 zung2 yü1 ying4 zi1 ci4
多種維生素,do1 zung2 wäi4 säng1 su1
啄穿個窿,dök2 cüng1 go1 lung1
代數基本定理,döi6 su1 gi1 bung2 däng6 li1
代數函數,döi6 su1 ham4 su1
代數函數論,döi6 su1 ham4 su1 läng6
代數學基本定理,döi6 su1 hok6 gi1 bung2 däng6 li1
代數曲面,döi6 su1 kuk2 ming6
代數曲線,döi6 su1 kuk2 sing1
代數羣,döi6 su1 kwäng4
代數量,döi6 su1 löng6
度德量力,dok6 däk2 löng6 läk6
度定條竅,dok6 däng6 tiu4 hiu1
當斷即斷,dong1 düng1 zik2 düng1
當量劑量,dong1 löng6 zäi1 löng6
當老肯,dong1 läu1 häng2
蕩下蕩下,dong6 ha1 dong6 ha1
刀刺性痛,däu1 ci1 säng1 tung1
都更案,du1 gäng1 wung1
都幾充實,du1 gi2 cung1 säk6
都有癮,du1 yäu1 yäng1
都柏文,du1 pæk2 mäng4
都市美型男,du1 si1 mi1 yäng4 nam4
都市時尚,du1 si1 si4 söng6
都市節奏,du1 si1 zik2 zäu1
倒不好,däu2 bäk2 häu2
倒彩聲,däu2 cöi2 säng1
堵牀上,du2 cong4 söng6
倒吊蠟燭,däu2 diu1 lap6 zuk2
賭幾多都得,du2 gi2 do1 du1 däk2
倒戈卸甲,däu2 gwo1 se1 gap2
倒立像,däu2 läp6 zöng6
搗弄,däu2 lung6
倒瓤,däu2 nong4
倒瓤冬瓜,däu2 nong4 dung1 gwa1
堵塞費,du2 säk2 fäi1
倒藪,däu2 säu2
倒鎖,däu2 so2
倒頭經,däu2 täu4 gäng1
倒賬,däu2 zöng1
倒抽一口涼氣,däu1 cäu1 yäk2 häu2 löng4 hi1
倒掟頭,däu1 deng1 täu4
倒吊荷包,däu1 diu1 ho4 bau1
倒吊眼眉,däu1 diu1 ngæng1 mi4
倒吊沙煲,däu1 diu1 sa1 bäu1
倒吊砂煲,däu1 diu1 sa1 bäu1
倒懸之危,däu1 yüng4 zi1 ngäi4
導波通信,däu6 bo1 tung1 säng1
道高一尺魔高一丈,däu6 gäu1 yäk2 cek2 mo1 gäu1 yäk2 zöng6
道高一丈,däu6 gäu1 yäk2 zöng6
導函數,däu6 ham4 su1
道卡斯族,däu6 ka1 si1 zuk6
道瓊斯指數,däu6 käng4 si1 zi2 su1
盜夢空間,däu6 mung6 hung1 gæng1
杜塞爾多夫,du6 säk2 yi1 do1 fu1
篤腐乳,duk2 fu6 yü1
厾口厾面,duk2 häu2 duk2 ming6
獨吃難肥,duk6 hek2 næng4 fi4
毒害劑量,duk6 fui6 zäi1 löng6
獨木舟水球,duk6 muk6 zäu1 söi2 käu4
獨樂樂不如眾樂樂,duk6 ngok6 lok6 bäk2 yü4 zung1 ngok6 lok6
讀破句,duk6 po1 gü1
獨生子女政策,duk6 säng1 zi2 nü1 zäng1 cæk2
讀勝,duk6 säng1
讀書月,duk6 sü1 ngük6
讀枉書,duk6 wong2 sü1
毒劑震檢,duk6 zäi1 zäng1 gim2
東突厥斯坦解放組織,dung1 däk6 kük2 si1 tæng2 gai2 fong1 zu2 zäk2
東非大裂谷,dung1 fi1 dai6 lik6 guk2
東方三博士,dung1 fong1 sam1 bok2 si6
冬耕,dung1 gæng1
東洋話,dung1 yöng4 wa2
東食西宿,dung1 säk6 säi1 suk2
動詞重疊,dung6 ci4 cung4 dip6
動量詞,dung6 löng6 ci4
動物毒素,dung6 mäk6 duk6 su1
動畫故事,dung6 wa6 gwu1 si6
動植物品種,dung6 zäk6 mäk6 bäng2 zung2
短打扮,düng2 da2 bæng6
短法包,düng2 fæk2 bau1
短尾鸚鵡,düng2 mi1 yäng1 mu1
短中抽長,düng2 zung1 cäu1 cöng4
斷港絕潢,düng6 gong2 zük6 wong4
斷滅論,düng6 mik6 läng6
花朵各部分,fa1 do2 gok2 bu6 fäng6
花腔女高音,fa1 hong1 nü1 gäu1 yäm1
花月佳期,fa1 ngük6 gai1 ki4
花木年華,fa1 muk6 ning4 wa4
花被冚雞籠,fa1 pi1 käm2 gäi1 lung4
花生腳,fa1 sæng1 gök2
花生漿,fa1 säng1 zöng1
化鴟為鳳,fa1 ci1 wäi4 fung6
化腐朽為神奇,fa1 fu6 näu2 wäi4 säng4 ki4
化干戈為玉帛,fa1 gwung1 gwo1 wäi4 yuk6 bæk6
化學公仔,fa1 hok6 gung1 zäi2
化學需氧量,fa1 hok6 sü1 yöng1 löng6
化學劑量計,fa1 hok6 zäi1 löng6 gäi1
化學戰劑檢毒箱,fa1 hok6 zing1 zäi1 gim2 duk6 söng1
化齋,fa1 zai1
翻腸絞肚,fæng1 cöng4 gau2 tu1
番鬼佬月餅,fæng1 gwäi2 läu2 ngük6 beng2
番薯兵,fæng1 sü4 bäng1
反斜線,fæng2 ce4 sing1
反赤道流,fæng2 cek2 däu6 läu4
反傳算法,fæng2 cüng4 süng1 fæk2
反革命宣傳,fæng2 gæk2 mäng6 süng1 cüng4
反革命宣傳煽動罪,fæng2 gæk2 mäng6 süng1 cüng4 sing1 dung6 zöi6
反共宣傳罪,fæng2 gung6 süng1 cüng4 zöi6
反酷刑折磨公約,fæng2 häu6 yäng4 zik2 mo4 gung1 yök2
反右派鬥爭,fæng2 yäu6 pai1 däu1 zäng1
反其道而行,fæng2 ki4 däu6 yi4 häng4
反錄病毒,fæng2 luk6 beng6 duk6
反散射,fæng2 sæng2 se6
反射區治療,fæng2 se6 kü1 zi6 liu4
反式油酸,fæng2 säk2 yäu4 süng1
反轉選擇,fæng2 züng1 süng2 zæk6
帆背潛鴨,fæng4 bui1 cim4 ap2
蟠尾絲蟲,fæng4 mi1 si1 cung4
凡事留一線日後好相見,fæng4 si6 läu4 yäk2 sing1 yäk6 häu6 häu2 söng1 ging1
凡事留一線他日好相見,fæng4 si6 läu4 yäk2 sing1 ta1 yäk6 häu2 söng1 ging1
犯得上,fæng6 däk2 söng1
犯勁,fæng6 gäng6
犯天下之大不韙,fæng6 ting1 ha6 zi1 dai6 bäk2 wäi1
飯焦粥,fæng6 ziu1 zuk2
發暗話,fæk2 äm1 wa6
發奮有為,fæk2 fäng1 yäu1 wäi4
發雞盲呀,fæk2 gäi1 mæng4 a4
發驚青,fæk2 geng1 ceng1
髮冠卷尾,fæk2 gwung1 güng2 mi1
發光二極管,fæk2 gwong1 yi6 gik6 gwung2
發光二極體,fæk2 gwong1 yi6 gik6 täi2
發行紅利股,fæk2 häng4 hung4 li6 gwu2
法向量,fæk2 höng1 löng6
發行備忘錄,fæk2 hong4 bi6 mong4 luk6
發好人卡,fæk2 häu2 yäng4 kæk2
法蘭西多士,fæk2 læng4 säi1 do1 si2
法蘭西共和國,fæk2 læng4 säi1 gung6 wo4 gwok2
法輪常轉,fæk2 läng4 söng4 züng2
發老婆寒,fæk2 läu1 po4 fung4
發女狂,fæk2 nü1 kwong4
發誓當食生菜,fæk2 säi6 dong1 säk6 sæng1 cöi1
發生作用,fæk2 säng1 zok2 yung6
發射機應答器,fæk2 se6 gi1 yäng1 dap2 hi1
發上癮,fæk2 söng1 yäng1
法屬波利尼西亞,fæk2 suk6 bo1 li6 ni4 säi1 a1
發仔狂,fæk2 zäi2 kwong4
髮指眥裂,fæk2 zi2 zai6 lik6
揮汗成雨,fäi1 fung6 säng4 yü1
廢寢食,fäi1 cäm2 säk6
肺炎雙球菌,fäi1 yim4 söng1 käu4 kwäng2
昏定晨省,fäng1 däng6 säng4 säng2
葷腥不沾,fäng1 säng1 bäk2 zim1
昏頭暈腦,fäng1 täu4 wäng4 näu1
瞓衫,fäng1 sam1
瞓着眼,fäng1 zök6 ngæng1
瞓住覺,fäng1 zü6 gau1
墳嶺,fäng4 läng1
忽必裂,fäk2 bik2 lik6
拂袖衣香,fäk2 zäu6 yi1 höng1
浮冰羣,fäu4 bäng1 kwäng4
浮雕牆,fäu4 diu1 cöng4
浮雕牆紙,fäu4 diu1 cöng4 zi2
浮力定律,fäu4 läk6 däng6 läk6
浮力調整背心,fäu4 läk6 tiu4 zäng2 bui1 säm1
浮力調整裝置,fäu4 läk6 tiu4 zäng2 zong1 zi1
浮岩,fäu4 ngam4
浮雲朝露,fäu4 wäng4 ziu1 lu6
非詞重復測驗,fi1 ci4 cung4 fuk6 cäk2 yim6
非請勿進,fi1 cäng2 mäk6 zäng1
非傳染病,fi1 cüng4 yim1 beng6
非都會郡,fi1 du1 wui6 gwäng6
飛短留長,fi1 düng2 läu4 cöng4
非法運球,fi1 fæk2 wäng6 käu4
非分之念,fi1 fäng6 zi1 nim6
飛機着火,fi1 gi1 zök6 fo2
非均質,fi1 gwäng1 zäk2
非核地帶,fi1 häk6 di6 dai1
非可再生能源,fi1 ho2 zöi1 säng1 näng4 yüng4
非利士族,fi1 li6 si6 zuk6
非平衡態,fi1 päng4 häng4 tai1
非相對論性,fi1 söng1 döi1 läng6 säng1
非常好客,fi1 söng4 häu1 hæk2
非常之重要,fi1 söng4 zi1 zung6 yiu1
飛上枝頭變鳳凰,fi1 söng1 zi1 täu4 bing1 fung6 wong4
非同步傳輸模式,fi1 tung4 bu6 cüng4 sü1 mu4 säk2
非遺傳多型性,fi1 wäi4 cüng4 do1 yäng4 säng1
非洲大裂谷,fi1 zäu1 dai6 lik6 guk2
非洲錐蟲病,fi1 zäu1 zöi1 cung4 beng6
非正數,fi1 zäng1 su1
肥佬衫褲,fi4 läu2 sam1 fu1
科特迪瓦共和國,fo1 däk6 däk6 nga1 gung6 wo4 gwok2
科技驚悚,fo1 gi6 gäng1 sung2
科學技術是第一生產力,fo1 hok6 gi6 säk6 si6 däi6 yäk2 säng1 cæng2 läk6
科學種田,fo1 hok6 zung1 ting4
科組長,fo1 zu2 zöng2
火車未到站,fo2 ce1 mi6 däu1 zam6
火攪米,fo2 gau2 mai1
火機老鋪,fo2 gi1 läu1 pu1
火蓋頂,fo2 gwui1 deng2
火焰噴射器,fo2 yim6 päng1 se6 hi1
火山爆發指數,fo2 sæng1 bau1 fæk2 zi2 su1
火成碎屑,fo2 säng4 söi1 sik2
火船仔細機器大,fo2 süng4 zäi2 säi1 gi1 hi1 dai6
貨幣供應量,fo1 bäi6 gung1 yäng1 löng6
貨車專用,fo1 ce1 züng1 yung6
課時數,fo1 si4 su1
荒郊野嶺,fong1 gau1 ye1 leng1
荒怪不經,fong1 gwai1 bäk2 gäng1
方向與位置,fong1 höng1 yü1 wäi6 zi1
放下心頭大石,fong1 ha6 säm1 täu4 dai6 sek6
放下屠刀立地成佛,fong1 ha6 tu4 däu1 läp6 di6 säng4 fäk6
放行後,fong1 häng4 häu6
放射蟲,fong1 se6 cung4
放射生成物,fong1 se6 säng1 säng4 mäk6
放射性廢物,fong1 se6 säng1 fäi1 mäk6
放射性武器,fong1 se6 säng1 mu1 hi1
放射性衰變,fong1 se6 säng1 söi1 bing1
放射性碎片,fong1 se6 säng1 söi1 ping2
放射性威脅,fong1 se6 säng1 wäi1 hip2
放射性污染,fong1 se6 säng1 wu1 yim1
放射性活度,fong1 se6 säng1 wuk6 du6
放射性最強點,fong1 se6 säng1 zöi1 köng4 dim2
放射性沾染,fong1 se6 säng1 zim1 yim1
放射性沾染物,fong1 se6 säng1 zim1 yim1 mäk6
放射作戰,fong1 se6 zok2 zing1
放置位置,fong1 zi1 wäi6 zi1
防毒斗篷,fong4 duk6 däu2 pung4
防毒靴套,fong4 duk6 hö1 täu1
防毒手套,fong4 duk6 säu2 täu1
防城縣,fong4 säng4 yüng6
呼應聲,fu1 yäng1 säng1
呼吸調節器,fu1 käp2 tiu4 zik2 hi1
膚皮潦草,fu1 pi4 liu4 cäu2
虎毒不吃兒,fu2 duk6 bäk2 hek2 yi4
苦瓜面,fu2 gwa1 ming6
俯瞰攝影,fu2 häm1 sip2 yäng2
斧鉞湯鑊,fu2 yük6 tong1 wok6
副法向量,fu1 fæk2 höng1 löng6
富貴足,fu1 gwäi1 zuk2
副黏液病毒,fu1 nim1 yäk6 beng6 duk6
富農經濟,fu1 nung4 gäng1 zäi1
扶弱抑強,fu4 yök6 yäk2 köng4
負擔過重,fu6 dam1 gwo1 cung1
輔車相依,fu6 gü1 söng1 yi1
付之度外,fu6 zi1 du6 wui6
灰背鷗,fui1 bui1 äu1
灰卷尾,fui1 güng2 mi1
灰尾漂鷸,fui1 mi1 piu1 wäk6
複變函數,fuk2 bing1 ham4 su1
複變函數論,fuk2 bing1 ham4 su1 läng6
覆巢之下無完卵,fuk2 cau4 zi1 ha6 mu4 yüng4 läng2
覆診卡,fuk2 cäng2 ka1
福無重至禍不單行,fuk2 mu4 cung4 zi1 wo6 bäk2 dæng1 häng4
福無雙至禍不單行,fuk2 mu4 söng1 zi1 wo6 bäk2 dæng1 häng4
輻射敏感性,fuk2 se6 mäng1 gäm2 säng1
輻射直接效應,fuk2 se6 zäk6 zip2 hau6 yäng1
伏筆千里,fuk6 bäk2 cing1 li1
伏辯,fuk6 bing6
伏特計,fuk6 däk6 gäi1
復讀生,fuk6 duk6 säng1
伏龍鳳雛,fuk6 lung4 fung6 co1
服裝乾洗,fuk6 zong1 gung1 säi2
寬假,fung1 ga2
寬洪大量,fung1 hung4 dai6 löng6
歡聚此刻,fung1 zü6 ci2 häk2
風範長存,fung1 fæng6 cöng4 cüng4
風流佳話,fung1 läu4 gai1 wa6
風力傳播種子,fung1 läk6 cüng4 bo1 zung2 zi2
風力水車,fung1 läk6 söi2 ce1
風馬牛不相及,fung1 ma1 ngäu4 bäk2 söng1 käp6
風水輪流轉,fung1 söi2 läng4 läu4 züng2
風水尾,fung1 söi2 mi1
風和日暖,fung1 wo4 yäk6 nüng1
蜂王精,fung1 wong4 zäng1
封裝塊,fung1 zong1 fai1
縫縫連連,fung4 fung4 ling4 ling4
縫合帶,fung4 häp6 dai1
縫衣匠,fung4 yi1 zöng6
縫針跡,fung4 zäm1 zäk2
鳳頭百靈,fung6 täu4 bæk2 läng4
加班表,ga1 bæng1 biu2
家醜不出外傳,ga1 cäu2 bäk2 cäk2 wui6 cüng4
家醜不得外傳,ga1 cäu2 bäk2 däk2 wui6 cüng4
家醜不可外傳,ga1 cäu2 bäk2 ho2 wui6 cüng4
家家有本難念的經,ga1 ga1 yäu1 bung2 næng4 nim6 däk2 gäng1
加官進位,ga1 gwung1 zäng1 wäi6
加氫油,ga1 häng1 yäu4
家鄉米,ga1 höng1 mai1
加利貿易,ga1 li6 mäu6 yäk6
家和萬事興,ga1 wo4 mæng6 si6 häng1
家長指責,ga1 zöng2 zi2 zæk2
加載包,ga1 zöi1 bau1
加載中,ga1 zöi1 zung1
家族制度,ga1 zuk6 zäi1 du6
假詞疊詞,ga2 ci4 dip6 ci4
假分數,ga2 fäng6 su1
假否定句,ga2 fäu2 däng6 gü1
假高音,ga2 gäu1 yäm1
假肯定句,ga2 häng2 däng6 gü1
假戲真唱,ga2 hi1 zäng1 cöng1
假吏,ga2 li6
假使間,ga2 si2 gæng1
假善人,ga2 sing6 yäng4
賈汪,ga2 wong1
假齋,ga2 zai1
假種皮,ga2 zung2 pi4
假膊,ga1 bok2
假日食品,ga1 yäk6 säk6 bäng2
架二郎腿,ga1 yi6 long4 töi2
假柳,ga1 läu1
架生箱,ga1 sæng1 söng1
價值量,ga1 zäk6 löng6
街邊仔,gai1 bing1 zäi2
解壓卡,gai2 æk2 kæk2
解大手,gai2 dai6 säu2
解勸,gai2 hüng1
解理方向,gai2 li1 fong1 höng1
解鈴繫鈴,gai2 läng4 häi6 läng4
解鈴還需繫鈴人,gai2 läng4 wæng4 sü1 häi6 läng4 yäng4
解鈴還須繫鈴人,gai2 läng4 wæng4 sü1 häi6 läng4 yäng4
解析函數,gai2 säk2 ham4 su1
解小手,gai2 siu2 säu2
解酸藥,gai2 süng1 yök6
隔斷板,gæk2 düng6 bæng2
隔行如隔山,gæk2 hong4 yü4 gæk2 sæng1
隔夜油炸鬼,gæk2 ye6 yäu4 za1 gwäi2
格林尼治標準時間,gæk2 läm4 ni4 zi6 biu1 zäng2 si4 gæng1
格林威治標準時間,gæk2 läm4 wäi1 zi6 biu1 zäng2 si4 gæng1
革命委員會,gæk2 mäng6 wäi2 yüng4 wui6
格仔山,gæk2 zäi2 sæng1
監生激死,gam1 sæng1 gäk2 si2
減壓時間表,gam2 æk2 si4 gæng1 biu2
減毒活疫苗,gam2 duk6 wuk6 yäk6 miu4
減少廢物,gam2 siu2 fäi1 mäk6
減少污染,gam2 siu2 wu1 yim1
監熱食,gam1 ngik6 säk6
監生埋,gam1 sæng1 mai4
簡繁轉換,gæng2 fæng4 züng2 wung6
揀佛燒香,gæng2 fäk6 siu1 höng1
揀下揀下,gæng2 ha1 gæng2 ha1
揀飲識食,gæng2 yäm2 säk2 säk6
簡易爆炸裝置,gæng2 yi6 bau1 za1 zong1 zi1
揀靚衫,gæng2 leng1 sam1
揀信室,gæng2 säng1 säk2
揀剩尾,gæng2 säng6 mi1
間花腩,gæng1 fa1 nam1
耕犁,gæng1 läi4
耕仔,gæng1 zäi2
更卒,gæng1 zäk2
交叉陰影線,gau1 ca1 yäm1 yäng2 sing1
交叉耐藥性,gau1 ca1 nöi6 yök6 säng1
交得靚,gau1 däk2 leng1
交響金屬,gau1 höng2 gäm1 suk6
膠片佩章,gau1 ping2 pui1 zöng1
攪出個大頭佛,gau2 cäk2 go1 dai6 täu4 fäk6
攪得埋,gau2 däk2 mai4
搞到一鑊泡,gau2 däu1 yäk2 wok6 päu1
攪到一鑊泡,gau2 däu1 yäk2 wok6 päu1
攪到一鑊粥,gau2 däu1 yäk2 wok6 zuk2
攪攪棍,gau2 gau2 gwäng1
攪腳,gau2 gök2
搞完衞生,gau2 yüng4 wäi6 säng1
攪米,gau2 mai1
攪手攪腳,gau2 säu2 gau2 gök2
攪鑊,gau2 wok6
校返啱,gau1 fæng2 ngam1
校奶,gau1 nai1
校鬧鐘,gau1 nau6 zung1
校細,gau1 säi1
教壞後生,gäu1 wai6 häu6 sæng1
校正子,gau1 zäng1 zi2
雞兜,gäi1 däu1
雞尾歌,gäi1 mi1 go1
雞心領,gäi1 säm1 leng1
雞士,gäi1 si2
雞食放光蟲,gäi1 säk6 fong1 gwong1 cung4
雞仔架步,gäi1 zäi2 ga1 bu6
雞仔網,gäi1 zäi2 mong1
計下度下,gäi1 ha1 dok6 ha1
計量制,gäi1 löng6 zäi1
計數法,gäi1 su1 fæk2
計算機動畫,gäi1 süng1 gi1 dung6 wa6
計算機斷層,gäi1 süng1 gi1 düng6 cäng4
金錢管理,gäm1 cing4 gwung2 li1
今日好焗,gäm1 yäk6 häu2 guk6
甘油栓劑,gäm1 yäu4 sæng1 zäi1
金融時報指數,gäm1 yung4 si4 bäu1 zi2 su1
金瓶梅詞話,gäm1 päng4 mui4 ci4 wa6
今生有約,gäm1 säng1 yäu1 yök2
金蛇郎君,gäm1 se4 long4 gwäng1
今昔面貌,gäm1 säk2 ming6 mau6
金屬破片,gäm1 suk6 po1 ping2
金屬探傷,gäm1 suk6 tam1 söng1
今朝有酒今朝醉,gäm1 ziu1 yäu1 zäu2 gäm1 ziu1 zöi1
咁噪,gäm1 cäu1
禁毒工作,gäm1 duk6 gung1 zok2
禁毒資源,gäm1 duk6 zi1 yüng4
咁坑,gäm1 hæng1
咁歎,gäm1 tæng1
撳電掣,gäm6 ding6 zäi1
撳停個掣,gäm6 täng4 go1 zäi1
謹防假冒,gäng2 fong4 ga2 mäu6
緊衣縮食,gäng2 yi1 suk2 säk6
近似等級,gäng6 ci1 däng2 käp2
近地天體,gäng6 di6 ting1 täi2
近端胞漿,gäng6 düng1 bau1 zöng1
近幾週來,gäng6 gi2 zäu1 löi4
近光燈,gäng6 gwong1 däng1
近期發展,gäng6 ki4 fæk2 zing2
近聞,gäng6 mäng4
近水樓台先得月,gäng6 söi2 läu4 töi4 sing1 däk2 ngük6
近朱近墨,gäng6 zü1 gäng6 mäk6
近朱者赤近墨者黑,gäng6 zü1 ze2 cek2 gäng6 mäk6 ze2 häk2
梗心梗肺,gäng2 säm1 gäng2 fäi1
更上一層樓,gäng1 söng1 yäk2 cäng4 läu4
急性咽炎,gäp2 säng1 ying1 yim4
急性闌尾炎,gäp2 säng1 læng4 mi1 yim4
急性照射,gäp2 säng1 ziu1 se6
佮手佮腳,gäp2 säu2 gäp2 gök2
吉人自有天相,gäk2 yäng4 zi6 yäu1 ting1 söng1
吃口吃舌,gäk6 häu2 gäk6 sik6
狗逮老鼠,gäu2 däi6 läu1 sü2
九九乘法表,gäu2 gäu2 säng4 fæk2 biu2
九宮格數獨,gäu2 gung1 gæk2 su1 duk6
狗口長不出象牙,gäu2 häu2 zöng2 bäk2 cäk2 zöng6 nga4
狗尾靚,gäu2 mi1 leng1
狗毛氈,gäu2 mäu4 zing1
久慕盛名,gäu2 mu6 säng6 mäng4
九牛二虎之力,gäu2 ngäu4 yi6 fu2 zi1 läk6
九十二度,gäu2 säp6 yi6 du6
狗虱覺,gäu2 säk2 gau1
九維空間,gäu2 wäi4 hung1 gæng1
救恩計劃,gäu1 yäng1 gäi1 wæk6
夠時候咯,gäu1 si4 häu6 lok2
夠鐘數,gäu1 zung1 su1
舊景重現,gäu6 gäng2 cung4 ying6
舊瓶裝新酒,gäu6 päng4 zong1 säng1 zäu2
嘅咯,ge1 lok2
基本多文種平面,gi1 bung2 do1 mäng4 zung2 päng4 ming6
機場尾,gi1 cöng4 mi1
機踏車,gi1 dap6 ce1
幾乎話要,gi2 fu4 wa6 yiu1
機械鑽井,gi1 hai6 züng1 zäng2
機器腳踏車,gi1 hi1 gök2 dap6 ce1
基數詞,gi1 su1 ci4
基質膜,gi1 zäk2 mok6
幾醜下,gi2 cäu2 ha1
幾掂下,gi2 dim6 ha1
幾複雜下,gi2 fuk2 zap6 ha1
幾經周折,gi2 gäng1 zäu1 zik2
幾乖仔,gi2 gwai1 zäi2
幾好唱,gi2 häu2 cöng1
幾時放假,gi2 si4 fong1 ga1
既得期間,gi1 däk2 ki4 gæng1
既定方針,gi1 däng6 fong1 zäm1
記憶廣度,gi1 yäk2 gwong2 du6
寄平信,gi1 päng4 säng1
寄聲,gi1 säng1
記住數,gi1 zü6 su2
技壓羣雄,gi6 æk2 kwäng4 hung4
儆惜,geng6 sek2
儆住,geng6 zü6
居民消費價格指數,gü1 mäng4 siu1 fäi1 ga1 gæk2 zi2 su1
居中對齊,gü1 zung1 döi1 cäi4
巨大成就,gü6 dai6 säng4 zäu6
巨細胞病毒,gü6 säi1 bau1 beng6 duk6
巨細胞病毒視網膜炎,gü6 säi1 bau1 beng6 duk6 si6 mong1 mok6 yim4
亟亟奔走,gäk2 gäk2 bäng1 zäu2
激光唱片,gäk2 gwong1 cöng1 ping2
激光打印機,gäk2 gwong1 da2 yäng1 gi1
激光雕刻,gäk2 gwong1 diu1 häk2
激光二極管,gäk2 gwong1 yi6 gik6 gwung2
激進武裝份子,gäk2 zäng1 mu1 zong1 fäng6 zi2
極限片,gik6 hæng6 ping2
極其之差,gik6 ki4 zi1 ca1
兼佮,gim1 gäp2
檢錯,gim2 co1
檢毒盒,gim2 duk6 häp6
檢毒箱,gim2 duk6 söng1
見人講人話見鬼講鬼話,ging1 yäng4 gong2 yäng4 wa2 ging1 gwäi2 gong2 gwäi2 wa2
見難而上,ging1 næng4 yi4 söng1
健康生活全面體,ging6 hong1 säng1 wuk6 cüng4 ming6 täi2
健康生活習慣,ging6 hong1 säng1 wuk6 zap6 gwæng1
健力士世界紀錄,ging6 läk6 si6 säi1 gai1 gi2 luk6
經典場論,gäng1 ding2 cöng4 läng6
經典動力系統,gäng1 ding2 dung6 läk6 häi6 tung2
經典故事,gäng1 ding2 gwu1 si6
京都骨,gäng1 du1 gwäk2
京都議定書,gäng1 du1 yi1 däng6 sü1
驚遽,gäng1 gü6
經氣聚集,gäng1 hi1 zü6 zap6
驚恐翼龍,gäng1 hung2 yäk6 lung4
驚恐失色,gäng1 hung2 säk2 säk2
經營管理和維護,gäng1 yäng4 gwung2 li1 wo4 wäi4 wu6
經營思想,gäng1 yäng4 si1 söng2
驚羣動眾,gäng1 kwäng4 dung6 zung1
經理人才,gäng1 li1 yäng4 cöi4
驚心膽顫,gäng1 säm1 dam2 zing1
驚師動眾,gäng1 si1 dung6 zung1
驚賞,gäng1 söng2
經常上落,gäng1 söng4 söng1 lok6
驚天地泣鬼神,gäng1 ting1 di6 yäp2 gwäi2 säng4
經濟全球化,gäng1 zäi1 cüng4 käu4 fa1
經濟合作與發展組織,gäng1 zäi1 häp6 zok2 yü1 fæk2 zing2 zu2 zäk2
經濟增加值,gäng1 zäi1 zäng1 ga1 zäk6
敬賢禮士,gäng1 ying4 läi1 si6
敬老愛幼,gäng1 läu1 wui1 yäu1
敬老席,gäng1 läu1 zäk6
勁烈,gäng6 lik6
競爭和聚合,gäng6 zäng1 wo4 zü6 häp6
劫機行為,gip2 gi1 häng4 wäi4
結隊成羣,gik2 döi6 säng4 kwäng4
結球甘藍,gik2 käu4 gäm1 lam4
結平,gik2 päng4
撬針,giu6 zäm1
哥倫波,go1 läng4 bo1
嗰單畸士,go2 dæng1 ki1 si2
嗰番話,go2 fæng1 wa6
嗰兩本,go2 löng1 bung2
個人防護裝備,go1 yäng4 fong4 wu6 zong1 bi6
個人經營,go1 yäng4 gäng1 yäng4
個人數字助理,go1 yäng4 su1 zi6 zo6 li1
個女發燒,go1 nü1 fæk2 siu1
腳仔震震,gök2 zäi2 zäng1 zäng1
薑越老越辣,göng1 yük6 läu1 yük6 læk6
僵屍車,göng1 si1 ce1
姜湯,göng1 tong1
該死咯,gwui1 si2 lo1
角速度,gok2 cuk2 du6
覺得咯,gok2 däk2 lok2
角釘,gok2 deng1
各家自掃門前雪,gok2 ga1 zi6 säu1 mung4 cing4 sük2
角子老虎機,gok2 zi2 läu1 fu2 gi1
各自執生,gok2 zi6 zäp2 sæng1
乾草機,gung1 cäu2 gi1
乾巾,gung1 gäng1
乾旱土,gung1 fung1 tu2
乾餾,gung1 läu6
乾梅子,gung1 mui4 zi2
乾嗽,gung1 säu1
乾時緊月,gung1 si4 gäng2 ngük6
幹手淨腳,gwung1 säu2 zäng6 gök2
江鷗尾,gong1 äu1 mi1
剛果共和國,gong1 gwo2 gung6 wo4 gwok2
缸瓦船打老虎,gong1 nga1 süng4 da2 läu1 fu2
江山易改稟性難移,gong1 sæng1 yi6 gwui2 bäng2 säng1 næng4 yi4
江山易改本性難移,gong1 sæng1 yi6 gwui2 bung2 säng1 næng4 yi4
講得核突,gong2 däk2 wäk6 däk6
講惦數,gong2 dim1 su1
講到口水乾,gong2 däu1 häu2 söi2 gung1
講就天下無敵,gong2 zäu6 ting1 ha6 mu4 däk6
槓刀,gong1 däu1
槓夫,gong1 fu1
鋼筋混凝土,gong1 gäng1 wäng6 yäng4 tu2
降下帷幕,gong1 ha6 wäi4 mok6
降血鈣素,gong1 hük2 kwui1 su1
降腎上腺素,gong1 säng6 söng6 sing1 su1
槓頭,gong1 täu4
降序,gong1 zü6
割青禾,gwuk2 cäng1 wo4
高壓清洗機,gäu1 æk2 cäng1 säi2 gi1
高壓氧療法,gäu1 æk2 yöng1 liu4 fæk2
高壓氧治療,gäu1 æk2 yöng1 zi6 liu4
高不成低不就,gäu1 bäk2 säng4 däi1 bäk2 zäu6
高叉泳裝,gäu1 ca1 wäng6 zong1
高層執行員,gäu1 cäng4 zäp2 häng4 yüng4
高清數字電視,gäu1 cäng1 su1 zi6 ding6 si6
高登音樂台,gäu1 däng1 yäm1 ngok6 töi4
高果糖玉米糖漿,gäu1 gwo2 tong4 yuk6 mai1 tong4 zöng1
高考班,gäu1 hau2 bæng1
高畫質電視,gäu1 wa6 zäk2 ding6 si6
高維空間,gäu1 wäi4 hung1 gæng1
孤拔,gwu1 bäk6
估衣,gwu2 yi1
古老當時興,gwu2 läu1 dong1 si4 häng1
古老十八代,gwu2 läu1 säp6 bæk2 döi6
股票交易所,gwu2 piu1 gau1 yäk6 so2
古生物學家,gwu2 säng1 mäk6 hok6 ga1
鼓住道氣,gwu2 zü6 däu6 hi1
官報私仇,gwung1 bäu1 si1 säu4
觀音頭掃把腳,gwung1 yäm1 täu4 säu1 ba2 gök2
觀念更新,gwung1 nim6 gäng1 säng1
冠狀病毒病,gwung1 zong6 beng6 duk6 beng6
管子鉗,gwung2 zi2 kim4
灌米湯,gwung1 mai1 tong1
冠天下,gwung1 ting1 ha6
攻打四方城,gung1 da2 si1 fong1 säng4
公道杯,gung1 däu6 bui1
供讀者參考,gung1 duk6 ze2 cam1 hau2
工夫長過命,gung1 fu1 cöng4 gwo1 mäng6
恭敬不如從命,gung1 gäng1 bäk2 yü4 cung4 mäng6
公營經濟,gung1 yäng4 gäng1 zäi1
公用交換電話網,gung1 yung6 gau1 wung6 ding6 wa2 mong1
功完行滿,gung1 yüng4 häng4 mung1
公路自行車,gung1 lu6 zi6 häng4 ce1
公民權利和政治權利國際公約,gung1 mäng4 küng4 li6 wo4 zäng1 zi6 küng4 li6 gwok2 zäi1 gung1 yök2
功能磁共振成像術,gung1 näng4 ci4 gung6 zäng1 säng4 zöng6 säk6
功能性磁共振成像,gung1 näng4 säng1 ci4 gung6 zäng1 säng4 zöng6
公平審判權,gung1 päng4 säm2 pung1 küng4
公死有肉食婆死有肉食,gung1 si2 yäu1 yuk6 säk6 po4 si2 yäu1 yuk6 säk6
功成名遂,gung1 säng4 mäng4 söi6
工商管理碩士,gung1 söng1 gwung2 li1 sek6 si6
公積金卡,gung1 zäk2 gäm1 ka1
公主車,gung1 zü2 ce1
拱度,gung2 du6
鞏固經驗,gung2 gwu1 gäng1 yim6
貢下貢下,gung1 ha1 gung1 ha1
共軛虛數,gung6 æk2 hü1 su1
共產主義青年團,gung6 cæng2 zü2 yi6 cäng1 ning4 tüng4
共享函數庫,gung6 höng2 ham4 su1 fu1
共聚天倫樂,gung6 zü6 ting1 läng4 lok6
瓜田不納履李下不整冠,gwa1 ting4 bäk2 nap6 lü1 li1 ha6 bäk2 zäng2 gwung1
掛欠,gwa1 him1
掛印封金,gwa1 yäng1 fung1 gäm1
掛羊頭賣狗肉,gwa1 yöng4 täu4 mai6 gäu2 yuk6
掛鐮,gwa1 lim4
掛墜盒,gwa1 zöi6 häp6
關窿,gwæng1 lung1
慣量,gwæng1 löng6
慣老闆,gwæng1 läu1 bæng2
刮痧拔罐,gwæk2 sa1 bäk6 gwung1
歸位鍵,gwäi1 wäi6 ging6
鬼壓牀,gwäi2 æk2 cong4
鬼壓身,gwäi2 æk2 säng1
鬼佬齋,gwäi2 läu2 zai1
鬼怕惡人,gwäi2 pa1 ok2 yäng4
鬼拍後尾枕,gwäi2 pæk2 häu6 mi1 zäm2
鬼魂都失,gwäi2 wäng4 du1 säk2
鬼仔戲,gwäi2 zäi2 hi1
貴氣體,gwäi1 hi1 täi2
貴人出門招風雨,gwäi1 yäng4 cäk2 mung4 ziu1 fung1 yü1
桂柳話,gwäi1 läu1 wa2
季節轉移,gwäi1 zik2 züng2 yi4
貴族世家,gwäi1 zuk6 säi1 ga1
貴族王朝,gwäi1 zuk6 wong4 ciu4
君林天下,gwäng1 läm4 ting1 ha6
君士坦丁堡,gwäng1 si6 tæng2 däng1 bäu2
軍事委員會,gwäng1 si6 wäi2 yüng4 wui6
君子報仇十年未晚,gwäng1 zi2 bäu1 säu4 säp6 ning4 mi6 mæng1
君子愛財取之有道,gwäng1 zi2 wui1 cöi4 cü2 zi1 yäu1 däu6
君子之交淡如水,gwäng1 zi2 zi1 gau1 dam6 yü4 söi2
滾動球,gwäng2 dung6 käu4
滾油煎心,gwäng2 yäu4 zing1 säm1
骨質疏鬆症,gwäk2 zäk2 so1 sung1 zäng1
掘頭進士,gwäk6 täu4 zäng1 si6
果啤,gwo2 be1
果然好味,gwo2 ying4 häu2 mi6
果實散播,gwo2 säk6 sæng1 bo1
過胖暴食症,gwo1 bung6 bäu6 säk6 zäng1
過番兩招,gwo1 fæng1 löng1 ziu1
過兩手,gwo1 löng1 säu2
過水磨,gwo1 söi2 mo4
國家軍品貿易局,gwok2 ga1 gwäng1 bäng2 mäu6 yäk6 guk6
國家旅遊度假區,gwok2 ga1 lü1 yäu4 du6 ga1 kü1
國家食品藥品監督管理局,gwok2 ga1 säk6 bäng2 yök6 bäng2 gam1 duk2 gwung2 li1 guk6
國家質量監督檢驗檢疫總局,gwok2 ga1 zäk2 löng6 gam1 duk2 gim2 yim6 gim2 yäk6 zung2 guk6
國家重點學科,gwok2 ga1 zung6 dim2 hok6 fo1
國家重點實驗室,gwok2 ga1 zung6 dim2 säk6 yim6 säk2
國民大會代表,gwok2 mäng4 dai6 wui6 döi6 biu2
國民經濟計劃,gwok2 mäng4 gäng1 zäi1 gäi1 wæk6
國民身分證,gwok2 mäng4 säng1 fäng6 zäng1
國民生產毛額,gwok2 mäng4 säng1 cæng2 mäu4 ngæk6
國民生產總值,gwok2 mäng4 säng1 cæng2 zung2 zäk6
國務長官,gwok2 mu6 zöng2 gwung1
國內生產毛額,gwok2 nöi6 säng1 cæng2 mäu4 ngæk6
國內生產總值,gwok2 nöi6 säng1 cæng2 zung2 zäk6
國際電話卡,gwok2 zäi1 ding6 wa2 kæk2
國際婦女節,gwok2 zäi1 fu1 nü1 zik2
國際日期變更線,gwok2 zäi1 yäk6 ki4 bing1 gäng1 sing1
國際米蘭足球俱樂部,gwok2 zäi1 mai1 læng4 zuk2 käu4 kü1 lok6 bu6
國際民間組織,gwok2 zäi1 mäng4 gæng1 zu2 zäk2
國際數學聯盟,gwok2 zäi1 su1 hok6 lüng4 mäng4
國際戰爭罪法庭,gwok2 zäi1 zing1 zäng1 zöi6 fæk2 täng4
蟈螽屬,gwok2 zung1 suk6
光衝量,gwong1 cung1 löng6
光輻射,gwong1 fuk2 se6
光棍佬教仔,gwong1 gwäng1 läu2 gäu1 zäi2
光陰似箭日月如梭,gwong1 yäm1 ci1 zing1 yäk6 ngük6 yü4 so1
光能合成,gwong1 näng4 häp6 säng4
光射線,gwong1 se6 sing1
光鮮企理,gwong1 sing1 ki1 li1
廣義相對論,gwong2 yi6 söng1 döi1 läng6
廣州撐粵語行動,gwong2 zäu1 cæng1 yük6 yü1 häng4 dung6
廣州讀書,gwong2 zäu1 duk6 sü1
涓滴歸公,güng1 däk6 gwäi1 gung1
蝦到上面,ha1 däu1 söng6 ming6
蝦九艇,ha1 gäu2 täng1
哈哈好咯,ha1 ha1 häu2 lok2
下班未,ha6 bæng1 mi6
下半晝,ha6 bung1 zäu1
下層組織,ha6 cäng4 zu2 zäk2
下場門,ha6 cöng4 mung4
下大本錢,ha6 dai6 bung2 cing4
下大工夫,ha6 dai6 gung1 fu1
下風方向,ha6 fung1 fong1 höng1
下狗屎,ha6 gäu2 si2
下季元素,ha6 gwäi1 yüng4 su1
下很大雨,ha6 häng2 dai6 yü1
下狠心,ha6 häng2 säm1
下頜下腺,ha6 häp6 ha6 sing1
下殼,ha6 hok2
下完單,ha6 yüng4 dæng1
下確界,ha6 kok2 gai1
下檻,ha6 lam6
下欄扮上菜,ha6 læng4 bæng6 söng6 cöi1
下欄貨,ha6 læng4 fo1
下午送,ha6 ng1 sung1
下舖上居,ha6 pu1 söng6 gü1
下晝西斜,ha6 zäu1 säi1 ce4
下箭頭鍵,ha6 zing1 täu4 ging6
客家美食,hæk2 ga1 mi1 säk6
嚇乜,hæk2 mäk2
客蚤屬,hæk2 zäu2 suk6
鹹菜西裝,ham4 cöi1 säi1 zong1
鹹淡場,ham4 tam1 cöng4
檻車,ham1 ce1
檻花籠鶴,ham1 fa1 lung4 hok6
慳飲慳食,hæng1 yäm2 hæng1 säk6
慳頭慳尾,hæng1 täu4 hæng1 mi1
閒來沒事,hæng4 löi4 muk6 si6
行得快好世界,hæng4 däk2 fai1 häu2 säi1 gai1
行得路多,hæng4 däk2 lu6 do1
行得跑得,hæng4 däk2 pau2 däk2
行得正企得正,hæng4 däk2 zäng1 ki1 däk2 zäng1
行花街,hæng4 fa1 gai1
桁角,hæng4 gok2
行下企下,hæng4 ha1 ki1 ha1
行開邊,hæng4 fui1 bing1
行開陣先,hæng4 fui1 zäng6 sing1
行老文,hæng4 läu1 mäng4
行路打倒褪,hæng4 lu6 da2 däu1 täng1
行埋邊,hæng4 mai4 bing1
行船爭解纜,hæng4 süng4 zæng1 gai2 lam6
行運一條龍,hæng4 wäng6 yäk2 tiu4 lung4
掐着指頭,hap2 zök6 zi2 täu4
敲釘鑽腳,hau1 deng1 züng1 gök2
敲中背,hau1 zung1 bui1
考車試,hau2 ce1 si1
巧婦難為無米炊,hau2 fu1 næng4 wäi4 mu4 mai1 cöi1
巧婦難為無米之炊,hau2 fu1 næng4 wäi4 mu4 mai1 zi1 cöi1
巧克力脆片,hau2 häk2 läk6 cöi1 ping2
考醫生牌,hau2 yi1 säng1 pai4
校服都未除,hau6 fuk6 du1 mi6 cü4
校鞋,hau6 hai4
校園低碳大行動,hau6 yüng4 däi1 tæng1 dai6 häng4 dung6
校園美食,hau6 yüng4 mi1 säk6
系統研究,häi6 tung2 ying4 gäu1
黑百靈,häk2 bæk2 läng4
黑板仔,häk2 bæng2 zäi2
黑燈下火,häk2 däng1 ha6 fo2
黑道大鱷,häk2 däu6 dai6 ngok6
黑腹蛇鵜,häk2 fuk2 se4 täi4
黑狗得食白狗當災,häk2 gäu2 däk2 säk6 bæk6 gäu2 dong1 zöi1
黑狗偷食白狗當災,häk2 gäu2 täu1 säk6 bæk6 gäu2 dong1 zöi1
刻公章,häk2 gung1 zöng1
黑起塊面,häk2 hi2 fai1 ming6
克里木戰爭,häk2 li1 muk6 zing1 zäng1
克羅地亞共和國,häk2 lo4 di6 a1 gung6 wo4 gwok2
刻錄機,häk2 luk6 gi1
黑墨屎,häk2 mäk6 si2
黑眉蝮蛇,häk2 mi4 fuk2 se4
黑尾鷗,häk2 mi1 äu1
黑尾地鴉,häk2 mi1 di6 a1
憨居仔,häm1 gü1 zäi2
扻爛,häm2 læng6
含油岩,häm4 yäu4 ngam4
恨鐵不成鋼,häng6 tik2 bäk2 säng4 gong1
恆壓,häng4 æk2
行不從徑,häng4 bäk2 cung4 gäng1
行波管,häng4 bo1 gwung2
行牀,häng4 cong4
行動藝術家,häng4 dung6 ngäi6 säk6 ga1
恆加速度,häng4 ga1 cuk2 du6
行拐,häng4 gwai2
行軍牀,häng4 gwäng1 cong4
行人安全島,häng4 yäng4 wung1 cüng4 däu2
行人專用區,häng4 yäng4 züng1 yung6 kü1
行李搬運工,häng4 li1 bung1 wäng6 gung1
恆量,häng4 löng6
行麼,häng4 mo1
恆生中資企業指數,häng4 säng1 zung1 zi1 ki1 yip6 zi2 su1
行訊通,häng4 säng1 tung1
行銷訴求,häng4 siu1 su1 käu4
行政監察,häng4 zäng1 gam1 cæk2
行政區劃圖,häng4 zäng1 kü1 wæk6 tu4
行政責任,häng4 zäng1 zæk2 yäm6
幸運女孩,häng6 wäng6 nü1 hai4
恰到上心口,häp2 däu1 söng1 säm1 häu2
瞌番覺,häp2 fæng1 gau1
溘先朝露,häp6 sing1 ziu1 lu6
合成語境,häp6 säng4 yü1 gäng2
合成類固醇,häp6 säng4 löi6 gwu1 säng4
合成洗滌劑,häp6 säng4 säi2 däk6 zäi1
合成石油,häp6 säng4 sek6 yäu4
乞伏,häk2 fuk6
乞米佬,häk2 mai1 läu2
核變形,häk6 bing1 yäng4
核查小組,häk6 ca4 siu2 zu2
核柱,häk6 cü1
核電荷數,häk6 ding6 ho6 su1
核防御,häk6 fong4 yü6
核合成,häk6 häp6 säng4
核球,häk6 käu4
核模型,häk6 mu4 yäng4
核試驗堆,häk6 si1 yim6 döi1
核陀螺,häk6 to4 lo4
核自旋,häk6 zi6 süng4
核戰斗部,häk6 zing1 däu2 bu6
核證模型,häk6 zäng1 mu4 yäng4
核轉變,häk6 züng2 bing1
口碑流傳,häu2 bi1 läu4 cüng4
口臭仔,häu2 cäu1 zäi2
口齒生香,häu2 ci2 säng1 höng1
口痕呀,häu2 häng4 a4
口水浪花,häu2 söi2 long6 fa1
口吐毒焰,häu2 tu1 duk6 yim6
喉乾頸涸,häu4 gung1 geng2 kok2
厚生勞動省,häu1 säng1 läu4 dung6 sæng2
厚死薄生,häu1 si2 bok6 säng1
後背底,häu6 bui1 däi2
後生動物,häu6 säng1 dung6 mäk6
後庭藏毒,häu6 täng4 cong4 duk6
後台硬朗,häu6 töi4 ngæng6 long1
欺生,hi1 sæng1
稀鬆骨質,hi1 sung1 gwäk2 zäk2
起重葫蘆,hi2 cung1 wu4 lu4
起義領袖,hi2 yi6 läng1 zäu6
起身咯,hi2 säng1 lo1
起士蛋糕,hi2 si6 dæng6 gäu1
起止時間,hi2 zi2 si4 gæng1
氣壓表,hi1 æk2 biu2
氣動噪聲,hi1 dung6 cäu1 säng1
棄約背盟,hi1 yök2 bui1 mäng4
棄農經商,hi1 nung4 gäng1 söng1
氣泡袋,hi1 pau1 döi6
氣潭,hi1 tam4
吃不肥,hek2 bäk2 fi4
吃槍藥,hek2 cöng1 yök6
吃得苦中苦方為人上人,hek2 däk2 fu2 zung1 fu2 fong1 wäi4 yäng4 söng6 yäng4
吃雞煲,hek2 gäi1 bäu1
吃完粥,hek2 yüng4 zuk2
吃力不討好,hek2 läk6 bäk2 täu2 häu2
輕泡泡,heng1 pau1 pau1
輕升升,heng1 säng1 säng1
虛報冒領,hü1 bäu1 mäu6 läng1
虛函數,hü1 ham4 su1
虛無假設,hü1 mu4 ga1 cik2
虛轉,hü1 züng1
栩栩生輝,hü2 hü2 säng1 fäi1
去八下,hü1 bæk2 ha1
去取之間,hü1 cü2 zi1 gæng1
去大梅沙,hü1 dai6 mui4 sa1
去花都,hü1 fa1 du1
去街市買餸有價講呀,hü1 gai1 si1 mai1 sung1 yäu1 ga1 gong2 a4
去過兩勻,hü1 gwo1 löng1 wäng4
去皮重,hü1 pi4 cung1
去沙井,hü1 sa1 zäng2
欠行,him1 häng4
掀風鼓浪,hing1 fung1 gwu2 long6
軒掖,hing1 yäk6
牽心掛腸,hing1 säm1 gwa1 cöng4
牽手仔,hing1 säu2 zäi2
牽着鼻子走,hing1 zök6 bi6 zi2 zäu2
顯弄,hing2 lung6
顯微鏡載片,hing2 mi4 geng1 zöi2 ping2
顯生宙,hing2 säng1 zäu6
輕財仗義,häng1 cöi4 zöng6 yi6
輕重主次,häng1 cung1 zü2 ci1
輕枷重罪,häng1 ga1 cung1 zöi6
輕機關槍,häng1 gi1 gwæng1 cöng1
輕口薄舌,häng1 häu2 bok6 sik6
輕吟,häng1 ngäm4
輕型軌道交通,häng1 yäng4 gwäi2 däu6 gau1 tung1
氫原子核,häng1 yüng4 zi2 häk6
輕浪浮薄,häng1 long6 fäu4 bok6
輕水反應堆,häng1 söi2 fæng2 yäng1 döi1
輕窕,häng1 tiu1
輕質石油產品,häng1 zäk2 sek6 yäu4 cæng2 bäng2
輕嘴薄舌,häng1 zöi2 bok6 sik6
氫淨合成油,häng1 zäng6 häp6 säng4 yäu4
輕裝前進,häng1 zong1 cing4 zäng1
怯聲怯氣,hip2 säng1 hip2 hi1
歇頂,hik2 deng2
呵瀝,ho1 läk2
可讀音性,ho2 duk6 yäm1 säng1
可行性研究,ho2 häng4 säng1 ying4 gäu1
可以面交,ho2 yi1 ming6 gau1
可靠人士,ho2 kau1 yäng4 si6
可憐天下父母心,ho2 ling4 ting1 ha6 fu6 mu1 säm1
可數集,ho2 su1 zap6
可展曲面,ho2 zing2 kuk2 ming6
可再生源,ho2 zöi1 säng1 yüng4
可再生能源,ho2 zöi1 säng1 näng4 yüng4
可再生能源技術,ho2 zöi1 säng1 näng4 yüng4 gi6 säk6
荷包倒吊,ho4 bau1 däu1 diu1
荷包茄,ho4 bau1 kö4
河叉,ho4 ca1
河水不犯井水,ho4 söi2 bäk2 fæng6 zäng2 söi2
鄉村生活,höng1 cüng1 säng1 wuk6
香江歲月,höng1 gong1 söi1 ngük6
香港動漫電玩節,höng1 gong2 dung6 mæng6 ding6 wung6 zik2
香港經濟日報,höng1 gong2 gäng1 zäi1 yäk6 bäu1
香港高級程度會考,höng1 gong2 gäu1 käp2 cäng4 du6 wui6 hau2
香港樂高,höng1 gong2 lok6 gäu1
香港舞蹈團,höng1 gong2 mu1 däu6 tüng4
香港生態遊,höng1 gong2 säng1 tai1 yäu4
香港生態環境,höng1 gong2 säng1 tai1 wæng4 gäng2
香港仔水塘,höng1 gong2 zäi2 söi2 tong4
香港自然生態,höng1 gong2 zi6 ying4 säng1 tai1
香港中學會考,höng1 gong2 zung1 hok6 wui6 hau2
鄉下人家,höng1 ha6 yäng4 ga1
香羊肚,höng1 yöng4 tu1
香泡樹,höng1 pau1 sü6
鄉肚,höng1 tu1
香蕉波,höng1 ziu1 bo1
享樂主義者,höng2 lok6 zü2 yi6 ze2
向量代數,höng1 löng6 döi6 su1
向量圖形,höng1 löng6 tu4 yäng4
向量積,höng1 löng6 zäk2
開大油門,fui1 dai6 yäu4 mung4
開到通頂,fui1 däu1 tung1 deng2
開高叉,fui1 gäu1 ca1
開區間,fui1 kü1 gæng1
開硬弓,fui1 ngæng6 gung1
開新包紙,fui1 säng1 bau1 zi2
開士機,fui1 si2 gi1
開誠相見,fui1 säng4 söng1 ging1
開天殺價落地還錢,fui1 ting1 sæk2 ga1 lok6 di6 wæng4 cing4
開通少少,fui1 tung1 siu2 siu2
開懷解帶,fui1 wai4 gai2 dai1
海傍警署,fui2 bong6 gäng2 cü1
海底撈椰,fui2 däi2 läu1 ye4
海底摸月,fui2 däi2 mo2 ngük6
海浪花,fui2 long6 fa1
海上世界,fui2 söng6 säi1 gai1
害肚子,fui6 tu1 zi2
學科知識,hok6 fo1 zi1 säk2
學行褲,hok6 hæng4 fu1
學校設備,hok6 hau6 cik2 bi6
學校成員,hok6 hau6 säng4 yüng4
學有所長,hok6 yäu1 so2 zöng2
學生機,hok6 sæng1 gi1
學生助理,hok6 sæng1 zo6 li1
學術界人士,hok6 säk6 gai1 yäng4 si6
看人行事,fung1 yäng4 häng4 si6
看着不管,fung1 zök6 bäk2 gwung2
康樂及文化事務署,hong1 lok6 käp6 mäng4 fa1 si6 mu6 cü1
行行出狀元,hong4 hong4 cäk2 zong6 yüng4
喝掛,fuk2 gwa1
褐頭嶺雀,fuk2 täu4 läng1 zök2
好弊,häu2 bäi6
好摻,häu2 cam1
好醜命生成,häu2 cäu2 mäng6 sæng1 seng4
好趣致,häu2 cü1 zi1
好廚師,häu2 cü4 si1
好大意見,häu2 dai6 yi1 ging1
好大懵,häu2 dai6 mung2
好膽識,häu2 dam2 säk2
好多也,häu2 do1 ya1
好多事做,häu2 do1 si6 zu6
好快凍,häu2 fai1 dung1
好快瞓,häu2 fai1 fäng1
好乖巧,häu2 gwai1 hau2
好怪誕,häu2 gwai1 dæng1
好鬼嘈,häu2 gwäi2 cäu4
好過沒,häu2 gwo1 muk6
好口福,häu2 häu2 fuk2
好吃好住,häu2 hek2 häu2 zü6
好好口,häu2 häu2 häu2
好好眼,häu2 häu2 ngæng1
好好維護,häu2 häu2 wäi4 wu6
好人當賊辦,häu2 yäng4 dong1 cäk6 bæng6
好人好夢,häu2 yäng4 häu2 mung6
好人有好報,häu2 yäng4 yäu1 häu2 bäu1
好有空,häu2 yäu1 hung1
好夜了,häu2 ye6 liu1
好易醉,häu2 yi6 zöi1
好佬怕爛佬爛佬怕潑婦,häu2 läu2 pa1 læng6 läu2 læng6 läu2 pa1 puk2 fu1
好眉好貌生沙虱,häu2 mi4 häu2 mau6 sæng1 sa1 säk2
好眉好貌生沙蝨,häu2 mi4 häu2 mau6 sæng1 sa1 säk2
好味多,häu2 mi6 do1
好無言,häu2 mu4 ying4
好男不與女鬥,häu2 nam4 bäk2 yü1 nü1 däu1
好難找,häu2 næng4 zau2
好難整理,häu2 næng4 zäng2 li1
好耐世紀,häu2 nöi6 säi1 gi2
好安逸,häu2 wung1 yäk6
好心有好報,häu2 säm1 yäu1 häu2 bäu1
好心着雷劈,häu2 säm1 zök6 löi4 pek2
好實惠,häu2 säk6 wäi6
好聲行,häu2 säng1 hæng4
好時年,häu2 si4 ning4
好事多為,häu2 si6 do1 wäi4
好識歎,häu2 säk2 tæng1
好相就,häu2 söng1 zäu6
好嗍氣,häu2 sok2 hi1
好天曬落雨淋,häu2 ting1 sai1 lok6 yü1 läm4
好天收埋落雨柴,häu2 ting1 säu1 mai4 lok6 yü1 cai4
好天斬埋落雨柴,häu2 ting1 zam2 mai4 lok6 yü1 cai4
好旺腳,häu2 wong6 gök2
好仔兩頭瞞,häu2 zäi2 löng1 täu4 mung4
好戰友,häu2 zing1 yäu1
好着緊,häu2 zök2 gäng2
好傾好講,häu1 käng1 häu1 gong2
豪飲豪食,häu4 yäm2 häu4 säk6
蠔油菜膽,häu4 yäu4 cöi1 dam2
蠔油菜薳,häu4 yäu4 cöi1 yüng1
皓髮,häu6 fæk2
鵠望,huk6 mong6
空口講白話,hung1 häu2 gong2 bæk6 wa6
空氣壓力,hung1 hi1 æk2 läk6
空氣和植物,hung1 hi1 wo4 zäk6 mäk6
空氣劑量,hung1 hi1 zäi1 löng6
胸有成略,hung1 yäu1 säng4 lök6
胸有成算,hung1 yäu1 säng4 süng1
胸中無數,hung1 zung1 mu4 su1
紅背伯勞,hung4 bui1 bæk2 läu4
紅背蜘蛛,hung4 bui1 zi1 zü1
紅頂綠鳩,hung4 deng2 luk6 käu1
紅番茄,hung4 fæng1 kö4
紅褲仔出身,hung4 fu1 zäi2 cäk2 säng1
紅血球生成素,hung4 hük2 käu4 säng1 säng4 su1
紅屐仔,hung4 kek6 zäi2
紅尾鸏,hung4 mi1 mung4
紅舞鞋,hung4 mu1 hai4
紅梅花雀,hung4 mui4 fa1 zök2
熊成基,hung4 säng4 gi1
血管粥樣硬化,hük2 gwung2 zuk2 yöng6 ngæng6 fa1
血液增強劑,hük2 yäk6 zäng1 köng4 zäi1
陰功咯,yäm1 gung1 lo1
音響窮三代攝影累全家,yäm1 höng2 kung4 sam1 döi6 sip2 yäng2 löi6 cüng4 ga1
陰陰食,yäm1 yäm1 säk6
音量控制,yäm1 löng6 hung1 zäi1
飲得食得,yäm2 däk2 säk6 däk2
飲恨吞聲,yäm2 häng6 täng1 säng1
飲好食好,yäm2 häu2 säk6 häu2
飲水尾,yäm2 söi2 mi1
飲食金字塔,yäm2 säk6 gäm1 zi6 tap2
飲食天地,yäm2 säk6 ting1 di6
飲食習慣調查,yäm2 säk6 zap6 gwæng1 diu6 ca4
飲傻仔水,yäm2 so4 zäi2 söi2
任賢使能,yäm6 ying4 si2 näng4
因變量,yäng1 bing1 löng6
忍垢偷生,yäng1 gäu1 täu1 säng1
忍一時風平浪靜退一步海闊天空,yäng1 yäk2 si4 fung1 päng4 long6 zäng6 töi1 yäk2 bu6 fui2 fuk2 ting1 hung1
印刷名片,yäng1 cak2 mäng4 ping2
印度國大黨,yäng1 du6 gwok2 dai6 dong2
印度人民黨,yäng1 du6 yäng4 mäng4 dong2
印度尼西亞,yäng1 du6 ni4 säi1 a1
印度尼西亞語,yäng1 du6 ni4 säi1 a1 yü1
印仔表,yäng1 zäi2 biu2
印子錢,yäng1 zi2 cing4
人不可以貌相,yäng4 bäk2 ho2 yi1 mau6 söng1
人不為己天誅地滅,yäng4 bäk2 wäi6 gi2 ting1 zü1 di6 mik6
人哋咯,yäng4 di1 lok2
人多地少,yäng4 do1 di6 siu2
人多好辦事,yäng4 do1 häu2 bæng6 si6
人行橫道線,yäng4 häng4 wæng4 däu6 sing1
人口斷層,yäng4 häu2 düng6 cäng4
人口規劃,yäng4 häu2 kwäi1 wæk6
人靠衣裝,yäng4 kau1 yi1 zong1
人靚歌甜,yäng4 leng1 go1 tim4
人類基因組計劃,yäng4 löi6 gi1 yäng1 zu2 gäi1 wæk6
人類乳突病毒,yäng4 löi6 yü1 däk6 beng6 duk6
人類免疫缺陷病毒,yäng4 löi6 ming1 yäk6 kük2 ham6 beng6 duk6
人老精鬼老靈,yäng4 läu1 zeng1 gwäi2 läu1 leng4
人民大會堂,yäng4 mäng4 dai6 wui6 tong4
人民解放軍,yäng4 mäng4 gai2 fong1 gwäng1
人民共和國,yäng4 mäng4 gung6 wo4 gwok2
人民行動黨,yäng4 mäng4 häng4 dung6 dong2
人無遠慮必有近憂,yäng4 mu4 yüng1 lü6 bik2 yäu1 gäng6 yäu1
人生路不熟,yäng4 sæng1 lu6 bäk2 suk6
人心不足蛇吞象,yäng4 säm1 bäk2 zuk2 se4 täng1 zöng6
人心隔肚皮,yäng4 säm1 gæk2 tu1 pi4
人生盛衰,yäng4 säng1 säng6 söi1
人衰行路打倒褪,yäng4 söi1 hæng4 lu6 da2 däu1 täng1
人體拼圖,yäng4 täi2 päng1 tu4
人種差別,yäng4 zung2 ca1 bik6
入門詞彙,yäp6 mung4 ci4 wui6
一不做二不休,yäk2 bäk2 zu6 yi6 bäk2 yäu1
一波未平一波又起,yäk2 bo1 mi6 päng4 yäk2 bo1 yäu6 hi2
一次函數,yäk2 ci1 ham4 su1
一次生兩次熟,yäk2 ci1 sæng1 löng1 ci1 suk6
一錢如命,yäk2 cing4 yü4 mäng6
一朝天子一朝臣,yäk2 ciu4 ting1 zi2 yäk2 ciu4 säng4
一坐就爛,yäk2 co1 zäu6 læng6
一傳十十傳百,yäk2 cüng4 säp6 säp6 cüng4 bæk2
一遞一聲,yäk2 däi6 yäk2 säng1
一家便宜兩家着,yäk2 ga1 ping4 yi4 löng1 ga1 zök6
一家便宜兩家着數,yäk2 ga1 ping4 yi4 löng1 ga1 zök6 su1
一句起兩句止,yäk2 gü1 hi2 löng1 gü1 zi2
一見差佬,yäk2 ging1 cai1 läu2
一個鼻哥窿出氣,yäk2 go1 bi6 go1 lung1 cäk2 hi1
一個願打一個願捱,yäk2 go1 yüng6 da2 yäk2 go1 yüng6 ngai4
一個酸梅兩個核,yäk2 go1 süng1 mui4 löng1 go1 wäk6
一個做好,yäk2 go1 zu6 häu2
一腳踏兩船,yäk2 gök2 dap6 löng1 süng4
一貫方針,yäk2 gwung1 fong1 zäm1
一起抓,yäk2 hi2 zau2
一人計短二人計長,yäk2 yäng4 gäi1 düng2 yi6 yäng4 gäi1 cöng4
一人行一步,yäk2 yäng4 hæng4 yäk2 bu6
一一映射,yäk2 yäk2 yäng2 se6
一夜夫妻百二蚊,yäk2 ye6 fu1 cäi1 bæk2 yi6 mäng1
一二八事變,yäk2 yi6 bæk2 si6 bing1
一言既出駟馬難追,yäk2 ying4 gi1 cäk2 si1 ma1 næng4 zöi1
一言驚醒洛克人,yäk2 ying4 gäng1 säng2 lok6 häk2 yäng4
一言驚醒夢中人,yäk2 ying4 gäng1 säng2 mung6 zung1 yäng4
一氧化二氮,yäk2 yöng1 fa1 yi6 dam6
一樣米養百樣人,yäk2 yöng6 mai1 yöng1 bæk2 yöng6 yäng4
一靈真性,yäk2 läng4 zäng1 säng1
一兩句話,yäk2 löng1 gü1 wa6
一浪接一浪,yäk2 long6 zip2 yäk2 long6
一物治一物糯米治木虱,yäk2 mäk6 zi6 yäk2 mäk6 no6 mai1 zi6 muk6 säk2
一命二運三風水,yäk2 mäng6 yi6 wäng6 sam1 fung1 söi2
一無長物,yäk2 mu4 cöng4 mäk6
一身兩役,yäk2 säng1 löng1 yäk6
一失足成千古恨,yäk2 säk2 zuk2 säng4 cing1 gwu2 häng6
一樹梨花壓海棠,yäk2 sü6 li4 fa1 æk2 fui2 tong4
一湯一飯,yäk2 tong1 yäk2 fæng6
一為神功二為弟子,yäk2 wäi6 säng4 gung1 yi6 wäi6 däi6 zi2
一側化,yäk2 zäk2 fa1
一就一二就二,yäk2 zäu6 yäk2 yi6 zäu6 yi6
一子錯滿盤皆落索,yäk2 zi2 co1 mung1 pung4 gai1 lok6 sok2
一節淡三墟,yäk2 zik2 dam6 sam1 hü1
一折兩段,yäk2 zik2 löng1 düng6
一竹篙打一船人,yäk2 zuk2 gäu1 da2 yäk2 süng4 yäng4
一種米養百種人,yäk2 zung2 mai1 yöng1 bæk2 zung2 yäng4
日本叉尾海燕,yäk6 bung2 ca1 mi1 fui2 ying1
日本經濟新聞,yäk6 bung2 gäng1 zäi1 säng1 mäng4
日防夜防家賊難防,yäk6 fong4 ye6 fong4 ga1 cäk6 næng4 fong4
日經平均指數,yäk6 gäng1 päng4 gwäng1 zi2 su1
日日二加三,yäk6 yäk6 yi6 ga1 sam1
日落風生,yäk6 lok6 fung1 säng1
休下息,yäu1 ha1 säk2
休閒空間,yäu1 hæng4 hung1 gæng1
休閒女服,yäu1 hæng4 nü1 fuk6
優秀品質,yäu1 säu1 bäng2 zäk2
優秀分子,yäu1 säu1 fäng6 zi2
優秀成果,yäu1 säu1 säng4 gwo2
休惜,yäu1 säk2
油布衫,yäu4 bu1 sam1
油灰刀,yäu4 fui1 däu1
油鋸,yäu4 gü1
油光漆,yäu4 gwong1 cäk2
油光可鑒,yäu4 gwong1 ho2 gam1
由下向上,yäu4 ha6 höng1 söng6
遊行前線,yäu4 häng4 cing4 sing1
悠悠球,yäu4 yäu4 käu4
遊離浪蕩,yäu4 li4 long6 dong6
油麻地小輪,yäu4 ma4 di6 siu2 läng4
油碼頭,yäu4 ma1 täu4
由難到易,yäu4 næng4 däu1 yi6
油桐油,yäu4 tung4 yäu4
油猾,yäu4 wæk6
油渣面,yäu4 za1 ming6
油榨嚇,yäu4 za1 hæk2
油炸圈餅,yäu4 za1 hüng1 beng2
油浸禾花雀,yäu4 zäm1 wo4 fa1 zök2
油症,yäu4 zäng1
有背景人士,yäu1 bui1 gäng2 yäng4 si6
有沉有浮,yäu1 cäm4 yäu1 fäu4
有車一族,yäu1 ce1 yäk2 zuk6
有情人終成眷屬,yäu1 cäng4 yäng4 zung1 säng4 güng1 suk6
有腸肚,yäu1 cöng4 tu1
有得掹,yäu1 däk2 mäng1
有埞坐,yäu1 deng6 co1
有福同享有難同當,yäu1 fuk2 tung4 höng2 yäu1 næng6 tung4 dong1
有機磷毒劑,yäu1 gi1 läng4 duk6 zäi1
有機食物,yäu1 gi1 säk6 mäk6
有效負載,yäu1 hau6 fu6 zöi1
有效流量,yäu1 hau6 läu4 löng6
有效數字,yäu1 hau6 su1 zi6
有荷包,yäu1 ho4 bau1
友好使者,yäu1 häu2 si1 ze2
友好襄助,yäu1 häu2 söng1 zo6
有理數集,yäu1 li1 su1 zap6
有兩道散手,yäu1 löng1 däu6 sæng2 säu2
有冇嘢食,yäu1 mäu1 ya1 säk6
有冇水飲,yäu1 mäu1 söi2 yäm2
有仇不報非君子,yäu1 säu4 bäk2 bäu1 fi1 gwäng1 zi2
有聲有氣,yäu1 säng1 yäu1 hi1
有食就食,yäu1 säk6 zäu6 säk6
有頭尾陣,yäu1 täu4 mi1 zäng6
有仔趁嫩生,yäu1 zäi2 cäng1 nüng6 sæng1
有就好咯,yäu1 zäu6 häu2 lo1
有志者鄧竟成,yäu1 zi1 ze2 däng6 gäng2 säng4
有志者事竟成,yäu1 zi1 ze2 si6 gäng2 säng4
有蕉食,yäu1 ziu1 säk6
有粥食粥有飯食飯,yäu1 zuk2 säk6 zuk2 yäu1 fæng6 säk6 fæng6
又臭又硬,yäu6 cäu1 yäu6 ngæng6
右對齊,yäu6 döi1 cäi4
又瞓着,yäu6 fäng1 zök6
又揀擇,yäu6 gæng2 zæk6
右傾機會主義,yäu6 käng1 gi1 wui6 zü2 yi6
又睡不着,yäu6 söi6 bäk2 zök6
又長又寢,yäu6 zöng2 yäu6 cäm2
耶利米哀歌,ye4 li6 mai1 wui1 go1
耶魯粵語拼音,ye4 lu1 yük6 yü1 päng1 yäm1
耶穌降臨節,ye4 su1 gong1 läm4 zik2
耶穌受難日,ye4 su1 säu6 næng6 yäk6
耶穌受難節,ye4 su1 säu6 næng6 zik2
耶和華見證人,ye4 wo4 wa4 ging1 zäng1 yäng4
惹草拈花,ye1 cäu2 nim1 fa1
惹草沾花,ye1 cäu2 zim1 fa1
野顛茄,ye1 ding1 kö4
惹人心煩,ye1 yäng4 säm1 fæng4
野蠻女孩,ye1 mæng4 nü1 hai4
惹事惹非,ye1 si6 ye1 fi1
夜行晝伏,ye6 häng4 zäu1 fuk6
夜咯,ye6 lo1
夜晚好靜,ye6 mæng1 häu2 zäng6
贏粒糖輸間廠,yeng4 näp2 tong4 sü1 gæng1 cong2
咿便,yi1 bing6
伊波拉病毒,yi1 bo1 lai1 beng6 duk6
衣單食薄,yi1 dæng1 säk6 bok6
衣服縫邊,yi1 fuk6 fung4 bing1
依樣畫葫蘆,yi1 yöng6 wæk6 wu4 lu4
伊朗伊斯蘭共和國,yi1 long1 yi1 si1 læng4 gung6 wo4 gwok2
依撈七,yi1 läu1 cäk2
伊斯蘭會議組織,yi1 si1 læng4 wui6 yi1 zu2 zäk2
倚欄望月,yi2 læng4 mong6 ngük6
意大利青瓜,yi1 dai6 li6 ceng1 gwa1
移動平均線,yi4 dung6 päng4 gwäng1 sing1
移動平均線指標,yi4 dung6 päng4 gwäng1 sing1 zi2 biu1
移動式電話,yi4 dung6 säk2 ding6 wa2
兒女英雄傳,yi4 nü1 yäng1 hung4 züng6
疑心生暗鬼,yi4 säm1 säng1 äm1 gwäi2
兒童傳染病,yi4 tung4 cüng4 yim1 beng6
已讀回執,yi1 duk6 wui4 zäp2
以人為鑒,yi1 yäng4 wäi4 gam1
以其人之道還治其人之身,yi1 ki4 yäng4 zi1 däu6 wæng4 zi6 ki4 yäng4 zi1 säng1
以免藉口,yi1 ming1 ze1 häu2
以水為財,yi1 söi2 wäi4 cöi4
擬聲唱法,yi1 säng1 cöng1 fæk2
以湯沃沸,yi1 tong1 yuk2 fäi1
二把刀,yi6 ba2 däu1
二百方針,yi6 bæk2 fong1 zäm1
二八天,yi6 bæk2 ting1
二屄,yi6 bik2
異步傳輸模式,yi6 bu6 cüng4 sü1 mu4 säk2
二部制,yi6 bu6 zäi1
二叉樹,yi6 ca1 sü6
二次多項式,yi6 ci1 do1 hong6 säk2
二次函數,yi6 ci1 ham4 su1
二次型,yi6 ci1 yäng4
二次曲面,yi6 ci1 kuk2 ming6
二次曲線,yi6 ci1 kuk2 sing1
二次世界大戰,yi6 ci1 säi1 gai1 dai6 zing1
二重根,yi6 cung4 gäng1
二重下標,yi6 cung4 ha6 biu1
二重母音,yi6 cung4 mu1 yäm1
二地主,yi6 di6 zü2
二黨制,yi6 dong2 zäi1
二度空間,yi6 du6 hung1 gæng1
二分點,yi6 fäng6 dim2
易激惹,yi6 gäk2 ye1
易過食生菜,yi6 gwo1 säk6 sæng1 cöi1
二刻拍案驚奇,yi6 häk2 pæk2 wung1 gäng1 ki4
二項式,yi6 hong6 säk2
二項式定理,yi6 hong6 säk2 däng6 li1
二項式係數,yi6 hong6 säk2 häi6 su1
二號電池,yi6 häu6 ding6 ci4
二一添作五,yi6 yäk2 tim1 zok2 ng1
二氧化碳隔離,yi6 yöng1 fa1 tæng1 gæk2 li4
二氧芑,yi6 yöng1 hi2
二氧雜芑,yi6 yöng1 zap6 hi2
二元醇,yi6 yüng4 säng4
二級頭,yi6 käp2 täu4
二級頭呼吸器,yi6 käp2 täu4 fu1 käp2 hi1
二硫化碳,yi6 läu4 fa1 tæng1
二硫基丙醇,yi6 läu4 gi1 bäng2 säng4
二硫基丙磺酸鈉,yi6 läu4 gi1 bäng2 wong4 süng1 nap6
二硫基琥珀酸鈉,yi6 läu4 gi1 fu2 pæk2 süng1 nap6
異卵雙生,yi6 läng2 söng1 säng1
二連盆地,yi6 ling4 pung4 di6
二撈七,yi6 läu1 cäk2
二氯胺,yi6 luk6 wung1
二倍體,yi6 pui1 täi2
二十一世紀,yi6 säp6 yäk2 säi1 gi2
二十一時,yi6 säp6 yäk2 si4
二十年目睹之怪現狀,yi6 säp6 ning4 muk6 du2 zi1 gwai1 ying6 zong6
二十四畝,yi6 säp6 si1 mäu1
二水貨,yi6 söi2 fo1
易司馬儀,yi6 si1 ma1 yi4
易損性,yi6 süng2 säng1
二攤貨,yi6 tæng1 fo1
二跳四,yi6 tiu1 si1
二窩頭,yi6 wo1 täu4
義和亂,yi6 wo4 lüng6
義和團運動,yi6 wo4 tüng4 wäng6 dung6
二簧,yi6 wong4
異質體,yi6 zäk2 täi2
二進制編碼,yi6 zäng1 zäi1 ping1 ma1
二值化,yi6 zäk6 fa1
二節棍,yi6 zik2 gwäng1
抑鬱不平,yäk2 wäk2 bäk2 päng4
逆壓,yäk6 æk2
液壓千斤頂,yäk6 æk2 cing1 gäng1 däng2
液壓傳動,yäk6 æk2 cüng4 dung6
液壓機器,yäk6 æk2 gi1 hi1
驛車,yäk6 ce1
液化石油氣,yäk6 fa1 sek6 yäu4 hi1
逆映射,yäk6 yäng2 se6
掖門,yäk6 mung4
役使動物,yäk6 säi2 dung6 mäk6
逆水行舟不進則退,yäk6 söi2 häng4 zäu1 bäk2 zäng1 zäk2 töi1
逆轉錄病毒,yäk6 züng2 luk6 beng6 duk6
奄乾,yim1 gung1
醃醃尖尖,yim1 yim1 zim1 zim1
厭惡人類者,yim1 ok2 yäng4 löi6 ze2
嫌肥挑瘦,yim4 fi4 tiu1 säu1
嫌米貴,yim4 mai1 gwäi1
鹽皮質類固醇,yim4 pi4 zäk2 löi6 gwu1 säng4
鹽成土,yim4 säng4 tu2
嚴重急性呼吸系統綜合症,yim4 zung6 gäp2 säng1 fu1 käp2 häi6 tung2 zung1 häp6 zäng1
煙花簿,ying1 fa1 bu2
煙槓,ying1 gong1
煙黑叉尾海燕,ying1 häk2 ca1 mi1 fui2 ying1
煙仔檔,ying1 zäi2 dong1
煙酒總彙,ying1 zäu2 zung2 wui6
燕雀相賀,ying1 zök2 söng1 ho6
言不可傳,ying4 bäk2 ho2 cüng4
研究反應堆,ying4 gäu1 fæng2 yäng1 döi1
研磨盤,ying4 mo4 pung4
研修員,ying4 säu1 yüng4
言談林藪,ying4 tam4 läm4 säu2
現叉廚,ying6 ca1 cü4
現代服裝,ying6 döi6 fuk6 zong1
現代經典,ying6 döi6 gäng1 ding2
現代空調,ying6 döi6 hung1 tiu4
現金流量表,ying6 gäm1 läu4 löng6 biu2
現金流轉表,ying6 gäm1 läu4 züng2 biu2
現量相違,ying6 löng4 söng1 wäi4
硯田之食,ying6 ting4 zi1 säk6
應本分,yäng1 bung2 fäng6
嬰兒手推車,yäng1 yi4 säu2 töi1 ce1
鸚鵡仔,yäng1 mu1 zäi2
英屬哥倫比亞,yäng1 suk6 go1 läng4 bi2 a1
英屬維爾京羣島,yäng1 suk6 wäi4 yi1 gäng1 kwäng4 däu2
櫻桃血管瘤,yäng1 täu4 hük2 gwung2 läu4
櫻桃小番茄,yäng1 täu4 siu2 fæng1 kö4
映射表,yäng2 se6 biu2
映射過程,yäng2 se6 gwo1 cäng4
應屆畢業生,yäng1 gai1 bäk2 yip6 säng1
應急照射,yäng1 gäp2 ziu1 se6
應機立斷,yäng1 gi1 läp6 düng6
應用程式介面,yäng1 yung6 cäng4 säk2 gai1 ming6
應用下載,yäng1 yung6 ha6 zöi1
凝花菜,yäng4 fa1 cöi1
迎風飄舞,yäng4 fung1 piu1 mu1
形核,yäng4 häk6
凝血脢原,yäng4 hük2 mui4 yüng4
型英帥靚正,yäng4 yäng1 söi1 leng1 zäng1
營養衞生,yäng4 yöng1 wäi6 säng1
螢幕保護裝置,yäng4 mok6 bäu2 wu6 zong1 zi1
形態發生素,yäng4 tai1 fæk2 säng1 su1
迎頭打擊,yäng4 täu4 da2 gäk2
凝聚層,yäng4 zü6 cäng4
業餘愛好者,yip6 yü4 wui1 häu1 ze2
熱插拔,ngik6 cap2 bäk6
熱到跳舞,ngik6 däu1 tiu1 mu1
熱動平衡,ngik6 dung6 päng4 häng4
熱核反應堆,ngik6 häk6 fæng2 yäng1 döi1
熱核聚變反應,ngik6 häk6 zü6 bing1 fæng2 yäng1
熱連球菌,ngik6 ling4 käu4 kwäng2
熱烈地彈琴熱烈地唱,ngik6 lik6 di6 tæng4 käm4 ngik6 lik6 di6 cöng1
熱成層,ngik6 säng4 cäng4
熱粟米,ngik6 suk2 mai1
熱鍋上的螞蟻,ngik6 wo1 söng6 däk2 ma1 ngäi1
幺二,yiu1 yi6
腰椎間盤突出,yiu1 zöi1 gæng1 pung4 däk6 cäk2
腰椎間盤突出症,yiu1 zöi1 gæng1 pung4 däk6 cäk2 zäng1
要您請,yiu1 ni1 ceng2
要射死,yiu1 se6 si2
弱相互作用,yök6 söng1 wu6 zok2 yung6
弱側,yök6 zäk2
陽江話,yöng4 gong1 wa2
蘘荷,yöng4 ho4
羊毛出自羊身上,yöng4 mäu4 cäk2 zi6 yöng4 säng1 söng6
養兒一百歲長憂九十九,yöng1 yi4 yäk2 bæk2 söi1 cöng4 yäu1 gäu2 säp6 gäu2
養生泉,yöng1 säng1 cüng4
養生燉品,yöng1 säng1 däng6 bäng2
養和堂,yöng1 wo4 tong4
樣條函數,yöng6 tiu4 ham4 su1
玉不琢不成器,yuk6 bäk2 dök2 bäk2 säng4 hi1
肉隨砧板上,yuk6 cöi4 zäm1 bæng2 söng6
肉好實,yuk6 häu2 säk6
玉米燈,yuk6 mai1 däng1
肉垂麥雞,yuk6 söi4 mæk6 gäi1
肉鬆包,yuk6 sung1 bau1
雍重,yung1 zung6
冗長度,yung2 cöng4 du6
擁軍愛民,yung2 gwäng1 wui1 mäng4
擁抱愛,yung2 päu1 wui1
冗散,yung2 sæng1
冗食,yung2 säk6
冗數,yung2 su1
融解點,yung4 gai2 dim2
傭人領班,yung4 yäng4 läng1 bæng1
茸茸爛,yung4 yung4 læng6
榕樹凹,yung4 sü6 au1
榕樹下,yung4 sü6 ha6
榕樹嶺,yung4 sü6 leng1
溶質,yung4 zäk2
用嗰度,yung6 go2 du6
用起上來,yung6 hi2 söng1 löi4
用人經費,yung6 yäng4 gäng1 fäi1
用鳩拍面,yung6 käu1 pæk2 ming6
用其所長,yung6 ki4 so2 cöng4
於都縣,yü1 du1 yüng6
迂磨,yü1 mo4
如火純青,yü4 fo2 säng4 cäng1
瑜伽行派,yü4 ga1 häng4 pai1
如下所述,yü4 ha6 so2 säk6
如其所好,yü4 ki4 so2 häu1
餘留無符號數,yü4 läu4 mu4 fu4 häu6 su1
娛樂報,yü4 lok6 bäu1
魚片粥,yü4 ping2 zuk2
魚生粥剛剛熟,yü4 sæng1 zuk2 gong1 gong1 suk6
魚生粥啱啱熟,yü4 sæng1 zuk2 ngam1 ngam1 suk6
與此相反,yü1 ci2 söng1 fæng2
乳突竇,yü1 däk6 däu6
語義空間,yü1 yi6 hung1 gæng1
乳源瑤族自治縣,yü1 yüng4 yiu4 zuk6 zi6 zi6 yüng6
雨順風調,yü1 säng6 fung1 tiu4
乳糖不耐症,yü1 tong4 bäk2 nöi6 zäng1
乳糖消化不良,yü1 tong4 siu1 fa1 bäk2 löng4
宇宙生成論,yü1 zäu6 säng1 säng4 läng6
預防傳染病,yü6 fong4 cüng4 yim1 beng6
寓工作於娛樂,yü6 gung1 zok2 yü1 yü4 lok6
原發性進行性失語,yüng4 fæk2 säng1 zäng1 häng4 säng1 säk2 yü1
懸浮窗,yüng4 fäu4 cöng1
員工會議,yüng4 gung1 wui6 yi1
員工仔,yüng4 gung1 zäi2
懸掛式滑翔機,yüng4 gwa1 säk2 wæk6 cöng4 gi1
原函數,yüng4 ham4 su1
原核細胞,yüng4 häk6 säi1 bau1
原核細胞型微生物,yüng4 häk6 säi1 bau1 yäng4 mi4 säng1 mäk6
圓口綱脊椎動物,yüng4 häu2 gong1 zek2 zöi1 dung6 mäk6
元音失讀,yüng4 yäm1 säk2 duk6
元音和諧,yüng4 yäm1 wo4 hai4
玄武質熔岩,yüng4 mu1 zäk2 yung4 ngam4
元惡大憝,yüng4 ok2 dai6 döi6
原腎管,yüng4 säng6 gwung2
懸針紋,yüng4 zäm1 mäng4
圓錐曲線,yüng4 zöi1 kuk2 sing1
原子核反應堆,yüng4 zi2 häk6 fæng2 yäng1 döi1
原裝現貨,yüng4 zong1 ying6 fo1
原裝正品,yüng4 zong1 zäng1 bäng2
遠親不如近鄰,yüng1 cäng1 bäk2 yü4 gäng6 läng4
遠東經濟評論,yüng1 dung1 gäng1 zäi1 päng4 läng6
遠門近枝,yüng1 mung4 gäng6 zi1
軟硬採,yüng1 ngæng6 cöi2
遠水不能救近火,yüng1 söi2 bäk2 näng4 gäu1 gäng6 fo2
乙種促效劑,yük2 zung2 cuk2 hau6 zäi1
乙種粒子,yük2 zung2 näp2 zi2
乙種射線,yük2 zung2 se6 sing1
月經棉栓,ngük6 gäng1 ming4 sæng1
月結款,ngük6 gik2 fung2
月光誕,ngük6 gwong1 dæng1
月光期,ngük6 gwong1 ki4
月坑,ngük6 hæng1
月黑天,ngük6 häk2 ting1
月儀,ngük6 yi4
粵語白話文,yük6 yü1 bæk6 wa2 mäng4
粵語流行曲,yük6 yü1 läu4 häng4 kuk2
粵語拼音方案,yük6 yü1 päng1 yäm1 fong1 wung1
月亮盈虧,ngük6 löng6 yäng4 kwäi1
月盲症,ngük6 mæng4 zäng1
越南共和國,yük6 nam4 gung6 wo4 gwok2
粵拼輸入法,yük6 päng1 sü1 yäp6 fæk2
月是故鄉明,ngük6 si6 gwu1 höng1 mäng4
越食越餓,yük6 säk6 yük6 ngo6
月相變化,ngük6 söng1 bing1 fa1
越活越好,yük6 wuk6 yük6 häu2
月子病,ngük6 zi2 beng6
月字邊,ngük6 zi6 bing1
卡波西氏肉瘤,ka1 bo1 säi1 si6 yuk6 läu4
卡邦尼意粉,ka1 bong1 ni4 yi1 fäng2
卡爾曼濾波,ka1 yi1 mæng6 lü6 bo1
卡爾文克萊因,ka1 yi1 mäng4 häk2 löi4 yäng1
卡拉馬佐夫兄弟,ka1 lai1 ma1 zo1 fu1 häng1 däi6
卡類通信,ka1 löi6 tung1 säng1
卡西米爾效應,ka1 säi1 mai1 yi1 hau6 yäng1
卡式證,ka1 säk2 zäng1
卡通包,ka1 tung1 bau1
靠飲靠食,kau1 yäm2 kau1 säk6
溪仔,käi1 zäi2
禁等咯,gäm1 däng2 lok2
禁攪,gäm1 gau2
琴日之嘛,käm4 yäk6 zi1 ma1
琴瑟不調,käm4 säk2 bäk2 tiu4
琴朝,käm4 ziu1
勤耕,käng4 gæng1
扱實隻蓋,käp2 säk6 zek2 gwui1
扱手波,käp2 säu2 bo1
扱線,käp2 sing1
扱轉,käp2 züng1
球閥,käu4 fæk6
球根海棠,käu4 gäng1 fui2 tong4
球腔菌,käu4 hong1 kwäng2
求其做下,käu4 ki4 zu6 ha1
舅爺仔,käu1 ye4 zäi2
茄子河區,kö4 zi2 ho4 kü1
其樂不窮,ki4 lok6 bäk2 kung4
棋屎貪食卒,ki4 si2 tam1 säk6 zäk2
其精似鬼,ki4 zäng1 ci1 gwäi2
企業管理碩士,ki1 yip6 gwung2 li1 sek6 si6
企劃組織,ki1 wæk6 zu2 zäk2
距翅麥雞,kü1 ci1 mæk6 gäi1
拒絕毒品,kü1 zük6 duk6 bäng2
鉗馬銜枚,kim4 ma1 ham4 mui4
傾下咯,käng1 ha1 lok2
傾箱倒篋,käng1 söng1 däu2 hap6
鯨波,käng4 bo1
瓊乾,käng4 gung1
翹材,kiu4 cöi4
翹盼,kiu4 pæng1
橋上倒涼茶,kiu4 söng6 däu2 löng4 ca4
喬治爵士,kiu4 zi6 zök2 si6
翹足引領,kiu4 zuk2 yäng1 läng1
強壓怒火,köng4 æk2 nu6 fo2
強迫性儲物症,köng4 bäk2 säng1 cü1 mäk6 zäng1
強迫性性行為,köng4 bäk2 säng1 säng1 häng4 wäi4
強化訓練,köng4 fa1 fäng1 ling6
強輻射區,köng4 fuk2 se6 kü1
強音踏板,köng4 yäm1 dap6 bæng2
強力攻佔,köng4 läk6 gung1 zim1
強相互作用,köng4 söng1 wu6 zok2 yung6
強直性脊柱炎,köng4 zäk6 säng1 zek2 cü1 yim4
強中自有強中手,köng4 zung1 zi6 yäu1 köng4 zung1 säu2
強行攤派,köng1 häng4 tæng1 pai1
搉門,kok2 mung4
確鑿不移,kok2 zok6 bäk2 yi4
抗核加固,kong1 häk6 ga1 gwu1
潰裂,kwui2 lik6
曲別針,kuk2 bik6 zäm1
曲面論,kuk2 ming6 läng6
曲蹄,kuk2 täi4
窮到褲穿窿,kung4 däu1 fu1 cüng1 lung1
窮酸相,kung4 süng1 söng1
虧月,kwäi1 ngük6
葵盛泳池,kwäi4 säng4 wäng6 ci4
崑士蘭,kwäng1 si6 læng4
羣眾外包,kwäng4 zung1 wui6 bau1
礦油精,kwong1 yäu4 zäng1
缺醫少藥,kük2 yi1 siu2 yök6
缺心少肺,kük2 säm1 siu2 fäi1
拉大纜,lai1 dai6 lam6
拉拉聲,lai1 lai1 säng1
拉沙病毒,lai1 sa1 beng6 duk6
拉伸強度,lai1 säng1 köng4 du6
拉手仔,lai1 säu2 zäi2
拉相好,lai1 söng1 häu2
癩渣,lai1 za1
賴錯人,lai6 co1 yäng4
欖核,lam2 wäk6
藍腰短尾鸚鵡,lam4 yiu1 düng2 mi1 yäng1 mu1
藍領白領,lam4 leng1 bæk6 leng1
藍額長腳地鴝,lam4 ngæk6 cöng4 gök2 di6 kü4
藍額紅尾鴝,lam4 ngæk6 hung4 mi1 kü4
藍色小精靈,lam4 säk2 siu2 zäng1 läng4
藍頭紅尾鴝,lam4 täu4 hung4 mi1 kü4
纜索吊椅,lam6 sok2 diu1 yi2
讕調,læng4 diu6
闌尾切除術,læng4 mi1 cik2 cü4 säk6
懶正經,læng1 zäng1 gäng1
爛板,læng6 bæng2
爛湴,læng6 bæng6
爛東西,læng6 dung1 säi1
爛喊,læng6 ham1
爛喉痧,læng6 häu4 sa1
爛面甩髮,læng6 ming6 läk2 fæk2
爛平爛賤,læng6 peng4 læng6 zing6
爛手爛腳,læng6 säu2 læng6 gök2
爛市貨,læng6 si1 fo1
爛船都有三斤釘,læng6 süng4 du1 yäu1 sam1 gäng1 deng1
爛頭排,læng6 täu4 pai4
爛頭粥,læng6 täu4 zuk2
爛污貨,læng6 wu1 fo1
爛渣渣,læng6 za1 za1
爛酒佬,læng6 zäu2 läu2
爛嘴角,læng6 zöi2 gok2
冷斗貨車,læng1 däu2 fo1 ce1
冷熱度數,læng1 ngik6 du6 su1
蠟青紙,lap6 ceng1 zi2
撈屄,läu4 bik2
撈到正,läu4 däu1 zäng1
撈埋撈埋,läu4 mai4 läu4 mai4
撈餸,läu4 sung1
禮品換領中心,läi1 bäng2 wung6 läng1 zung1 säm1
禮廢樂崩,läi1 fäi1 ngok6 bäng1
禮樂射,läi1 ngok6 se6
冧嘢,läm1 ya1
臨牀經驗,läm4 cong4 gäng1 yim6
林家翹,läm4 ga1 kiu4
臨界壓力,läm4 gai1 æk2 läk6
臨渴穿井,läm4 fuk2 cüng1 zäng2
臨老學吹打,läm4 läu1 hok6 cöi1 da2
臨老入花叢,läm4 läu1 yäp6 fa1 cung4
臨時校舍,läm4 si4 hau6 se1
凜抌,läm1 däm2
笠細路仔,läp2 säi1 lu6 zäi2
立體攝像機,läp6 täi2 sip2 zöng6 gi1
甩質,läk2 zäk2
褸口褸面,läu1 häu2 läu1 ming6
嘍當,läu1 dong1
流傳與世,läu4 cüng4 yü1 säi1
流行地帶,läu4 häng4 di6 dai1
流行急性結膜炎,läu4 häng4 gäp2 säng1 gik2 mok6 yim4
流行色彩,läu4 häng4 säk2 cöi2
流行線,läu4 häng4 sing1
流行性感冒,läu4 häng4 säng1 gäm2 mäu6
琉球角鴞,läu4 käu4 gok2 hiu1
流量防火牆,läu4 löng6 fong4 fo2 cöng4
樓市話題,läu4 si1 wa6 täi4
流體核試驗,läu4 täi2 häk6 si1 yim6
褸返件衫,läu1 fæng2 ging6 sam1
柳啼花怨,läu1 täi4 fa1 yüng1
漏脯充飢,läu6 fu2 cung1 gi1
漏水轉渾天儀,läu6 söi2 züng2 wäng4 ting1 yi4
離家別井,li4 ga1 bik6 zäng2
籬更竹,li4 gæng1 zuk2
離行離罅,li4 hong4 li4 la1
離散性,li4 sæng1 säng1
離天百丈遠,li4 ting1 bæk2 zöng6 yüng1
離天隔丈遠,li4 ting1 gæk2 zöng6 yüng1
離天九丈遠,li4 ting1 gäu2 zöng6 yüng1
梨渦淺笑,li4 wo1 cing2 siu1
李卜克內西,li1 buk2 häk2 nöi6 säi1
李瀍,li1 cing4
履行合同,lü1 häng4 häp6 tung4
李萬山,li1 mæng6 sæng1
李斯特氏菌,li1 si1 däk6 si6 kwäng2
履舄交錯,lü1 säk2 gau1 co1
李兆基堂,li1 siu6 gi1 tong4
李娃傳,li1 wa1 züng6
李懷遠,li1 wai4 yüng1
李鄭屋古墓,li1 zäng6 uk2 gwu2 mu6
靚到抌一聲,leng1 däu1 däm2 yäk2 säng1
靚雞煲,leng1 gäi1 bäu1
靚湯水,leng1 tong1 söi2
領酒席,leng1 zäu2 zäk6
雷克斯暴龍,löi4 häk2 si1 bäu6 lung4
雷姆斯汀,löi4 mu1 si1 täng1
雷諾數,löi4 nok6 su1
鐳射唱機,löi4 se6 cöng1 gi1
鐳射印表機,löi4 se6 yäng1 biu2 gi1
雷聲大雨點小,löi4 säng1 dai6 yü1 dim2 siu2
旅遊巴士司機,lü1 yäu4 ba1 si2 si1 gi1
壘上有人,löi1 söng6 yäu1 yäng4
壘上無人,löi1 söng6 mu4 yäng4
濾毒通風裝置,lü6 duk6 tung1 fung1 zong1 zi1
類函數,löi6 ham4 su1
類屬詞典,löi6 suk6 ci4 ding2
卵裂,läng2 lik6
卵精巢,läng2 zäng1 cau4
倫琴射線,läng4 käm4 se6 sing1
淪沒,läng4 muk6
燐質,läng4 zäk2
輪住值班,läng4 zü6 zäk6 bæng1
輪轉機,läng4 züng1 gi1
論長道短,läng6 cöng4 däu6 düng2
律啤,läk6 be1
栗背岩鷚,läk6 bui1 ngam4 läu6
律師會長,läk6 si1 wui6 zöng2
律政司司長,läk6 zäng1 si1 si1 zöng2
力不到不為財,läk6 bäk2 däu1 bäk2 wäi4 cöi4
歷朝通俗演義,läk6 ciu4 tung1 zuk6 ying2 yi6
力學波,läk6 hok6 bo1
力學傳遞,läk6 hok6 cüng4 däi6
歷來最低點,läk6 löi4 zöi1 däi1 dim2
鐮形血球貧血症,lim4 yäng4 hük2 käu4 päng4 hük2 zäng1
蓮藕湯,ling4 ngäu1 tong1
連年不斷,ling4 ning4 bäk2 düng6
連踢帶打,ling4 tek2 dai1 da2
蓮子口面,ling4 zi2 häu2 ming6
蓮子蓉口面,ling4 zi2 yung4 häu2 ming6
連續變調,ling4 zuk6 bing1 diu6
連續統假設,ling4 zuk6 tung2 ga2 cik2
靈牀,läng4 cong4
靈感空間,läng4 gäm2 hung1 gæng1
零月租,läng4 ngük6 zu1
零時一刻,läng4 si4 yäk2 häk2
靈醒,läng4 säng2
靈活策略,läng4 wuk6 cæk2 lök6
靈活經營,läng4 wuk6 gäng1 yäng4
稜錐,läng4 zöi1
靈鍾暱納,läng4 zung1 näk1 nap6
領存,läng1 cüng4
領導體系,läng1 däu6 täi2 häi6
領購,läng1 gäu1
領岩鷚,läng1 ngam4 läu6
另行規定,läng6 häng4 kwäi1 däng6
令人生畏,läng6 yäng4 säng1 wäi1
裂變產物,lik6 bing1 cæng2 mäk6
裂變碎片,lik6 bing1 söi1 ping2
裂谷熱病毒,lik6 guk2 ngik6 beng6 duk6
裂罅,lik6 la1
裂體吸蟲,lik6 täi2 käp2 cung4
列王記下,lik6 wong4 gi1 ha6
列支敦士登,lik6 zi1 däng1 si6 däng1
裂殖,lik6 zäk6
裂殖菌,lik6 zäk6 kwäng2
裂殖菌綱,lik6 zäk6 kwäng2 gong1
撩惹,liu4 ye1
撩撩下,liu4 liu4 ha1
了卻此生,liu1 kök2 ci2 säng1
攞打,lo2 da2
裸片,lo2 ping2
攞心抱仔,lo2 säm1 päu1 zäi2
羅離痕,lo4 li4 häng4
羅塞塔石碑,lo4 säk2 tap2 sek6 bi1
螺旋千斤頂,lo4 süng4 cing1 gäng1 däng2
兩個款,löng2 go1 fung2
量角規,löng4 gok2 kwäi1
良賈深藏,löng4 gwu2 säm1 cong4
良好飲食習慣,löng4 häu2 yäm2 säk6 zap6 gwæng1
良心話事,löng4 säm1 wa6 si6
良種繁育,löng4 zung2 fæng4 yuk6
兩步驟驗證,löng1 bu6 zäu6 yim6 zäng1
兩棲類動物,löng1 cäi1 löi6 dung6 mäk6
倆錢,löng1 cing4
兩點裏,löng1 dim2 li1
兩頰生津,löng1 gap2 säng1 zäng1
兩極管,löng1 gik6 gwung2
兩碼子事,löng1 ma1 zi2 si6
兩性動物,löng1 säng1 dung6 mäk6
兩頭兒,löng1 täu4 yi4
兩晉時代,löng1 zäng1 si4 döi6
兩字詞,löng1 zi6 ci4
量化邏輯,löng6 fa1 lo4 cäp2
量綱,löng6 gong1
亮麗人生,löng6 läi6 yäng4 säng1
量子沫,löng6 zi2 muk6
萊齊耶三世,löi4 cäi4 ye4 sam1 säi1
來電轉駁,löi4 ding6 züng2 bok2
來沙井,löi4 sa1 zäng2
落筆打三更,lok6 bäk2 da2 sam1 gæng1
洛杉磯湖人,lok6 cam1 gi1 wu4 yäng4
落車了,lok6 ce1 liu1
落地喊三聲好醜命生成,lok6 di6 ham1 sam1 säng1 häu2 cäu2 mäng6 sæng1 seng4
落地開花富貴榮華,lok6 di6 fui1 fa1 fu1 gwäi1 wäng4 wa4
落落難合,lok6 lok6 næng4 häp6
樂浪郡,lok6 long6 gwäng6
落埋怨,lok6 mai4 yüng1
落手打三更,lok6 säu2 da2 sam1 gæng1
落剩,lok6 säng6
落種,lok6 zung2
狼過華秀隻狗,long4 gwo1 wa4 säu1 zek2 gäu2
浪蕩流離,long6 dong6 läu4 li4
浪鼓,long6 gwu2
浪漫元素,long6 mæng6 yüng4 su1
浪蝕,long6 säk6
浪子髮式,long6 zi2 fæk2 säk2
撈到化,läu1 däu1 fa1
撈稿,läu1 gäu2
撈拿,läu1 na4
撈水蟹,läu1 söi2 hai1
撈水尾,läu1 söi2 mi1
撈湯,läu1 tong1
顱測量,lu4 cäk2 löng4
勞動生產力,läu4 dung6 säng1 cæng2 läk6
勞累過度,läu4 löi6 gwo1 du6
廬山真面目,lu4 sæng1 zäng1 ming6 muk6
魯班尺,lu1 bæng1 cek2
老表鬼鬼,läu1 biu2 gwäi2 gwäi2
老茶樹,läu1 ca4 sü6
老鵰,läu1 diu1
老番涼茶,läu1 fæng1 löng4 ca4
老虎都打死幾隻,läu1 fu2 du1 da2 si2 gi2 zek2
老虎尾,läu1 fu2 mi1
老虎衫,läu1 fu2 sam1
老虎頭上釘虱乸,läu1 fu2 täu4 söng6 deng1 säk2 na2
老虎頭上釘蝨乸,läu1 fu2 täu4 söng6 deng1 säk2 na2
老虎借豬,läu1 fu2 ze1 zü1
老家賊,läu1 ga1 cäk6
老公早晨,läu1 gung1 zäu2 säng4
老公豬豬,läu1 gung1 zü1 zü1
老鹹蟲,läu1 ham4 cung4
老糠都搾出油,läu1 hong1 du1 za1 cäk2 yäu4
老油子,läu1 yäu4 zi2
老醫少卜,läu1 yi1 siu1 buk2
老煙鬼,läu1 ying1 gwäi2
老幺,läu1 yiu1
老倆口,läu1 löng1 häu2
老馬失蹄,läu1 ma1 säk2 täi4
老吾老以及人之老,läu1 ng4 läu1 yi1 käp6 yäng4 zi1 läu1
老牛聲喉,läu1 ngäu4 säng1 häu4
老牛食嫩草,läu1 ngäu4 säk6 nüng6 cäu2
老牛精,läu1 ngäu4 zäng1
老年痴呆症,läu1 ning4 ci1 wui4 zäng1
老婆除褲,läu1 po4 cü4 fu1
老婆乸,läu1 po4 na2
老婆早晨,läu1 po4 zäu2 säng4
老婆豬豬,läu1 po4 zü1 zü1
老山寨,läu1 sæng1 zai6
老實威,läu1 säk6 wäi1
滷水扎蹄,lu1 söi2 zæk2 täi4
老視眼,läu1 si6 ngæng1
老鼠尾生瘡,läu1 sü2 mi1 sæng1 cong1
老鼠田,läu1 sü2 ting4
老船長,läu1 süng4 zöng2
老劏,läu1 tong1
老撾人民民主共和國,läu1 wo1 yäng4 mäng4 mäng4 zü2 gung6 wo4 gwok2
老烏恰,läu1 wu1 häp2
鹵質,lu1 zäk2
老積仔,läu1 zäk2 zäi2
老珠江,läu1 zü1 gong1
老拙,läu1 zük2
路見不平拔刀相助,lu6 ging1 bäk2 päng4 bäk6 däu1 söng1 zo6
路好滑,lu6 häu2 wæk6
碌碌半生,luk2 luk2 bung1 säng1
轆轆轉,luk2 luk2 züng1
碌死老鼠,luk2 si2 läu1 sü2
綠背山雀,luk6 bui1 sæng1 zök2
六朝四大家,luk6 ciu4 si1 dai6 ga1
氯單質,luk6 dæng1 zäk2
六方最密堆積,luk6 fong1 zöi1 mäk6 döi1 zäk2
淥下,luk6 ha1
六二五事變,luk6 yi6 ng1 si6 bing1
淥魚片,luk6 yü4 ping2
淥生菜,luk6 sæng1 cöi1
綠色生活,luk6 säk2 säng1 wuk6
籠檻,lung4 ham1
龍口奪食,lung4 häu2 dük6 säk6
龍門山斷層,lung4 mung4 sæng1 düng6 cäng4
龍頭蛇尾,lung4 täu4 se4 mi1
籠仔包,lung4 zäi2 bau1
籠仔蒸飯,lung4 zäi2 zäng1 fæng6
弄懂弄通,lung6 dung2 lung6 tung1
聯邦調查局,lüng4 bong1 diu6 ca4 guk6
聯合國開發計劃署,lüng4 häp6 gwok2 fui1 fæk2 gäi1 wæk6 cü1
聯合國環境規劃署,lüng4 häp6 gwok2 wæng4 gäng2 kwäi1 wæk6 cü1
聯合式合成詞,lüng4 häp6 säk2 häp6 säng4 ci4
亂講無為,lüng6 gong2 mu4 wäi4
亂映,lüng6 yäng2
亂世用重典,lüng6 säi1 yung6 cung1 ding2
亂指廿四,lüng6 zi2 ye6 si1
亂作古仔,lüng6 zok2 gwu2 zäi2
唔信咯,m4 säng1 lok2
孖啤車,ma1 bi1 ce1
孖池頭,ma1 ci4 täu4
麻鷹捉雞仔,ma4 yäng1 zuk2 gäi1 zäi2
麻蓉包,ma4 yung4 bau1
馬弁,ma1 bing6
榪釘,ma1 deng1
碼釘,ma1 deng1
馬爾堡病毒,ma1 yi1 bäu2 beng6 duk6
馬其頓共和國,ma1 ki4 däng6 gung6 wo4 gwok2
馬死落地行,ma1 si2 lok6 di6 hæng4
馬屎憑官貴,ma1 si2 päng4 gwung1 gwäi1
馬屎憑官勢,ma1 si2 päng4 gwung1 säi1
馬上比武,ma1 söng6 bi2 mu1
馬桶拔,ma1 tung2 bäk6
馬照跑舞照跳,ma1 ziu1 pau2 mu1 ziu1 tiu1
埋街飲井水,mai4 gai1 yäm2 zäng2 söi2
埋街食井水,mai4 gai1 säk6 zäng2 söi2
埋纜,mai4 lam6
埋手打三更,mai4 säu2 da2 sam1 gæng1
埋天怨地,mai4 ting1 yüng1 di6
買青苗,mai1 ceng1 miu4
買番攤,mai1 fæng1 tæng1
買孖展,mai1 ma1 zing2
買面子,mai1 ming6 zi2
賣兒鬻女,mai6 yi4 yuk6 nü1
賣賣大包,mai6 mai6 dai6 bau1
賣生藕,mai6 sæng1 ngäu1
賣頭賣尾,mai6 täu4 mai6 mi1
賣仔莫摸頭,mai6 zäi2 mok6 mo2 täu4
賣字畫,mai6 zi6 wa6
賣剩鴨,mai6 zäng6 ap2
賣剩尾,mai6 zäng6 mi1
蠻班辦,mæng4 bæng1 bæng6
慢速攝影,mæng6 cuk2 sip2 yäng2
萬家生佛,mæng6 ga1 säng1 fäk6
萬古長新,mæng6 gwu2 cöng4 säng1
萬惡滔天,mæng6 ok2 täu1 ting1
慢性阻塞性肺病,mæng6 säng1 zo2 säk2 säng1 fäi1 beng6
萬丈高樓平地起,mæng6 zöng6 gäu1 läu4 päng4 di6 hi2
抹台,mæk2 töi4
矛使,mau4 säi2
矛盾轉化,mau4 täng1 züng2 fa1
牡丹雖好全憑綠葉扶持,mau1 dæng1 söi1 häu2 cüng4 päng4 luk6 yip6 fu4 ci4
咪狗經,mäi1 gäu2 gäng1
咪馬經,mäi1 ma1 gäng1
咪仙,mäi1 sing1
米飯甘香,mai1 fæng6 gäm1 höng1
米開朗基羅,mai1 fui1 long1 gi1 lo4
米粒組織,mai1 näp2 zu2 zäk2
米少飯焦燶,mai1 siu2 fæng6 ziu1 nung1
脈壓,mæk6 æk2
麥兜菠蘿油王子,mæk6 däu1 bo1 lo4 yäu4 wong4 zi2
麥克白夫人,mæk6 häk2 bæk6 fu1 yäng4
麥克德莫特,mæk6 häk2 däk2 mok6 däk6
墨魚站,mäk6 yü4 zam6
墨劇,mäk6 kek6
麥理浩爵士,mæk6 li1 häu6 zök2 si6
麥米粥,mæk6 mai1 zuk2
墨西哥薄餅,mäk6 säi1 go1 bok6 beng2
墨西哥辣椒,mäk6 säi1 go1 læk6 ziu1
墨西拿海峽,mäk6 säi1 na4 fui2 hap6
麥氏賊鷗,mæk6 si6 cäk6 äu1
麥積山石窟,mæk6 zäk2 sæng1 sek6 fäk2
炆腩尾,mäng1 nam1 mi1
蚊帳頂,mäng1 zöng1 deng2
紋背捕蛛鳥,mäng4 bui1 bu6 zü1 niu1
文青機,mäng4 cäng1 gi1
聞道有先後,mäng4 däu6 yäu1 sing1 häu6
文化假日,mäng4 fa1 ga1 yäk6
民間瓦缸,mäng4 gæng1 nga1 gong1
文獻彙編,mäng4 hing1 wui6 ping1
文人多大話,mäng4 yäng4 do1 dai6 wa6
民以食為天,mäng4 yi1 säk6 wäi4 ting1
聞名不如見面,mäng4 mäng4 bäk2 yü4 ging1 ming6
文無第一武無第二,mäng4 mu4 däi6 yäk2 mu1 mu4 däi6 yi6
文彙報,mäng4 wui6 bäu1
閩南話又有,mäng1 nam4 wa2 yäu6 yäu1
問波哥,mäng6 bo1 go1
掹除,mäng1 cü4
掹炮,mäng1 pau1
掹實,mäng1 säk6
掹斷,mäng1 tüng1
掹住掹住,mäng1 zü6 mäng1 zü6
乜也,mäk2 ya1
乜咯,mäk2 lok2
乜樹,mäk2 sü6
乜哇,mäk2 wa1
密不外傳,mäk6 bäk2 wui6 cüng4
密度波,mäk6 du6 bo1
密封輻射源,mäk6 fung1 fuk2 se6 yüng4
物以罕為貴,mäk6 yi1 fung2 wäi4 gwäi1
物流裝備,mäk6 läu4 zong1 bi6
物離鄉貴人離鄉賤,mäk6 li4 höng1 gwäi1 yäng4 li4 höng1 zing6
密實度,mäk6 säk6 du6
密實姑娘假正經,mäk6 säk6 gwu1 nöng4 ga2 zäng1 gäng1
密食當三番,mäk6 säk6 dong1 sam1 fæng1
物質不滅定律,mäk6 zäk2 bäk2 mik6 däng6 läk6
物質文明和精神文明,mäk6 zäk2 mäng4 mäng4 wo4 zäng1 säng4 mäng4 mäng4
謀取面試,mäu4 cü2 ming6 si1
貿易保護主義,mäu6 yäk6 bäu2 wu6 zü2 yi6
孭凳仔,me1 däng1 zäi2
孭藥煲,me1 yök6 bäu1
孭你,me1 ni1
孭我,me1 ngo1
孭臊蝦仔,me1 säu1 ha1 zäi2
微速攝影,mi4 cuk2 sip2 yäng2
眉間輪,mi4 gæng1 läng4
微型封裝塊,mi4 yäng4 fung1 zong1 fai1
眉卡,mi4 ka1
糜爛性毒劑,mi4 læng6 säng1 duk6 zäi1
微生物學家,mi4 säng1 mäk6 hok6 ga1
微小病毒科,mi4 siu2 beng6 duk6 fo1
微聚焦,mi4 zü6 ziu1
美國存託憑證,mi1 gwok2 cüng4 tok2 päng4 zäng1
美國地質調查局,mi1 gwok2 di6 zäk2 diu6 ca4 guk6
美國地質局,mi1 gwok2 di6 zäk2 guk6
美國獨立戰爭,mi1 gwok2 duk6 läp6 zing1 zäng1
美如畫,mi1 yü4 wa6
尾籠,mi1 lung4
尾聯,mi1 lüng4
美味小食,mi1 mi6 siu2 säk6
美食甜品,mi1 säk6 tim4 bäng2
美屬維爾京羣島,mi1 suk6 wäi4 yi1 gäng1 kwäng4 däu2
未曾做,mi6 cäng4 zu6
未達一間,mi6 dæk6 yäk2 gæng1
未見官先打三十大板,mi6 ging1 gwung1 sing1 da2 sam1 säp6 dai6 bæng2
未吃飯,mi6 hek2 fæng6
未學行先學走,mi6 hok6 hæng4 sing1 hok6 zäu2
未咯,mi6 lok2
沒水銅人,mi6 söi2 tung4 yäng4
未食飽,mi6 säk6 bau2
未成冠,mi6 säng4 gwung1
未傻咯,mi6 so4 lok2
免疫注射,ming1 yäk6 zü1 se6
面診,ming6 cäng2
面青面黃,ming6 ceng1 ming6 wong4
面口黑黑,ming6 häu2 häk2 häk2
面嚮對象語言,ming6 höng1 döi1 zöng6 yü1 ying4
面嚮連接,ming6 höng1 ling4 zip2
面燃大士,ming6 ying4 dai6 si6
面如灰土,ming6 yü4 fui1 tu2
面坯,ming6 pui1
面心立方最密堆積,ming6 säm1 läp6 fong1 zöi1 mäk6 döi1 zäk2
面黃肌閎,ming6 wong4 gi1 wäng4
溟池,mäng4 ci4
明槍易擋暗箭難防,mäng4 cöng1 yi6 dong2 äm1 zing1 næng4 fong4
溟島,mäng4 däu2
暝昏,mäng4 fäng1
明光度,mäng4 gwong1 du6
名人與學生,mäng4 yäng4 yü1 hok6 sæng1
名列首位,mäng4 lik6 säu2 wäi6
名重識暗,mäng4 zung6 säk2 äm1
溟溟,mäng1 mäng4
溟蒙,mäng1 mung4
滅種罪,mik6 zung2 zöi6
妙法蓮華經,miu6 fæk2 ling4 wa4 gäng1
妙語解頤,miu6 yü1 gai2 yi4
廟仔門,miu6 zäi2 mung4
魔鬼粘,mo1 gwäi2 nim4
摸不着頭腦,mo2 bäk2 zök6 täu4 näu1
摸肚仔,mo2 tu1 zäi2
磨不開,mo4 bäk2 fui1
磨煩,mo4 fæng4
磨灰,mo4 fui1
磨起泡,mo4 hi2 pau1
磨石粗砂岩,mo4 sek6 cu1 sa1 ngam4
磨叨,mo4 täu1
磨製石器,mo4 zäi1 sek6 hi1
磨嘴,mo4 zöi2
磨嘴皮子,mo4 zöi2 pi4 zi2
莫霍洛維奇不連續面,mok6 fok2 lok6 wäi4 ki4 bäk2 ling4 zuk6 ming6
莫可指數,mok6 ho2 zi2 su1
忙中出錯,mong4 zung1 cäk2 co1
網卡速度,mong1 kæk2 cuk2 du6
網絡打印機,mong1 lok6 da2 yäng1 gi1
網絡規劃人員,mong1 lok6 kwäi1 wæk6 yäng4 yüng4
網路節點介面,mong1 lu6 zik2 dim2 gai1 ming6
妄生穿鑿,mong1 säng1 cüng1 zok6
網上互動戒煙中心,mong1 söng6 wu6 dung6 gai1 ying1 zung1 säm1
網上互動問答,mong1 söng6 wu6 dung6 mäng6 dap2
網際電話,mong1 zäi1 ding6 wa2
望到頸長,mong6 däu1 geng2 cöng4
望到頸都長,mong6 däu1 geng2 du1 cöng4
無檳城豔咩,mu4 bäng1 säng4 yim6 me1
無伴奏合唱,mu4 bung6 zäu1 häp6 cöng1
無打算添,mu4 da2 süng1 tim1
毛都未出齊,mäu4 du1 mi6 cäk2 cäi4
毛都未生齊,mäu4 du1 mi6 sæng1 cäi4
無毒不丈夫,mu4 duk6 bäk2 zöng6 fu1
無端生有,mu4 düng1 säng1 yäu1
無風不起浪,mu4 fung1 bäk2 hi2 long6
毛巾氈,mäu4 gäng1 zing1
無國界醫生,mu4 gwok2 gai1 yi1 säng1
模下,mu4 ha6
無限空間,mu4 hæng6 hung1 gæng1
無限小數,mu4 hæng6 siu2 su1
無業閒散,mu4 yip6 hæng4 sæng2
無厘剎那,mu4 li4 sæk2 na1
無論點好,mu4 läng6 dim2 häu2
無聊緊,mu4 liu4 gäng2
無聊無賴,mu4 liu4 mu4 lai6
無名烈士墓,mu4 mäng4 lik6 si6 mu6
無三不成幾,mu4 sam1 bäk2 säng4 gi2
無心插柳柳成蔭,mu4 säm1 cap2 läu1 läu1 säng4 yäm1
無聲狗咬死人,mu4 säng1 gäu2 ngau1 si2 yäng4
無腥氣,mu4 säng1 hi1
無線電傳呼機,mu4 sing1 ding6 cüng4 fu1 gi1
毛線針,mäu4 sing1 zäm1
無醒起,mu4 säng2 hi2
無糖食品,mu4 tong4 säk6 bäng2
無維度,mu4 wäi4 du6
無針注射器,mu4 zäm1 zü1 se6 hi1
無脊椎動物,mu4 zek2 zöi1 dung6 mäk6
毛織運動衫,mäu4 zäk2 wäng6 dung6 sam1
無氈無扇神仙難變,mu4 zing1 mu4 sing1 säng4 sing1 næng4 bing1
舞抃,mu1 bing6
舞蹈培訓,mu1 däu6 pui4 fäng1
母函數,mu1 ham4 su1
武器可用物質,mu1 hi1 ho2 yung6 mäk6 zäk2
母音調和,mu1 yäm1 tiu4 wo4
侮弄,mu1 lung6
舞牙弄爪,mu1 nga4 lung6 zau2
舞台燈,mu1 töi4 däng1
舞台燈光,mu1 töi4 däng1 gwong1
武裝入侵,mu1 zong1 yäp6 cäm1
冒名頂替者,mäu6 mäng4 däng2 täi1 ze2
婺女,mu6 nü1
冒生命危險,mäu6 säng1 mäng6 ngäi4 him2
冒天下之大不韙,mäu6 ting1 ha6 zi1 dai6 bäk2 wäi1
梅德韋傑夫,mui4 däk2 wäi1 gik6 fu1
梅氏腺,mui4 si6 sing1
梅窩警署,mui4 wo1 gäng2 cü1
梅酌,mui4 zök2
每一朝,mui1 yäk2 ziu1
木筏頂,muk6 fæk6 deng2
木棉下,muk6 ming4 ha6
門口仔,mung4 häu2 zäi2
門仔灣,mung4 zäi2 wæng1
滿屏,mung1 bäng2
滿臉生花,mung1 lim1 säng1 fa1
滿肚文章,mung1 tu1 mäng4 zöng1
滿足面,mung1 zuk2 ming6
懵到上心口,mung2 däu1 söng1 säm1 häu2
懵仔簿,mung2 zäi2 bu2
蒙特卡羅方法,mung4 däk6 ka1 lo4 fong1 fæk2
蒙古人民共和國,mung4 gwu2 yäng4 mäng4 gung6 wo4 gwok2
夢行症,mung6 häng4 zäng1
抹不下臉,muk2 bäk2 ha6 lim1
抹稀泥,muk2 hi1 näi4
沒包吃住,muk6 bau1 hek2 zü6
沒得少,muk6 däk2 siu2
沒幾何,muk6 gi2 ho2
沒口齒,muk6 häu2 ci2
沒吃沒穿,muk6 hek2 muk6 cüng1
沒有規矩不成方圓,muk6 yäu1 kwäi1 gü2 bäk2 säng4 fong1 yüng4
沒有臉皮,muk6 yäu1 lim1 pi4
沒用怪,muk6 yung6 gwai1
沒社保,muk6 se1 bäu2
沒徵,muk6 zäng1
拿俄米,na4 ngo4 mai1
奶油菜花,nai1 yäu4 cöi1 fa1
南方都市報,nam4 fong1 du1 si1 bäu1
男人大丈夫,nam4 yäng4 dai6 zöng6 fu1
南卡羅來納,nam4 ka1 lo4 löi4 nap6
南卡羅來納州,nam4 ka1 lo4 löi4 nap6 zäu1
男女大不同,nam4 nü1 dai6 bäk2 tung4
男女性別角色,nam4 nü1 säng1 bik6 gok2 säk2
男女玩具,nam4 nü1 wung6 gü6
男士服飾,nam4 si6 fuk6 säk2
男仔衫,nam4 zäi2 sam1
男裝櫃,nam4 zong1 gwäi6
難得食,næng4 däk2 säk6
難登大雅之堂,næng4 däng1 dai6 nga1 zi1 tong4
難開下道,næng4 fui1 ha6 däu6
難以克服,næng4 yi1 häk2 fuk6
難以完成,næng4 yi1 yüng4 säng4
納尼亞傳奇,nap6 ni4 a1 züng6 ki4
納頭便拜,nap6 täu4 bing6 bai1
納華特文,nap6 wa4 däk6 mäng4
焫嚫,nat2 cäng1
焫傷,nat2 söng1
撓裂,nau4 lik6
撓鈎,nau4 ngäu1
鬧雙包,nau6 söng1 bau1
泥質頁岩,näi4 zäk2 yip6 ngam4
能乾嘛,näng4 gung1 ma1
能興盛,näng4 häng1 säng6
能弱能強,näng4 yök6 näng4 köng4
能源與生活,näng4 yüng4 yü1 säng1 wuk6
能源審核與碳審計,näng4 yüng4 säm2 häk6 yü1 tæng1 säm2 gäi1
能量守恆定律,näng4 löng6 säu2 häng4 däng6 läk6
能者為師,näng4 ze2 wäi4 si1
凹凸鏡,näp2 däk6 geng1
尼希米記,ni4 hi1 mai1 gi1
尼斯湖水怪,ni4 si1 wu4 söi2 gwai1
您坐,ni1 co1
女婢,nü1 pi1
女性貶抑,nü1 säng1 bing2 yäk2
女仔流流,nü1 zäi2 läu4 läu4
女仔衫,nü1 zäi2 sam1
女真語,nü1 zäng1 yü1
女子參政權,nü1 zi2 cam1 zäng1 küng4
吳頭楚尾,ng4 täu4 co2 mi1
五打一,ng1 da2 yäk2
五等爵位,ng1 däng2 zök2 wäi6
五音度,ng1 yäm1 du6
五羊城,ng1 yöng4 säng4
牙齒打卦,nga4 ci2 da2 gwa1
牙齒當金使,nga4 ci2 dong1 gäm1 säi2
捱穀種,ngai4 guk2 zung2
捱齋,ngai4 zai1
艾葉油,ngai6 yip6 yäu4
艾片,ngai6 ping1
艾滋病病毒,ngai6 zi1 beng6 beng6 duk6
啱到廣州,ngam1 däu1 gwong2 zäu1
啱瞓醒覺,ngam1 fäng1 seng2 gau1
啱喬,ngam1 kiu4
啱啱遇着剛剛,ngam1 ngam1 yü6 zök6 gong1 gong1
啱啱碰着剛剛,ngam1 ngam1 pung1 zök6 gong1 gong1
啱線,ngam1 sing1
岩沙海葵毒素,ngam4 sa1 fui2 kwäi4 duk6 su1
眼不見為淨,ngæng1 bäk2 ging1 wäi4 zäng6
眼不轉睛,ngæng1 bäk2 züng2 zäng1
眼穿腸斷,ngæng1 cüng1 cöng4 düng6
眼火都爆,ngæng1 fo2 du1 bau1
眼好澀,ngæng1 häu2 gip2
眼眉毛長,ngæng1 mi4 mäu4 cöng4
眼尾倔住,ngæng1 mi1 gwäk6 zü6
眼神不好,ngæng1 säng4 bäk2 häu2
眼蛇蛇,ngæng1 se4 se4
眼中釘肉中刺,ngæng1 zung1 deng1 yuk6 zung1 ci1
硬幣坯,ngæng6 bäi6 pui1
硬採,ngæng6 cöi2
硬副本,ngæng6 fu1 bung2
硬角角,ngæng6 gok2 gok2
硬瓜瓜,ngæng6 gwa1 gwa1
硬櫃,ngæng6 gwäi6
硬連接,ngæng6 ling4 zip2
硬式磁碟機,ngæng6 säk2 ci4 dip6 gi1
硬性攤派,ngæng6 säng1 tæng1 pai1
硬脂酸鈣,ngæng6 zi1 süng1 kwui1
硬住硬住,ngæng6 zü6 ngæng6 zü6
淆老襯,ngau4 läu1 cäng1
咬兜,ngau1 däu1
咬貴米,ngau1 gwäi1 mai1
咬着耳朵,ngau1 zök6 yi1 do2
危如朝露,ngäi4 yü4 ziu1 lu6
蟻多摟死象,ngäi1 do1 läu1 si2 zöng6
銀喉長尾山雀,ngäng4 häu4 cöng4 mi1 sæng1 zök2
銀行單,ngäng4 hong4 dæng1
銀行對賬單,ngäng4 hong4 döi1 zöng1 dæng1
銀耳相思鳥,ngäng4 yi1 söng1 si1 niu1
銀臉長尾山雀,ngäng4 lim1 cöng4 mi1 sæng1 zök2
銀針菜,ngäng4 zäm1 cöi1
銀粘,ngäng4 zim1
牛耳仔,ngäu4 yi1 zäi2
牛羊雜湯,ngäu4 yöng4 zap6 tong1
偶函數,ngäu1 ham4 su1
蛾眉皓齒,ngo4 mi4 häu6 ci2
餓死老婆瘟臭屋,ngo6 si2 läu1 po4 wäng1 cäu1 uk2
外錯角,wui6 co1 gok2
外國月亮特別圓,wui6 gwok2 ngük6 löng6 däk6 bik6 yüng4
外語會話,wui6 yü1 wui6 wa2
外來成語,wui6 löi4 säng4 yü1
外貿經濟,wui6 mäu6 gäng1 zäi1
外貿逆差,wui6 mäu6 yäk6 ca1
礙面子,wui6 ming6 zi2
外銷量,wui6 siu1 löng4
外側裂,wui6 zäk2 lik6
外側裂周區,wui6 zäk2 lik6 zäu1 kü1
外側裂周圍,wui6 zäk2 lik6 zäu1 wäi4
外質膜,wui6 zäk2 mok6
樂器批發,ngok6 hi1 päi1 fæk2
鱷魚頭老襯底,ngok6 yü4 täu4 läu1 cäng1 däi2
岸然道貌,wung6 ying4 däu6 mau6
岸芷汀蘭,wung6 zi2 täng1 læng4
戇居仔,ngong6 gü1 zäi2
拈輕怕重,nim1 häng1 pa1 cung1
黏着語,nim1 zök2 yü1
念下先,nim6 ha6 sing1
年輕幹部,ning4 häng1 gwung1 bu6
年華虛度,ning4 wa4 hü1 du6
碾米機,ning1 mai1 gi1
寧食開眉粥莫食愁眉飯,näng4 säk6 fui1 mi4 zuk2 mok6 säk6 säu4 mi4 fæng6
寧為玉碎不為瓦全,näng4 wäi4 yuk6 söi1 bäk2 wäi4 nga1 cüng4
寧為玉碎不作瓦全,näng4 wäi4 yuk6 söi1 bäk2 zok2 nga1 cüng4
捏估,nip6 gwu2
躡着腳,nip6 zök6 gök2
鳥腳下目,niu1 gök2 ha6 muk6
挼好長髮,no4 häu2 cöng4 fæk2
糯米餈荔枝,no6 mai1 ci4 läi6 zi1
糯米屎忽,no6 mai1 si2 fäk2
糯米屎窟,no6 mai1 si2 fäk2
糯米甜醋,no6 mai1 tim4 cu1
糯米臀,no6 mai1 tüng4
糯米蕉,no6 mai1 ziu1
內切球,nöi6 cik2 käu4
內衫,nöi6 sam1
諾貝爾和平獎,nok6 bui1 yi1 wo4 päng4 zöng2
奴兒干都司,nu4 yi4 gwung1 du1 si1
腦海漂浮,näu1 fui2 piu1 fäu4
腦食屎,näu1 säk6 si2
腦成像技術,näu1 säng4 zöng6 gi6 säk6
腦體倒掛,näu1 täi2 däu1 gwa1
農村家庭聯產承包責任制,nung4 cüng1 ga1 täng4 lüng4 cæng2 säng4 bau1 zæk2 yäm6 zäi1
農家美食,nung4 ga1 mi1 säk6
農耕年代,nung4 gæng1 ning4 döi6
農業生技,nung4 yip6 säng1 gi6
農林水產省,nung4 läm4 söi2 cæng2 sæng2
農奴解放日,nung4 nu4 gai2 fong1 yäk6
濃縮機,nung4 suk2 gi1
濃集鈾,nung4 zap6 yäu4
農作物品種,nung4 zok2 mäk6 bäng2 zung2
農作貿易,nung4 zok2 mäu6 yäk6
痾拔甩,o1 bäk6 läk2
屙馬蹄屎,o1 ma1 täi4 si2
柯沙奇病毒,o1 sa1 ki4 beng6 duk6
愛德華王子島,wui1 däk2 wa4 wong4 zi2 däu2
愛爾蘭共和軍,wui1 yi1 læng4 gung6 wo4 gwäng1
愛爾蘭共和國,wui1 yi1 læng4 gung6 wo4 gwok2
愛靚唔愛命,wui1 leng1 m4 wui1 mäng6
惡叉白賴,ok2 ca1 bæk6 lai6
惡創,ok2 cong1
惡瞓,ok2 fäng1
惡亨亨,ok2 häng1 häng1
惡口惡面,ok2 häu2 ok2 ming6
惡向膽邊生,ok2 höng1 dam2 bing1 säng1
惡人自有惡人磨,ok2 yäng4 zi6 yäu1 ok2 yäng4 mo4
惡言傷人,ok2 ying4 söng1 yäng4
惡惡實實,ok2 ok2 säk6 säk6
惡誓,ok2 säi6
惡歲,ok2 söi1
惡性瘧原蟲,ok2 säng1 yök6 yüng4 cung4
惡性通貨膨脹,ok2 säng1 tung1 fo1 pæng4 zöng1
惡損,ok2 süng2
安度晚年,wung1 du6 mæng1 ning4
安息香屬,wung1 säk2 höng1 suk6
安提瓜和巴布達,wung1 täi4 gwa1 wo4 ba1 bu1 dæk6
按質定價,wung1 zäk2 däng6 ga1
奧林匹克精神,äu1 läm4 päk2 häk2 zäng1 säng4
奧米加九,äu1 mai1 ga1 gäu2
奧米加六,äu1 mai1 ga1 luk6
澳牛食品,au1 ngäu4 säk6 bäng2
奧斯卡金像獎,äu1 si1 ka1 gäm1 zöng6 zöng2
怕丟面子,pa1 diu1 ming6 zi2
扒長龍,pa4 cöng4 lung4
扒釘,pa4 deng1
扒摟,pa4 läu4
派完派剩,pai1 yüng4 pai1 säng6
派生詞,pai1 säng1 ci4
拍青瓜,pæk2 ceng1 gwa1
柏克里克千佛洞,pæk2 häk2 li1 häk2 cing1 fäk6 dung6
拍行心口,pæk2 häng4 säm1 häu2
帕米爾高原,pæk2 mai1 yi1 gäu1 yüng4
帕米爾山脈,pæk2 mai1 yi1 sæng1 mæk6
帕斯卡六邊形,pæk2 si1 ka1 luk6 bing1 yäng4
帕斯卡三角形,pæk2 si1 ka1 sam1 gok2 yäng4
拍拖咯,pæk2 to1 lok2
攀親道故,pæng1 cäng1 däu6 gwu1
攀高結貴,pæng1 gäu1 gik2 gwäi1
澎湖羣島,pæng4 wu4 kwäng4 däu2
泡貨,pau1 fo1
拋球,pau1 käu4
拋射體,pau1 se6 täi2
泡漩,pau1 süng4
跑花蹄,pau2 fa1 täi4
跑馬射蚊鬚,pau2 ma1 se6 mäng1 su1
批石米,päi1 sek6 mai1
瀕臨絕種動物,päng4 läm4 zük6 zung2 dung6 mäk6
瀕臨絕種生物,päng4 läm4 zük6 zung2 säng1 mäk6
瀕危野生動植物種國際貿易公約,päng4 ngäi4 ye1 säng1 dung6 zäk6 mäk6 zung2 gwok2 zäi1 mäu6 yäk6 gung1 yök2
憑白無故,päng4 bæk6 mu4 gwu1
憑倚,päng4 yi2
憑軾結轍,päng4 säk2 gik2 cik2
憑眺,päng4 tiu1
披頭四樂團,pi1 täu4 si1 ngok6 tüng4
屁輕,pi1 heng1
皮層下失語症,pi4 cäng4 ha6 säk2 yü1 zäng1
皮劃艇,pi4 wæk6 täng1
皮劃艇激流回旋,pi4 wæk6 täng1 gäk2 läu4 wui4 süng4
皮劃艇靜水,pi4 wæk6 täng1 zäng6 söi2
皮質類固醇,pi4 zäk2 löi6 gwu1 säng4
被頭巾,pi1 täu4 gäng1
被子植物門,pi1 zi2 zäk6 mäk6 mung4
劈可樂,pek2 ho2 lok6
平價家電,peng4 ga1 ga1 ding6
平價公話,peng4 ga1 gung1 wa6
平價住宿,peng4 ga1 zü6 suk2
偏差距離,ping1 ca1 kü1 li4
偏輕,ping1 häng1
偏移量,ping1 yi4 löng6
偏位,ping1 wäi6
偏振波,ping1 zäng1 bo1
偏正式合成詞,ping1 zäng1 säk2 häp6 säng4 ci4
偏轉角,ping1 züng2 gok2
片甲不存,ping1 gap2 bäk2 cüng4
拼板膠,päng1 bæng2 gau1
拼板遊戲,päng1 bæng2 yäu4 hi1
拼板玩具,päng1 bæng2 wung6 gü6
拼攢,päng1 cüng4
拼櫃,päng1 gwäi6
拼命討好,päng1 mäng6 täu2 häu2
平寶蓋,päng4 bäu2 gwui1
平等待人,päng4 däng2 döi6 yäng4
平地起家,päng4 di6 hi2 ga1
平頂坳,päng4 deng2 au1
平快車,päng4 fai1 ce1
平方反比定律,päng4 fong1 fæng2 bi2 däng6 läk6
平方反比律,päng4 fong1 fæng2 bi2 läk6
平方厘米,päng4 fong1 li4 mai1
平方成反比,päng4 fong1 säng4 fæng2 bi2
平均指標,päng4 gwäng1 zi2 biu1
平均值定理,päng4 gwäng1 zäk6 däng6 li1
平行公設,päng4 häng4 gung1 cik2
平行力,päng4 häng4 läk6
平腰,päng4 yiu1
平原鷚,päng4 yüng4 läu6
平面曲線,päng4 ming6 kuk2 sing1
平平滑滑,päng4 päng4 wæk6 wæk6
撇水片,pik2 söi2 ping2
瓢潑而下,piu4 puk2 yi4 ha6
婆媽數,po4 ma1 su1
婆仔髻,po4 zäi2 gäi1
蚌湖,pong1 wu4
鋪牀疊被,pu1 cong4 dip6 pi1
普降大雨,pu2 gong1 dai6 yü1
普及讀物,pu2 käp6 duk6 mäk6
普朗克常數,pu2 long1 häk2 söng4 su1
普魯卡因,pu2 lu1 ka1 yäng1
普遍性假設,pu2 ping1 säng1 ga2 cik2
普通老百姓,pu2 tung1 läu1 bæk2 säng1
普通話拼音,pu2 tung1 wa2 päng1 yäm1
蒲下蒲下,pu4 ha1 pu4 ha1
葡糖胺,pu4 tong4 wung1
胚囊泡,pui1 nong4 päu1
賠償制度,pui4 söng4 zäi1 du6
陪太子讀書,pui4 tai1 zi2 duk6 sü1
賠湯藥費,pui4 tong1 yök6 fäi1
番禺監獄,pung1 yü4 gam1 yuk6
番禺人,pung1 yü4 yäng4
拚除,pung1 cü4
拚去,pung1 hü1
蟠龍裏,pung4 lung4 li1
盤尾樹鵲,pung4 mi1 sü6 zök2
碰到困難,pung1 däu1 kwäng1 næng4
蓬散,pung4 sæng1
沙釘,sa1 deng1
沙法維王朝,sa1 fæk2 wäi4 wong4 ciu4
沙棘屬,sa1 gäk2 suk6
沙穀米,sa1 guk2 mai1
沙水井,sa1 söi2 zäng2
沙士堅,sa1 si6 ging1
耍番兩度,sa2 fæng1 löng1 du6
曬行馬,sai1 häng4 ma1
曬水艇,sai1 söi2 täng1
三百六十度,sam1 bæk2 luk6 säp6 du6
三八婦女節,sam1 bæk2 fu1 nü1 zik2
三叉蘇,sam1 ca1 su1
衫衩,sam1 ca1
三藩市華埠,sam1 fæng4 si1 wa4 fäu6
三更窮五更富,sam1 gæng1 kung4 ng1 gæng1 fu1
三九兩丁七,sam1 gäu2 löng1 däng1 cäk2
三幾兩,sam1 gi2 löng1
三句不離本行,sam1 gü1 bäk2 li4 bung2 hong4
三件套式西裝,sam1 ging6 täu1 säk2 säi1 zong1
三腳兩步,sam1 gök2 löng1 bu6
三角測量法,sam1 gok2 cäk2 löng4 fæk2
三江生態旅遊區,sam1 gong1 säng1 tai1 lü1 yäu4 kü1
衫櫃,sam1 gwäi6
三下五落二,sam1 ha1 ng1 lok6 yi6
三口兩脷,sam1 häu2 löng1 li6
三樣好,sam1 yöng6 häu2
三月二十一號,sam1 ngük6 yi6 säp6 yäk2 häu6
三級士官,sam1 käp2 si6 gwung1
三兩下手勢,sam1 löng1 ha1 säu2 säi1
三瓦兩舍,sam1 nga1 löng1 se1
三年零八個月,sam1 ning4 läng4 bæk2 go1 ngük6
三鳥成羣,sam1 niu1 säng4 kwäng4
衫帔,sam1 pi1
三十八度線,sam1 säp6 bæk2 du6 sing1
三手兩腳,sam1 säu2 löng1 gök2
三套車,sam1 täu1 ce1
三黃四月,sam1 wong4 si1 ngük6
三仔乸,sam1 zäi2 na2
舢舨充炮艇,sæng1 bæng2 cung1 pau1 täng1
山崩地形成,sæng1 bäng1 di6 yäng4 säng4
山地自行車,sæng1 di6 zi6 häng4 ce1
山路下,sæng1 lu6 ha1
山窿山罅,sæng1 lung1 sæng1 la1
山巒重疊,sæng1 lüng4 cung4 dip6
山水有相逢,sæng1 söi2 yäu1 söng1 fung4
山竹牛肉球,sæng1 zuk2 ngäu4 yuk6 käu4
散束,sæng2 cuk2
散點圖,sæng2 dim2 tu4
散匪,sæng2 fi2
散更,sæng2 gæng1
散使,sæng2 säi2
散更鑼,sæng1 gæng1 lo4
散逸層,sæng1 yäk6 cäng4
散熱網,sæng1 ngik6 mong1
散亡,sæng1 mong4
潺茄,sæng4 kö4
潺仔強,sæng4 zäi2 köng4
生餅,sæng1 beng2
生保牀,sæng1 bäu2 cong4
生炒熱賣,sæng1 cau2 ngik6 mai6
生詞本,sæng1 ci4 bung2
生詞語,sæng1 ci4 yü1
生番薯,sæng1 fæng1 sü4
生雞熟鴨,sæng1 gäi1 suk6 ap2
生雞精,sæng1 gäi1 zäng1
生骨大頭菜,sæng1 gwäk2 dai6 täu4 cöi1
生殼,sæng1 hok2
生人霸死地,sæng1 yäng4 ba1 si2 di6
生意骨,sæng1 yi1 gwäk2
生肉包,sæng1 yuk6 bau1
生冷槓,sæng1 læng1 gong1
生埋腦筍,sæng1 mai4 näu1 säng2
生米煮成熟飯,sæng1 mai1 zü2 säng4 suk6 fæng6
生沙淋,sæng1 sa1 läm4
生蝨乸,sæng1 säk2 na2
生壅,sæng1 ung1
生烏雞,sæng1 wu1 gäi1
生宅,sæng1 zæk6
生仔救港,sæng1 zäi2 gäu1 gong2
生仔救國,sæng1 zäi2 gäu1 gwok2
生仔姑娘醉酒佬,sæng1 zäi2 gwu1 nöng4 zöi1 zäu2 läu2
生積仔,sæng1 zäk2 zäi2
省到一面屁,sæng2 däu1 yäk2 ming6 pi1
省有線,sæng2 yäu1 sing1
省譽,sæng2 yü6
省略符號,sæng2 lök6 fu4 häu6
省外經委,sæng2 wui6 gäng1 wäi2
省線,sæng2 sing1
省鑊金,sæng2 wok6 gäm1
剎車燈,sæk2 ce1 däng1
薩非王朝,sæk2 fi1 wong4 ciu4
殺君馬者道旁兒,sæk2 gwäng1 ma1 ze2 däu6 pong4 yi4
撒路溪錢,sæk2 lu6 käi1 cing4
撒母耳記下,sæk2 mu1 yi1 gi1 ha6
撒母耳記上,sæk2 mu1 yi1 gi1 söng6
西班牙蒼蠅,säi1 bæng1 nga4 cong1 ying4
西方極樂世界,säi1 fong1 gik6 lok6 säi1 gai1
西方馬腦炎病毒,säi1 fong1 ma1 näu1 yim4 beng6 duk6
西關美食,säi1 gwæng1 mi1 säk6
西關少爺,säi1 gwæng1 siu1 ye4
篩下篩下,säi1 ha1 säi1 ha1
西領角鴞,säi1 läng1 gok2 hiu1
篩網總彙,säi1 mong1 zung2 wui6
洗車美容,säi2 ce1 mi1 yung4
洗滌間,säi2 däk6 gæng1
洗定八月十五,säi2 däng6 bæk2 ngük6 säp6 ng1
洗定個八月十五,säi2 däng6 go1 bæk2 ngük6 säp6 ng1
洗過衫,säi2 gwo1 sam1
洗面手巾,säi2 ming6 säu2 gäng1
洗面霜,säi2 ming6 söng1
洗水衫,säi2 söi2 sam1
勢都估唔到,säi1 du1 gwu2 m4 däu1
世界經濟論壇,säi1 gai1 gäng1 zäi1 läng6 tæng4
世界經濟危機,säi1 gai1 gäng1 zäi1 ngäi4 gi1
世界糧食署,säi1 gai1 löng4 säk6 cü1
世界貿易組織,säi1 gai1 mäu6 yäk6 zu2 zäk2
世界銀行集團,säi1 gai1 ngäng4 hong4 zap6 tüng4
世界衞生組織,säi1 gai1 wäi6 säng1 zu2 zäk2
細路仔鴛鴦,säi1 lu6 zäi2 yüng1 yöng1
細磨刀石,säi1 mo4 däu1 sek6
世上無難事只怕有心人,säi1 söng1 mu4 næng4 si6 zi2 pa1 yäu1 säm1 yäng4
世襲之爭,säi1 zap6 zi1 zäng1
細嘴短趾百靈,säi1 zöi2 düng2 zi2 bæk2 läng4
誓願當食生菜,säi6 yüng6 dong1 säk6 sæng1 cöi1
塞到實,säk2 däu1 säk6
心慈面善,säm1 ci4 ming6 sing6
深度尺,säm1 du6 cek2
深度優先,säm1 du6 yäu1 sing1
心毒手辣,säm1 duk6 säu2 læk6
心驚腳軟,säm1 geng1 gök2 yüng1
心好慌,säm1 häu2 fong1
深入生活,säm1 yäp6 säng1 wuk6
心抱仔,säm1 päu1 zäi2
深成岩,säm1 säng4 ngam4
心回意轉,säm1 wui4 yi1 züng2
深圳經濟特區,säm1 zäng1 gäng1 zäi1 däk6 kü1
深圳租車,säm1 zäng1 zu1 ce1
心臟收縮壓,säm1 zong6 säu1 suk2 æk2
心臟舒張壓,säm1 zong6 sü1 zöng1 æk2
申請攞牌,säng1 cäng2 lo2 pai4
新帝女花,säng1 däi1 nü1 fa1
身分證號碼,säng1 fäng6 zäng1 häu6 ma1
新興經濟國家,säng1 häng1 gäng1 zäi1 gwok2 ga1
紳衿父老,säng1 käm1 fu6 läu1
新老用户,säng1 läu1 yung6 wu6
新南威爾士,säng1 nam4 wäi1 yi1 si6
新南威爾士州,säng1 nam4 wäi1 yi1 si6 zäu1
新柏拉圖主義,säng1 pæk2 lai1 tu4 zü2 yi6
新式拚法,säng1 säk2 päng1 fæk2
新鮮滾熱辣,säng1 sing1 gwäng2 ngik6 læk6
新鮮蘿蔔皮,säng1 sing1 lo4 bæk6 pi4
新鮮美味,säng1 sing1 mi1 mi6
身先朝露,säng1 sing1 ziu1 lu6
身體質量指數,säng1 täi2 zäk2 löng6 zi2 su1
新會柑,säng1 wui6 gäm1
新戰士,säng1 zing1 si6
新精英,säng1 zäng1 yäng1
神經纖維瘤,säng4 gäng1 cim1 wäi4 läu4
神經膠質細胞,säng4 gäng1 gau1 zäk2 säi1 bau1
神經官能症,säng4 gäng1 gwung1 näng4 zäng1
神經性毒劑,säng4 gäng1 säng1 duk6 zäi1
神經性視損傷,säng4 gäng1 säng1 si6 süng2 söng1
神經索,säng4 gäng1 sok2
神領意會,säng4 läng1 yi1 wui6
神龍見首不見尾,säng4 lung4 ging1 säu2 bäk2 ging1 mi1
神農本草經,säng4 nung4 bung2 cäu2 gäng1
神仙都難救,säng4 sing1 du1 næng4 gäu1
神仙數,säng4 sing1 su1
腎上腺皮質,säng6 söng6 sing1 pi4 zäk2
腎上腺髓質,säng6 söng6 sing1 söi1 zäk2
慎重從事,säng6 zung6 cung4 si6
生產秩序,säng1 cæng2 dik6 zü6
生產反應堆,säng1 cæng2 fæng2 yäng1 döi1
生產指標,säng1 cæng2 zi2 biu1
生詞表,säng1 ci4 biu2
生前友好,säng1 cing4 yäu1 häu2
生肖屬相,säng1 ciu1 suk6 söng1
生存農業,säng1 cüng4 nung4 yip6
生耗氧量,säng1 häu1 yöng1 löng6
生於斯長於斯,säng1 yü1 si1 zöng2 yü1 si1
生拉活扯,säng1 lai1 wuk6 ce2
生理特點,säng1 li1 däk6 dim2
生物傳感器,säng1 mäk6 cüng4 gäm2 hi1
生物大滅絕,säng1 mäk6 dai6 mik6 zük6
生物多樣性,säng1 mäk6 do1 yöng6 säng1
生物多元化,säng1 mäk6 do1 yüng4 fa1
生物化學家,säng1 mäk6 fa1 hok6 ga1
生物化學站劑,säng1 mäk6 fa1 hok6 zam6 zäi1
生物反應器,säng1 mäk6 fæng2 yäng1 hi1
生物恐怖主義,säng1 mäk6 hung2 bu1 zü2 yi6
生物醫學工程,säng1 mäk6 yi1 hok6 gung1 cäng4
生物與環境,säng1 mäk6 yü1 wæng4 gäng2
生物羣,säng1 mäk6 kwäng4
生物媒介,säng1 mäk6 mui4 gai1
生物活化性,säng1 mäk6 wuk6 fa1 säng1
生物劑量儀,säng1 mäk6 zäi1 löng6 yi4
生物資源,säng1 mäk6 zi1 yüng4
生物專一性,säng1 mäk6 züng1 yäk2 säng1
生命多樣性,säng1 mäng6 do1 yöng6 säng1
生命吠陀,säng1 mäng6 fäi6 to4
生死肉骨,säng1 si2 yuk6 gwäk2
生死相依,säng1 si2 söng1 yi1
生態循環,säng1 tai1 cäng4 wæng4
生態地圖,säng1 tai1 di6 tu4
生態角,säng1 tai1 gok2
生態友好型,säng1 tai1 yäu1 häu2 yäng4
生態網址,säng1 tai1 mong1 zi2
生態藝術,säng1 tai1 ngäi6 säk6
生態環境游,säng1 tai1 wæng4 gäng2 yäu4
生態資源,säng1 tai1 zi1 yüng4
生活必需品,säng1 wuk6 bik2 sü1 bäng2
生活本身,säng1 wuk6 bung2 säng1
生活特色,säng1 wuk6 däk6 säk2
生活闊綽,säng1 wuk6 fuk2 cök2
生活教育活動計劃,säng1 wuk6 gäu1 yuk6 wuk6 dung6 gäi1 wæk6
生活元素,säng1 wuk6 yüng4 su1
生活秀,säng1 wuk6 säu1
生活色彩,säng1 wuk6 säk2 cöi2
濕水狗上岸,säp2 söi2 gäu2 söng1 wung6
十九甫,säp6 gäu2 fu2
十一號巴士,säp6 yäk2 häu6 ba1 si2
拾二畝,säp6 yi6 mäu1
十二平均律,säp6 yi6 päng4 gwäng1 läk6
十六番,säp6 luk6 fæng1
十年人事幾番新,säp6 ning4 yäng4 si6 gi2 fæng1 säng1
十年規劃,säp6 ning4 kwäi1 wæk6
十年磨一劍,säp6 ning4 mo4 yäk2 gim1
十成九穩,säp6 säng4 gäu2 wäng2
十劃都未有一撇,säp6 wæk6 du1 mi6 yäu1 yäk2 pik2
十隻手指有長短,säp6 zek2 säu2 zi2 yäu1 cöng4 düng2
十進位碼,säp6 zäng1 wäi6 ma1
十指孖埋,säp6 zi2 ma1 mai4
失敗乃成功之母,säk2 bai6 nai1 säng4 gung1 zi1 mu1
蝨米,säk2 mai1
膝上型,säk2 söng6 yäng4
膝上型電腦,säk2 söng6 yäng4 ding6 näu1
失魂倒户,säk2 wäng4 däu2 wu6
實變函數,säk6 bing1 ham4 su1
實變函數論,säk6 bing1 ham4 su1 läng6
實斧實鑿,säk6 fu2 säk6 zok6
實鼓實鑿,säk6 gwu2 säk6 zok6
實行改革,säk6 häng4 gwui2 gæk2
實心皮球,säk6 säm1 pi4 käu4
實屬無奈,säk6 suk6 mu4 nöi6
實質問題,säk6 zäk2 mäng6 täi4
實質質,säk6 zäk2 zäk2
收行水,säu1 hæng4 söi2
羞口難開,säu1 häu2 næng4 fui1
修理單車,säu1 li1 dæng1 ce1
修理行業,säu1 li1 hong4 yip6
收斂級數,säu1 lim1 käp2 su1
修煉成仙,säu1 ling6 säng4 sing1
收尾音,säu1 mi1 yäm1
收拾書包,säu1 säp6 sü1 bau1
收收散,säu1 säu1 sæng2
修飾話,säu1 säk2 wa6
收話器,säu1 wa2 hi1
守得雲開見月明,säu2 däk2 wäng4 fui1 ging1 ngük6 mäng4
手動波,säu2 dung6 bo1
手痕腳痕,säu2 häng4 gök2 häng4
首尾音,säu2 mi1 yäm1
手剎車,säu2 sæk2 ce1
手提攝錄機,säu2 täi4 sip2 luk6 gi1
首字母拚音詞,säu2 zi6 mu1 päng1 yäm1 ci4
首席執行官,säu2 zäk6 zäp2 häng4 gwung1
鏽紅腹旋木雀,säu1 hung4 fuk2 süng4 muk6 zök2
繡球藤,säu1 käu4 täng4
獸力車,säu1 läk6 ce1
壽錢,säu6 cing4
受人錢財替人消災,säu6 yäng4 cing4 cöi4 täi1 yäng4 siu1 zöi1
受領者,säu6 läng1 ze2
壽數已盡,säu6 su1 yi1 zäng6
捨車保帥,se2 gü1 bäu2 söi1
卸肩裝,se1 ging1 zong1
蛇尺,se4 cek2
蛇見硫磺,se4 ging1 läu4 wong4
蛇下先,se4 ha1 sing1
蛇行鼠步,se4 häng4 sü2 bu6
蛇口港,se4 häu2 gong2
蛇口口岸,se4 häu2 häu2 wung6
蛇去邊,se4 hü1 bing1
蛇蒿,se4 häu1
蛇綠岩,se4 luk6 ngam4
蛇綠混雜,se4 luk6 wäng6 zap6
蛇綠混雜岩,se4 luk6 wäng6 zap6 ngam4
蛇綠混雜岩帶,se4 luk6 wäng6 zap6 ngam4 dai1
蛇無頭不行,se4 mu4 täu4 bäk2 häng4
射鵰英雄傳,se6 diu1 yäng1 hung4 züng6
射中龍門,se6 zung1 lung4 mung4
死蠢爛蠢,si2 cäng2 læng6 cäng2
死腸直肚,si2 cöng4 zäk6 tu1
死充爛充,si2 cung1 læng6 cung1
死帶爛帶,si2 dai1 læng6 dai1
死雞撐硬腳,si2 gäi1 cæng1 ngæng6 gök2
死慳爛抵,si2 hæng1 læng6 däi2
死項爛頂,si2 hong6 læng6 däng2
死人兼冧屋,si2 yäng4 gim1 läm1 uk2
死擂爛擂,si2 löi4 læng6 löi4
死嘮仔,si2 läu4 zäi2
死捱爛捱,si2 ngai4 læng6 ngai4
死硬撐,si2 ngæng6 cæng1
死牛一便頸,si2 ngäu4 yäk2 bing6 geng2
死牛一面頸,si2 ngäu4 yäk2 ming6 geng2
死衰仔,si2 söi1 zäi2
死艇,si2 täng1
死挖爛挖,si2 wæk2 læng6 wæk2
死仔窟,si2 zäi2 fäk2
死仔乾,si2 zäi2 gung1
死仔坑,si2 zäi2 hæng1
死絕種,si2 zük6 zung2
四邊四便,si1 bing1 si1 bing6
四方辮頂,si1 fong1 bing1 deng2
四一二慘案,si1 yäk2 yi6 cam2 wung1
四一二反革命政變,si1 yäk2 yi6 fæng2 gæk2 mäng6 zäng1 bing1
四一二事變,si1 yäk2 yi6 si6 bing1
四乙基鉛中毒,si1 yük2 gi1 yüng4 zung1 duk6
四月十七號,si1 ngük6 säp6 cäk2 häu6
泗瀝,si1 läk6
四面受困,si1 ming6 säu6 kwäng1
四十二章經,si1 säp6 yi6 zöng1 gäng1
四四二四,si1 si1 yi6 si1
四式判斷題,si1 säk2 pung1 düng6 täi4
四仔乸,si1 zäi2 na2
四仔台,si1 zäi2 töi4
錫番淡,sek2 fæng1 dam6
錫霍特山脈,sek2 fok2 däk6 sæng1 mæk6
錫克教廟,sek2 häk2 gäu1 miu6
惜荷包,sek2 ho4 bau1
錫蠟,sek2 lap6
錫石,sek2 sek6
錫壞,sek2 wai6
錫嘴雀,sek2 zöi2 zök2
錫住荷包,sek2 zü6 ho4 bau1
錫住身,sek2 zü6 säng1
錫住身子,sek2 zü6 säng1 zi2
錫住錫住,sek2 zü6 sek2 zü6
石地塘鐵掃把,sek6 di6 tong4 tik2 säu1 ba2
石油輸出國組織,sek6 yäu4 sü1 cäk2 gwok2 zu2 zäk2
石油換食品項目,sek6 yäu4 wung6 säk6 bäng2 hong6 muk6
石墨氣冷堆,sek6 mäk6 hi1 læng1 döi1
石磨坊,sek6 mo4 fong1
石岩下,sek6 ngam4 ha6
石炭井,sek6 tæng1 zäng2
石竹屬,sek6 zuk2 suk6
腥亨亨,säng1 häng1 häng1
腥曷,säng1 fuk2
成七斤重,seng4 cäk2 gäng1 cung1
成個病君,seng4 go1 beng6 gwäng1
成個寒假,seng4 go1 fung4 ga1
成個老襯從此被困,seng4 go1 läu1 cäng1 cung4 ci2 bi6 kwäng1
成身筋,seng4 säng1 gäng1
成台機,seng4 töi4 gi1
成朕味,seng4 zäm6 mi6
衰之以屬,söi1 zi1 yi1 suk6
水電行業,söi2 ding6 hong4 yip6
水浮石,söi2 fäu4 sek6
水鬼升城隍,söi2 gwäi2 säng1 säng4 wong4
水果撈,söi2 gwo2 läu1
水下核爆炸,söi2 ha6 häk6 bau1 za1
水下核試驗,söi2 ha6 häk6 si1 yim6
水月台橫,söi2 ngük6 töi4 wæng4
水療會,söi2 liu4 wui6
水老鴉,söi2 läu1 a1
水磨溝,söi2 mo4 käu1
水磨磚,söi2 mo4 züng1
水能載舟亦能覆舟,söi2 näng4 zöi1 zäu1 yäk6 näng4 fuk2 zäu1
水平軸,söi2 päng4 zuk6
水上電單車,söi2 söng6 ding6 dæng1 ce1
水汀,söi2 täng1
水塘頂,söi2 tong4 deng2
水烏月黑,söi2 wu1 ngük6 häk2
歲月不饒人,söi1 ngük6 bäk2 yiu4 yäng4
歲月留聲,söi1 ngük6 läu4 säng1
睡了一覺,söi6 liu1 yäk2 gau1
榫鑿,säng2 zok6
信報財經新聞,säng1 bäu1 cöi4 gäng1 säng1 mäng4
瞬發輻射,säng1 fæk2 fuk2 se6
信號量,säng1 häu6 löng6
信賴區間,säng1 lai6 kü1 gæng1
信使核糖核酸,säng1 si1 häk6 tong4 häk6 süng1
瞬時輻射,säng1 si4 fuk2 se6
純鮮牛奶,säng4 sing1 ngäu4 nai1
純素食主義,säng4 su1 säk6 zü2 yi6
順風轉舵,säng6 fung1 züng2 to4
斯洛文尼亞共和國,si1 lok6 mäng4 ni4 a1 gung6 wo4 gwok2
斯文男子生雞精密實姑娘假正經,si1 mäng4 nam4 zi2 sæng1 gäi1 zäng1 mäk6 säk6 gwu1 nöng4 ga2 zäng1 gäng1
獅尾狒,si1 mi1 fäk2
獅身人面像,si1 säng1 yäng4 ming6 zöng6
絲絲聲,si1 si1 säng1
施華洛世奇水晶,si1 wa4 lok6 säi1 ki4 söi2 zäng1
獅子山精神,si1 zi2 sæng1 zäng1 säng4
施展才華,si1 zing2 cöi4 wa4
使容易,si2 yung4 yi6
使用者中介,si2 yung6 ze2 zung1 gai1
屎眼藏毒,si2 ngæng1 cong4 duk6
使硬化,si2 ngæng6 fa1
使膨脹,si2 pæng4 zöng1
使生氣,si2 säng1 hi1
使成一體,si2 säng4 yäk2 täi2
屎艇,si2 täng1
使醉,si2 zöi1
嗜鹼性球,si3 gæng2 säng1 käu4
試下咯,si1 ha1 lok2
使領官員,si1 läng1 gwung1 yüng4
嗜酸乳干菌,si3 süng1 yü1 gwung1 kwäng2
嗜酸性球,si3 süng1 säng1 käu4
時間區間,si4 gæng1 kü1 gæng1
時裝設計師,si4 zong1 cik2 gäi1 si1
市丈,si1 zöng6
士多貢,si6 do1 gung1
士篤吉,si6 duk2 gäk2
事急馬行田,si6 gäp2 ma1 hæng4 ting4
視覺專業,si6 gok2 züng1 yip6
事故照射,si6 gwu1 ziu1 se6
視空間系統,si6 hung1 gæng1 häi6 tung2
豉油豉汁,si6 yäu4 si6 zäp2
豉油樽蓋,si6 yäu4 zäng1 gwui1
侍弄,si6 lung6
事怕行家,si6 pa1 hong4 ga1
視神經乳頭,si6 säng4 gäng1 yü1 täu4
色彩空間,säk2 cöi2 hung1 gæng1
惜寸陰,säk2 cüng1 yäm1
適存度,säk2 cüng4 du6
識人好過識字,säk2 yäng4 häu2 gwo1 säk2 zi6
識英雄重英雄,säk2 yäng1 hung4 zung6 yäng1 hung4
飾物精品,säk2 mäk6 zäng1 bäng2
識食分子,säk2 säk6 fäng6 zi2
識少少扮代表,säk2 siu2 siu2 bæng6 döi6 biu2
色字頭上一把刀,säk2 zi6 täu4 söng6 yäk2 ba2 däu1
識轉膊,säk2 züng1 bok2
食晏仔,säk6 æng1 zäi2
食閉門羹,säk6 bäi1 mung4 gäng1
食品加工機,säk6 bäng2 ga1 gung1 gi1
食品藥品監督局,säk6 bäng2 yök6 bäng2 gam1 duk2 guk6
食品藥品監督管理局,säk6 bäng2 yök6 bäng2 gam1 duk2 gwung2 li1 guk6
食品集團,säk6 bäng2 zap6 tüng4
食不充饑,säk6 bäk2 cung1 gi1
食清光,säk6 cäng1 gwong1
食桌,säk6 cök2
食長俸,säk6 cöng4 fung6
食草紙,säk6 cäu2 zi2
食得鹹魚抵得渴,säk6 däk2 ham4 yü4 däi2 däk2 fuk2
食得禾米多,säk6 däk2 wo4 mai1 do1
食得就食,säk6 däk2 zäu6 säk6
食得做得,säk6 däk2 zu6 däk2
食多屙多,säk6 do1 o1 do1
食街專用,säk6 gai1 züng1 yung6
食緊粥,säk6 gäng2 zuk2
食九大簋,säk6 gäu2 dai6 gwäi2
食幾多着幾多,säk6 gi2 do1 zök2 gi2 do1
食慣嘴,säk6 gwæng1 zöi2
食貴米,säk6 gwäi1 mai1
食過番尋味,säk6 gwo1 fæng1 cäm4 mi6
食閒口,säk6 hæng4 häu2
食好着好,säk6 häu2 zök2 häu2
食完咯,säk6 yüng4 lok2
食完先講,säk6 yüng4 sing1 gong2
食蓮子羹,säk6 ling4 zi2 gäng1
食兩家茶飯,säk6 löng1 ga1 ca4 fæng6
食兩家茶禮,säk6 löng1 ga1 ca4 läi1
食龍肉都無味,säk6 lung4 yuk6 du1 mu4 mi6
食物加工過程,säk6 mäk6 ga1 gung1 gwo1 cäng4
食物金字塔,säk6 mäk6 gäm1 zi6 tap2
食物與營養,säk6 mäk6 yü1 yäng4 yöng1
食物類別,säk6 mäk6 löi6 bik6
食物成分,säk6 mäk6 säng4 fäng6
食物衞生,säk6 mäk6 wäi6 säng1
食三六,säk6 sam1 luk6
食西瓜先,säk6 säi1 gwa1 sing1
食蝨米,säk6 säk2 mai1
食死蟹,säk6 si2 hai1
食宿自理,säk6 suk2 zi6 li1
食為先,säk6 wäi4 sing1
食枉米,säk6 wong2 mai1
食黃泥,säk6 wong4 näi4
食回味,säk6 wui4 mi6
食字邊,säk6 zi6 bing1
閃轉騰挪,sim2 züng2 täng4 no4
禪義,sim4 yi6
蟬聲,sim4 säng1
鮮車怒馬,sing1 gü1 nu6 ma1
先下手為強,sing1 ha6 säu2 wäi4 köng4
先醫肚,sing1 yi1 tu1
先咯,sing1 lok2
先使未來錢,sing1 säi2 mi6 löi4 cing4
先王之樂,sing1 wong4 zi1 ngok6
先至識驚,sing1 zi1 säk2 geng1
鮮豆漿,sing2 däu6 zöng1
鮮牛火鍋,sing2 ngäu4 fo2 wo1
扇風耳朵,sing1 fung1 yi1 do2
線尾燕,sing1 mi1 ying1
扇面琴,sing1 ming6 käm4
線性波,sing1 säng1 bo1
線上游戲,sing1 söng6 yäu4 hi1
撣人,sing6 yäng4
善惡到頭終有報,sing6 ok2 däu1 täu4 zung1 yäu1 bäu1
善自保重,sing6 zi6 bäu2 zung6
善自為謀,sing6 zi6 wäi4 mäu4
倩裝,sing6 zong1
聲調輪廓,säng1 diu6 läng4 kwok2
聲音傳播,säng1 yäm1 cüng4 bo1
聲音模型,säng1 yäm1 mu4 yäng4
聲類系統,säng1 löi6 häi6 tung2
聲旁錯誤,säng1 pong4 co1 ng6
聲旁字,säng1 pong4 zi6
醒目點,säng2 muk6 dim2
聖誕節快樂,säng1 dæng1 zik2 fai1 lok6
聖基茨和尼維斯,säng1 gi1 ci4 wo4 ni4 wäi4 si1
聖經段落,säng1 gäng1 düng6 lok6
聖經賢傳,säng1 gäng1 ying4 züng6
聖經外傳,säng1 gäng1 wui6 züng6
聖女果,säng1 nü1 gwo2
聖安德列斯斷層,säng1 wung1 däk2 lik6 si1 düng6 cäng4
聖安地列斯斷層,säng1 wung1 di6 lik6 si1 düng6 cäng4
聖神降臨週,säng1 säng4 gong1 läm4 zäu1
性質命題,säng1 zäk2 mäng6 täi4
勝者為王敗者為寇,säng1 ze2 wäi4 wong4 bai6 ze2 wäi4 käu1
聖哉經,säng1 zöi1 gäng1
成敗論人,säng4 bai6 läng6 yäng4
成對老襯,säng4 döi1 läu1 cäng1
成骨不全症,säng4 gwäk2 bäk2 cüng4 zäng1
盛裕,säng4 yü6
城樓跑馬,säng4 läu4 pau2 ma1
成碌廢柴,säng4 luk2 fäi1 cai4
成實宗,säng4 säk6 zung1
城市當代舞蹈團,säng4 si1 dong1 döi6 mu1 däu6 tüng4
城市依賴症,säng4 si1 yi1 lai6 zäng1
承銷價差,säng4 siu1 ga1 ca1
承銷利差,säng4 siu1 li6 ca1
承上起下,säng4 söng6 hi2 ha6
成數高,säng4 su1 gäu1
城鎮化水平,säng4 zäng1 fa1 söi2 päng4
成績卓然,säng4 zäk2 cök2 ying4
承接裝修,säng4 zip2 zong1 säu1
剩磁,säng6 ci4
盛氣淩人,säng6 hi1 läng4 yäng4
剩餘定理,säng6 yü4 däng6 li1
剩餘放射性,säng6 yü4 fong1 se6 säng1
剩餘輻射,säng6 yü4 fuk2 se6
盛權,säng6 küng4
攝蚊帳,sip2 mäng1 zöng1
攝護腺腫大,sip2 wu6 sing1 zung2 dai6
攝像槍,sip2 zöng6 cöng1
泄勁,sik2 gäng6
楔尾鷗,sik2 mi1 äu1
消除毒劑,siu1 cü4 duk6 zäi1
消毒爐,siu1 duk6 lu4
消費價格指數,siu1 fäi1 ga1 gæk2 zi2 su1
消費態度,siu1 fäi1 tai1 du6
燒溪錢,siu1 käi1 cing4
消息個數,siu1 säk2 go1 su1
消息靈通人士,siu1 säk2 läng4 tung1 yäng4 si6
少突膠質,siu2 däk6 gau1 zäk2
少件得件,siu2 ging6 däk2 ging6
少個得個,siu2 go1 däk2 go1
小坑窿,siu2 hæng1 lung1
小起重機,siu2 hi2 cung1 gi1
小行家,siu2 hong4 ga1
少一條頭髮,siu2 yäk2 tiu4 täu4 fæk2
小兒經,siu2 yi4 gäng1
小型核武器,siu2 yäng4 häk6 mu1 hi1
小靚仔,siu2 leng1 zäi2
小女皇,siu2 nü1 wong4
小盤尾,siu2 pung4 mi1
少生優生,siu2 sæng1 yäu1 säng1
小生活,siu2 säng1 wuk6
小成都,siu2 säng4 du1
小數怕長計,siu2 su1 pa1 cöng4 gäi1
小太平鳥,siu2 tai1 päng4 niu1
少條頭髮,siu2 tiu4 täu4 fæk2
少壯不努力老大徒傷悲,siu2 zong1 bäk2 nu1 läk6 läu1 dai6 tu4 söng1 bi1
小珠仔,siu2 zü1 zäi2
少女與狗,siu1 nü1 yü1 gäu2
少女舞台,siu1 nü1 mu1 töi4
少女十八,siu1 nü1 säp6 bæk2
少年心事,siu1 ning4 säm1 si6
邵伯湖,siu6 bæk2 wu4
疏財重義,so1 cöi4 zung6 yi6
疏堂老表,so1 tong4 läu1 biu2
梭仔,so1 zäi2
所以話咯,so2 yi1 wa6 lok2
傻戇戇,so4 ngong6 ngong6
傻仔水,so4 zäi2 söi2
削仔,sök2 zäi2
削職為民,sök2 zäk2 wäi4 mäng4
商品品質,söng1 bäng2 bäng2 zäk2
相別多年,söng1 bik6 do1 ning4
相請不如偶遇,söng1 cäng2 bäk2 yü4 ngäu1 yü6
相對地址,söng1 döi1 di6 zi2
相對誤差,söng1 döi1 ng6 ca1
相電流,söng1 ding6 läu4
相繼問世,söng1 gäi1 mäng6 säi1
相見好同住難,söng1 ging1 häu2 tung4 zü6 næng4
雙行線,söng1 häng4 sing1
相向突擊,söng1 höng1 däk6 gäk2
相因而生,söng1 yäng1 yi4 säng1
雙曲型偏微分方程,söng1 kuk2 yäng4 ping1 mi4 fäng6 fong1 cäng4
雙鏈核酸,söng1 ling4 häk6 süng1
雙氯醇胺,söng1 luk6 säng4 wung1
雙龍大裂谷,söng1 lung4 dai6 lik6 guk2
雙美食,söng1 mi1 säk6
雙面板,söng1 ming6 bæng2
相配人,söng1 pui1 yäng4
相配物,söng1 pui1 mäk6
相通點,söng1 tung1 dim2
相互保證毀滅,söng1 wu6 bäu2 zäng1 wäi2 mik6
相互輝映,söng1 wu6 fäi1 yäng2
相聚一堂,söng1 zü6 yäk2 tong4
想點玩先,söng2 dim2 wæng4 sing1
想乾嘛,söng2 gung1 ma1
想想就好,söng2 söng2 zäu6 häu2
相機而動,söng1 gi1 yi4 dung6
常規銅電話線,söng4 kwäi1 tung4 ding6 wa2 sing1
常坐汽車者,söng4 zo6 hi1 ce1 ze2
上班未,söng1 bæng1 mi6
上不到網,söng1 bäk2 däu1 mong1
上得山多遇着虎,söng1 däk2 sæng1 do1 yü6 zök6 fu2
上得山多終遇虎,söng1 däk2 sæng1 do1 zung1 yü6 fu2
上緊班,söng1 gäng2 bæng1
上下班時間,söng1 ha6 bæng1 si4 gæng1
上落班,söng1 lok6 bæng1
上陣不離父子兵,söng1 zäng6 bäk2 li4 fu6 zi2 bäng1
上半晌,söng6 bung1 höng2
上齒齦,söng6 ci2 ngäng4
上等品,söng6 däng2 bäng2
上等好,söng6 däng2 häu2
上粉沙打,söng6 fäng2 sa1 da2
上呼吸道感染,söng6 fu1 käp2 däu6 gäm2 yim1
上下牀,söng6 ha6 cong4
上下蓋,söng6 ha6 gwui1
上行下傚,söng6 häng4 ha6 hau6
上海合作組織,söng6 fui2 häp6 zok2 zu2 zäk2
上海汽車工業,söng6 fui2 hi1 ce1 gung1 yip6
上好沉香當爛柴,söng6 häu2 cäm4 höng1 dong1 læng6 cai4
上空裝,söng6 hung1 zong1
上確界,söng6 kok2 gai1
上輦,söng6 ling1
上陵,söng6 läng4
上樑不正下樑歪,söng6 löng4 bäk2 zäng1 ha6 löng4 wai1
上面蒸鬆糕下面賣涼粉,söng6 ming6 zäng1 sung1 gäu1 ha6 ming6 mai6 löng4 fäng2
上五寸下五寸,söng6 ng1 cüng1 ha6 ng1 cüng1
上齶骨,söng6 ngok6 gwäk2
上齶正門齒,söng6 ngok6 zäng1 mung4 ci2
上坪,söng6 päng4
尚書經,söng6 sü1 gäng1
上同調,söng6 tung4 diu6
上箭頭,söng6 zing1 täu4
上箭頭鍵,söng6 zing1 täu4 ging6
上證綜合指數,söng6 zäng1 zung1 häp6 zi2 su1
朔望月,sok2 mong6 ngük6
鬚髮皓然,su1 fæk2 häu6 ying4
蘇格蘭女王瑪麗,su1 gæk2 læng4 nü1 wong4 ma1 läi6
蘇伊士河,su1 yi1 si6 ho4
蘇伊士運河,su1 yi1 si6 wäng6 ho4
酥食車,su1 säk6 ce1
酥鬆油脂,su1 sung1 yäu4 zi1
數不着,su2 bäk2 zök6
數得着,su2 däk2 zök6
數對了,su2 döi1 liu1
數碟底,su2 dip6 däi2
數黑論黃,su2 häk2 läng6 wong4
數還數,su2 wæng4 su2
數碗數碟,su2 wung2 su2 dip6
數珠念佛,su2 zü1 nim6 fäk6
素不相能,su1 bäk2 söng1 näng4
掃除機,säu1 cü4 gi1
掃蕩腿,säu1 dong6 töi2
數九天,su1 gäu2 ting1
數據段,su1 gü1 düng6
數據字典,su1 gü1 zi6 ding2
數據總線,su1 gü1 zung2 sing1
掃雷戰,säu1 löi4 zing1
數碼電台,su1 ma1 ding6 töi4
數碼鴻溝,su1 ma1 hung4 käu1
數碼細胞,su1 ma1 säi1 bau1
數碼相框,su1 ma1 söng1 kwæng1
數碼照相機,su1 ma1 ziu1 söng1 gi1
掃埋掃埋,säu1 mai4 säu1 mai4
數十國,su1 säp6 gwok2
素食研究,su1 säk6 ying4 gäu1
數還數路還路,su1 wæng4 su1 lu6 wæng4 lu6
數字版權管理,su1 zi6 bæng2 küng4 gwung2 li1
數字導覽設施,su1 zi6 däu6 lam1 cik2 si1
數字時鐘,su1 zi6 si4 zung1
數值解,su1 zäk6 gai2
數軸,su1 zuk6
宿包,suk2 bau1
夙夜為謀,suk2 ye6 wäi4 mäu4
縮埋一二角,suk2 mai4 yäk2 yi6 gok2
縮微平片,suk2 mi4 päng4 ping2
熟人買爛鑊,suk6 yäng4 mai1 læng6 wok6
淑女宣言,suk6 nü1 süng1 ying4
贖罪日戰爭,suk6 zöi6 yäk6 zing1 zäng1
鬆尾鬆翼,sung1 mi1 sung1 yäk6
宋代石刻,sung1 döi6 sek6 häk2
書店精品,sü1 dim1 zäng1 bäng2
輸到褲穿窿,sü1 däu1 fu1 cüng1 lung1
書到用時方恨少,sü1 däu1 yung6 si4 fong1 häng6 siu2
輸到揸兜,sü1 däu1 za1 däu1
輸入速度,sü1 yäp6 cuk2 du6
輸油管線,sü1 yäu4 gwung2 sing1
輸墨裝置,sü1 mäk6 zong1 zi1
輸沙量,sü1 sa1 löng6
輸送量,sü1 sung1 löng4
輸剩條底褲,sü1 zäng6 tiu4 däi2 fu1
輸淨條底褲,sü1 zäng6 tiu4 däi2 fu1
鼠標墊,sü2 biu1 zing1
恕不從命,sü1 bäk2 cung4 mäng6
樹木詞彙,sü6 muk6 ci4 wui6
樹木研習徑,sü6 muk6 ying4 zap6 gäng1
宣傳提綱,süng1 cüng4 täi4 gong1
酸湯火鍋,süng1 tong1 fo2 wo1
蒜茸鉗,süng1 yung4 kim4
蒜苗炒肉片,süng1 miu4 cau2 yuk6 ping2
算術平均數,süng1 säk6 päng4 gwäng1 su1
船廠側門,süng4 cong2 zäk2 mung4
旋轉角速度,süng4 züng2 gok2 cuk2 du6
旋轉乾坤之力,süng4 züng2 king4 kwäng1 zi1 läk6
旋轉曲面,süng4 züng2 kuk2 ming6
旋轉指標,süng4 züng2 zi2 biu1
態疊加,tai1 dip6 ga1
太監讀神學,tai1 gam1 duk6 säng4 hok6
太空衫,tai1 hung1 sam1
太陽底下無新事,tai1 yöng4 däi2 ha6 mu4 säng1 si6
太陽曬到頭殼頂,tai1 yöng4 sai1 däu1 täu4 hok2 deng2
太陽神計劃,tai1 yöng4 säng4 gäi1 wæk6
太陽神經叢,tai1 yöng4 säng4 gäng1 cung4
太平東約,tai1 päng4 dung1 yök2
太平洋潛鳥,tai1 päng4 yöng4 cim4 niu1
太平洋周邊,tai1 päng4 yöng4 zäu1 bing1
太平洋週邊,tai1 päng4 yöng4 zäu1 bing1
太平洋戰爭,tai1 päng4 yöng4 zing1 zäng1
太歲頭上動土,tai1 söi1 täu4 söng6 dung6 tu2
太識食,tai1 säk2 säk6
太和墟,tai1 wo4 hü1
貪吃蛇,tam1 hek2 se4
探聲氣,tam1 säng1 hi1
痰塞肺眼,tam4 säk2 fäi1 ngæng1
淡過師姑尿,tam1 gwo1 si1 gwu1 niu6
淡過蔗尾,tam1 gwo1 ze1 mi1
淡滅滅,tam1 mik6 mik6
淡淡聲,tam1 tam1 säng1
嘽緩,tæng1 wung6
坦桑尼亞聯合共和國,tæng2 song1 ni4 a1 lüng4 häp6 gung6 wo4 gwok2
歎番碗,tæng1 fæng1 wung2
炭畫,tæng1 wa6
歎住食,tæng1 zü6 säk6
彈斥,tæng4 cäk2
彈指如飛,tæng4 zi2 yü4 fi1
塔尾樹鵲,tap2 mi1 sü6 zök2
梯度回波,täi1 du6 wui4 bo1
梯恩梯當量,täi1 yäng1 täi1 dong1 löng6
體重器,täi2 cung1 hi1
體積百分比,täi2 zäk2 bæk2 fäng6 bi2
替生替死,täi1 sæng1 täi1 si2
提了個醒,täi4 liu1 go1 säng2
氹仔浸蛟龍,täm1 zäi2 zäm1 gau1 lung4
吞錯喉,täng1 co1 häu4
偷得浮生半日閒,täu1 däk2 fäu4 säng1 bung1 yäk6 hæng4
偷雞不成,täu1 gäi1 bäk2 säng4
投錢箱,täu4 cing4 söng1
頭重腳重,täu4 cung1 gök2 cung4
頭昏目暈,täu4 fäng1 muk6 wäng4
頭昏眼暈,täu4 fäng1 ngæng1 wäng4
投降輸一半,täu4 hong4 sü1 yäk2 bung1
投影平面,täu4 yäng2 päng4 ming6
頭頭碰着黑,täu4 täu4 pung1 zök6 häk2
頭痛散,täu4 tung1 sæng2
頭長仔,täu4 zöng2 zäi2
聽取批評,teng1 cü2 päi1 päng4
聽人擺佈,teng1 yäng4 bai2 bu1
聽入去,teng1 yäp6 hü1
聽落有骨,teng1 lok6 yäu1 gwäk2
聽埋聽埋,teng1 mai4 teng1 mai4
聽聽歌,teng1 teng1 go1
聽聽埋埋,teng1 teng1 mai4 mai4
聽話仔,teng1 wa6 zäi2
艇甲板,täng1 gap2 bæng2
天地人和,ting1 di6 yäng4 wo4
天驚石破,ting1 gäng1 sek6 po1
天下大事,ting1 ha6 dai6 si6
天下興亡匹夫有責,ting1 ha6 häng1 mong4 päk2 fu1 yäu1 zæk2
天下糧倉,ting1 ha6 löng4 cong1
天下文章一大抄,ting1 ha6 mäng4 zöng1 yäk2 dai6 cau1
天下無不是之父母,ting1 ha6 mu4 bäk2 si6 zi1 fu6 mu1
天下無難事只怕有心人,ting1 ha6 mu4 næng4 si6 zi2 pa1 yäu1 säm1 yäng4
天下烏鴉一樣黑,ting1 ha6 wu1 a1 yäk2 yöng6 häk2
天行赤眼,ting1 häng4 cek2 ngæng1
天然白虎湯,ting1 ying4 bæk6 fu2 tong1
天球儀,ting1 käu4 yi4
天文學大成,ting1 mäng4 hok6 dai6 säng4
天平動,ting1 päng4 dung6
天生異稟,ting1 sæng1 yi6 bäng2
天使報喜節,ting1 si1 bäu1 hi2 zik2
天時好,ting1 si4 häu2
天城文,ting1 säng4 mäng4
天城字,ting1 säng4 zi6
天上有地下無,ting1 söng6 yäu1 di6 ha6 mu4
天津會議專條,ting1 zäng1 wui6 yi1 züng1 tiu4
田下灣,ting4 ha6 wæng1
聽天安命,täng1 ting1 wung1 mäng6
停車計時器,täng4 ce1 gäi1 si4 hi1
停好車,täng4 häu2 ce1
停酒止樂,täng4 zäu2 zi2 ngok6
貼片機,tip2 ping2 gi1
貼錫箔,tip2 sek2 bok6
鐵腳馬眼神仙肚,tik2 gök2 ma1 ngæng1 säng4 sing1 tu1
鐵拐李打足球,tik2 gwai2 li1 da2 zuk2 käu4
鐵鎂質,tik2 mi1 zäk2
鐵生鏽,tik2 sæng1 säu1
挑拔,tiu1 bäk6
挑燈撥火,tiu1 däng1 buk6 fo2
挑肥嫌瘦,tiu1 fi4 yim4 säu1
挑口板,tiu1 häu2 bæng2
挑起把火,tiu1 hi2 ba2 fo2
挑那媽,tiu1 na1 ma1
挑三窩四,tiu1 sam1 wo1 si1
跳大掣,tiu1 dai6 zäi1
調解人,tiu4 gai2 yäng4
條命生得正,tiu4 mäng6 säng1 däk2 zäng1
調鬧鐘,tiu4 nau6 zung1
調三窩四,tiu4 sam1 wo1 si1
調試緊,tiu4 si1 gäng2
調和平均數,tiu4 wo4 päng4 gwäng1 su1
調和振動,tiu4 wo4 zäng1 dung6
調制解調器,tiu4 zäi1 gai2 tiu4 hi1
拖車頭,to1 ce1 täu4
拖尾巴,to1 mi1 ba1
拖住手仔,to1 zü6 säu2 zäi2
橢圓函數,to1 yüng4 ham4 su1
薹草屬,töi4 cäu2 suk6
台虎鉗,töi4 fu2 kim4
台灣小食,töi4 wæng1 siu2 säk6
託行大腳,tok2 häng4 dai6 gök2
托盤車,tok2 pung4 ce1
托塔都應承,tok2 tap2 du1 yäng1 säng4
橐中裝,tok2 zung1 zong1
湯博樂,tong1 bok2 lok6
湯加羣島,tong1 ga1 kwäng4 däu2
劏雞井,tong1 gäi1 zäng2
湯口,tong1 häu2
湯河粉,tong1 ho4 fäng2
湯葯,tong1 yök6
湯米粉,tong1 mai1 fäng2
湯姆索亞歷險記,tong1 mu1 sok2 a1 läk6 him2 gi1
唐朝服飾,tong4 ciu4 fuk6 säk2
唐高祖李淵,tong4 gäu1 zu2 li1 yüng1
糖皮質激素,tong4 pi4 zäk2 gäk2 su1
唐太宗李衞公問對,tong4 tai1 zung1 li1 wäi6 gung1 mäng6 döi1
土地利用規劃,tu2 di6 li6 yung6 kwäi1 wæk6
討好賣乖,täu2 häu2 mai6 gwai1
土耳其旋轉烤肉,tu2 yi1 ki4 süng4 züng2 hau1 yuk6
套疊,täu1 dip6
吐魯番盆地,tu1 lu1 fæng1 pung4 di6
吐泡,tu1 pau1
套衫兒,täu1 sam1 yi4
套種,täu1 zung1
陶瓷部,täu4 ci4 bu6
屠毒筆墨,tu4 duk6 bäk2 mäk6
桃花開,täu4 fa1 fui1
塗油於,tu4 yäu4 yü1
圖形用户界面,tu4 yäng4 yung6 wu6 gai1 ming6
徒擁虛名,tu4 yung2 hü1 mäng4
桃園三結義,täu4 yüng4 sam1 gik2 yi6
桃李滿天下,täu4 li1 mung1 ting1 ha6
徒塞,tu4 säk2
桃腮粉臉,täu4 söi1 fäng2 lim1
圖畫故事,tu4 wa6 gwu1 si6
桃酌,täu4 zök2
圖像用户介面,tu4 zöng6 yung6 wu6 gai1 ming6
逃災避難,täu4 zöi1 bi6 næng6
肚腍,tu1 näm4
肚腫,tu1 zung2
通用串行總線,tung1 yung6 cüng1 häng4 zung2 sing1
通窿殼,tung1 lung1 hok2
通信負載,tung1 säng1 fu6 zöi1
通信密度,tung1 säng1 mäk6 du6
通堂老倌,tung1 tong4 läu1 gwung1
統一經營,tung2 yäk2 gäng1 yäng4
同班輩,tung4 bæng1 bui1
同煲同撈,tung4 bäu1 tung4 läu1
同行如敵國,tung4 hong4 yü4 däk6 gwok2
桐油埕裝桐油,tung4 yäu4 cäng4 zong1 tung4 yäu4
同聲翻譯,tung4 säng1 fæng1 yäk6
同枱食飯各自修行,tung4 töi4 säk6 fæng6 gok2 zi6 säu1 häng6
同位角,tung4 wäi6 gok2
童子軍跳彈牀,tung4 zi2 gwäng1 tiu1 dæng6 cong4
臀位取胎術,tüng4 wäi6 cü2 töi1 säk6
斷裂強度,tüng1 lik6 köng4 du6
斷裂模數,tüng1 lik6 mu4 su1
屋面瓦,uk2 ming6 nga1
壅肥,ung1 fi4
壅泥,ung1 näi4
哇沙米,wa1 sa1 mai1
搲開件衫,wa2 fui1 ging6 sam1
搲損個面,wa2 süng2 go1 ming6
華記正能量,wa4 gi1 zäng1 näng4 löng6
華爾街日報,wa4 yi1 gai1 yäk6 bäu1
華強南,wa4 köng4 nam4
華納音樂集團,wa4 nap6 yäm1 ngok6 zap6 tüng4
華盛頓特區,wa4 säng6 däng6 däk6 kü1
華盛頓郵報,wa4 säng6 däng6 yäu4 bäu1
華盛頓時報,wa4 säng6 däng6 si4 bäu1
華為總部,wa4 wäi4 zung2 bu6
話不投機,wa6 bäk2 täu4 gi1
話不投機半句多,wa6 bäk2 täu4 gi1 bung1 gü1 do1
話多不甜,wa6 do1 bäk2 tim4
華康儷黑,wa6 hong1 läi6 häk2
華康儷黑體,wa6 hong1 läi6 häk2 täi2
華康儷宋,wa6 hong1 läi6 sung1
華康儷宋體,wa6 hong1 läi6 sung1 täi2
話三話四,wa6 sam1 wa6 si1
話實話,wa6 säk6 wa6
懷古惜今,wai4 gwu2 säk2 gäm1
畫地為獄,wæk6 di6 wäi4 yuk6
劃朵,wæk6 do2
劃一不二,wæk6 yäk2 bäk2 yi6
畫耳埋牆,wæk6 yi1 mai4 cöng4
劃眼線,wæk6 ngæng1 sing1
劃線板,wæk6 sing1 bæng2
劃艇,wæk6 täng1
畫壞鍾馗,wæk6 wai6 zung1 kwäi4
彎月形透鏡,wæng1 ngük6 yäng4 täu1 geng1
環法自行車賽,wæng4 fæk2 zi6 häng4 ce1 cöi1
環境重災區,wæng4 gäng2 cung1 zöi1 kü1
環境行動主義,wæng4 gäng2 häng4 dung6 zü2 yi6
環境影響評估,wæng4 gäng2 yäng2 höng2 päng4 gwu2
環球通,wæng4 käu4 tung1
還沒回到,wæng4 muk6 wui4 däu1
玩手腕,wæng4 säu2 wung2
環太平洋地震帶,wæng4 tai1 päng4 yöng4 di6 zäng1 dai1
環太平洋火山帶,wæng4 tai1 päng4 yöng4 fo2 sæng1 dai1
玩通天,wæng4 tung1 ting1
鯇漁仔,wæng1 yü4 zäi2
幻覺劑,wæng6 gok2 zäi1
宦海風波,wæng6 fui2 fung1 bo1
患難見真情,wæng6 næng6 ging1 zäng1 cäng4
橫斜鈎,wæng4 ce4 ngäu1
橫神經,wæng4 säng4 gäng1
挖肉攞瘡生,wæk2 yuk6 lo2 cong1 sæng1
挖湖,wæk2 wu4
滑頭蛇,wæk6 täu4 se4
威番鋪,wäi1 fæng1 pu1
威爾士語,wäi1 yi1 si6 yü1
威瑪共和國,wäi1 ma1 gung6 wo4 gwok2
威瑪拼音,wäi1 ma1 päng1 yäm1
威妥瑪拼法,wäi1 to1 ma1 päng1 fæk2
威妥瑪拼音,wäi1 to1 ma1 päng1 yäm1
威威食雞,wäi1 wäi1 säk6 gäi1
委內瑞拉馬腦炎病毒,wäi2 nöi6 söi6 lai1 ma1 näu1 yim4 beng6 duk6
虺虺,wäi2 wäi2
餵老虎機,wäi1 läu1 fu2 gi1
遺傳性疾病,wäi4 cüng4 säng1 zäk6 beng6
為德不終,wäi4 däk2 bäk2 zung1
維多利亞女王,wäi4 do1 li6 a1 nü1 wong4
維多利亞城,wäi4 do1 li6 a1 säng4
維多利亞湖,wäi4 do1 li6 a1 wu4
維基數據,wäi4 gi1 su1 gü1
為國出力,wäi4 gwok2 cäk2 läk6
唯恐天下不亂,wäi4 hung2 ting1 ha6 bäk2 lüng6
惟恐天下不亂,wäi4 hung2 ting1 ha6 bäk2 lüng6
為仁不富,wäi4 yäng4 bäk2 fu1
違強凌弱,wäi4 köng4 läng4 yök6
違強陵弱,wäi4 köng4 läng4 yök6
維修單車,wäi4 säu1 dæng1 ce1
違信背約,wäi4 säng1 bui1 yök2
為政清廉,wäi4 zäng1 cäng1 lim4
為虎添翼,wäi6 fu2 tim1 yäk6
位形空間,wäi6 yäng4 hung1 gæng1
為五斗米折腰,wäi6 ng1 däu2 mai1 zik2 yiu1
衞生冰箱,wäi6 säng1 bäng1 söng1
衞生署控煙辦公室,wäi6 säng1 cü1 hung1 ying1 bæng6 gung1 säk2
衞生署衞生防護中心,wäi6 säng1 cü1 wäi6 säng1 fong4 wu6 zung1 säm1
衞生球,wäi6 säng1 käu4
為他人作嫁衣裳,wäi6 ta1 yäng4 zok2 ga1 yi1 söng4
位置效應,wäi6 zi1 hau6 yäng1
穩中有降,wäng2 zung1 yäu1 gong1
暈血症,wäng4 hük2 zäng1
暈暈陀陀,wäng4 wäng4 to4 to4
雲和雨,wäng4 wo4 yü1
暈糊,wäng4 wu4
運動波鞋,wäng6 dung6 bo1 hai4
混飯食,wäng6 fæng6 säk6
運行庫,wäng6 häng4 fu1
混合毒劑,wäng6 häp6 duk6 zäi1
混合型汽車,wäng6 häp6 yäng4 hi1 ce1
混凝劑,wäng6 yäng4 zäi1
混水撈魚,wäng6 söi2 läu4 yü4
混為一體,wäng6 wäi4 yäk2 täi2
屈去後便,wäk2 hü1 häu6 bing6
屈屈質質,wäk2 wäk2 zäk2 zäk2
蝸行牛步,wo1 häng4 ngäu4 bu6
倭馬亞王朝,wo1 ma1 a1 wong4 ciu4
禾叉比,wo4 ca1 bi2
和風創作,wo4 fung1 cong1 zok2
和諧式客機,wo4 hai4 säk2 hæk2 gi1
和氣緻祥,wo4 hi1 zi1 cöng4
和揖,wo4 yäp2
和衣而卧,wo4 yi1 yi4 ngo6
和味欖,wo4 mi6 lam2
和胃,wo4 wäi6
獲暴利者,wok6 bäu6 li6 ze2
鑊鑊新鮮鑊鑊甘,wok6 wok6 säng1 sing1 wok6 wok6 gäm1
鑊鑊新鮮鑊鑊金,wok6 wok6 säng1 sing1 wok6 wok6 gäm1
黃帝宅經,wong4 däi1 zæk6 gäng1
黃道十二宮,wong4 däu6 säp6 yi6 gung1
黃花崗七十二烈士,wong4 fa1 gong1 cäk2 säp6 yi6 lik6 si6
黃花幼女,wong4 fa1 yäu1 nü1
黃花女,wong4 fa1 nü1
黃花女兒,wong4 fa1 nü1 yi4
黃蜂尾後針最毒婦人心,wong4 fung1 mi1 häu6 zäm1 zöi1 duk6 fu1 yäng4 säm1
黃頰麥雞,wong4 gap2 mæk6 gäi1
皇后大道西,wong4 häu6 dai6 däu6 säi1
皇后大道中,wong4 häu6 dai6 däu6 zung1
黃炎貴胄,wong4 yim4 gwäi1 zäu6
黃曲霉毒素,wong4 kuk2 mui4 duk6 su1
黃老吉,wong4 läu1 gäk2
黃泡,wong4 pau1
黃泡仔,wong4 pau1 zäi2
黃嘴朱頂雀,wong4 zöi2 zü1 deng2 zök2
烏齊雅,wu1 cäi4 nga1
烏都話,wu1 du1 wa2
烏魯木齊縣,wu1 lu1 muk6 cäi4 yüng6
胡扯淡,wu4 ce2 dam6
弧長參數,wu4 cöng4 cam1 su1
湖南人家,wu4 nam4 yäng4 ga1
弧線球,wu4 sing1 käu4
胡謅亂傍,wu4 zäu1 lüng6 bong6
户限為穿,wu6 hæng6 wäi4 cüng1
芋螺毒素,wu6 lo4 duk6 su1
互相愛護,wu6 söng1 wui1 wu6
回到咯,wui4 däu1 lok2
回校日,wui4 hau6 yäk6
回墨印,wui4 mäk6 yäng1
回回青,wui4 wui4 cäng1
腕隧道症候羣,wung2 söi6 däu6 zäng1 häu6 kwäng4
緩降器,wung6 gong1 hi1
玩兒票,wung6 yi4 piu1
玩弄詞藻,wung6 lung6 ci4 zäu2
換碼數,wung6 ma1 su1
玩鬧,wung6 nau6
換湯不換藥,wung6 tong1 bäk2 wung6 yök6
活到老學到老,wuk6 däu1 läu1 hok6 däu1 läu1
活力都市,wuk6 läk6 du1 si1
揸二攤,za1 yi6 tæng1
揸掣,za1 zäi1
揸袖衫,za1 zäu6 sam1
詐癲賣戇,za1 ding1 mai6 ngong6
詐下懵,za1 ha1 mung2
炸耳仔,za1 yi1 zäi2
詐戇,za1 ngong6
齋缽,zai1 buk2
齋教,zai1 gäu1
齋果,zai1 gwo2
齋蠔油,zai1 häu4 yäu4
齋酌,zai1 zök2
笮年,zæk2 ning4
摘荔枝,zæk6 läi6 zi1
摘述,zæk6 säk6
摘數,zæk6 su1
摘走,zæk6 zäu2
斬頭截尾,zam2 täu4 zik6 mi1
湛江雞,zam1 gong1 gäi1
站穩扶好,zam6 wäng2 fu4 häu2
棧車,zæng6 ce1
爭幾回,zæng1 gi2 wui4
爭個馬鼻,zæng1 go1 ma1 bi6
爭一個馬鼻,zæng1 yäk2 go1 ma1 bi6
爭一日之長短,zæng1 yäk2 yäk6 zi1 cöng4 düng2
爭兩個人,zæng1 löng1 go1 yäng4
爭成條墟,zæng1 seng4 tiu4 hü1
爭天共地,zæng1 ting1 gung6 di6
爭住先,zæng1 zü6 sing1
集油箱,zap6 yäu4 söng1
習以成性,zap6 yi1 säng4 säng1
習以成俗,zap6 yi1 säng4 zuk6
閘數,zap6 su1
集體行走,zap6 täi2 häng4 zäu2
集體承包,zap6 täi2 säng4 bau1
習和平,zap6 wo4 päng4
軋道車,zæk2 däu6 ce1
軋道機,zæk2 däu6 gi1
扎仔粉,zæk2 zäi2 fäng2
抓差,zau2 ca1
抓工夫,zau2 gung1 fu1
找數尾,zau2 su1 mi1
劑量當量,zäi1 löng6 dong1 löng6
劑量監控,zäi1 löng6 gam1 hung1
劑量效應,zäi1 löng6 hau6 yäng1
仔畜,zäi2 cuk2
仔大仔世界,zäi2 dai6 zäi2 säi1 gai1
仔肥乸瘦,zäi2 fi4 na2 säu1
仔乸生意,zäi2 na2 sæng1 yi1
仔細老婆嫩,zäi2 säi1 läu1 po4 nüng6
製陶工人,zäi1 täu4 gung1 yäng4
掣住架車,zäi1 zü6 ga1 ce1
側刀旁,zäk2 däu1 pong4
針孔攝影機,zäm1 hung2 sip2 yäng2 gi1
針箍,zäm1 kwu1
針尾綠鳩,zäm1 mi1 luk6 käu1
斟豉油,zäm1 si6 yäu4
針線箔籬,zäm1 sing1 bok6 li4
針線活計,zäm1 sing1 wuk6 gäi1
針頭線腦,zäm1 täu4 sing1 näu1
針劑瓶,zäm1 zäi1 päng4
珍寶海鮮舫,zäng1 bäu2 fui2 sing1 fong2
真朵,zäng1 do2
真否定句,zäng1 fäu2 däng6 gü1
真後生動物,zäng1 häu6 säng1 dung6 mäk6
真好味,zäng1 häu2 mi6
真有米,zäng1 yäu1 mai1
真心話大冒險,zäng1 säm1 wa2 dai6 mäu6 him2
珍惜大自然,zäng1 säk2 dai6 zi6 ying4
珍惜羽毛,zäng1 säk2 yü1 mäu4
珍惜水資源,zäng1 säk2 söi2 zi1 yüng4
真聲最高音,zäng1 säng1 zöi1 gäu1 yäm1
真相畢露,zäng1 söng1 bäk2 lu6
珍珠女,zäng1 zü1 nü1
珍珠小番茄,zäng1 zü1 siu2 fæng1 kö4
震波圖,zäng1 bo1 tu4
震覺,zäng1 gok2
振一下,zäng1 yäk2 ha1
陣腳未打好,zäng6 gök2 mi6 da2 häu2
陣亡戰士紀念日,zäng6 mong4 zing1 si6 gi2 nim6 yäk6
陣丈,zäng6 zöng6
爭取和平,zäng1 cü2 wo4 päng4
爭啖氣,zäng1 dam6 hi1
曾繁仁,zäng1 fæng4 yäng4
憎人富貴厭人貧,zäng1 yäng4 fu1 gwäi1 yim1 yäng4 päng4
憎人富貴嫌人窮,zäng1 yäng4 fu1 gwäi1 yim4 yäng4 kung4
爭一步腳,zäng1 yäk2 bu6 gök2
爭球線,zäng1 käu4 sing1
增強團結,zäng1 köng4 tüng4 gik2
增強活力,zäng1 köng4 wuk6 läk6
增量參數,zäng1 löng6 cam1 su1
曾氏宗祠,zäng1 si6 zung1 ci4
增城掛綠,zäng1 säng4 gwa1 luk6
爭頭槌,zäng1 täu4 cöi4
執地仔,zäp2 di6 zäi2
執下張牀,zäp2 ha1 zöng1 cong4
執行緒,zäp2 häng4 söi1
執行指揮官,zäp2 häng4 zi2 fäi1 gwung1
執埋手尾,zäp2 mai4 säu2 mi1
執輸行頭慘過敗家,zäp2 sü1 hæng4 täu4 cam2 gwo1 bai6 ga1
執仔婆,zäp2 zäi2 po4
質次價高,zäk2 ci1 ga1 gäu1
質量不滅定律,zäk2 löng6 bäk2 mik6 däng6 läk6
質數定理,zäk2 su1 däng6 li1
質子轟擊,zäk2 zi2 gwäng1 gäk2
窒息性毒劑,zäk6 säk2 säng1 duk6 zäi1
揪錯,zäu1 co1
騶從,zäu1 cung4
周瑜打黃蓋,zäu1 yü4 da2 wong4 gwui1
周期函數,zäu1 ki4 ham4 su1
週期數,zäu1 ki4 su1
走背字兒,zäu2 bui6 zi6 yi4
走得快好世界,zäu2 däk2 fai1 häu2 säi1 gai1
酒家食品,zäu2 ga1 säk6 bäng2
走向斷層,zäu2 höng1 düng6 cäng4
走向滑動斷層,zäu2 höng1 wæk6 dung6 düng6 cäng4
走嘍,zäu2 läu1
酒托女,zäu2 tok2 nü1
酒暈,zäu2 wäng6
皺葉歐芹,zäu1 yip6 äu1 käng4
赭紅尾鴝,ze2 hung4 mi1 kü4
借墊,ze1 zing1
藉助於,ze1 zo6 yü1
謝爾曼質數,ze6 yi1 mæng6 zäk2 su1
脊髓灰質炎,zek2 söi1 fui1 zäk2 yim4
脊椎動物門,zek2 zöi1 dung6 mäk6 mung4
脊椎指壓療法,zek2 zöi1 zi2 æk2 liu4 fæk2
脊椎指壓治療醫生,zek2 zöi1 zi2 æk2 zi6 liu4 yi1 säng1
脊椎指壓治療師,zek2 zöi1 zi2 æk2 zi6 liu4 si1
蓆攝底,zek6 sip2 däi2
精出骨,zeng1 cäk2 gwäk2
精人出口笨人出手,zeng1 yäng4 cäk2 häu2 bäng6 yäng4 cäk2 säu2
精埋一便,zeng1 mai4 yäk2 bing6
井水不犯河水,zäng2 söi2 bäk2 fæng6 ho4 söi2
鄭人爭年,zäng6 yäng4 zäng1 ning4
錐齒輪,zöi1 ci2 läng4
錐形瓶,zöi1 yäng4 päng4
最大似然估計,zöi1 dai6 ci1 ying4 gwu2 gäi1
最大公因數,zöi1 dai6 gung1 yäng1 su1
最大公因子,zöi1 dai6 gung1 yäng1 zi2
最大公約數,zöi1 dai6 gung1 yök2 su1
最低限度理論,zöi1 däi1 hæng6 du6 li1 läng6
最低水準,zöi1 däi1 söi2 zäng2
最底嗰浸,zöi1 däi2 go2 zäm1
最快幾耐,zöi1 fai1 gi2 nöi6
最佳配角,zöi1 gai1 pui1 gok2
最姣,zöi1 gau2
最高限價,zöi1 gäu1 hæng6 ga1
最有空,zöi1 yäu1 hung1
最易話,zöi1 yi6 wa6
檇李,zöi1 li1
最密堆積,zöi1 mäk6 döi1 zäk2
最小公分母,zöi1 siu2 gung1 fäng6 mu1
最小公倍數,zöi1 siu2 gung1 pui1 su1
最小二乘,zöi1 siu2 yi6 säng4
最上邊,zöi1 söng6 bing1
最惠國待遇,zöi1 wäi6 gwok2 döi6 yü6
聚螢映雪,zü6 yäng4 yäng2 sük2
墜琴,zöi6 käm4
墜手墜腳,zöi6 säu2 zöi6 gök2
墜住,zöi6 zü6
進出口貿易,zäng1 cäk2 häu2 mäu6 yäk6
進道若退,zäng1 däu6 yök6 töi1
進行編程,zäng1 häng4 ping1 cäng4
進行性失語,zäng1 häng4 säng1 säk2 yü1
晉升制度,zäng1 säng1 zäi1 du6
資源和能量,zi1 yüng4 wo4 näng4 löng6
資源和環境,zi1 yüng4 wo4 wæng4 gäng2
支離蛇拐,zi1 li4 se4 gwai2
芝士堡,zi1 si2 bäu2
芝士漢堡包,zi1 si6 fung1 bäu2 bau1
支支坐坐,zi1 zi1 zo6 zo6
紫背椋鳥,zi2 bui1 löng4 niu1
子宮頸抹片,zi2 gung1 geng2 muk2 ping2
指下個鼻,zi2 ha1 go1 bi6
止血墊,zi2 hük2 zing1
紫外射線,zi2 wui6 se6 sing1
指示精神,zi2 si6 zäng1 säng4
紫蘇屬,zi2 su1 suk6
指數套利,zi2 su1 täu1 li6
指天劃地,zi2 ting1 wæk6 di6
指指彈彈,zi2 zi2 tæng4 tæng4
至愛音樂,zi1 wui1 yäm1 ngok6
質鋪,zi1 pu1
致死性毒劑,zi1 si2 säng1 duk6 zäi1
知識工程師,zi1 säk2 gung1 cäng4 si1
置之死地而後生,zi1 zi1 si2 di6 yi4 häu6 säng1
置中對齊,zi1 zung1 döi1 cäi4
置諸死地而後生,zi1 zü1 si2 di6 yi4 häu6 säng1
自底向上,zi6 däi2 höng1 söng6
自動射線攝影,zi6 dung6 se6 sing1 sip2 yäng2
自家素食,zi6 ga1 su1 säk6
自駕汽車出租,zi6 ga1 hi1 ce1 cäk2 zu1
自由領地,zi6 yäu4 läng1 di6
自由貿易區,zi6 yäu4 mäu6 yäk6 kü1
自由女神像,zi6 yäu4 nü1 säng4 zöng6
自由素食主義,zi6 yäu4 su1 säk6 zü2 yi6
自由爵士樂,zi6 yäu4 zök2 si6 ngok6
自養生物,zi6 yöng1 säng1 mäk6
自細玩大,zi6 säi1 wæng4 dai6
自相魚肉,zi6 söng1 yü4 yuk6
治喪從儉,zi6 song1 cung4 gim6
自制熟食,zi6 zäi1 suk6 säk6
字節數,zi6 zik2 su1
治裝費,zi6 zong1 fäi1
積不相能,zäk2 bäk2 söng1 näng4
即付即打,zik2 fu6 zik2 da2
積極人生,zäk2 gik6 yäng4 säng1
即景生情,zik2 gäng2 säng1 cäng4
即係乜嘢,zik2 häi6 mäk2 ya1
職務考核,zäk2 mu6 hau2 häk6
積惡餘殃,zäk2 ok2 yü4 yöng1
積習成俗,zäk2 zap6 säng4 zuk6
值得聽下,zäk6 däk2 teng1 ha1
直升機家長,zäk6 säng1 gi1 ga1 zöng2
直昇機家長,zäk6 säng1 gi1 ga1 zöng2
直屬機關,zäk6 suk6 gi1 gwæng1
沾染程度檢查儀,zim1 yim1 cäng4 du6 gim2 ca4 yi4
尖尾濱鷸,zim1 mi1 bäng1 wäk6
尖聲啼哭,zim1 säng1 täi4 huk2
粘仔,zim1 zäi2
氈鞋,zing1 hai4
氈靴,zing1 hö1
戰鬥行動,zing1 däu1 häng4 dung6
戰略核力量,zing1 lök6 häk6 läk6 löng6
戰略核武器,zing1 lök6 häk6 mu1 hi1
戰略轉移,zing1 lök6 züng2 yi4
戰術核武器,zing1 säk6 häk6 mu1 hi1
戰爭與和平,zing1 zäng1 yü1 wo4 päng4
精品貼紙,zäng1 bäng2 tip2 zi2
精彩絕倫,zäng1 cöi2 zük6 läng4
偵毒管,zäng1 duk6 gwung2
偵毒器,zäng1 duk6 hi1
精簡主義,zäng1 gæng2 zü2 yi6
精校本,zäng1 gau1 bung2
精講多練,zäng1 gong2 do1 ling6
精工技術,zäng1 gung1 gi6 säk6
蒸汽壓路機,zäng1 hi1 æk2 lu6 gi1
蒸汽掛燙機,zäng1 hi1 gwa1 tong1 gi1
征斂無度,zäng1 lim1 mu4 du6
蒸米粉,zäng1 mai1 fäng2
精僻,zäng1 päk2
征衫,zäng1 sam1
精心創作,zäng1 säm1 cong1 zok2
精神官能症,zäng1 säng4 gwung1 näng4 zäng1
精神滿腹,zäng1 säng4 mung1 fuk2
精神性厭食症,zäng1 säng4 säng1 yim1 säk6 zäng1
精邃,zäng1 söi6
精誠所至金石為開,zäng1 säng4 so2 zi1 gäm1 sek6 wäi4 fui1
精緻禮品,zäng1 zi1 läi1 bäng2
整除數,zäng2 cü4 su1
整古弄怪,zäng2 gwu2 lung6 gwai1
整蠱弄怪,zäng2 gwu2 lung6 gwai1
整下整下,zäng2 ha1 zäng2 ha1
整形外科醫生,zäng2 yäng4 wui6 fo1 yi1 säng1
整數倍數,zäng2 su1 pui1 su1
正邪相爭,zäng1 ce4 söng1 zäng1
正電子斷層,zäng1 ding6 zi2 düng6 cäng4
正電子發射層析,zäng1 ding6 zi2 fæk2 se6 cäng4 säk2
正電子發射斷層照相術,zäng1 ding6 zi2 fæk2 se6 düng6 cäng4 ziu1 söng1 säk6
正電子發射計算機斷層,zäng1 ding6 zi2 fæk2 se6 gäi1 süng1 gi1 düng6 cäng4
正電子發射體層,zäng1 ding6 zi2 fæk2 se6 täi2 cäng4
正電子照射斷層攝影,zäng1 ding6 zi2 ziu1 se6 düng6 cäng4 sip2 yäng2
正反兩方面,zäng1 fæng2 löng1 fong1 ming6
正經八擺,zäng1 gäng1 bæk2 bai2
正經八板,zäng1 gäng1 bæk2 bæng2
正一衰仔,zäng1 yäk2 söi1 zäi2
正一食家,zäng1 yäk2 säk6 ga1
政務司司長,zäng1 mu6 si1 si1 zöng2
正牌爛仔,zäng1 pai4 læng6 zäi2
正則參數,zäng1 zäk2 cam1 su1
政治詞彙,zäng1 zi6 ci4 wui6
政治綱領,zäng1 zi6 gong1 läng1
政治異議人士,zäng1 zi6 yi6 yi1 yäng4 si6
靜力平衡,zäng6 läk6 päng4 häng4
靖難之役,zäng6 næng6 zi1 yäk6
淨心修身,zäng6 säm1 säu1 säng1
淨身出户,zäng6 säng1 cäk2 wu6
靜坐抗議示威,zäng6 zo6 kong1 yi1 si6 wäi1
摺疊車,zip2 dip6 ce1
摺疊凳,zip2 dip6 däng1
接尾詞,zip2 mi1 ci4
接收器靈敏度,zip2 säu1 hi1 läng4 mäng1 du6
褶皺山脈,zip2 zäu1 sæng1 mæk6
摺轉,zip2 züng2
折縫,zik2 fung4
節上生枝,zik2 söng6 säng1 zi1
節肢介體病毒,zik2 zi1 gai1 täi2 beng6 duk6
焦點通訊,ziu1 dim2 tung1 säng1
招風惹草,ziu1 fung1 ye1 cäu2
朝見口晚見面,ziu1 ging1 häu2 mæng1 ging1 ming6
招人仇口,ziu1 yäng4 säu4 häu2
朝露溘至,ziu1 lu6 häp6 zi1
招牌裝修,ziu1 pai4 zong1 säu1
招牌裝飾,ziu1 pai4 zong1 säk2
朝食晚洗,ziu1 säk6 mæng1 säi2
朝朝一碗粥餓死醫生一屋,ziu1 ziu1 yäk2 wung2 zuk2 ngo6 si2 yi1 säng1 yäk2 uk2
朝早飯,ziu1 zäu2 fæng6
照顧生物,ziu1 gwu1 säng1 mäk6
照片底版,ziu1 ping2 däi2 bæng2
召喚救護車,ziu6 wung6 gäu1 wu6 ce1
左對齊,zo2 döi1 cäi4
左估右估,zo2 gwu2 yäu6 gwu2
左右視覺,zo2 yäu6 si6 gok2
左右做人難,zo2 yäu6 zu6 yäng4 næng4
阻時間,zo2 si4 gæng1
阻住地球轉,zo2 zü6 di6 käu4 züng1
阻住個地球轉,zo2 zü6 go1 di6 käu4 züng1
坐亞望冠,zo6 a1 mong6 gwung1
坐廁墊,zo6 ci1 zing1
坐骨神經痛,zo6 gwäk2 säng4 gäng1 tung1
坐吃享福,zo6 hek2 höng2 fuk2
助人為快樂之本,zo6 yäng4 wäi4 fai1 lok6 zi1 bung2
坐蠟,zo6 lap6
坐失機宜,zo6 säk2 gi1 yi4
坐收漁人之利,zo6 säu1 yü4 yäng4 zi1 li6
酌核,zök2 häk6
着好衫,zök2 häu2 sam1
着鴛鴦襪,zök2 yüng1 yöng1 mæk6
着埋一條褲,zök2 mai4 yäk2 tiu4 fu1
着瓦靴,zök2 nga1 hö1
着男仔衫,zök6 nam4 zäi2 sam1
着女仔衫,zök6 nü1 zäi2 sam1
着手成春,zök6 säu2 säng4 cäng1
着着失敗,zök6 zök6 säk2 bai6
着重號,zök6 zung6 häu6
章甫薦履,zöng1 fu2 zing1 lü1
長點心眼,zöng2 dim2 säm1 ngæng1
長勢喜人,zöng2 säi1 hi2 yäng4
長他人志氣滅自己威風,zöng2 ta1 yäng4 zi1 hi1 mik6 zi6 gi2 wäi1 fung1
長贅疣,zöng2 zöi6 yäu4
醬油雞,zöng1 yäu4 gäi1
帳肚,zöng1 tu1
丈量約份,zöng6 löng6 yök2 fäng6
災民生活,zöi1 mäng4 säng1 wuk6
災難指令系統,zöi1 næng6 zi2 läng6 häi6 tung2
栽種機,zöi1 zung1 gi1
載歌且舞,zöi1 go1 ce2 mu1
再過下,zöi1 gwo1 ha1
載人宇宙飛船,zöi1 yäng4 yü1 zäu6 fi1 süng4
載攜,zöi1 kwäi4
再生不良性貧血,zöi1 säng1 bäk2 löng4 säng1 päng4 hük2
載酒問字,zöi1 zäu2 mäng6 zi6
再轉復,zöi1 züng2 fuk6
作息時間表,zok2 säk2 si4 gæng1 biu2
擢下擢下,zok6 ha1 zok6 ha1
裝不了,zong1 bäk2 liu1
裝屄,zong1 bik2
裝備維修,zong1 bi6 wäi4 säu1
裝杯,zong1 bui1
裝甲值,zong1 gap2 zäk6
裝香拜神,zong1 höng1 bai1 säng4
裝窮叫苦,zong1 kung4 giu1 fu2
裝盤,zong1 pung4
裝卸隊,zong1 se1 döi6
裝傻充愣,zong1 so4 cung1 läng6
裝桶水,zong1 tung2 söi2
撞板多過食飯,zong6 bæng2 do1 gwo1 säk6 fæng6
撞擊式打印機,zong6 gäk2 säk2 da2 yäng1 gi1
狀態參數,zong6 tai1 cam1 su1
糟溜黃魚片,zäu1 läu6 wong4 yü4 ping1
早買早着,zäu2 mai1 zäu2 zök2
組長去,zu2 zöng2 hü1
做部長,zu6 bu6 zöng2
做錯也,zu6 co1 ya1
做個好學生,zu6 go1 häu1 hok6 sæng1
做滿月,zu6 mung1 ngük6
做散使,zu6 sæng2 säi2
做生不如做熟,zu6 sæng1 bäk2 yü4 zu6 suk6
捉包,zuk2 bau1
竹篦,zuk2 bi6
觸鬥蠻爭,zuk2 däu1 mæng4 zäng1
粥粉面,zuk2 fäng2 ming6
粥粉面飯,zuk2 fäng2 ming6 fæng6
足高氣強,zuk2 gäu1 hi1 köng4
足球之夜,zuk2 käu4 zi1 ye6
捉老襯,zuk2 läu1 cäng1
竹紗衫褲,zuk2 sa1 sam1 fu1
築室道謀,zuk2 säk2 däu6 mäu4
捉蛇入屎忽,zuk2 se4 yäp6 si2 fäk2
捉蛇入屎窟,zuk2 se4 yäp6 si2 fäk2
濁積岩,zuk6 zäk2 ngam4
棕背伯勞,zung1 bui1 bæk2 läu4
棕背田雞,zung1 bui1 ting4 gäi1
中程計劃,zung1 cäng4 gäi1 wæk6
終場鑼聲,zung1 cöng4 lo4 säng1
終點衝刺,zung1 dim2 cung1 ci1
中度性肺水腫,zung1 du6 säng1 fäi1 söi2 zung2
中間神經元,zung1 gæng1 säng4 gäng1 yüng4
中港區間,zung1 gong2 kü1 gæng1
中高度防空,zung1 gäu1 du6 fong4 hung1
中共中央宣傳部,zung1 gung6 zung1 yöng1 süng1 cüng4 bu6
中國青年報,zung1 gwok2 cäng1 ning4 bäu1
中國地質調查局,zung1 gwok2 di6 zäk2 diu6 ca4 guk6
中國教育和科研計算機網,zung1 gwok2 gäu1 yuk6 wo4 fo1 ying4 gäi1 süng1 gi1 mong1
中國共產主義青年團,zung1 gwok2 gung6 cæng2 zü2 yi6 cäng1 ning4 tüng4
中國好聲音,zung1 gwok2 häu2 säng1 yäm1
中國人民解放軍,zung1 gwok2 yäng4 mäng4 gai2 fong1 gwäng1
中國人民解放軍海軍,zung1 gwok2 yäng4 mäng4 gai2 fong1 gwäng1 fui2 gwäng1
中國人民解放軍空軍,zung1 gwok2 yäng4 mäng4 gai2 fong1 gwäng1 hung1 gwäng1
中國人民武裝警察部隊,zung1 gwok2 yäng4 mäng4 mu1 zong1 gäng2 cæk2 bu6 döi6
中國人民政治協商會議,zung1 gwok2 yäng4 mäng4 zäng1 zi6 hip2 söng1 wui6 yi1
中國歷史上,zung1 gwok2 läk6 si2 söng1
中國剩餘定理,zung1 gwok2 säng6 yü4 däng6 li1
中氣層頂,zung1 hi1 cäng4 deng2
中入調,zung1 yäp6 diu6
中英聯合聲明,zung1 yäng1 lüng4 häp6 säng1 mäng4
中央海嶺,zung1 yöng1 fui2 läng1
中央宣傳部,zung1 yöng1 süng1 cüng4 bu6
中密度纖維板,zung1 mäk6 du6 cim1 wäi4 bæng2
棕尾伯勞,zung1 mi1 bæk2 läu4
棕額長尾山雀,zung1 ngæk6 cöng4 mi1 sæng1 zök2
忠心伴侶,zung1 säm1 bung6 lü1
中心埋置關係從句,zung1 säm1 mai4 zi1 gwæng1 häi6 cung4 gü1
縱神經索,zung1 säng4 gäng1 sok2
棕藪鴝,zung1 säu2 kü4
中樞神經系統,zung1 sü1 säng4 gäng1 häi6 tung2
中華白海豚,zung1 wa4 bæk6 fui2 tüng4
中華秋沙鴨,zung1 wa4 cäu1 sa1 ap2
中華人民共和國,zung1 wa4 yäng4 mäng4 gung6 wo4 gwok2
中華人民共和國國徽,zung1 wa4 yäng4 mäng4 gung6 wo4 gwok2 gwok2 fäi1
中華人民共和國香港特別行政區,zung1 wa4 yäng4 mäng4 gung6 wo4 gwok2 höng1 gong2 däk6 bik6 häng4 zäng1 kü1
中華人民共和國主席,zung1 wa4 yäng4 mäng4 gung6 wo4 gwok2 zü2 zäk6
中華民族風情,zung1 wa4 mäng4 zuk6 fung1 cäng4
中華田園犬,zung1 wa4 ting4 yüng4 hüng2
中華鷓鴣,zung1 wa4 ze1 gwu1
中子射線攝影,zung1 zi2 se6 sing1 sip2 yäng2
忠忠直直終須乞食,zung1 zung1 zäk6 zäk6 zung1 sü1 häk2 säk6
總速度,zung2 cuk2 du6
總儲量,zung2 cü1 löng6
總角之好,zung2 gok2 zi1 häu2
種公畜,zung2 gung1 cuk2
腫瘤病醫生,zung2 läu4 beng6 yi1 säng1
種麥,zung2 mæk6
種姓製度,zung2 säng1 zäi1 du6
總會痛,zung2 wui6 tung1
種子從天降,zung2 zi2 cung4 ting1 gong1
種子發芽,zung2 zi2 fæk2 nga4
種子發芽實驗,zung2 zi2 fæk2 nga4 säk6 yim6
種子降落,zung2 zi2 gong1 lok6
種子植物,zung2 zi2 zäk6 mäk6
種族清除,zung2 zuk6 cäng1 cü4
種族中心主義,zung2 zuk6 zung1 säm1 zü2 yi6
種族主義者,zung2 zuk6 zü2 yi6 ze2
中毒途徑,zung1 duk6 tu4 gäng1
誦讀困難症,zung6 duk6 kwäng1 næng4 zäng1
仲量行,zung6 löng4 häng4
朱背啄花鳥,zü1 bui1 dök2 fa1 niu1
豬兜肉,zü1 däu1 yuk6
珠流璧轉,zü1 läu4 bäk2 züng2
朱粒水泡,zü1 näp2 söi2 päu1
豬上雜,zü1 söng6 zap6
豬肚綿,zü1 tu1 ming4
豬仔鎖,zü1 zäi2 so2
主法向量,zü2 fæk2 höng1 löng6
鑄工車間,zü1 gung1 ce1 gæng1
駐華使節,zü1 wa4 si1 zik2
專而精,züng1 yi4 zäng1
專屬經濟區,züng1 suk6 gäng1 zäi1 kü1
轉白班,züng2 bæk6 bæng1
轉抄,züng2 cau1
轉發至,züng2 fæk2 zi1
轉基因食品,züng2 gi1 yäng1 säk6 bäng2
轉向信號,züng2 höng1 säng1 häu6
轉義字符,züng2 yi6 zi6 fu4
轉面無情,züng2 ming6 mu4 cäng4
轉渾天儀,züng2 wäng4 ting1 yi4
轉換斷層,züng2 wung6 düng6 cäng4
轉接板,züng2 zip2 bæng2
轉注字,züng2 zü1 zi6
轉動慣量,züng1 dung6 gwæng1 löng6
轉矩臂,züng1 gü2 bi1
轉一趟,züng1 yäk2 tong1
轉腰子,züng1 yiu1 zi2
鑽石王老五,züng1 sek6 wong4 läu1 ng1
轉字鎖,züng1 zi6 so2
輟朝,zük2 ciu4
輟耕,zük2 gæng1
絕對大多數,zük6 döi1 dai6 do1 su1
波斯尼亞和黑塞哥維那,bo1 si1 ni4 a1 wo4 häk2 cöi1 go1 wäi4 na1
財政司司長辦公室,cöi4 zäng1 si1 si1 zöng2 bæng6 gung1 säk2
敬業樂羣,gäng1 yip6 lok6 kwäng4
敬業樂羣,gäng1 yip6 ngau6 kwäng4
港大才女,gong2 dai6 cöi4 nü1
香港貿易發展局,höng1 gong2 mäu6 yäk6 fæk2 zing2 guk6
老虎岩,läu1 fu2 ngam4
被鋪蚊帳,pi1 pu1 mäng1 zöng1
倒掛臘鴨,däu1 gwa1 lap6 ap2
磨穿鐵硯,mo4 cüng1 tik2 ying6
六國大封相,luk6 gwok2 dai6 fung1 söng1
澳門特別行政區,au1 mung4 däk6 bik6 häng4 zäng1 kü1
財經事務及庫務局,cöi4 gäng1 si6 mu6 käp6 fu1 mu6 guk6
吊襠褲,diu1 dong1 fu1
東莞證券,dung1 gwung2 zäng1 hüng1
可轉讓證券,ho2 züng1 yöng6 zäng1 hüng1
揆時度勢,kwäi4 si4 dok6 säi1
上海證券交易所綜合股價指,söng6 fui2 zäng1 hüng1 gau1 yäk6 so2 zung1 häp6 gwu2 ga1 zi2
證券交易所,zäng1 hüng1 gau1 yäk6 so2
證券經紀人,zäng1 hüng1 gäng1 gi2 yäng4
是狗彈彈,si6 gäu2 dæng6 dæng6
下徑口,ha6 gäng1 häu2
長咀洲,cöng4 zöi2 zäu1
頂心頂肺,deng2 säm1 däng2 fäi1
頂心頂肺,däng2 säm1 däng2 fäi1
屢勸不聽,lü1 hüng1 bäk2 teng1
長莆,zöng2 pu4
船灣淡水湖,süng4 wæng1 dam6 söi2 wu4
鴉打街,a1 da2 gai1
亞畢諾道,a1 bäk2 nok6 däu6
亞參雞飯,a1 säm1 gäi1 fæng6
亞士厘道,a1 si6 li4 däu6
鴨兜排,ap2 däu1 pai4
鴨脷洲街坊學校,ap2 li6 zäu1 gai1 fong1 hok6 hau6
鴨脷洲海旁道,ap2 li6 zäu1 fui2 pong4 däu6
鴨脷洲橋道,ap2 li6 zäu1 kiu4 däu6
鴨洲尾白墩排,ap2 zäu1 mi1 bæk6 däng1 pai4
拗魚咀,au2 yü4 zöi2
坳背嶺,au1 bui1 leng1
凹背塘,au1 bui1 tong4
坳背灣,au1 bui1 wæng1
坳背灣街,au1 bui1 wæng1 gai1
凹下,au1 ha6
巴塞隆那,ba1 cöi1 lung4 na1
巴芬道,ba1 fäng1 däu6
巴恩大道,ba1 yäng1 dai6 däu6
巴拉馬利波,ba1 lai1 ma1 li6 bo1
巴路士街,ba1 lu6 si6 gai1
巴拿馬城,ba1 na4 ma1 säng4
巴色道,ba1 säk2 däu6
巴維拉大道,ba1 wäi4 lai1 dai6 däu6
壩尾,ba1 mi1
壩尾路,ba1 mi1 lu6
百花爭豔,bæk2 fa1 zäng1 yim6
百幾打,bæk2 gi2 da1
百幾頂,bæk2 gi2 deng2
百幾滴,bæk2 gi2 däk6
百幾朵,bæk2 gi2 do2
百幾道,bæk2 gi2 däu6
百幾番,bæk2 gi2 fæng1
百幾棵,bæk2 gi2 fo2
百幾掛,bæk2 gi2 gwa1
百幾下,bæk2 gi2 ha1
百幾行,bæk2 gi2 hong4
百幾尾,bæk2 gi2 mi1
百幾面,bæk2 gi2 ming6
百幾泡,bæk2 gi2 pau1
百幾啤,bæk2 gi2 pe1
百幾片,bæk2 gi2 ping1
百幾聲,bæk2 gi2 säng1
百幾丈,bæk2 gi2 zöng6
百幾載,bæk2 gi2 zöi2
百幾種,bæk2 gi2 zung2
伯恩大道,bæk2 yäng1 dai6 däu6
百來班,bæk2 löi4 bæng1
百來打,bæk2 löi4 da1
百來頂,bæk2 löi4 deng2
百來滴,bæk2 löi4 däk6
百來朵,bæk2 löi4 do2
百來度,bæk2 löi4 du6
百來道,bæk2 löi4 däu6
百來番,bæk2 löi4 fæng1
百來棵,bæk2 löi4 fo2
百來間,bæk2 löi4 gæng1
百來掛,bæk2 löi4 gwa1
百來下,bæk2 löi4 ha1
百來行,bæk2 löi4 hong4
百來尾,bæk2 löi4 mi1
百來面,bæk2 löi4 ming6
百來泡,bæk2 löi4 pau1
百來啤,bæk2 löi4 pe1
百來片,bæk2 löi4 ping1
百來聲,bæk2 löi4 säng1
百來丈,bæk2 löi4 zöng6
百來載,bæk2 löi4 zöi2
百來種,bæk2 löi4 zung2
百樂潮州酒家,bæk2 lok6 ciu4 zäu1 zäu2 ga1
百樂徑,bæk2 lok6 gäng1
百周年李兆忠紀念中學,bæk2 zäu1 ning4 li1 siu6 zung1 gi2 nim6 zung1 hok6
白筆山道,bæk6 bäk2 sæng1 däu6
白建時道,bæk6 ging1 si4 däu6
白約翰會督中學,bæk6 yök2 fung6 wui6 duk2 zung1 hok6
白蘭軒道,bæk6 læng4 hing1 däu6
白臘仔,bæk6 lap6 zäi2
白牛石下村,bæk6 ngäu4 sek6 ha6 cüng1
白牛石上村,bæk6 ngäu4 sek6 söng6 cüng1
白沙澳下洋,bæk6 sa1 au1 ha6 yöng4
班納山,bæng1 nap6 sæng1
班竹,bæng1 zuk2
八百八十二,bæk2 bæk2 bæk2 säp6 yi6
八百七十二,bæk2 bæk2 cäk2 säp6 yi6
八百九十二,bæk2 bæk2 gäu2 säp6 yi6
八百一十二,bæk2 bæk2 yäk2 säp6 yi6
八百二十,bæk2 bæk2 yi6 säp6
八百二十八,bæk2 bæk2 yi6 säp6 bæk2
八百二十七,bæk2 bæk2 yi6 säp6 cäk2
八百二十九,bæk2 bæk2 yi6 säp6 gäu2
八百二十一,bæk2 bæk2 yi6 säp6 yäk2
八百二十二,bæk2 bæk2 yi6 säp6 yi6
八百二十六,bæk2 bæk2 yi6 säp6 luk6
八百二十萬,bæk2 bæk2 yi6 säp6 mæng6
八百二十五,bæk2 bæk2 yi6 säp6 ng1
八百二十三,bæk2 bæk2 yi6 säp6 sam1
八百二十四,bæk2 bæk2 yi6 säp6 si1
八百零二,bæk2 bæk2 läng4 yi6
八百六十二,bæk2 bæk2 luk6 säp6 yi6
八百五十二,bæk2 bæk2 ng1 säp6 yi6
八百三十二,bæk2 bæk2 sam1 säp6 yi6
八百四十二,bæk2 bæk2 si1 säp6 yi6
八千二百萬,bæk2 cing1 yi6 bæk2 mæng6
八千兩百萬,bæk2 cing1 löng1 bæk2 mæng6
八頂,bæk2 deng2
八滴,bæk2 däk6
八朵,bæk2 do2
八棵,bæk2 fo2
八九班,bæk2 gäu2 bæng1
八九打,bæk2 gäu2 da1
八九頂,bæk2 gäu2 deng2
八九滴,bæk2 gäu2 däk6
八九朵,bæk2 gäu2 do2
八九度,bæk2 gäu2 du6
八九道,bæk2 gäu2 däu6
八九番,bæk2 gäu2 fæng1
八九棵,bæk2 gäu2 fo2
八九間,bæk2 gäu2 gæng1
八九掛,bæk2 gäu2 gwa1
八九下,bæk2 gäu2 ha1
八九行,bæk2 gäu2 hong4
八九尾,bæk2 gäu2 mi1
八九面,bæk2 gäu2 ming6
八九泡,bæk2 gäu2 pau1
八九啤,bæk2 gäu2 pe1
八九片,bæk2 gäu2 ping1
八九聲,bæk2 gäu2 säng1
八九丈,bæk2 gäu2 zöng6
八九載,bæk2 gäu2 zöi2
八九種,bæk2 gäu2 zung2
八泡,bæk2 pau1
八啤,bæk2 pe1
八片,bæk2 ping1
八十二萬,bæk2 säp6 yi6 mæng6
八聲,bæk2 säng1
賓吉道,bäng1 gäk2 däu6
筆架山道,bäk2 ga1 sæng1 däu6
畢拉山道,bäk2 lai1 sæng1 däu6
拔萃女小學,bäk6 söi6 nü1 siu2 hok6
拔子窩村,bäk6 zi2 wo1 cüng1
拔子窩街,bäk6 zi2 wo1 gai1
碑頭嶺角,bi1 täu4 leng1 gok2
比雅道,bi2 nga1 däu6
比昂大道,bi2 ngong4 dai6 däu6
庇理羅士女子中學,bi1 li1 lo4 si6 nü1 zi2 zung1 hok6
鼻針療法,bi6 zäm1 liu4 fæk2
碧荔道,bäk2 läi6 däu6
碧仙桃路,bäk2 sing1 täu4 lu6
壁屋凹,bäk2 uk2 au1
碧湖花園購物商場,bäk2 wu4 fa1 yüng4 gäu1 mäk6 söng1 cöng4
碧湖商場,bäk2 wu4 söng1 cöng4
邊滴,bing1 däk6
邊朵,bing1 do2
邊啤,bing1 pe1
邊片,bing1 ping1
砭針,bing1 zäm1
變壓器路,bing1 æk2 hi1 lu6
必發道,bik2 fæk2 däu6
必列者士街,bik2 lik6 ze2 si6 gai1
波德戈里察,bo1 däk2 gwo1 li1 cæk2
波地路,bo1 di6 lu6
波多諾伏,bo1 do1 nok6 fuk6
波爾多徑,bo1 yi1 do1 gäng1
波樓路,bo1 läu4 lu6
波羅山,bo1 lo4 sæng1
波羅咀,bo1 lo4 zöi2
波斯尼亞和黑塞哥維那人,bo1 si1 ni4 a1 wo4 häk2 cöi1 go1 wäi4 na1 yäng4
波茲南,bo1 zi1 nam4
博研路,bok2 ying4 lu6
博物館道,bok2 mäk6 gwung2 däu6
薄餅博士,bok6 beng2 bok2 si6
薄一波,bok6 yäk2 bo1
寶鏡頂,bäu2 geng1 deng2
寶覺中學,bäu2 gok2 zung1 hok6
寶血女子中學,bäu2 hük2 nü1 zi2 zung1 hok6
寶梨街,bäu2 li4 gai1
寶靈頓道,bäu2 läng4 däng6 däu6
寶樂坊,bäu2 lok6 fong1
寶馬山道,bäu2 ma1 sæng1 däu6
寶城街,bäu2 säng4 gai1
寶塘下,bäu2 tong4 ha6
寶華街,bäu2 wa4 gai1
寶華園,bäu2 wa4 yüng4
寶湖里,bäu2 wu4 li1
寶珠潭,bäu2 zü1 tam4
布吉仔,bu1 gäk2 zäi2
布思道,bu1 si1 däu6
杯澳公立學校,bui1 au1 gung1 läp6 hok6 hau6
貝翠大道,bui1 cöi1 dai6 däu6
貝爾墨邦,bui1 yi1 mäk6 bong1
貝璐道,bui1 lu6 däu6
貝澳老圍村,bui1 au1 läu1 wäi4 cüng1
貝沙山道,bui1 sa1 sæng1 däu6
貝沙灣道,bui1 sa1 wæng1 däu6
瀑布灣道,buk6 bu1 wæng1 däu6
般咸道官立小學,bung1 ham4 däu6 gwung1 läp6 siu2 hok6
差餉物業估價署,ca1 höng2 mäk6 yip6 gwu2 ga1 cü1
茶果嶺大街,ca4 gwo2 leng1 dai6 gai1
茶色生香,ca4 säk2 säng1 höng1
策馬特大道,cæk2 ma1 däk6 dai6 däu6
燦爛奪目,cæng1 læng6 dük6 muk6
沉下臉,cäm4 ha6 lim1
陳楷,cäng4 gai1
陳月明,cäng4 ngük6 mäng4
陳楷紀念中學,cäng4 kai2 gi2 nim6 zung1 hok6
陳呂重德,cäng4 lü1 cung4 däk2
陳慕華,cäng4 mu6 wa4
陳木華,cäng4 muk6 wa4
陳錫聯,cäng4 sek2 lüng4
陳少邦,cäng4 siu1 bong1
陳永貴,cäng4 wäng1 gwäi1
陳朱素華紀念中學,cäng4 zü1 su1 wa4 gi2 nim6 zung1 hok6
七百八十二,cäk2 bæk2 bæk2 säp6 yi6
七百七十二,cäk2 bæk2 cäk2 säp6 yi6
七百九十二,cäk2 bæk2 gäu2 säp6 yi6
七百一十二,cäk2 bæk2 yäk2 säp6 yi6
七百二十八,cäk2 bæk2 yi6 säp6 bæk2
七百二十七,cäk2 bæk2 yi6 säp6 cäk2
七百二十九,cäk2 bæk2 yi6 säp6 gäu2
七百二十一,cäk2 bæk2 yi6 säp6 yäk2
七百二十二,cäk2 bæk2 yi6 säp6 yi6
七百二十六,cäk2 bæk2 yi6 säp6 luk6
七百二十萬,cäk2 bæk2 yi6 säp6 mæng6
七百二十五,cäk2 bæk2 yi6 säp6 ng1
七百二十三,cäk2 bæk2 yi6 säp6 sam1
七百二十四,cäk2 bæk2 yi6 säp6 si1
七百零二,cäk2 bæk2 läng4 yi6
七百六十二,cäk2 bæk2 luk6 säp6 yi6
七百五十二,cäk2 bæk2 ng1 säp6 yi6
七百三十二,cäk2 bæk2 sam1 säp6 yi6
七百四十二,cäk2 bæk2 si1 säp6 yi6
七八班,cäk2 bæk2 bæng1
七八打,cäk2 bæk2 da1
七八頂,cäk2 bæk2 deng2
七八滴,cäk2 bæk2 däk6
七八朵,cäk2 bæk2 do2
七八度,cäk2 bæk2 du6
七八道,cäk2 bæk2 däu6
七八番,cäk2 bæk2 fæng1
七八棵,cäk2 bæk2 fo2
七八間,cäk2 bæk2 gæng1
七八掛,cäk2 bæk2 gwa1
七八下,cäk2 bæk2 ha1
七八行,cäk2 bæk2 hong4
七八尾,cäk2 bæk2 mi1
七八面,cäk2 bæk2 ming6
七八泡,cäk2 bæk2 pau1
七八啤,cäk2 bæk2 pe1
七八片,cäk2 bæk2 ping1
七八聲,cäk2 bæk2 säng1
七八丈,cäk2 bæk2 zöng6
七八載,cäk2 bæk2 zöi2
七八種,cäk2 bæk2 zung2
七千二百萬,cäk2 cing1 yi6 bæk2 mæng6
七千兩百萬,cäk2 cing1 löng1 bæk2 mæng6
七頂,cäk2 deng2
七滴,cäk2 däk6
七朵,cäk2 do2
七棵,cäk2 fo2
七掛,cäk2 gwa1
七泡,cäk2 pau1
七啤,cäk2 pe1
七片,cäk2 ping1
七十二萬,cäk2 säp6 yi6 mæng6
七丈,cäk2 zöng6
七載,cäk2 zöi2
車沅沅,ce1 yüng4 yüng4
車坪街,ce1 päng4 gai1
車灣,ce1 wæng1
車站路,ce1 zam6 lu6
斜炮頂,ce4 pau1 deng2
赤柱崗道,cek2 cü1 gong1 däu6
赤柱峽道,cek2 cü1 hap6 däu6
赤柱連合道,cek2 cü1 ling4 häp6 däu6
赤柱市場道,cek2 cü1 si1 cöng4 däu6
赤柱灘道,cek2 cü1 tæng1 däu6
赤道畿內亞人,cek2 däu6 gi1 nöi6 a1 yäng4
翠嶺里,cöi1 leng1 li1
翠嶺路,cöi1 leng1 lu6
翠樂街,cöi1 lok6 gai1
翠巒大道,cöi1 lüng4 dai6 däu6
翠柏路,cöi1 pæk2 lu6
翠樺道,cöi1 wa4 däu6
翠和里,cöi1 wo4 li1
翠湖海鮮酒家,cöi1 wu4 fui2 sing1 zäu2 ga1
除塵器道,cü4 cäng4 hi1 däu6
除鹽系統道,cü4 yim4 häi6 tung2 däu6
春暉道,cäng1 fäi1 däu6
循道學校,cäng4 däu6 hok6 hau6
慈航學校,ci4 hong4 hok6 hau6
慈幼學校,ci4 yäu1 hok6 hau6
慈幼英文學校,ci4 yäu1 yäng1 mäng4 hok6 hau6
慈華里,ci4 wa4 li1
慈雲山道,ci4 wäng4 sæng1 däu6
千多班,cing1 do1 bæng1
千多打,cing1 do1 da1
千多頂,cing1 do1 deng2
千多滴,cing1 do1 däk6
千多朵,cing1 do1 do2
千多度,cing1 do1 du6
千多道,cing1 do1 däu6
千多番,cing1 do1 fæng1
千多棵,cing1 do1 fo2
千多間,cing1 do1 gæng1
千多掛,cing1 do1 gwa1
千多下,cing1 do1 ha1
千多行,cing1 do1 hong4
千多尾,cing1 do1 mi1
千多面,cing1 do1 ming6
千多泡,cing1 do1 pau1
千多啤,cing1 do1 pe1
千多片,cing1 do1 ping1
千多聲,cing1 do1 säng1
千多丈,cing1 do1 zöng6
千多載,cing1 do1 zöi2
千多種,cing1 do1 zung2
千幾班,cing1 gi2 bæng1
千幾打,cing1 gi2 da1
千幾頂,cing1 gi2 deng2
千幾滴,cing1 gi2 däk6
千幾朵,cing1 gi2 do2
千幾度,cing1 gi2 du6
千幾道,cing1 gi2 däu6
千幾番,cing1 gi2 fæng1
千幾棵,cing1 gi2 fo2
千幾間,cing1 gi2 gæng1
千幾掛,cing1 gi2 gwa1
千幾下,cing1 gi2 ha1
千幾行,cing1 gi2 hong4
千幾尾,cing1 gi2 mi1
千幾面,cing1 gi2 ming6
千幾泡,cing1 gi2 pau1
千幾啤,cing1 gi2 pe1
千幾片,cing1 gi2 ping1
千幾聲,cing1 gi2 säng1
千幾丈,cing1 gi2 zöng6
千幾載,cing1 gi2 zöi2
千幾種,cing1 gi2 zung2
千里達和多巴哥,cing1 li1 dæk6 wo4 do1 ba1 go1
千里達和多巴哥人,cing1 li1 dæk6 wo4 do1 ba1 go1 yäng4
千來班,cing1 löi4 bæng1
千來打,cing1 löi4 da1
千來頂,cing1 löi4 deng2
千來滴,cing1 löi4 däk6
千來朵,cing1 löi4 do2
千來度,cing1 löi4 du6
千來道,cing1 löi4 däu6
千來番,cing1 löi4 fæng1
千來棵,cing1 löi4 fo2
千來間,cing1 löi4 gæng1
千來掛,cing1 löi4 gwa1
千來下,cing1 löi4 ha1
千來行,cing1 löi4 hong4
千來尾,cing1 löi4 mi1
千來面,cing1 löi4 ming6
千來泡,cing1 löi4 pau1
千來啤,cing1 löi4 pe1
千來片,cing1 löi4 ping1
千來聲,cing1 löi4 säng1
千來丈,cing1 löi4 zöng6
千來載,cing1 löi4 zöi2
千來種,cing1 löi4 zung2
青碧街,cäng1 bäk2 gai1
青翠徑,cäng1 cöi1 gäng1
青芊街,cäng1 cing1 gai1
青松徑,cäng1 cung4 gäng1
青松侯寶垣小學,cäng1 cung4 häu4 bäu2 wung4 siu2 hok6
青松侯寶垣中學,cäng1 cung4 häu4 bäu2 wung4 zung1 hok6
青松中學,cäng1 cung4 zung1 hok6
青荃路,cäng1 cüng4 lu6
青發街,cäng1 fæk2 gai1
青發里,cäng1 fæk2 li1
青輝新村,cäng1 fäi1 säng1 cüng1
青福里,cäng1 fuk2 li1
青敬路,cäng1 gäng1 lu6
青高路,cäng1 gäu1 lu6
青霞里,cäng1 ha4 li1
青杏徑,cäng1 häng6 gäng1
青河坊,cäng1 ho4 fong1
青鴻路,cäng1 hung4 lu6
青茵街,cäng1 yäng1 gai1
青逸軒,cäng1 yäk6 hing1
青衣交匯處,cäng1 yi1 gau1 wui6 cü1
青衣公園,cäng1 yi1 gung1 yüng4
青衣墟,cäng1 yi1 hü1
青衣航運路,cäng1 yi1 hong4 wäng6 lu6
青衣游泳池,cäng1 yi1 yäu4 wäng6 ci4
青衣路,cäng1 yi1 lu6
青衣信義新村,cäng1 yi1 säng1 yi6 säng1 cüng1
青衣商場,cäng1 yi1 söng1 cöng4
青衣主恩小學,cäng1 yi1 zü2 yäng1 siu2 hok6
青怡廣場,cäng1 yi4 gwong2 cöng4
青亦路,cäng1 yäk6 lu6
青賢街,cäng1 ying4 gai1
青盈路,cäng1 yäng4 lu6
青葉街,cäng1 yip6 gai1
青楊街,cäng1 yöng4 gai1
青楊路,cäng1 yöng4 lu6
青榕街,cäng1 yung4 gai1
青榕徑,cäng1 yung4 gäng1
青裕新村,cäng1 yü6 säng1 cüng1
青強街,cäng1 köng4 gai1
青葵徑,cäng1 kwäi4 gäng1
青葵公路,cäng1 kwäi4 gung1 lu6
青荔橋,cäng1 läi6 kiu4
青林角,cäng1 läm4 gok2
青麟路,cäng1 läng4 lu6
青菱徑,cäng1 läng4 gäng1
青綠街,cäng1 luk6 gai1
青龍村,cäng1 lung4 cüng1
青龍路,cäng1 lung4 lu6
青龍頭村,cäng1 lung4 täu4 cüng1
青龍頭新村,cäng1 lung4 täu4 säng1 cüng1
青龍灣,cäng1 lung4 wæng1
青棉徑,cäng1 ming4 gäng1
青苗琴行,cäng1 miu4 käm4 häng4
清梅街,cäng1 mui4 gai1
青南街,cäng1 nam4 gai1
青柏徑,cäng1 pæk2 gäng1
青山村,cäng1 sæng1 cüng1
青山坊,cäng1 sæng1 fong1
青山天主教小學,cäng1 sæng1 ting1 zü2 gäu1 siu2 hok6
青山灣泳灘,cäng1 sæng1 wæng1 wäng6 tæng1
青山寺徑,cäng1 sæng1 zi6 gäng1
青新徑,cäng1 säng1 gäng1
清水灣第二灣泳灘,cäng1 söi2 wæng1 däi6 yi6 wæng1 wäng6 tæng1
青善街,cäng1 sing6 gai1
清城路,cäng1 säng4 lu6
青尚里,cäng1 söng6 li1
青尚路,cäng1 söng6 lu6
青泰路,cäng1 tai1 lu6
清潭上灌溉水塘,cäng1 tam4 söng6 gwung1 kwui1 söi2 tong4
青田交匯處,cäng1 ting4 gau1 wui6 cü1
青桃徑,cäng1 täu4 gäng1
青湖坊,cäng1 wu4 fong1
青匯街,cäng1 wui6 gai1
青州街,cäng1 zäu1 gai1
青洲瀝,cäng1 zäu1 läk6
青洲灣,cäng1 zäu1 wæng1
青洲仔,cäng1 zäu1 zäi2
青磚圍路,cäng1 züng1 wäi4 lu6
程可為,cäng4 ho2 wäi4
澄平街,cäng4 päng4 gai1
朝暉徑,ciu4 fäi1 gäng1
朝暉路,ciu4 fäi1 lu6
朝光街,ciu4 gwong1 gai1
潮州會館,ciu4 zäu1 wui6 gwung2
潮州會館中學,ciu4 zäu1 wui6 gwung2 zung1 hok6
卓維雅大道,cök2 wäi4 nga1 dai6 däu6
昌盛徑,cöng1 säng6 gäng1
昌華街,cöng1 wa4 gai1
暢行道,cöng1 häng4 däu6
暢行里,cöng1 häng4 li1
暢通道,cöng1 tung1 däu6
暢通道南,cöng1 tung1 däu6 nam4
長春新村,cöng4 cäng1 säng1 cüng1
長青商場,cöng4 cäng1 söng1 cöng4
長達路,cöng4 dæk6 lu6
長輝路,cöng4 fäi1 lu6
長甫頭,cöng4 fu2 täu4
長富街,cöng4 fu1 gai1
長庚里,cöng4 gäng1 li1
長健路,cöng4 ging6 lu6
長江村,cöng4 gong1 cüng1
祥降圍,cöng4 gong1 wäi4
長葛,cöng4 gwuk2
長貴路,cöng4 gwäi1 lu6
長坑村,cöng4 hæng1 cüng1
長坑路,cöng4 hæng1 lu6
長亨商場,cöng4 häng1 söng1 cöng4
長康商場,cöng4 hong1 söng1 cöng4
長好街,cöng4 häu2 gai1
長裕街,cöng4 yü6 gai1
長源路,cöng4 yüng4 lu6
長瀝,cöng4 läk6
長瀝尾,cöng4 läk6 mi1
長瀝尾街,cöng4 läk6 mi1 gai1
長連山,cöng4 ling4 sæng1
長隆街,cöng4 lung4 gai1
祥民道,cöng4 mäng4 däu6
長茂街,cöng4 mäu6 gai1
長岩,cöng4 ngam4
長岩頂,cöng4 ngam4 deng2
長岩灣,cöng4 ngam4 wæng1
長安里,cöng4 wung1 li1
長牌墩,cöng4 pai4 däng1
長排頭,cöng4 pai4 täu4
長沙下村,cöng4 sa1 ha6 cüng1
長沙欄,cöng4 sa1 læng4
長沙上村,cöng4 sa1 söng6 cüng1
長沙灣徑,cöng4 sa1 wæng1 gäng1
長沙灣天主教英文中學,cöng4 sa1 wæng1 ting1 zü2 gäu1 yäng1 mäng4 zung1 hok6
長沙灣天主教小學,cöng4 sa1 wæng1 ting1 zü2 gäu1 siu2 hok6
長山隧道,cöng4 sæng1 söi6 däu6
長碩路,cöng4 sek6 lu6
長石咀,cöng4 sek6 zöi2
長城街,cöng4 säng4 gai1
長索咀,cöng4 sok2 zöi2
長亭,cöng4 täng4
長灣,cöng4 wæng1
長環街,cöng4 wæng4 gai1
長窩,cöng4 wo1
祥和里,cöng4 wo4 li1
長洲電廠徑,cöng4 zäu1 ding6 cong2 gäng1
長洲東堤路,cöng4 zäu1 dung1 täi4 lu6
長洲東灣泳灘,cöng4 zäu1 dung1 wæng1 wäng6 tæng1
長洲教堂路,cöng4 zäu1 gäu1 tong4 lu6
長洲官立中學,cöng4 zäu1 gwung1 läp6 zung1 hok6
長洲山頂道,cöng4 zäu1 sæng1 deng2 däu6
長洲西堤道,cöng4 zäu1 säi1 täi4 däu6
長洲信義村,cöng4 zäu1 säng1 yi6 cüng1
長洲聖心學校,cöng4 zäu1 säng1 säm1 hok6 hau6
長洲體育路,cöng4 zäu1 täi2 yuk6 lu6
長洲堂錦江小學,cöng4 zäu1 tong4 gäm2 gong1 siu2 hok6
長洲灣,cöng4 zäu1 wæng1
長俊路,cöng4 zäng1 lu6
彩霞道,cöi2 ha4 däu6
彩石道,cöi2 sek6 däu6
彩盛里,cöi2 säng6 li1
彩雲道,cöi2 wäng4 däu6
塞爾維亞人,cöi1 yi1 wäi4 a1 yäng4
塞拉利昂人,cöi1 lai1 li6 ngong4 yäng4
塞內加爾人,cöi1 nöi6 ga1 yi1 yäng4
塞浦路斯人,cöi1 pu2 lu6 si1 yäng4
塞維利亞,cöi1 wäi4 li6 a1
倉前嶺,cong1 cing4 leng1
創富道,cong1 fu1 däu6
創興水上活動中心,cong1 häng1 söi2 söng6 wuk6 dung6 zung1 säm1
草堆下,cäu2 döi1 ha6
松園下,cung4 yüng4 ha6
松嶺里,cung4 leng1 li1
松嶺路,cung4 leng1 lu6
松柏徑,cung4 pæk2 gäng1
松柏塱,cung4 pæk2 long1
松柏路,cung4 pæk2 lu6
松山道,cung4 sæng1 däu6
重士街,cung4 si6 gai1
松頭下路,cung4 täu4 ha6 lu6
重慶站購物商場,cung1 häng1 zam6 gäu1 mäk6 söng1 cöng4
川背龍,cüng1 bui1 lung4
川龍鐵盧城,cüng1 lung4 tik2 lu4 säng4
川龍圳下,cüng1 lung4 zäng1 ha6
村南道,cüng1 nam4 däu6
荃青交匯處,cüng4 cäng1 gau1 wui6 cü1
荃貴街,cüng4 gwäi1 gai1
全完第二小學,cüng4 yüng4 däi6 yi6 siu2 hok6
泉源道東,cüng4 yüng4 däu6 dung1
泉源道西,cüng4 yüng4 däu6 säi1
荃樂街,cüng4 lok6 gai1
泉水井,cüng4 söi2 zäng2
荃華街,cüng4 wa4 gai1
打比道,da2 bi2 däu6
打槓,da2 gong1
打鼓嶺村,da2 gwu2 leng1 cüng1
打鼓嶺道,da2 gwu2 leng1 däu6
打鼓嶺嶺英公立學校,da2 gwu2 leng1 leng1 yäng1 gung1 läp6 hok6 hau6
打鼓嶺新村,da2 gwu2 leng1 säng1 cüng1
打蠔墩下圍,da2 häu4 däng1 ha6 wäi4
打蠔墩路,da2 häu4 däng1 lu6
打蠔墩上圍,da2 häu4 däng1 söng6 wäi4
打蠔排,da2 häu4 pai4
打爛埕頂山,da2 læng6 cäng4 deng2 sæng1
打瀉油坳,da2 se1 yäu4 au1
打石湖,da2 sek6 wu4
打石湖石塘,da2 sek6 wu4 sek6 tong4
打水灣,da2 söi2 wæng1
打磚坪村,da2 züng1 päng4 cüng1
打磚坪街,da2 züng1 päng4 gai1
戴乾亨,dai1 king4 häng1
大埔超級城,dai6 bu1 ciu1 käp2 säng4
大埔舊墟公立學校,dai6 bu1 gäu6 hü1 gung1 läp6 hok6 hau6
大埔龍尾路,dai6 bu1 lung4 mi1 lu6
大埔龍尾泳灘,dai6 bu1 lung4 mi1 wäng6 tæng1
大埔尾坑,dai6 bu1 mi1 hæng1
大埔崇德黃建常紀念學校,dai6 bu1 sung4 däk2 wong4 ging1 söng4 gi2 nim6 hok6 hau6
大埔太和路,dai6 bu1 tai1 wo4 lu6
大青洲,dai6 cäng1 zäu1
大道村,dai6 däu6 cüng1
大道村路,dai6 däu6 cüng1 lu6
大貴街,dai6 gwäi1 gai1
大貴灣,dai6 gwäi1 wæng1
大貴灣新村,dai6 gwäi1 wæng1 säng1 cüng1
大坑東宣道小學,dai6 hæng1 dung1 süng1 däu6 siu2 hok6
大坑尾,dai6 hæng1 mi1
大磡道,dai6 häm1 däu6
大口環道,dai6 häu2 wæng4 däu6
大陰頂,dai6 yäm1 deng2
大嶼海峽,dai6 yü4 fui2 hap6
大球場徑,dai6 käu4 cöng4 gäng1
大旗嶺路,dai6 ki4 leng1 lu6
大強街,dai6 köng4 gai1
大癩痢,dai6 lai1 li6
大藍湖,dai6 lam4 wu4
大藍湖路,dai6 lam4 wu4 lu6
大嶺村,dai6 leng1 cüng1
大嶺墩,dai6 leng1 däng1
大嶺皮,dai6 leng1 pi4
大嶺頭,dai6 leng1 täu4
大嶺峒,dai6 leng1 tung4
大浪坳,dai6 long6 au1
大浪排,dai6 long6 pai4
大浪灣村,dai6 long6 wæng1 cüng1
大浪灣道,dai6 long6 wæng1 däu6
大浪灣營地,dai6 long6 wæng1 yäng4 di6
大浪灣泳灘,dai6 long6 wæng1 wäng6 tæng1
大浪咀,dai6 long6 zöi2
大老坳,dai6 läu1 au1
大老山公路,dai6 läu1 sæng1 gung1 lu6
大老山隧道,dai6 läu1 sæng1 söi6 däu6
大老隧,dai6 läu1 söi6
大網仔營地,dai6 mong1 zäi2 yäng4 di6
大帽山道,dai6 mäu6 sæng1 däu6
大稔洲,dai6 näm1 zäu1
大岩頂,dai6 ngam4 deng2
大牛湖,dai6 ngäu4 wu4
大腦上洋,dai6 näu1 söng6 yöng4
大澳沙仔面,dai6 au1 sa1 zäi2 ming6
大澳太平街,dai6 au1 tai1 päng4 gai1
大排塘頂,dai6 pai4 tong4 deng2
大新海傍路,dai6 säng1 fui2 bong6 lu6
大蛇頂,dai6 se4 deng2
大石下山,dai6 sek6 ha6 sæng1
大石磨,dai6 sek6 mo4
大水湖,dai6 söi2 wu4
大水井,dai6 söi2 zäng2
大盛街,dai6 säng6 gai1
大小磨刀,dai6 siu2 mo4 däu1
大上托,dai6 söng6 tok2
大樹下東路,dai6 sü6 ha6 dung1 lu6
大樹下西路,dai6 sü6 ha6 säi1 lu6
大潭篤水塘,dai6 tam4 duk2 söi2 tong4
大潭副水塘,dai6 tam4 fu1 söi2 tong4
大潭崗,dai6 tam4 gong1
大潭港,dai6 tam4 gong2
大潭水塘道,dai6 tam4 söi2 tong4 däu6
大潭上水塘,dai6 tam4 söng6 söi2 tong4
大潭頭,dai6 tam4 täu4
大潭灣,dai6 tam4 wæng1
大潭中水塘,dai6 tam4 zung1 söi2 tong4
大塘瀝,dai6 tong4 läk6
大塘湖,dai6 tong4 wu4
大華街,dai6 wa4 gai1
大灣肚,dai6 wæng1 tu1
大環道,dai6 wæng4 däu6
大環道東,dai6 wæng4 däu6 dung1
大圍第二街,dai6 wäi4 däi6 yi6 gai1
大圍隧道,dai6 wäi4 söi6 däu6
大窩坪道,dai6 wo1 päng4 däu6
大洲尾,dai6 zäu1 mi1
大洲尾頂,dai6 zäu1 mi1 deng2
大井圍,dai6 zäng2 wäi4
淡水灣,dam6 söi2 wæng1
丹拿道,dæng1 na4 däu6
丹拿山循道學校,dæng1 na4 sæng1 cäng4 däu6 hok6 hau6
丹竹坑老圍,dæng1 zuk2 hæng1 läu1 wäi4
達運道,dæk6 wäng6 däu6
蒂拉斯波爾,däi1 lai1 si1 bo1 yi1
第一頂,däi6 yäk2 deng2
第一朵,däi6 yäk2 do2
第一度,däi6 yäk2 du6
第一番,däi6 yäk2 fæng1
第一棵,däi6 yäk2 fo2
第一掛,däi6 yäk2 gwa1
第一尾,däi6 yäk2 mi1
第一泡,däi6 yäk2 pau1
第一啤,däi6 yäk2 pe1
第一片,däi6 yäk2 ping1
第一乘,däi6 yäk2 säng6
第一丈,däi6 yäk2 zöng6
第一載,däi6 yäk2 zöi2
第二筆,däi6 yi6 bäk2
第二尺,däi6 yi6 cek2
第二齣,däi6 yi6 cäk2
第二桌,däi6 yi6 cök2
第二束,däi6 yi6 cuk2
第二串,däi6 yi6 cüng1
第二吋,däi6 yi6 cüng1
第二寸,däi6 yi6 cüng1
第二頂,däi6 yi6 deng2
第二堆,däi6 yi6 döi1
第二噸,däi6 yi6 däng1
第二頓,däi6 yi6 däng6
第二朵,däi6 yi6 do2
第二番,däi6 yi6 fæng1
第二伙,däi6 yi6 fo2
第二服,däi6 yi6 fuk6
第二斤,däi6 yi6 gäng1
第二根,däi6 yi6 gäng1
第二記,däi6 yi6 gi1
第二具,däi6 yi6 gü6
第二缸,däi6 yi6 gong1
第二股,däi6 yi6 gwu2
第二罐,däi6 yi6 gwung1
第二掛,däi6 yi6 gwa1
第二毫,däi6 yi6 häu4
第二羣,däi6 yi6 kwäng4
第二闋,däi6 yi6 kük2
第二縷,däi6 yi6 läu1
第二厘,däi6 yi6 li4
第二籮,däi6 yi6 lo4
第二両,däi6 yi6 löng2
第二尾,däi6 yi6 mi1
第二枚,däi6 yi6 mui4
第二門,däi6 yi6 mung4
第二泡,däi6 yi6 pau1
第二匹,däi6 yi6 päk2
第二疋,däi6 yi6 päk2
第二啤,däi6 yi6 pe1
第二片,däi6 yi6 ping1
第二瓶,däi6 yi6 päng4
第二撇,däi6 yi6 pik2
第二瓢,däi6 yi6 piu4
第二倍,däi6 yi6 pui1
第二絲,däi6 yi6 si1
第二扇,däi6 yi6 sing1
第二乘,däi6 yi6 säng6
第二所,däi6 yi6 so2
第二箱,däi6 yi6 söng1
第二灘,däi6 yi6 tæng1
第二趟,däi6 yi6 tong1
第二彎,däi6 yi6 wæng1
第二户,däi6 yi6 wu6
第二碗,däi6 yi6 wung2
第二盞,däi6 yi6 zæng2
第二則,däi6 yi6 zäk2
第二幀,däi6 yi6 zing1
第二丈,däi6 yi6 zöng6
第二載,däi6 yi6 zöi2
第二盅,däi6 yi6 zung1
第二株,däi6 yi6 zü1
第二尊,däi6 yi6 züng1
德己利士礁,däk2 gi2 li6 si6 ziu1
德忌利士街,däk2 gi6 li6 si6 gai1
德高道,däk2 gäu1 däu6
得月樓,däk2 ngük6 läu4
德士古道天橋,däk2 si6 gwu2 däu6 ting1 kiu4
德士古交匯處,däk2 si6 gwu2 gau1 wui6 cü1
德成街,däk2 säng4 gai1
德田李兆強小學,däk2 ting4 li1 siu6 köng4 siu2 hok6
德雲道,däk2 wäng4 däu6
德貞女子中學,däk2 zäng1 nü1 zi2 zung1 hok6
登巴道,däng1 ba1 däu6
鄧鏡波學校,däng6 geng1 bo1 hok6 hau6
爹核里,de1 häk6 li1
地利亞修女紀念學校,di6 li6 a1 säu1 nü1 gi2 nim6 hok6 hau6
地士道街,di6 si6 däu6 gai1
地塘仔,di6 tong4 zäi2
地鑿,di6 zok6
對衡道,döi1 häng4 däu6
敦和里,däng1 wo4 li1
迪維尼亞大道,däk6 wäi4 ni4 a1 dai6 däu6
電廠大道,ding6 cong2 dai6 däu6
汀九灣泳灘,däng1 gäu2 wæng1 wäng6 tæng1
丁貴坊街,däng1 gwäi1 fong1 gai1
汀慶路,däng1 häng1 lu6
汀逸路,däng1 yäk6 lu6
汀麗路,däng1 läi6 lu6
頂唔頂得順,däng2 m4 däng2 däk2 säng6
頂唔頂得住,däng2 m4 däng2 däk2 zü6
吊機車,diu1 gi1 ce1
多福道,do1 fuk2 däu6
多米尼加人,do1 mai1 ni4 ga1 yäng4
多米尼克人,do1 mai1 ni4 häk2 yäng4
涿州,dök2 zäu1
都可茶飲,du1 ho2 ca4 yäm2
倒扣灣,däu2 käu1 wæng1
杜塞道夫,du6 cöi1 däu6 fu1
道風山路,däu6 fung1 sæng1 lu6
道教青松小學,däu6 gäu1 cäng1 cung4 siu2 hok6
道揚路,däu6 yöng4 lu6
渡華路,du6 wa4 lu6
東丫背村,dung1 a1 bui1 cüng1
東寶庭道,dung1 bäu2 täng4 däu6
冬青道,dung1 cäng1 däu6
冬青徑,dung1 cäng1 gäng1
東發道,dung1 fæk2 däu6
東健道,dung1 ging6 däu6
東莞街,dung1 gwung2 gai1
東莞學校,dung1 gwung2 hok6 hau6
東光道,dung1 gwong1 däu6
東喜道,dung1 hi2 däu6
東區海底隧道,dung1 kü1 fui2 däi2 söi6 däu6
東利道,dung1 li6 däu6
東隆道,dung1 lung4 däu6
東碼頭道,dung1 ma1 täu4 däu6
東平洲營地,dung1 päng4 zäu1 yäng4 di6
東山下,dung1 sæng1 ha6
東頭頂,dung1 täu4 deng2
東灣尾,dung1 wæng1 mi1
東灣仔,dung1 wæng1 zäi2
東薈城名店倉,dung1 wäi1 säng4 mäng4 dim1 cong1
東旺道,dung1 wong6 däu6
東咀頂,dung1 zöi2 deng2
東正道,dung1 zäng1 däu6
短洲仔,düng2 zäu1 zäi2
斷頭洲,düng6 täu4 zäu1
花都購物廣場,fa1 du1 gäu1 mäk6 gwong2 cöng4
花旗銀行廣場,fa1 ki4 ngäng4 hong4 gwong2 cöng4
花瓶頂,fa1 päng4 deng2
花之滴,fa1 zi1 däk6
番鬼塘,fæng1 gwäi2 tong4
番塔排,fæng1 tap2 pai4
凡爾賽大道,fæng4 yi1 cöi1 dai6 däu6
范信達道,fæng6 säng1 dæk6 däu6
法律學學士,fæk2 läk6 hok6 hok6 si6
芬梨道,fäng1 li4 däu6
芬梨徑,fäng1 li4 gäng1
粉嶺車站路,fäng2 leng1 ce1 zam6 lu6
粉嶺官立小學,fäng2 leng1 gwung1 läp6 siu2 hok6
粉嶺官立中學,fäng2 leng1 gwung1 läp6 zung1 hok6
粉嶺公立學校,fäng2 leng1 gung1 läp6 hok6 hau6
粉嶺游泳池,fäng2 leng1 yäu4 wäng6 ci4
粉嶺中心購物商場,fäng2 läng1 zung1 säm1 gäu1 mäk6 söng1 cöng4
佛教陳榮根紀念學校,fäk6 gäu1 cäng4 wäng4 gäng1 gi2 nim6 hok6 hau6
佛教慈敬學校,fäk6 gäu1 ci4 gäng1 hok6 hau6
佛教覺光法師中學,fäk6 gäu1 gok2 gwong1 fæk2 si1 zung1 hok6
佛教林炳炎紀念學校,fäk6 gäu1 läm4 bäng2 yim4 gi2 nim6 hok6 hau6
佛教沈香林紀念中學,fäk6 gäu1 säm2 höng1 läm4 gi2 nim6 zung1 hok6
佛教榮茵學校,fäk6 gäu1 wäng4 yäng1 hok6 hau6
佛教中華康山學校,fäk6 gäu1 zung1 wa4 hong1 sæng1 hok6 hau6
飛機頂,fi1 gi1 deng2
飛行服務隊,fi1 häng4 fuk6 mu6 döi6
非物質文化遺產,fi1 mäk6 zäk2 mäng4 fa1 wäi4 cæng2
飛天小女警,fi1 ting1 siu2 nü1 gäng2
非華語學生,fi1 wa4 yü1 hok6 sæng1
翡翠道,fi2 cöi1 däu6
科發道,fo1 fæk2 däu6
科賈文信仰,fo1 ga2 mäng4 säng1 yöng1
科技大道東,fo1 gi6 dai6 däu6 dung1
科技大道西,fo1 gi6 dai6 däu6 säi1
科研路,fo1 ying4 lu6
科城路,fo1 säng4 lu6
科威特城,fo1 wäi1 däk6 säng4
火石道,fo2 sek6 däu6
方潤華,fong1 yäng6 wa4
方潤華小學,fong1 yäng6 wa4 siu2 hok6
方潤華中學,fong1 yäng6 wa4 zung1 hok6
方樹泉學校,fong1 sü6 cüng4 hok6 hau6
芳華里,fong1 wa4 li1
呼和浩特市,fu1 wo4 häu6 däk6 si1
虎地下村,fu2 di6 ha6 cüng1
虎地上村,fu2 di6 söng6 cüng1
富貴街,fu1 gwäi1 gai1
富貴徑,fu1 gwäi1 gäng1
富欣道,fu1 yäng1 däu6
富怡道,fu1 yi4 däu6
庫爾大道,fu1 yi1 dai6 däu6
富強街,fu1 köng4 gai1
富盛街,fu1 säng6 gai1
富華街,fu1 wa4 gai1
福德學校,fuk2 däk2 hok6 hau6
福樂徑,fuk2 lok6 gäng1
福寧道,fuk2 näng4 däu6
福盛徑,fuk2 säng6 gäng1
福塘道,fuk2 tong4 däu6
福和路,fuk2 wo4 lu6
豐樂里,fung1 lok6 li1
豐隆銀行,fung1 lung4 ngäng4 hong4
豐物道,fung1 mäk6 däu6
豐華街,fung1 wa4 gai1
馮李佩瑤小學,fung4 li1 pui1 yiu4 siu2 hok6
鳳降村,fung6 gong1 cüng1
鳳降村路,fung6 gong1 cüng1 lu6
鳳二,fung6 yi6
鳳園老村,fung6 yüng4 läu1 cüng1
鳳溪廖潤琛紀念學校,fung6 käi1 liu6 yäng6 säm1 gi2 nim6 hok6 hau6
鳳禮道,fung6 läi1 däu6
鳳凰笏頂,fung6 wong4 fäk2 deng2
鳳凰湖,fung6 wong4 wu4
嘉林邊道,ga1 läm4 bing1 däu6
加倫大道,ga1 läng4 dai6 däu6
加連威老道,ga1 ling4 wäi1 läu1 däu6
加連威老廣場,ga1 ling4 wäi1 läu1 gwong2 cöng4
嘉齡道,ga1 läng4 däu6
嘉靈學校,ga1 läng4 hok6 hau6
嘉樂街,ga1 lok6 gai1
加路連山道,ga1 lu6 ling4 sæng1 däu6
迦密聖道,ga1 mäk6 säng1 däu6
嘉諾撒培德學校,ga1 nok6 sæk2 pui4 däk2 hok6 hau6
嘉諾撒聖方濟各學校,ga1 nok6 sæk2 säng1 fong1 zäi1 gok2 hok6 hau6
嘉諾撒聖家學校,ga1 nok6 sæk2 säng1 ga1 hok6 hau6
嘉諾撒聖瑪利學校,ga1 nok6 sæk2 säng1 ma1 li6 hok6 hau6
嘉諾撒聖心學校,ga1 nok6 sæk2 säng1 säm1 hok6 hau6
嘉諾撒聖心學校私立部,ga1 nok6 sæk2 säng1 säm1 hok6 hau6 si1 läp6 bu6
嘉柏隆里,ga1 pæk2 lung4 li1
加士居道天橋,ga1 si6 gü1 däu6 ting1 kiu4
嘉城廣場,ga1 säng4 gwong2 cöng4
家上海,ga1 söng6 fui2
加惠民道,ga1 wäi6 mäng4 däu6
嘉和里,ga1 wo4 li1
嘉和里山路,ga1 wo4 li1 sæng1 lu6
加州花園大道,ga1 zäu1 fa1 yüng4 dai6 däu6
賈慶林,ga2 häng1 läm4
佳廉道,gai1 lim4 däu6
佳美道,gai1 mi1 däu6
隔田村第二街,gæk2 ting4 cüng1 däi6 yi6 gai1
甲邊朗下里,gap2 bing1 long1 ha6 li1
甲邊朗上里,gap2 bing1 long1 söng6 li1
攪甚麼,gau2 säm6 mo1
較寮下,gau1 liu4 ha6
雞谷樹下,gäi1 guk2 sü6 ha6
金巴倫道,gäm1 ba1 läng4 däu6
金錢南路,gäm1 cing4 nam4 lu6
金錢圍,gäm1 cing4 wäi4
金都商場,gäm1 du1 söng1 cöng4
金融銀行,gäm1 yung4 ngäng4 hong4
金馬麟山道,gäm1 ma1 läng4 sæng1 däu6
金文泰道,gäm1 mäng4 tai1 däu6
金銀業貿易場,gäm1 ngäng4 yip6 mäu6 yi6 cöng4
金桃徑,gäm1 täu4 gäng1
錦田公立蒙養學校,gäm2 ting4 gung1 läp6 mung4 yöng1 hok6 hau6
錦田繞道,gäm2 ting4 yiu2 däu6
錦田城門新村,gäm2 ting4 säng4 mung4 säng1 cüng1
錦和橋,gäm2 wo4 kiu4
根德道,gäng1 däk2 däu6
近水灣泳灘,gäng6 söi2 wæng1 wäng6 tæng1
更樓石,gäng1 läu4 sek6
更生灣泳灘,gäng1 säng1 wæng1 wäng6 tæng1
吉澳上圍,gäk2 au1 söng6 wäi4
吉士笠街,gäk2 si6 läp2 gai1
桔仔山坳,gäk2 zäi2 sæng1 au1
桔仔灣,gäk2 zäi2 wæng1
九百八十二,gäu2 bæk2 bæk2 säp6 yi6
九百七十二,gäu2 bæk2 cäk2 säp6 yi6
九百九十二,gäu2 bæk2 gäu2 säp6 yi6
九百一十二,gäu2 bæk2 yäk2 säp6 yi6
九百二十,gäu2 bæk2 yi6 säp6
九百二十八,gäu2 bæk2 yi6 säp6 bæk2
九百二十七,gäu2 bæk2 yi6 säp6 cäk2
九百二十九,gäu2 bæk2 yi6 säp6 gäu2
九百二十一,gäu2 bæk2 yi6 säp6 yäk2
九百二十二,gäu2 bæk2 yi6 säp6 yi6
九百二十六,gäu2 bæk2 yi6 säp6 luk6
九百二十萬,gäu2 bæk2 yi6 säp6 mæng6
九百二十五,gäu2 bæk2 yi6 säp6 ng1
九百二十三,gäu2 bæk2 yi6 säp6 sam1
九百二十四,gäu2 bæk2 yi6 säp6 si1
九百零二,gäu2 bæk2 läng4 yi6
九百六十二,gäu2 bæk2 luk6 säp6 yi6
九百五十二,gäu2 bæk2 ng1 säp6 yi6
九百三十二,gäu2 bæk2 sam1 säp6 yi6
九百四十二,gäu2 bæk2 si1 säp6 yi6
九班,gäu2 bæng1
九千二百萬,gäu2 cing1 yi6 bæk2 mæng6
九千兩百萬,gäu2 cing1 löng1 bæk2 mæng6
九頂,gäu2 deng2
九滴,gäu2 däk6
九番,gäu2 fæng1
九棵,gäu2 fo2
九掛,gäu2 gwa1
九龍工業學校,gäu2 lung4 gung1 yip6 hok6 hau6
九龍坑老圍,gäu2 lung4 hæng1 läu1 wäi4
九龍禮賢學校,gäu2 lung4 läi1 ying4 hok6 hau6
九龍靈光小學,gäu2 lung4 läng4 gwong1 siu2 hok6
九龍城廣場,gäu2 lung4 säng4 gwong2 cöng4
九龍塘學校,gäu2 lung4 tong4 hok6 hau6
九龍塘宣道小學,gäu2 lung4 tong4 süng1 däu6 siu2 hok6
九龍塘天主教華德學校,gäu2 lung4 tong4 ting1 zü2 gäu1 wa4 däk2 hok6 hau6
九龍灣基樂小學,gäu2 lung4 wæng1 gi1 lok6 siu2 hok6
九龍寨城公園,gäu2 lung4 zai6 säng4 gung1 yüng4
九龍仔公園,gäu2 lung4 zäi2 gung1 yüng4
九泡,gäu2 pau1
九啤,gäu2 pe1
九片,gäu2 ping1
九十二萬,gäu2 säp6 yi6 mæng6
九肚村,gäu2 tu1 cüng1
九肚坑,gäu2 tu1 hæng1
狗肚山,gäu2 tu1 sæng1
九華徑新村,gäu2 wa4 gäng1 säng1 cüng1
九載,gäu2 zöi2
救恩學校,gäu1 yäng1 hok6 hau6
救世軍林拔中紀念學校,gäu1 säi1 gwäng1 läm4 bäk6 zung1 gi2 nim6 hok6 hau6
救世軍田家炳學校,gäu1 säi1 gwäng1 ting4 ga1 bäng2 hok6 hau6
救世軍中原慈善基金學校,gäu1 säi1 gwäng1 zung1 yüng4 ci4 sing6 gi1 gäm1 hok6 hau6
救世軍中原慈善基金皇后山學校,gäu1 säi1 gwäng1 zung1 yüng4 ci4 sing6 gi1 gäm1 wong4 häu6 sæng1 hok6 hau6
舊李屋村,gäu6 li1 uk2 cüng1
機場隧道,gi1 cöng4 söi6 däu6
箕勒仔,gi1 läk6 zäi2
機利士南路,gi1 li6 si6 nam4 lu6
基樂小學,gi1 lok6 siu2 hok6
基堤道,gi1 täi4 däu6
基華小學,gi1 wa4 siu2 hok6
幾萬班,gi2 mæng6 bæng1
幾萬打,gi2 mæng6 da1
幾萬頂,gi2 mæng6 deng2
幾萬滴,gi2 mæng6 däk6
幾萬朵,gi2 mæng6 do2
幾萬度,gi2 mæng6 du6
幾萬道,gi2 mæng6 däu6
幾萬番,gi2 mæng6 fæng1
幾萬棵,gi2 mæng6 fo2
幾萬間,gi2 mæng6 gæng1
幾萬掛,gi2 mæng6 gwa1
幾萬下,gi2 mæng6 ha1
幾萬行,gi2 mæng6 hong4
幾萬尾,gi2 mæng6 mi1
幾萬面,gi2 mæng6 ming6
幾萬泡,gi2 mæng6 pau1
幾萬啤,gi2 mæng6 pe1
幾萬片,gi2 mæng6 ping1
幾萬聲,gi2 mæng6 säng1
幾萬丈,gi2 mæng6 zöng6
幾萬載,gi2 mæng6 zöi2
幾萬種,gi2 mæng6 zung2
幾泡,gi2 pau1
幾啤,gi2 pe1
幾十打,gi2 säp6 da1
幾十頂,gi2 säp6 deng2
幾十滴,gi2 säp6 däk6
幾十朵,gi2 säp6 do2
幾十道,gi2 säp6 däu6
幾十番,gi2 säp6 fæng1
幾十棵,gi2 säp6 fo2
幾十掛,gi2 säp6 gwa1
幾十行,gi2 säp6 hong4
幾十尾,gi2 säp6 mi1
幾十面,gi2 säp6 ming6
幾十泡,gi2 säp6 pau1
幾十啤,gi2 säp6 pe1
幾十片,gi2 säp6 ping1
幾十聲,gi2 säp6 säng1
幾十丈,gi2 säp6 zöng6
幾十載,gi2 säp6 zöi2
幾載,gi2 zöi2
忌利文道,gi6 li6 mäng4 däu6
劍橋道,gim1 kiu4 däu6
堅樂第二小學,ging1 lok6 däi6 yi6 siu2 hok6
堅樂小學,ging1 lok6 siu2 hok6
堅樂中學,ging1 lok6 zung1 hok6
堅拿道東,ging1 na4 däu6 dung1
堅拿道天橋,ging1 na4 däu6 ting1 kiu4
堅彌地城海旁,ging1 ni4 di6 säng4 fui2 pong4
堅彌地城新海旁,ging1 ni4 di6 säng4 säng1 fui2 pong4
建樂街,ging1 lok6 gai1
建生商場,ging1 säng1 söng1 cöng4
建盛里,ging1 säng6 li1
建華街,ging1 wa4 gai1
京都念慈庵枇杷膏,gäng1 du1 nim6 ci4 äm1 pi4 pa4 gäu1
京士柏道,gäng1 si6 pæk2 däu6
京士柏山道,gäng1 si6 pæk2 sæng1 däu6
京華道,gäng1 wa4 däu6
經濟顧問辦公室,gäng1 zäi1 gwu1 mäng6 bæng6 gung1 säk2
警校道,gäng2 hau6 däu6
景明道,gäng2 mäng4 däu6
徑棚下,gäng1 pæng4 ha6
徑棚下路,gäng1 pæng4 ha6 lu6
歌頓道,go1 däng6 däu6
歌賦山道,go1 fu1 sæng1 däu6
歌連臣角道,go1 ling4 säng4 gok2 däu6
歌老打路,go1 läu1 da2 lu6
嗰打,go2 da1
嗰頂,go2 deng2
嗰滴,go2 däk6
嗰啤,go2 pe1
覺士道,gok2 si6 däu6
崗背村,gong1 bui1 cüng1
江富強,gong1 fu1 köng4
剛果民主共和國,gong1 gwo2 mäng4 zü2 gung6 wo4 gwok2
崗下,gong1 ha6
缸瓦嶺,gong1 nga1 leng1
港島民生,gong2 däu2 mäng4 säng1
港威大道,gong2 wäi1 dai6 däu6
港運城購物中心,gong2 wäng6 säng4 gäu1 mäk6 zung1 säm1
槓牀,gong1 cong4
降下坳營地,gong1 ha6 au1 yäng4 di6
鋼鑿,gong1 zok6
葛量洪號滅火輪展覽館,gwuk2 löng4 hung4 häu6 mik6 fo2 läng4 zing2 lam1 gwung2
高地頂,gäu1 di6 deng2
高輝道,gäu1 fäi1 däu6
高行路,gäu1 häng4 lu6
高嶺道,gäu1 leng1 däu6
高棚頂,gäu1 pæng4 deng2
高士美道,gäu1 si6 mi1 däu6
高上路,gäu1 söng6 lu6
高塘下洋,gäu1 tong4 ha6 yöng4
古坑道,gwu2 hæng1 däu6
谷埔老圍,guk2 bu1 läu1 wäi4
谷埔新屋下,guk2 bu1 säng1 uk2 ha6
谷柏道,guk2 pæk2 däu6
觀景山隧道,gwung1 gäng2 sæng1 söi6 däu6
官立嘉道理爵士小學,gwung1 läp6 ga1 däu6 li1 zök2 si6 siu2 hok6
觀塘功樂官立中學,gwung1 tong4 gung1 lok6 gwung1 läp6 zung1 hok6
觀塘仔灣,gwung1 tong4 zäi2 wæng1
觀仔,gwung1 zäi2
管青路,gwung2 cäng1 lu6
貫華里,gwung1 wa4 li1
工業貿易署,gung1 yip6 mäu6 yi6 cü1
功樂官中,gung1 lok6 gwung1 zung1
工商管理學士,gung1 söng1 gwung2 li1 hok6 si6
公仔灣,gung1 zäi2 wæng1
圭亞那人,gwäi1 a1 na1 yäng4
龜背灣泳灘,gwäi1 bui1 wæng1 wäng6 tæng1
龜頭嶺,gwäi1 täu4 leng1
貴翠街,gwäi1 cöi1 gai1
貴池徑,gwäi1 ci4 gäng1
貴坪街,gwäi1 päng4 gai1
桂成里,gwäi1 säng4 li1
貴華里,gwäi1 wa4 li1
桂華山中學,gwäi1 wa4 sæng1 zung1 hok6
鈞樂里,gwäng1 lok6 li1
郭怡雅神父紀念學校,gwok2 yi4 nga1 säng4 fu6 gi2 nim6 hok6 hau6
郭啟華,gwok2 käi2 wa4
國民學校,gwok2 mäng4 hok6 hau6
光明學校,gwong1 mäng4 hok6 hau6
光明英來學校,gwong1 mäng4 yäng1 löi4 hok6 hau6
光華廣場,gwong1 wa4 gwong2 cöng4
光之美少女,gwong1 zi1 mi1 siu1 nü1
廣東道官立小學,gwong2 dung1 däu6 gwung1 läp6 siu2 hok6
廣利道,gwong2 li6 däu6
廣成街,gwong2 säng4 gai1
蝦地下,ha1 di6 ha6
蝦尾新村,ha1 mi1 säng1 cüng1
蝦尾新村路,ha1 mi1 säng1 cüng1 lu6
下亞厘畢道,ha6 a1 li4 bäk2 däu6
下七木橋,ha6 cäk2 muk6 kiu4
下長沙泳灘,ha6 cöng4 sa1 wäng6 tæng1
下村塱,ha6 cüng1 long1
下花山,ha6 fa1 sæng1
下徑,ha6 gäng1
下角頭,ha6 gok2 täu4
下角咀,ha6 gok2 zöi2
下高埔村,ha6 gäu1 bu1 cüng1
下高灘,ha6 gäu1 tæng1
下高灘街,ha6 gäu1 tæng1 gai1
下鄉道,ha6 höng1 däu6
下香園,ha6 höng1 yüng4
下攸田村,ha6 yäu4 ting4 cüng1
下洋路,ha6 yöng4 lu6
下洋山,ha6 yöng4 sæng1
下洋新村,ha6 yöng4 säng1 cüng1
下洋新村路,ha6 yöng4 säng1 cüng1 lu6
下嶺皮,ha6 leng1 pi4
夏力道,ha6 läk6 däu6
下羅禮信道,ha6 lo4 läi1 säng1 däu6
廈尾路,ha6 mi1 lu6
下尾灣,ha6 mi1 wæng1
下尾咀,ha6 mi1 zöi2
下苗田,ha6 miu4 ting4
下山雞乙,ha6 sæng1 gäi1 yük2
下新圍路,ha6 säng1 wäi4 lu6
下城門道,ha6 säng4 mung4 däu6
下城門水塘,ha6 säng4 mung4 söi2 tong4
下田寮下,ha6 ting4 liu4 ha6
下灣村,ha6 wæng1 cüng1
下灣村東路,ha6 wæng1 cüng1 dung1 lu6
下灣村路,ha6 wæng1 cüng1 lu6
下灣漁民新村,ha6 wæng1 yü4 mäng4 säng1 cüng1
下禾坑,ha6 wo4 hæng1
下黃宜坳,ha6 wong4 yi4 au1
下竹園路,ha6 zuk2 yüng4 lu6
蟹鉗咀,hai1 kim4 zöi2
赫德道,hæk2 däk2 däu6
赫蘭道,hæk2 læng4 däu6
客家好棧,hæk2 ga1 häu2 zæng6
喀麥隆人,hæk2 mæk6 lung4 yäng4
坑背,hæng1 bui1
坑下莆,hæng1 ha6 pu4
坑口道,hæng1 häu2 däu6
坑尾頂村,hæng1 mi1 deng2 cüng1
校園徑,hau6 yüng4 gäng1
堪富利士道,häm1 fu1 li6 si6 däu6
堪薩斯城,häm1 sæk2 si1 säng4
堪仕達道,häm1 si6 dæk6 däu6
恆貴街,häng4 gwäi1 gai1
恆香老餅家,häng4 höng1 läu1 beng2 ga1
恆樂里,häng4 lok6 li1
恆柏道,häng4 pæk2 däu6
行善里,häng4 sing6 li1
恆城街,häng4 säng4 gai1
衡州道,häng4 zäu1 däu6
行政道,häng4 zäng1 däu6
行政路,häng4 zäng1 lu6
合一道,häp6 yäk2 däu6
合一堂學校,häp6 yäk2 tong4 hok6 hau6
合盛圍,häp6 säng6 wäi4
合桃街,häp6 täu4 gai1
厚和街,häu1 wo4 gai1
禧福道,hi1 fuk2 däu6
希慎道,hi1 säng6 däu6
喜靈洲路,hi2 läng4 zäu1 lu6
喜士路,hi2 si6 lu6
吃茶三千,hek2 ca4 sam1 cing1
許長青,hü2 cöng4 cäng1
許大同學校,hü2 dai6 tung4 hok6 hau6
軒德蓀道,hing1 däk2 süng1 däu6
軒尼詩道官立小學,hing1 ni4 si1 däu6 gwung1 läp6 siu2 hok6
顯貴里,hing2 gwäi1 li1
顯和里,hing2 wo4 li1
興貴街,häng1 gwäi1 gai1
興漢道,häng1 fung1 däu6
興華街西,häng1 wa4 gai1 säi1
興和街,häng1 wo4 gai1
慶平路,häng1 päng4 lu6
協和里,hip2 wo4 li1
曉波徑,hiu2 bo1 gäng1
可道中學,ho2 däu6 zung1 hok6
可銘學校,ho2 mäng4 hok6 hau6
可信學校,ho2 säng1 hok6 hau6
河傍街,ho4 bong6 gai1
河背村,ho4 bui1 cüng1
河背營地,ho4 bui1 yäng4 di6
荷里活廣場,ho4 li1 wuk6 gwong2 cöng4
荷李活商業中心,ho4 li1 wuk6 söng1 yip6 zung1 säm1
河瀝背,ho4 läk6 bui1
河瀝背街,ho4 läk6 bui1 gai1
河上鄉,ho4 söng6 höng1
河上鄉路,ho4 söng6 höng1 lu6
荷塘道,ho4 tong4 däu6
賀國強,ho6 gwok2 köng4
香島道官立小學,höng1 däu2 däu6 gwung1 läp6 siu2 hok6
香港潮商學校,höng1 gong2 ciu4 söng1 hok6 hau6
香港單車館公園,höng1 gong2 dæng1 ce1 gwung2 gung1 yüng4
香港都會大學,höng1 gong2 du1 wui6 dai6 hok6
香港嘉諾撒學校,höng1 gong2 ga1 nok6 sæk2 hok6 hau6
香港交易所,höng1 gong2 gau1 yi6 so2
香港金融大會堂,höng1 gong2 gäm1 yung4 dai6 wui6 tong4
香港經濟貿易辦事處,höng1 gong2 gäng1 zäi1 mäu6 yi6 bæng6 si6 cü1
香港航海學校,höng1 gong2 hong4 fui2 hok6 hau6
香港普通話研習社科技創意小學,höng1 gong2 pu2 tung1 wa6 ying4 zap6 se1 fo1 gi6 cong1 yi1 siu2 hok6
香港培道小學,höng1 gong2 pui4 däu6 siu2 hok6
香港培道中學,höng1 gong2 pui4 däu6 zung1 hok6
香港視覺藝術中心,höng1 gong2 si6 gok2 ngäi6 säk6 zung1 säm1
香港城市大學,höng1 gong2 säng4 si1 dai6 hok6
香港仔大道,höng1 gong2 zäi2 dai6 däu6
香港仔舊大街,höng1 gong2 zäi2 gäu6 dai6 gai1
香港仔工業學校,höng1 gong2 zäi2 gung1 yip6 hok6 hau6
香港仔海傍道,höng1 gong2 zäi2 fui2 bong6 däu6
香港仔海峽,höng1 gong2 zäi2 fui2 hap6
香港仔水塘道,höng1 gong2 zäi2 söi2 tong4 däu6
香港仔隧道,höng1 gong2 zäi2 söi6 däu6
香港仔聖伯多祿天主教小學,höng1 gong2 zäi2 säng1 bæk2 do1 luk6 ting1 zü2 gäu1 siu2 hok6
香港仔中心商場,höng1 gong2 zäi2 zung1 säm1 söng1 cöng4
香港浸會大學,höng1 gong2 zäm1 wui6 dai6 hok6
香港中華煤氣有限公司,höng1 gong2 zung1 wa4 mui4 hi1 yäu1 hæng6 gung1 si1
香港專業進修學校,höng1 gong2 züng1 yip6 zäng1 säu1 hok6 hau6
香海正覺蓮社佛教陳式宏學校,höng1 fui2 zäng1 gok2 ling4 se1 fäk6 gäu1 cäng4 säk2 wäng4 hok6 hau6
香海正覺蓮社佛教梁植偉中學,höng1 fui2 zäng1 gok2 ling4 se1 fäk6 gäu1 löng4 zäk6 wäi1 zung1 hok6
香海正覺蓮社佛教馬錦燦紀念英文中學,höng1 fui2 zäng1 gok2 ling4 se1 fäk6 gäu1 ma1 gäm2 cæng1 gi2 nim6 yäng1 mäng4 zung1 hok6
香海正覺蓮社佛教黃藻森學校,höng1 fui2 zäng1 gok2 ling4 se1 fäk6 gäu1 wong4 zäu2 säm1 hok6 hau6
香海正覺蓮社佛教正覺蓮社學校,höng1 fui2 zäng1 gok2 ling4 se1 fäk6 gäu1 zäng1 gok2 ling4 se1 hok6 hau6
香海正覺蓮社佛教正覺中學,höng1 fui2 zäng1 gok2 ling4 se1 fäk6 gäu1 zäng1 gok2 zung1 hok6
香雪道,höng1 sük2 däu6
享成街,höng2 säng4 gai1
享和街,höng2 wo4 gai1
開平道,fui1 päng4 däu6
海壩新村第二段,fui2 ba1 säng1 cüng1 däi6 yi6 düng6
海傍道,fui2 bong6 däu6
海傍街,fui2 bong6 gai1
海背嶺,fui2 bui1 leng1
海輝道,fui2 fäi1 däu6
海貴路,fui2 gwäi1 lu6
海下路,fui2 ha6 lu6
海逸道,fui2 yäk6 däu6
海映路,fui2 yäng2 lu6
海洋公園道,fui2 yöng4 gung1 yüng4 däu6
海浪徑,fui2 long6 gäng1
海盛路,fui2 säng6 lu6
海灘道,fui2 tæng1 däu6
海華路,fui2 wa4 lu6
殼仔排,hok2 zäi2 pai4
鶴藪道,hok6 däu1 däu6
鶴藪灌溉水塘,hok6 däu1 gwung1 kwui1 söi2 tong4
鶴藪營地,hok6 däu1 yäng4 di6
鶴藪排,hok6 däu1 pai4
鶴藪圍,hok6 däu1 wäi4
學校路,hok6 hau6 lu6
鶴岩頂,hok6 ngam4 deng2
鶴山學校,hok6 sæng1 hok6 hau6
鶴咀道,hok6 zöi2 däu6
鶴咀下村,hok6 zöi2 ha6 cüng1
漢寧頓道,fung1 näng4 däng6 däu6
康德道,hong1 däk2 däu6
康強街,hong1 köng4 gai1
康利道,hong1 li6 däu6
康樂道,hong1 lok6 däu6
康樂東路,hong1 lok6 dung1 lu6
康樂街,hong1 lok6 gai1
康樂園路,hong1 lok6 yüng4 lu6
康樂西路,hong1 lok6 säi1 lu6
康樂中學,hong1 lok6 zung1 hok6
康柏徑,hong1 pæk2 gäng1
康平街,hong1 päng4 gai1
康山道,hong1 sæng1 däu6
康山道天橋,hong1 sæng1 däu6 ting1 kiu4
康城徑,hong1 säng4 gäng1
康盛街,hong1 säng6 gai1
匡湖購物中心,hong1 wu4 gäu1 mäk6 zung1 säm1
航天城東路,hong4 ting1 säng4 dung1 lu6
航天城路,hong4 ting1 säng4 lu6
航展道,hong4 zing2 däu6
巷尾村,hong6 mi1 cüng1
巷仔街,hong6 zäi2 gai1
好景街,häu2 gäng2 gai1
好景台,häu2 gäng2 töi4
好利街,häu2 li6 gai1
皓齒硃脣,häu6 ci2 zü1 säng4
浩和街,häu6 wo4 gai1
孔嶺,hung2 leng1
孔雀道,hung2 zök2 däu6
紅車厘,hung4 ce1 li4
洪都拉斯人,hung4 du1 lai1 si1 yäng4
紅花嶺,hung4 fa1 leng1
紅磡海底隧道,hung4 häm1 fui2 däi2 söi6 däu6
紅磡南道,hung4 häm1 nam4 däu6
紅磡信義學校,hung4 häm1 säng1 yi6 hok6 hau6
鴻興道,hung4 häng1 däu6
鴻興道天橋,hung4 häng1 däu6 ting1 kiu4
紅荷路,hung4 ho4 lu6
鴻鵠之志,hung4 huk6 zi1 zi1
紅荔道,hung4 läi6 däu6
紅樂道,hung4 lok6 däu6
紅毛潭,hung4 mäu4 tam4
紅梅路,hung4 mui4 lu6
洪柏琪,hung4 pæk2 ki4
洪柏路,hung4 pæk2 lu6
洪平路,hung4 päng4 lu6
紅山道,hung4 sæng1 däu6
音樂課,yäm1 lok6 fo1
陰仔,yäm1 zäi2
陰仔灣,yäm1 zäi2 wæng1
欣翔道,yäng1 cöng4 däu6
因特拉肯大道,yäng1 däk6 lai1 häng2 dai6 däu6
恩賈梅納,yäng1 ga2 mui4 nap6
恩平道,yäng1 päng4 däu6
欣盛里,yäng1 säng6 li1
欣華街,yäng1 wa4 gai1
印第安納波利斯,yäng1 däi6 wung1 nap6 bo1 li6 si1
仁樂坊,yäng4 lok6 fong1
人和里,yäng4 wo4 li1
一百八十二,yäk2 bæk2 bæk2 säp6 yi6
一百七十二,yäk2 bæk2 cäk2 säp6 yi6
一百九十二,yäk2 bæk2 gäu2 säp6 yi6
一百幾十班,yäk2 bæk2 gi2 säp6 bæng1
一百幾十打,yäk2 bæk2 gi2 säp6 da1
一百幾十頂,yäk2 bæk2 gi2 säp6 deng2
一百幾十滴,yäk2 bæk2 gi2 säp6 däk6
一百幾十朵,yäk2 bæk2 gi2 säp6 do2
一百幾十度,yäk2 bæk2 gi2 säp6 du6
一百幾十道,yäk2 bæk2 gi2 säp6 däu6
一百幾十番,yäk2 bæk2 gi2 säp6 fæng1
一百幾十棵,yäk2 bæk2 gi2 säp6 fo2
一百幾十間,yäk2 bæk2 gi2 säp6 gæng1
一百幾十掛,yäk2 bæk2 gi2 säp6 gwa1
一百幾十下,yäk2 bæk2 gi2 säp6 ha1
一百幾十行,yäk2 bæk2 gi2 säp6 hong4
一百幾十尾,yäk2 bæk2 gi2 säp6 mi1
一百幾十面,yäk2 bæk2 gi2 säp6 ming6
一百幾十泡,yäk2 bæk2 gi2 säp6 pau1
一百幾十啤,yäk2 bæk2 gi2 säp6 pe1
一百幾十片,yäk2 bæk2 gi2 säp6 ping1
一百幾十聲,yäk2 bæk2 gi2 säp6 säng1
一百幾十丈,yäk2 bæk2 gi2 säp6 zöng6
一百幾十載,yäk2 bæk2 gi2 säp6 zöi2
一百幾十種,yäk2 bæk2 gi2 säp6 zung2
一百一十二,yäk2 bæk2 yäk2 säp6 yi6
一百二十八,yäk2 bæk2 yi6 säp6 bæk2
一百二十七,yäk2 bæk2 yi6 säp6 cäk2
一百二十九,yäk2 bæk2 yi6 säp6 gäu2
一百二十一,yäk2 bæk2 yi6 säp6 yäk2
一百二十二,yäk2 bæk2 yi6 säp6 yi6
一百二十六,yäk2 bæk2 yi6 säp6 luk6
一百二十萬,yäk2 bæk2 yi6 säp6 mæng6
一百二十五,yäk2 bæk2 yi6 säp6 ng1
一百二十三,yäk2 bæk2 yi6 säp6 sam1
一百二十四,yäk2 bæk2 yi6 säp6 si1
一百零二,yäk2 bæk2 läng4 yi6
一百六十二,yäk2 bæk2 luk6 säp6 yi6
一百五十二,yäk2 bæk2 ng1 säp6 yi6
一百三十二,yäk2 bæk2 sam1 säp6 yi6
一百四十二,yäk2 bæk2 si1 säp6 yi6
一千幾百班,yäk2 cing1 gi2 bæk2 bæng1
一千幾百打,yäk2 cing1 gi2 bæk2 da1
一千幾百頂,yäk2 cing1 gi2 bæk2 deng2
一千幾百滴,yäk2 cing1 gi2 bæk2 däk6
一千幾百朵,yäk2 cing1 gi2 bæk2 do2
一千幾百度,yäk2 cing1 gi2 bæk2 du6
一千幾百道,yäk2 cing1 gi2 bæk2 däu6
一千幾百番,yäk2 cing1 gi2 bæk2 fæng1
一千幾百棵,yäk2 cing1 gi2 bæk2 fo2
一千幾百間,yäk2 cing1 gi2 bæk2 gæng1
一千幾百掛,yäk2 cing1 gi2 bæk2 gwa1
一千幾百下,yäk2 cing1 gi2 bæk2 ha1
一千幾百行,yäk2 cing1 gi2 bæk2 hong4
一千幾百尾,yäk2 cing1 gi2 bæk2 mi1
一千幾百面,yäk2 cing1 gi2 bæk2 ming6
一千幾百泡,yäk2 cing1 gi2 bæk2 pau1
一千幾百啤,yäk2 cing1 gi2 bæk2 pe1
一千幾百片,yäk2 cing1 gi2 bæk2 ping1
一千幾百聲,yäk2 cing1 gi2 bæk2 säng1
一千幾百丈,yäk2 cing1 gi2 bæk2 zöng6
一千幾百載,yäk2 cing1 gi2 bæk2 zöi2
一千幾百種,yäk2 cing1 gi2 bæk2 zung2
一千二百萬,yäk2 cing1 yi6 bæk2 mæng6
一千兩百,yäk2 cing1 löng1 bæk2
一千兩百萬,yäk2 cing1 löng1 bæk2 mæng6
一兩把,yäk2 löng1 ba2
一兩筆,yäk2 löng1 bäk2
一兩尺,yäk2 löng1 cek2
一兩齣,yäk2 löng1 cäk2
一兩程,yäk2 löng1 cäng4
一兩桌,yäk2 löng1 cök2
一兩束,yäk2 löng1 cuk2
一兩串,yäk2 löng1 cüng1
一兩吋,yäk2 löng1 cüng1
一兩寸,yäk2 löng1 cüng1
一兩打,yäk2 löng1 da1
一兩頂,yäk2 löng1 deng2
一兩堆,yäk2 löng1 döi1
一兩對,yäk2 löng1 döi1
一兩噸,yäk2 löng1 däng1
一兩頓,yäk2 löng1 däng6
一兩碟,yäk2 löng1 dip6
一兩朵,yäk2 löng1 do2
一兩道,yäk2 löng1 däu6
一兩番,yäk2 löng1 fæng1
一兩發,yäk2 löng1 fæk2
一兩伙,yäk2 löng1 fo2
一兩棵,yäk2 löng1 fo2
一兩顆,yäk2 löng1 fo2
一兩方,yäk2 löng1 fong1
一兩副,yäk2 löng1 fu1
一兩幅,yäk2 löng1 fuk2
一兩服,yäk2 löng1 fuk6
一兩家,yäk2 löng1 ga1
一兩斤,yäk2 löng1 gäng1
一兩根,yäk2 löng1 gäng1
一兩記,yäk2 löng1 gi1
一兩具,yäk2 löng1 gü6
一兩缸,yäk2 löng1 gong1
一兩罐,yäk2 löng1 gwung1
一兩掛,yäk2 löng1 gwa1
一兩口,yäk2 löng1 häu2
一兩行,yäk2 löng1 hong4
一兩項,yäk2 löng1 hong6
一兩羣,yäk2 löng1 kwäng4
一兩縷,yäk2 löng1 läu1
一兩厘,yäk2 löng1 li4
一兩列,yäk2 löng1 lik6
一兩籮,yäk2 löng1 lo4
一兩両,yäk2 löng1 löng2
一兩尾,yäk2 löng1 mi1
一兩面,yäk2 löng1 ming6
一兩名,yäk2 löng1 mäng4
一兩枚,yäk2 löng1 mui4
一兩門,yäk2 löng1 mung4
一兩泡,yäk2 löng1 pau1
一兩批,yäk2 löng1 päi1
一兩匹,yäk2 löng1 päk2
一兩疋,yäk2 löng1 päk2
一兩啤,yäk2 löng1 pe1
一兩片,yäk2 löng1 ping1
一兩瓶,yäk2 löng1 päng4
一兩撇,yäk2 löng1 pik2
一兩瓢,yäk2 löng1 piu4
一兩艘,yäk2 löng1 säu2
一兩扇,yäk2 löng1 sing1
一兩所,yäk2 löng1 so2
一兩箱,yäk2 löng1 söng1
一兩雙,yäk2 löng1 söng1
一兩灘,yäk2 löng1 tæng1
一兩頭,yäk2 löng1 täu4
一兩台,yäk2 löng1 töi4
一兩趟,yäk2 löng1 tong1
一兩團,yäk2 löng1 tüng4
一兩户,yäk2 löng1 wu6
一兩碗,yäk2 löng1 wung2
一兩盞,yäk2 löng1 zæng2
一兩劑,yäk2 löng1 zäi1
一兩則,yäk2 löng1 zäk2
一兩幀,yäk2 löng1 zing1
一兩節,yäk2 löng1 zik2
一兩丈,yäk2 löng1 zöng6
一兩載,yäk2 löng1 zöi2
一兩宗,yäk2 löng1 zung1
一兩盅,yäk2 löng1 zung1
一兩株,yäk2 löng1 zü1
一兩尊,yäk2 löng1 züng1
一萬幾千班,yäk2 mæng6 gi2 cing1 bæng1
一萬幾千打,yäk2 mæng6 gi2 cing1 da1
一萬幾千頂,yäk2 mæng6 gi2 cing1 deng2
一萬幾千滴,yäk2 mæng6 gi2 cing1 däk6
一萬幾千朵,yäk2 mæng6 gi2 cing1 do2
一萬幾千度,yäk2 mæng6 gi2 cing1 du6
一萬幾千道,yäk2 mæng6 gi2 cing1 däu6
一萬幾千番,yäk2 mæng6 gi2 cing1 fæng1
一萬幾千棵,yäk2 mæng6 gi2 cing1 fo2
一萬幾千間,yäk2 mæng6 gi2 cing1 gæng1
一萬幾千掛,yäk2 mæng6 gi2 cing1 gwa1
一萬幾千下,yäk2 mæng6 gi2 cing1 ha1
一萬幾千行,yäk2 mæng6 gi2 cing1 hong4
一萬幾千尾,yäk2 mæng6 gi2 cing1 mi1
一萬幾千面,yäk2 mæng6 gi2 cing1 ming6
一萬幾千泡,yäk2 mæng6 gi2 cing1 pau1
一萬幾千啤,yäk2 mæng6 gi2 cing1 pe1
一萬幾千片,yäk2 mæng6 gi2 cing1 ping1
一萬幾千聲,yäk2 mæng6 gi2 cing1 säng1
一萬幾千丈,yäk2 mæng6 gi2 cing1 zöng6
一萬幾千載,yäk2 mæng6 gi2 cing1 zöi2
一萬幾千種,yäk2 mæng6 gi2 cing1 zung2
一載,yäk2 zöi2
日系生活,yäk6 häi6 säng1 wuk6
逸林道,yäk6 läm4 däu6
丘嶺,yäu1 läng1
優質教育基金,yäu1 zäk2 gäu1 yuk6 gi1 gäm1
油庫路,yäu4 fu1 lu6
油街實現,yäu4 gai1 säk6 ying6
油柑頭,yäu4 gäm1 täu4
油柑頭村,yäu4 gäm1 täu4 cüng1
油缸路,yäu4 gong1 lu6
魷魚灣村道,yäu4 yü4 wæng1 cüng1 däu6
油麻地交匯處,yäu4 ma4 di6 gau1 wui6 cü1
油麻磡村,yäu4 ma4 häm1 cüng1
油麻磡路,yäu4 ma4 häm1 lu6
油麻莆,yäu4 ma4 pu4
油麻莆街,yäu4 ma4 pu4 gai1
油塘道,yäu4 tong4 däu6
油塘基顯小學,yäu4 tong4 gi1 hing2 siu2 hok6
油塘里,yäu4 tong4 li1
油渣埔,yäu4 za1 bu1
尤曾家麗,yäu4 zäng1 ga1 läi6
有丈,yäu1 zöng6
又一居道,yäu6 yäk2 gü1 däu6
依家點坐,yi1 ga1 dim2 co1
伊麗莎白港,yi1 läi6 sa1 bæk6 gong2
伊利近街,yi1 li6 gäng6 gai1
伊斯蘭學校,yi1 si1 læng4 hok6 hau6
而家點坐,yi4 ga1 dim2 co1
怡景道,yi4 gäng2 däu6
怡樂街,yi4 lok6 gai1
怡樂徑,yi4 lok6 gäng1
怡盛街,yi4 säng6 gai1
怡盛里,yi4 säng6 li1
二百八十八,yi6 bæk2 bæk2 säp6 bæk2
二百八十七,yi6 bæk2 bæk2 säp6 cäk2
二百八十九,yi6 bæk2 bæk2 säp6 gäu2
二百八十一,yi6 bæk2 bæk2 säp6 yäk2
二百八十二,yi6 bæk2 bæk2 säp6 yi6
二百八十六,yi6 bæk2 bæk2 säp6 luk6
二百八十萬,yi6 bæk2 bæk2 säp6 mæng6
二百八十五,yi6 bæk2 bæk2 säp6 ng1
二百八十三,yi6 bæk2 bæk2 säp6 sam1
二百八十四,yi6 bæk2 bæk2 säp6 si1
二百七十八,yi6 bæk2 cäk2 säp6 bæk2
二百七十七,yi6 bæk2 cäk2 säp6 cäk2
二百七十九,yi6 bæk2 cäk2 säp6 gäu2
二百七十一,yi6 bæk2 cäk2 säp6 yäk2
二百七十二,yi6 bæk2 cäk2 säp6 yi6
二百七十六,yi6 bæk2 cäk2 säp6 luk6
二百七十萬,yi6 bæk2 cäk2 säp6 mæng6
二百七十五,yi6 bæk2 cäk2 säp6 ng1
二百七十三,yi6 bæk2 cäk2 säp6 sam1
二百七十四,yi6 bæk2 cäk2 säp6 si1
二百九十八,yi6 bæk2 gäu2 säp6 bæk2
二百九十七,yi6 bæk2 gäu2 säp6 cäk2
二百九十九,yi6 bæk2 gäu2 säp6 gäu2
二百九十一,yi6 bæk2 gäu2 säp6 yäk2
二百九十二,yi6 bæk2 gäu2 säp6 yi6
二百九十六,yi6 bæk2 gäu2 säp6 luk6
二百九十萬,yi6 bæk2 gäu2 säp6 mæng6
二百九十五,yi6 bæk2 gäu2 säp6 ng1
二百九十三,yi6 bæk2 gäu2 säp6 sam1
二百九十四,yi6 bæk2 gäu2 säp6 si1
二百一十八,yi6 bæk2 yäk2 säp6 bæk2
二百一十七,yi6 bæk2 yäk2 säp6 cäk2
二百一十九,yi6 bæk2 yäk2 säp6 gäu2
二百一十一,yi6 bæk2 yäk2 säp6 yäk2
二百一十二,yi6 bæk2 yäk2 säp6 yi6
二百一十六,yi6 bæk2 yäk2 säp6 luk6
二百一十萬,yi6 bæk2 yäk2 säp6 mæng6
二百一十五,yi6 bæk2 yäk2 säp6 ng1
二百一十三,yi6 bæk2 yäk2 säp6 sam1
二百一十四,yi6 bæk2 yäk2 säp6 si1
二百二十八,yi6 bæk2 yi6 säp6 bæk2
二百二十七,yi6 bæk2 yi6 säp6 cäk2
二百二十九,yi6 bæk2 yi6 säp6 gäu2
二百二十一,yi6 bæk2 yi6 säp6 yäk2
二百二十二,yi6 bæk2 yi6 säp6 yi6
二百二十六,yi6 bæk2 yi6 säp6 luk6
二百二十萬,yi6 bæk2 yi6 säp6 mæng6
二百二十五,yi6 bæk2 yi6 säp6 ng1
二百二十三,yi6 bæk2 yi6 säp6 sam1
二百二十四,yi6 bæk2 yi6 säp6 si1
二百零八,yi6 bæk2 läng4 bæk2
二百零七,yi6 bæk2 läng4 cäk2
二百零九,yi6 bæk2 läng4 gäu2
二百零二,yi6 bæk2 läng4 yi6
二百零六,yi6 bæk2 läng4 luk6
二百零五,yi6 bæk2 läng4 ng1
二百零三,yi6 bæk2 läng4 sam1
二百零四,yi6 bæk2 läng4 si1
二百六十八,yi6 bæk2 luk6 säp6 bæk2
二百六十七,yi6 bæk2 luk6 säp6 cäk2
二百六十九,yi6 bæk2 luk6 säp6 gäu2
二百六十一,yi6 bæk2 luk6 säp6 yäk2
二百六十二,yi6 bæk2 luk6 säp6 yi6
二百六十六,yi6 bæk2 luk6 säp6 luk6
二百六十萬,yi6 bæk2 luk6 säp6 mæng6
二百六十五,yi6 bæk2 luk6 säp6 ng1
二百六十三,yi6 bæk2 luk6 säp6 sam1
二百六十四,yi6 bæk2 luk6 säp6 si1
二百五十八,yi6 bæk2 ng1 säp6 bæk2
二百五十七,yi6 bæk2 ng1 säp6 cäk2
二百五十九,yi6 bæk2 ng1 säp6 gäu2
二百五十一,yi6 bæk2 ng1 säp6 yäk2
二百五十二,yi6 bæk2 ng1 säp6 yi6
二百五十六,yi6 bæk2 ng1 säp6 luk6
二百五十萬,yi6 bæk2 ng1 säp6 mæng6
二百五十五,yi6 bæk2 ng1 säp6 ng1
二百五十三,yi6 bæk2 ng1 säp6 sam1
二百五十四,yi6 bæk2 ng1 säp6 si1
二百三十八,yi6 bæk2 sam1 säp6 bæk2
二百三十七,yi6 bæk2 sam1 säp6 cäk2
二百三十九,yi6 bæk2 sam1 säp6 gäu2
二百三十一,yi6 bæk2 sam1 säp6 yäk2
二百三十二,yi6 bæk2 sam1 säp6 yi6
二百三十六,yi6 bæk2 sam1 säp6 luk6
二百三十萬,yi6 bæk2 sam1 säp6 mæng6
二百三十五,yi6 bæk2 sam1 säp6 ng1
二百三十三,yi6 bæk2 sam1 säp6 sam1
二百三十四,yi6 bæk2 sam1 säp6 si1
二百四十八,yi6 bæk2 si1 säp6 bæk2
二百四十七,yi6 bæk2 si1 säp6 cäk2
二百四十九,yi6 bæk2 si1 säp6 gäu2
二百四十一,yi6 bæk2 si1 säp6 yäk2
二百四十二,yi6 bæk2 si1 säp6 yi6
二百四十六,yi6 bæk2 si1 säp6 luk6
二百四十萬,yi6 bæk2 si1 säp6 mæng6
二百四十五,yi6 bæk2 si1 säp6 ng1
二百四十三,yi6 bæk2 si1 säp6 sam1
二百四十四,yi6 bæk2 si1 säp6 si1
二白坳,yi6 bæk6 au1
二白灣,yi6 bæk6 wæng1
二陂圳,yi6 bi1 zäng1
二陂圳路,yi6 bi1 zäng1 lu6
二陂圳新村,yi6 bi1 zäng1 säng1 cüng1
義本道,yi6 bung2 däu6
二千八百萬,yi6 cing1 bæk2 bæk2 mæng6
二千七百萬,yi6 cing1 cäk2 bæk2 mæng6
二千九百萬,yi6 cing1 gäu2 bæk2 mæng6
二千一百萬,yi6 cing1 yäk2 bæk2 mæng6
二千二百萬,yi6 cing1 yi6 bæk2 mæng6
二千六百萬,yi6 cing1 luk6 bæk2 mæng6
二千五百萬,yi6 cing1 ng1 bæk2 mæng6
二千三百萬,yi6 cing1 sam1 bæk2 mæng6
二千四百萬,yi6 cing1 si1 bæk2 mæng6
二嶺,yi6 leng1
二浪,yi6 long6
二浪排,yi6 long6 pai4
二浪灣,yi6 long6 wæng1
二澳舊村,yi6 au1 gäu6 cüng1
二澳口,yi6 au1 häu2
二澳新村,yi6 au1 säng1 cüng1
二十八萬,yi6 säp6 bæk2 mæng6
二十七萬,yi6 säp6 cäk2 mæng6
二十九萬,yi6 säp6 gäu2 mæng6
二十一萬,yi6 säp6 yäk2 mæng6
二十二萬,yi6 säp6 yi6 mæng6
二十六萬,yi6 säp6 luk6 mæng6
二十三萬,yi6 säp6 sam1 mæng6
二十四萬,yi6 säp6 si1 mæng6
二肚,yi6 tu1
易智遠,yi6 zi1 yüng1
醃尖麻米,yim1 zim1 ma4 mai1
奄尖聲悶,yim1 zim1 säng1 mung6
淹尖聲悶,yim1 zim1 säng1 mung6
醃尖聲悶,yim1 zim1 säng1 mung6
醃尖腥悶,yim1 zim1 säng1 mung6
醃臢腥悶,yim1 zim1 säng1 mung6
鹽寮下,yim4 liu4 ha6
鹽灶下,yim4 zäu1 ha6
豔如桃李,yim6 yü4 täu4 li1
延文禮士道,ying4 mäng4 läi1 si6 däu6
延坪道,ying4 päng4 däu6
研食社,ying4 säk6 se1
賢華街,ying4 wa4 gai1
鷹潭,yäng1 tam4
櫻桃徑,yäng1 täu4 gäng1
英華街,yäng1 wa4 gai1
英華女學校,yäng1 wa4 nü1 hok6 hau6
英華小學,yäng1 wa4 siu2 hok6
映河路,yäng2 ho4 lu6
應善良美經援村,yäng1 sing6 löng4 mi1 gäng1 wung4 cüng1
迎樂路,yäng4 lok6 lu6
營盤下,yäng4 pung4 ha6
葉泓聲,yip6 wäng4 säng1
業和街,yip6 wo4 gai1
葉智強,yip6 zi1 köng4
葉中月,yip6 zung1 ngük6
姚連生中學,yiu4 ling4 säng1 zung1 hok6
饒舌調脣,yiu4 sik6 tiu4 säng4
耀道小學,yiu6 däu6 siu2 hok6
耀興道,yiu6 häng1 däu6
耀山學校,yiu6 sæng1 hok6 hau6
耀華街,yiu6 wa4 gai1
楊青路,yöng4 cäng1 lu6
楊孝華,yöng4 hau1 wa4
釀青椒,yöng6 ceng1 ziu1
釀茄子,yöng6 kö4 zi2
旭昇道,yuk2 säng1 däu6
育青里,yuk6 cäng1 li1
育才道,yuk6 cöi4 däu6
育賢學校,yuk6 ying4 hok6 hau6
玉成街,yuk6 säng4 gai1
雍盛商場,yung1 säng6 söng1 cöng4
湧浪路,yung2 long6 lu6
榕樹凹灣,yung4 sü6 au1 wæng1
漁暉道,yü4 fäi1 däu6
余近卿,yü4 gäng6 häng1
愉景山道,yü4 gäng2 sæng1 däu6
愉景灣道,yü4 gäng2 wæng1 däu6
愉景灣隧道,yü4 gäng2 wæng1 söi6 däu6
餘樂里,yü4 lok6 li1
漁安苑道,yü4 wung1 yüng2 däu6
魚片頭,yü4 ping2 täu4
魚市場道,yü4 si1 cöng4 däu6
余振強紀念第二中學,yü4 zäng1 köng4 gi2 nim6 däi6 yi6 zung1 hok6
余振強紀念中學,yü4 zäng1 köng4 gi2 nim6 zung1 hok6
圓桌第二村,yüng4 cök2 däi6 yi6 cüng1
圓玄二中,yüng4 yüng4 yi6 zung1
鉛礦凹街,yüng4 kwong1 au1 gai1
園林大道,yüng4 läm4 dai6 däu6
元嶺,yüng4 leng1
元嶺仔,yüng4 leng1 zäi2
圓嶺仔,yüng4 leng1 zäi2
元朗寶覺小學,yüng4 long1 bäu2 gok2 siu2 hok6
元朗東成里路,yüng4 long1 dung1 säng4 li1 lu6
元朗康樂路,yüng4 long1 hong1 lok6 lu6
元朗安樂路,yüng4 long1 wung1 lok6 lu6
元朗炮仗坊,yüng4 long1 pau1 zöng6 fong1
元洲仔里,yüng4 zäu1 zäi2 li1
軟硬天師,yüng1 ngæng6 ting1 si1
月街,ngük6 gai1
月桂徑,ngük6 gwäi1 gäng1
月園街,ngük6 yüng4 gai1
月輪街,ngük6 läng4 gai1
越南會館,yük6 nam4 wui6 gwung2
卡拉什人,ka1 lai1 säp6 yäng4
卡連拿徑,ka1 ling4 na4 gäng1
卡米爾徑,ka1 mai1 yi1 gäng1
卡薩布蘭加,ka1 sæk2 bu1 læng4 ga1
卡斯翠,ka1 si1 cöi1
卡塔爾人,ka1 tap2 yi1 yäng4
啟超道,käi2 ciu1 däu6
啟祥道,käi2 cöng4 däu6
啟祥道天橋,käi2 cöng4 däu6 ting1 kiu4
啟德道,käi2 däk2 däu6
啟德橋道,käi2 däk2 kiu4 däu6
啟福道天橋,käi2 fuk2 däu6 ting1 kiu4
啟基學校,käi2 gi1 hok6 hau6
啟興道,käi2 häng1 däu6
啟業道,käi2 yip6 däu6
啟禮道,käi2 läi1 däu6
啟樂街,käi2 lok6 gai1
啟新道,käi2 säng1 däu6
啟信道,käi2 säng1 däu6
啟信學校,käi2 säng1 hok6 hau6
啟成街,käi2 säng4 gai1
啟華街,käi2 wa4 gai1
啟和路,käi2 wo4 lu6
蠄蟧磡,käm4 läu4 häm1
蠄蟧灣,käm4 läu4 wæng1
麒青街,ki4 cäng1 gai1
祈禮士道,ki4 läi1 si6 däu6
耆那教,ki4 na1 gäu1
企嶺,ki1 leng1
企嶺下海,ki1 leng1 ha6 fui2
企嶺下老圍,ki1 leng1 ha6 läu1 wäi4
企嶺下新圍,ki1 leng1 ha6 säng1 wäi4
企頭角頂,ki1 täu4 gok2 deng2
乾坑,king4 hæng1
乾門咀,king4 mung4 zöi2
乾秀里,king4 säu1 li1
僑福道,kiu4 fuk2 däu6
橋下路,kiu4 ha6 lu6
橋樂坊,kiu4 lok6 fong1
橋盛街,kiu4 säng6 gai1
強業街,köng4 yip6 gai1
郝德傑道,kok2 däk2 gik6 däu6
抗老化,kong1 läu1 fa1
曲奇四重奏,kuk2 ki4 si1 cung1 zäu1
葵青路,kwäi4 cäng1 lu6
葵益道,kwäi4 yäk2 däu6
葵樂街,kwäi4 lok6 gai1
葵安道,kwäi4 wung1 däu6
葵盛東商場,kwäi4 säng6 dung1 söng1 cöng4
葵盛游泳池,kwäi4 säng6 yäu4 wäng6 ci4
葵盛信義學校,kwäi4 säng6 säng1 yi6 hok6 hau6
葵和街,kwäi4 wo4 gai1
鄺漢生,kwong1 fung1 säng1
癩痢仔,lai1 li6 zäi2
藍田循道衞理小學,lam4 ting4 cäng4 däu6 wäi6 li1 siu2 hok6
纜車徑,lam6 ce1 gäng1
纜車里,lam6 ce1 li1
蘭芳道,læng4 fong1 däu6
蘭開夏道,læng4 fui1 ha6 däu6
蘭秀道,læng4 säu1 däu6
爛角咀,læng6 gok2 zöi2
爛泥灣,læng6 näi4 wæng1
爛泥灣村,læng6 näi4 wæng1 cüng1
爛船排,læng6 süng4 pai4
黎俊華,läi4 zäng1 wa4
黎志華,läi4 zi1 wa4
禮樂街,läi1 lok6 gai1
麗都花園商場,läi6 du1 fa1 yüng4 söng1 cöng4
麗都灣泳灘,läi6 du1 wæng1 wäng6 tæng1
麗梨花街,läi6 li4 fa1 gai1
麗城廣場,läi6 säng4 gwong2 cöng4
麗華街,läi6 wa4 gai1
麗華中心,läi6 wa4 zung1 säm1
荔灣道,läi6 wæng1 däu6
荔枝嶺路,läi6 zi1 leng1 lu6
林村公立黃福鑾紀念學校,läm4 cüng1 gung1 läp6 wong4 fuk2 lüng4 gi2 nim6 hok6 hau6
林肯道,läm4 häng2 däu6
林映輝,läm4 yäng2 fäi1
臨樂街,läm4 lok6 gai1
林盛路,läm4 säng6 lu6
臨華街,läm4 wa4 gai1
林暐翹,läm4 wäi1 kiu4
林展平,läm4 zing2 päng4
立和村,läp6 wo4 cüng1
劉百樂,läu4 bæk2 lok6
劉百樂中學,läu4 bæk2 lok6 zung1 hok6
流浮山道,läu4 fäu4 sæng1 däu6
劉梅軒,läu4 mui4 hing1
琉森大道,läu4 säm1 dai6 däu6
劉秀成,läu4 säu1 säng4
流水響道,läu4 söi2 höng2 däu6
劉華清,läu4 wa4 cäng1
劉永生中學,läu4 wäng1 säng1 zung1 hok6
梨貝街,li4 bui1 gai1
梨木道,li4 muk6 däu6
梨木樹商場,li4 muk6 sü6 söng1 cöng4
梨木樹天主教小學,li4 muk6 sü6 ting1 zü2 gäu1 siu2 hok6
梨樹路,li4 sü6 lu6
李璧琦,li1 bäk2 ki4
李炳紀念學校,li1 bäng2 gi2 nim6 hok6 hau6
李炳中學,li1 bäng2 zung1 hok6
李寶龍路,li1 bäu2 lung4 lu6
李賜豪小學,li1 ci1 häu4 siu2 hok6
李長春,li1 cöng4 cäng1
李德生,li1 däk2 säng1
李東海小學,li1 dung1 fui2 siu2 hok6
李東元,li1 dung1 yüng4
李福慶,li1 fuk2 häng1
李福慶中學,li1 fuk2 häng1 zung1 hok6
李鳳英,li1 fung6 yäng1
李家祥,li1 ga1 cöng4
李嘉馨,li1 ga1 häng1
李嘉誠中學,li1 ga1 säng4 zung1 hok6
李嘉晉,li1 ga1 zäng1
李金小學,li1 gäm1 siu2 hok6
李基舜,li1 gi1 säng1
李健宏,li1 ging6 wäng4
李岡,li1 gong1
李貴鮮,li1 gwäi1 sing1
李君筑,li1 gwäng1 zuk2
李國彬,li1 gwok2 bäng1
李國英,li1 gwok2 yäng1
李顯曜,li1 hing2 yiu6
李興貴,li1 häng1 gwäi1
李興貴中學,li1 häng1 gwäi1 zung1 hok6
李凱賢,li1 fui2 ying4
李凱翹,li1 fui2 kiu4
李茵彤,li1 yäng1 tung4
李潤田紀念中學,li1 yäng6 ting4 gi2 nim6 zung1 hok6
李爾晨,li1 yi1 säng4
李賢堯紀念中學,li1 ying4 yiu4 gi2 nim6 zung1 hok6
李頊珩,li1 yuk2 häng4
李蓉,li1 yung4
李啟明,li1 käi2 mäng4
李求恩紀念中學,li1 käu4 yäng1 gi2 nim6 zung1 hok6
李嵐清,li1 lam4 cäng1
李琳明,li1 läm4 mäng4
李琳明中學,li1 läm4 mäng4 zung1 hok6
李明芙,li1 mäng4 fu4
李佩詩,li1 pui1 si1
李瑞琴,li1 söi6 käm4
李瑞環,li1 söi6 wæng4
李信樵,li1 säng1 ciu4
里士滿,li1 si6 mung1
李倩菱,li1 sing6 läng4
李陞大坑學校,li1 säng1 dai6 hæng1 hok6 hau6
李陞街,li1 säng1 gai1
李陞小學,li1 säng1 siu2 hok6
李城璧中學,li1 säng4 bäk2 zung1 hok6
李承仕,li1 säng4 si6
李兆基小學,li1 siu6 gi1 siu2 hok6
李兆基中學,li1 siu6 gi1 zung1 hok6
李紹堅,li1 siu6 ging1
李兆強小學,li1 siu6 köng4 siu2 hok6
李兆偉,li1 siu6 wäi1
李鐵映,li1 tik2 yäng2
李屋村,li1 uk2 cüng1
李惟宏,li1 wäi4 wäng4
李偉安,li1 wäi1 wung1
李偉霆,li1 wäi1 täng4
李惠利中學,li1 wäi6 li6 zung1 hok6
李榮潮,li1 wäng4 ciu4
李鎮強,li1 zäng1 köng4
李鄭屋官立小學,li1 zäng6 uk2 gwung1 läp6 siu2 hok6
李鄭屋漢墓博物館,li1 zäng6 uk2 fung1 mu6 bok2 mäk6 gwung2
李鄭屋商場,li1 zäng6 uk2 söng1 cöng4
李俊華,li1 zäng1 wa4
李梓謙,li1 zi2 him1
李志達紀念學校,li1 zi1 dæk6 gi2 nim6 hok6 hau6
李志偉,li1 zi1 wäi1
李中希,li1 zung1 hi1
李鍾英,li1 zung1 yäng1
李頌恩,li1 zung6 yäng1
利樂街,li6 lok6 gai1
利民道,li6 mäng4 däu6
利安道,li6 wung1 däu6
利枝道,li6 zi1 däu6
靚次伯,leng1 ci1 bæk2
靚次伯紀念中學,leng1 ci1 bæk2 gi2 nim6 zung1 hok6
嶺背,leng1 bui1
嶺光街,leng1 gwong1 gai1
嶺皮村,leng1 pi4 cüng1
嶺仔,leng1 zäi2
嶺咀頭,leng1 zöi2 täu4
雷打石,löi4 da2 sek6
旅港開平,lü1 gong2 fui1 päng4
呂明華,lü1 mäng4 wa4
律打街,läk6 da2 gai1
瀝源商場,läk6 yüng4 söng1 cöng4
蓮花井山,ling4 fa1 zäng2 sæng1
連城道,ling4 säng4 däu6
蓮塘尾,ling4 tong4 mi1
蓮塘尾菜園,ling4 tong4 mi1 cöi1 yüng4
靈風中學,läng4 fung1 zung1 hok6
靈光小學,läng4 gwong1 siu2 hok6
靈康路,läng4 hong1 lu6
靈糧堂怡文中學,läng4 löng4 tong4 yi4 mäng4 zung1 hok6
靈糧堂劉梅軒中學,läng4 löng4 tong4 läu4 mui4 hing1 zung1 hok6
靈糧堂秀德小學,läng4 löng4 tong4 säu1 däk2 siu2 hok6
靈愛小學,läng4 wui1 siu2 hok6
靈山村,läng4 sæng1 cüng1
靈山路,läng4 sæng1 lu6
靈實路,läng4 säk6 lu6
靈會山,läng4 wui6 sæng1
嶺南衡怡紀念中學,läng1 nam4 häng4 yi4 gi2 nim6 zung1 hok6
嶺南鍾榮光博士紀念中學,läng1 nam4 zung1 wäng4 gwong1 bok2 si6 gi2 nim6 zung1 hok6
列堤頓道,lik6 täi4 däng6 däu6
列支敦士登人,lik6 zi1 däng1 si6 däng1 yäng4
瞭望里,liu4 mong6 li1
羅福道,lo4 fuk2 däu6
羅湖道,lo4 wu4 däu6
梁富華,löng4 fu1 wa4
梁潔華小學,löng4 gik2 wa4 siu2 hok6
梁皓楷,löng4 häu6 kai2
梁日成,löng4 yäk6 säng4
梁翹柏,löng4 kiu4 pæk2
梁麗翹,löng4 läi6 kiu4
梁李秀娛紀念小學,löng4 li1 säu1 yü4 gi2 nim6 siu2 hok6
梁樂華,löng4 lok6 wa4
梁省德學校,löng4 sæng2 däk2 hok6 hau6
梁省德小學,löng4 sæng2 däk2 siu2 hok6
梁省德中學,löng4 sæng2 däk2 zung1 hok6
梁盛路,löng4 säng6 lu6
兩百八十,löng1 bæk2 bæk2 säp6
兩百八十八,löng1 bæk2 bæk2 säp6 bæk2
兩百八十七,löng1 bæk2 bæk2 säp6 cäk2
兩百八十九,löng1 bæk2 bæk2 säp6 gäu2
兩百八十一,löng1 bæk2 bæk2 säp6 yäk2
兩百八十二,löng1 bæk2 bæk2 säp6 yi6
兩百八十六,löng1 bæk2 bæk2 säp6 luk6
兩百八十萬,löng1 bæk2 bæk2 säp6 mæng6
兩百八十五,löng1 bæk2 bæk2 säp6 ng1
兩百八十三,löng1 bæk2 bæk2 säp6 sam1
兩百八十四,löng1 bæk2 bæk2 säp6 si1
兩百七十,löng1 bæk2 cäk2 säp6
兩百七十八,löng1 bæk2 cäk2 säp6 bæk2
兩百七十七,löng1 bæk2 cäk2 säp6 cäk2
兩百七十九,löng1 bæk2 cäk2 säp6 gäu2
兩百七十一,löng1 bæk2 cäk2 säp6 yäk2
兩百七十二,löng1 bæk2 cäk2 säp6 yi6
兩百七十六,löng1 bæk2 cäk2 säp6 luk6
兩百七十萬,löng1 bæk2 cäk2 säp6 mæng6
兩百七十五,löng1 bæk2 cäk2 säp6 ng1
兩百七十三,löng1 bæk2 cäk2 säp6 sam1
兩百七十四,löng1 bæk2 cäk2 säp6 si1
兩百九十,löng1 bæk2 gäu2 säp6
兩百九十八,löng1 bæk2 gäu2 säp6 bæk2
兩百九十七,löng1 bæk2 gäu2 säp6 cäk2
兩百九十九,löng1 bæk2 gäu2 säp6 gäu2
兩百九十一,löng1 bæk2 gäu2 säp6 yäk2
兩百九十二,löng1 bæk2 gäu2 säp6 yi6
兩百九十六,löng1 bæk2 gäu2 säp6 luk6
兩百九十萬,löng1 bæk2 gäu2 säp6 mæng6
兩百九十五,löng1 bæk2 gäu2 säp6 ng1
兩百九十三,löng1 bæk2 gäu2 säp6 sam1
兩百九十四,löng1 bæk2 gäu2 säp6 si1
兩百一十,löng1 bæk2 yäk2 säp6
兩百一十八,löng1 bæk2 yäk2 säp6 bæk2
兩百一十七,löng1 bæk2 yäk2 säp6 cäk2
兩百一十九,löng1 bæk2 yäk2 säp6 gäu2
兩百一十一,löng1 bæk2 yäk2 säp6 yäk2
兩百一十二,löng1 bæk2 yäk2 säp6 yi6
兩百一十六,löng1 bæk2 yäk2 säp6 luk6
兩百一十萬,löng1 bæk2 yäk2 säp6 mæng6
兩百一十五,löng1 bæk2 yäk2 säp6 ng1
兩百一十三,löng1 bæk2 yäk2 säp6 sam1
兩百一十四,löng1 bæk2 yäk2 säp6 si1
兩百二十,löng1 bæk2 yi6 säp6
兩百二十八,löng1 bæk2 yi6 säp6 bæk2
兩百二十七,löng1 bæk2 yi6 säp6 cäk2
兩百二十九,löng1 bæk2 yi6 säp6 gäu2
兩百二十一,löng1 bæk2 yi6 säp6 yäk2
兩百二十二,löng1 bæk2 yi6 säp6 yi6
兩百二十六,löng1 bæk2 yi6 säp6 luk6
兩百二十萬,löng1 bæk2 yi6 säp6 mæng6
兩百二十五,löng1 bæk2 yi6 säp6 ng1
兩百二十三,löng1 bæk2 yi6 säp6 sam1
兩百二十四,löng1 bæk2 yi6 säp6 si1
兩百零八,löng1 bæk2 läng4 bæk2
兩百零七,löng1 bæk2 läng4 cäk2
兩百零九,löng1 bæk2 läng4 gäu2
兩百零一,löng1 bæk2 läng4 yäk2
兩百零二,löng1 bæk2 läng4 yi6
兩百零六,löng1 bæk2 läng4 luk6
兩百零五,löng1 bæk2 läng4 ng1
兩百零三,löng1 bæk2 läng4 sam1
兩百零四,löng1 bæk2 läng4 si1
兩百六十,löng1 bæk2 luk6 säp6
兩百六十八,löng1 bæk2 luk6 säp6 bæk2
兩百六十七,löng1 bæk2 luk6 säp6 cäk2
兩百六十九,löng1 bæk2 luk6 säp6 gäu2
兩百六十一,löng1 bæk2 luk6 säp6 yäk2
兩百六十二,löng1 bæk2 luk6 säp6 yi6
兩百六十六,löng1 bæk2 luk6 säp6 luk6
兩百六十萬,löng1 bæk2 luk6 säp6 mæng6
兩百六十五,löng1 bæk2 luk6 säp6 ng1
兩百六十三,löng1 bæk2 luk6 säp6 sam1
兩百六十四,löng1 bæk2 luk6 säp6 si1
兩百五十,löng1 bæk2 ng1 säp6
兩百五十八,löng1 bæk2 ng1 säp6 bæk2
兩百五十七,löng1 bæk2 ng1 säp6 cäk2
兩百五十九,löng1 bæk2 ng1 säp6 gäu2
兩百五十一,löng1 bæk2 ng1 säp6 yäk2
兩百五十二,löng1 bæk2 ng1 säp6 yi6
兩百五十六,löng1 bæk2 ng1 säp6 luk6
兩百五十萬,löng1 bæk2 ng1 säp6 mæng6
兩百五十五,löng1 bæk2 ng1 säp6 ng1
兩百五十三,löng1 bæk2 ng1 säp6 sam1
兩百五十四,löng1 bæk2 ng1 säp6 si1
兩百三十,löng1 bæk2 sam1 säp6
兩百三十八,löng1 bæk2 sam1 säp6 bæk2
兩百三十七,löng1 bæk2 sam1 säp6 cäk2
兩百三十九,löng1 bæk2 sam1 säp6 gäu2
兩百三十一,löng1 bæk2 sam1 säp6 yäk2
兩百三十二,löng1 bæk2 sam1 säp6 yi6
兩百三十六,löng1 bæk2 sam1 säp6 luk6
兩百三十萬,löng1 bæk2 sam1 säp6 mæng6
兩百三十五,löng1 bæk2 sam1 säp6 ng1
兩百三十三,löng1 bæk2 sam1 säp6 sam1
兩百三十四,löng1 bæk2 sam1 säp6 si1
兩百四十,löng1 bæk2 si1 säp6
兩百四十八,löng1 bæk2 si1 säp6 bæk2
兩百四十七,löng1 bæk2 si1 säp6 cäk2
兩百四十九,löng1 bæk2 si1 säp6 gäu2
兩百四十一,löng1 bæk2 si1 säp6 yäk2
兩百四十二,löng1 bæk2 si1 säp6 yi6
兩百四十六,löng1 bæk2 si1 säp6 luk6
兩百四十萬,löng1 bæk2 si1 säp6 mæng6
兩百四十五,löng1 bæk2 si1 säp6 ng1
兩百四十三,löng1 bæk2 si1 säp6 sam1
兩百四十四,löng1 bæk2 si1 säp6 si1
兩齣,löng1 cäk2
兩千八百萬,löng1 cing1 bæk2 bæk2 mæng6
兩千七百萬,löng1 cing1 cäk2 bæk2 mæng6
兩千九百萬,löng1 cing1 gäu2 bæk2 mæng6
兩千一百萬,löng1 cing1 yäk2 bæk2 mæng6
兩千兩百萬,löng1 cing1 löng1 bæk2 mæng6
兩千六百萬,löng1 cing1 luk6 bæk2 mæng6
兩千五百,löng1 cing1 ng1 bæk2
兩千五百萬,löng1 cing1 ng1 bæk2 mæng6
兩千三百萬,löng1 cing1 sam1 bæk2 mæng6
兩千四百萬,löng1 cing1 si1 bæk2 mæng6
兩桌,löng1 cök2
兩束,löng1 cuk2
兩頓,löng1 däng6
兩塊田,löng1 fai1 ting4
兩塊田下路,löng1 fai1 ting4 ha6 lu6
兩塊田上路,löng1 fai1 ting4 söng6 lu6
兩服,löng1 fuk6
兩掛,löng1 gwa1
兩儀坊,löng1 yi4 fong1
兩羣,löng1 kwäng4
兩縷,löng1 läu1
兩籮,löng1 lo4
兩両,löng1 löng2
兩萬五千,löng1 mæng6 ng1 cing1
兩尾,löng1 mi1
兩泡,löng1 pau1
兩疋,löng1 päk2
兩啤,löng1 pe1
兩撇,löng1 pik2
兩瓢,löng1 piu4
兩三把,löng1 sam1 ba2
兩三筆,löng1 sam1 bäk2
兩三杯,löng1 sam1 bui1
兩三本,löng1 sam1 bung2
兩三尺,löng1 sam1 cek2
兩三齣,löng1 sam1 cäk2
兩三程,löng1 sam1 cäng4
兩三桌,löng1 sam1 cök2
兩三束,löng1 sam1 cuk2
兩三吋,löng1 sam1 cüng1
兩三寸,löng1 sam1 cüng1
兩三打,löng1 sam1 da1
兩三頂,löng1 sam1 deng2
兩三堆,löng1 sam1 döi1
兩三對,löng1 sam1 döi1
兩三噸,löng1 sam1 däng1
兩三頓,löng1 sam1 däng6
兩三滴,löng1 sam1 däk6
兩三碟,löng1 sam1 dip6
兩三朵,löng1 sam1 do2
兩三道,löng1 sam1 däu6
兩三段,löng1 sam1 düng6
兩三塊,löng1 sam1 fai1
兩三番,löng1 sam1 fæng1
兩三發,löng1 sam1 fæk2
兩三伙,löng1 sam1 fo2
兩三棵,löng1 sam1 fo2
兩三顆,löng1 sam1 fo2
兩三方,löng1 sam1 fong1
兩三副,löng1 sam1 fu1
兩三幅,löng1 sam1 fuk2
兩三服,löng1 sam1 fuk6
兩三家,löng1 sam1 ga1
兩三斤,löng1 sam1 gäng1
兩三根,löng1 sam1 gäng1
兩三記,löng1 sam1 gi1
兩三具,löng1 sam1 gü6
兩三缸,löng1 sam1 gong1
兩三掛,löng1 sam1 gwa1
兩三口,löng1 sam1 häu2
兩三行,löng1 sam1 hong4
兩三項,löng1 sam1 hong6
兩三毫,löng1 sam1 häu4
兩三樣,löng1 sam1 yöng6
兩三羣,löng1 sam1 kwäng4
兩三縷,löng1 sam1 läu1
兩三厘,löng1 sam1 li4
兩三列,löng1 sam1 lik6
兩三籮,löng1 sam1 lo4
兩三両,löng1 sam1 löng2
兩三尾,löng1 sam1 mi1
兩三面,löng1 sam1 ming6
兩三名,löng1 sam1 mäng4
兩三枚,löng1 sam1 mui4
兩三門,löng1 sam1 mung4
兩三排,löng1 sam1 pai4
兩三泡,löng1 sam1 pau1
兩三批,löng1 sam1 päi1
兩三匹,löng1 sam1 päk2
兩三疋,löng1 sam1 päk2
兩三啤,löng1 sam1 pe1
兩三篇,löng1 sam1 ping1
兩三片,löng1 sam1 ping1
兩三瓶,löng1 sam1 päng4
兩三撇,löng1 sam1 pik2
兩三瓢,löng1 sam1 piu4
兩三艘,löng1 sam1 säu2
兩三扇,löng1 sam1 sing1
兩三聲,löng1 sam1 säng1
兩三所,löng1 sam1 so2
兩三箱,löng1 sam1 söng1
兩三雙,löng1 sam1 söng1
兩三灘,löng1 sam1 tæng1
兩三題,löng1 sam1 täi4
兩三頭,löng1 sam1 täu4
兩三台,löng1 sam1 töi4
兩三趟,löng1 sam1 tong1
兩三團,löng1 sam1 tüng4
兩三户,löng1 sam1 wu6
兩三盞,löng1 sam1 zæng2
兩三劑,löng1 sam1 zäi1
兩三則,löng1 sam1 zäk2
兩三支,löng1 sam1 zi1
兩三枝,löng1 sam1 zi1
兩三幀,löng1 sam1 zing1
兩三節,löng1 sam1 zik2
兩三丈,löng1 sam1 zöng6
兩三載,löng1 sam1 zöi2
兩三宗,löng1 sam1 zung1
兩三盅,löng1 sam1 zung1
兩三種,löng1 sam1 zung2
兩三株,löng1 sam1 zü1
兩三尊,löng1 sam1 züng1
兩絲,löng1 si1
兩灘,löng1 tæng1
兩趟,löng1 tong1
兩彎,löng1 wæng1
兩幀,löng1 zing1
兩丈,löng1 zöng6
兩載,löng1 zöi2
兩盅,löng1 zung1
兩株,löng1 zü1
萊茵道,löi4 yäng1 däu6
萊茵河大道,löi4 yäng1 ho4 dai6 däu6
樂翠街,lok6 cöi1 gai1
樂道中學,lok6 däu6 zung1 hok6
樂東街,lok6 dung1 gai1
樂楓徑,lok6 fung1 gäng1
樂景街,lok6 gäng2 gai1
樂古道,lok6 gwu2 däu6
樂霞坊,lok6 ha4 fong1
樂慶里,lok6 häng1 li1
樂怡街,lok6 yi4 gai1
樂業路,lok6 yip6 lu6
樂園徑,lok6 yüng4 gäng1
樂葵徑,lok6 kwäi4 gäng1
樂林路,lok6 läm4 lu6
樂蓮徑,lok6 ling4 gäng1
落路下,lok6 lu6 ha6
樂民道,lok6 mäng4 däu6
樂鳴街,lok6 mäng4 gai1
樂坪街,lok6 päng4 gai1
樂信徑,lok6 säng1 gäng1
樂善道,lok6 sing6 däu6
樂善美道,lok6 sing6 mi1 däu6
樂善堂顧超文中學,lok6 sing6 tong4 gwu1 ciu1 mäng4 zung1 hok6
樂善堂楊葛小琳中學,lok6 sing6 tong4 yöng4 gwuk2 siu2 läm4 zung1 hok6
樂善堂楊仲明學校,lok6 sing6 tong4 yöng4 zung6 mäng4 hok6 hau6
樂善堂余近卿中學,lok6 sing6 tong4 yü4 gäng6 häng1 zung1 hok6
樂善堂劉德學校,lok6 sing6 tong4 läu4 däk2 hok6 hau6
樂善堂梁銶琚學校,lok6 sing6 tong4 löng4 käu4 gü1 hok6 hau6
樂善堂梁黃蕙芳紀念學校,lok6 sing6 tong4 löng4 wong4 wäi6 fong1 gi2 nim6 hok6 hau6
樂善堂梁植偉紀念中學,lok6 sing6 tong4 löng4 zäk6 wäi1 gi2 nim6 zung1 hok6
樂善堂王仲銘中學,lok6 sing6 tong4 wong4 zung6 mäng4 zung1 hok6
樂城街,lok6 säng4 gai1
樂天街,lok6 ting1 gai1
樂天經典,lok6 ting1 gäng1 ding2
樂天皇朝,lok6 ting1 wong4 ciu4
樂濤街,lok6 täu4 gai1
樂華街,lok6 wa4 gai1
樂華天主教小學,lok6 wa4 ting1 zü2 gäu1 siu2 hok6
樂和街,lok6 wo4 gai1
朗德道,long1 däk2 däu6
朗月街,long1 ngük6 gai1
朗樂路,long1 lok6 lu6
朗尾,long1 mi1
朗成路,long1 säng4 lu6
浪花排,long6 fa1 pai4
浪徑,long6 gäng1
浪茄灣營地,long6 kö4 wæng1 yäng4 di6
浪茄仔,long6 kö4 zäi2
浪芒灣,long6 mong4 wæng1
盧布爾雅那,lu4 bu1 yi1 nga1 na1
盧光輝紀念學校,lu4 gwong1 fäi1 gi2 nim6 hok6 hau6
盧薩卡,lu4 sæk2 ka1
盧少萍,lu4 siu1 päng4
蘆鬚城,lu4 su1 säng4
蘆鬚城泳灘,lu4 su1 säng4 wäng6 tæng1
爐仔石,lu4 zäi2 sek6
老虎吊排,läu1 fu2 diu1 pai4
老虎笏,läu1 fu2 fäk2
老虎坑,läu1 fu2 hæng1
老虎山,läu1 fu2 sæng1
老虎石頂,läu1 fu2 sek6 deng2
老人山,läu1 yäng4 sæng1
老劉屋,läu1 läu4 uk2
老龍坑街,läu1 lung4 hæng1 gai1
老龍田,läu1 lung4 ting4
老沙路街,läu1 sa1 lu6 gai1
老沙田,läu1 sa1 ting4
老隧,läu1 söi6
老鼠跌落天秤,läu1 sü2 dik2 lok6 ting1 cäng1
老鼠嶺,läu1 sü2 leng1
老鼠排,läu1 sü2 pai4
老圍里,läu1 wäi4 li1
老圍路,läu1 wäi4 lu6
老撾人,läu1 wo1 yäng4
路易港,lu6 yäk6 gong2
路易維爾,lu6 yäk6 wäi4 yi1
露明道,lu6 mäng4 däu6
六百八十二,luk6 bæk2 bæk2 säp6 yi6
六百七十二,luk6 bæk2 cäk2 säp6 yi6
六百九十二,luk6 bæk2 gäu2 säp6 yi6
六百一十二,luk6 bæk2 yäk2 säp6 yi6
六百二十八,luk6 bæk2 yi6 säp6 bæk2
六百二十七,luk6 bæk2 yi6 säp6 cäk2
六百二十九,luk6 bæk2 yi6 säp6 gäu2
六百二十一,luk6 bæk2 yi6 säp6 yäk2
六百二十二,luk6 bæk2 yi6 säp6 yi6
六百二十六,luk6 bæk2 yi6 säp6 luk6
六百二十萬,luk6 bæk2 yi6 säp6 mæng6
六百二十五,luk6 bæk2 yi6 säp6 ng1
六百二十三,luk6 bæk2 yi6 säp6 sam1
六百二十四,luk6 bæk2 yi6 säp6 si1
六百零二,luk6 bæk2 läng4 yi6
六百六十二,luk6 bæk2 luk6 säp6 yi6
六百五十二,luk6 bæk2 ng1 säp6 yi6
六百三十二,luk6 bæk2 sam1 säp6 yi6
六百四十二,luk6 bæk2 si1 säp6 yi6
六千二百萬,luk6 cing1 yi6 bæk2 mæng6
六千兩百萬,luk6 cing1 löng1 bæk2 mæng6
六頂,luk6 deng2
六滴,luk6 däk6
六番,luk6 fæng1
六棵,luk6 fo2
鹿尾村,luk6 mi1 cüng1
鹿尾村路,luk6 mi1 cüng1 lu6
鹿尾里,luk6 mi1 li1
六泡,luk6 pau1
六十二萬,luk6 säp6 yi6 mæng6
鹿湖,luk6 wu4
鹿湖峒,luk6 wu4 tung4
六丈,luk6 zöng6
六載,luk6 zöi2
龍鼓水道,lung4 gwu2 söi2 däu6
龍鼓上灘,lung4 gwu2 söng6 tæng1
龍欣道,lung4 yäng1 däu6
龍涎道,lung4 ying4 däu6
龍駒道,lung4 kü1 däu6
龍尾村,lung4 mi1 cüng1
龍尾村路,lung4 mi1 cüng1 lu6
龍尾頂,lung4 mi1 deng2
龍尾坑,lung4 mi1 hæng1
龍尾頭,lung4 mi1 täu4
龍柏街,lung4 pæk2 gai1
龍柏徑,lung4 pæk2 gäng1
龍坪道,lung4 päng4 däu6
龍蟠街,lung4 pung4 gai1
龍蟠苑商場,lung4 pung4 yüng2 söng1 cöng4
龍盛街,lung4 säng6 gai1
龍華街,lung4 wa4 gai1
龍仔村,lung4 zäi2 cüng1
龍仔村路,lung4 zäi2 cüng1 lu6
龍仔悟園,lung4 zäi2 ng6 yüng4
龍井頭,lung4 zäng2 täu4
聯繫電話,lüng4 häi6 ding6 wa2
聯盛街,lüng4 säng6 gai1
聯和道,lüng4 wo4 däu6
孖崗山,ma1 gong1 sæng1
孖沙街,ma1 sa1 gai1
孖庶街,ma1 sü1 gai1
孖仔排,ma1 zäi2 pai4
孖洲,ma1 zäu1
孖指徑,ma1 zi2 gäng1
麻包嶺,ma4 bau1 leng1
麻布尾,ma4 bu1 mi1
麻雀嶺,ma4 zök2 leng1
麻雀嶺新屋下,ma4 zök2 leng1 säng1 uk2 ha6
馬寶道,ma1 bäu2 däu6
馬背村,ma1 bui1 cüng1
馬卓安爵士,ma1 cök2 wung1 zök2 si6
馬己仙峽道,ma1 gi2 sing1 hap6 däu6
馬景華,ma1 gäng2 wa4
瑪歌大道,ma1 go1 dai6 däu6
馬牯纜,ma1 gwu2 lam6
馬可尼道,ma1 ho2 ni4 däu6
馬樂徑,ma1 lok6 gäng1
馬尾下嶺咀,ma1 mi1 ha6 leng1 zöi2
馬鞍山海濱長廊,ma1 wung1 sæng1 fui2 bäng1 cöng4 long4
馬鞍山繞道,ma1 wung1 sæng1 yiu2 däu6
馬鞍山靈糧小學,ma1 wung1 sæng1 läng4 löng4 siu2 hok6
馬鞍山信義學校,ma1 wung1 sæng1 säng1 yi6 hok6 hau6
馬成徑,ma1 säng4 gäng1
馬蹄徑,ma1 täi4 gäng1
馬頭嶺,ma1 täu4 leng1
馬灣美經援村,ma1 wæng1 mi1 gäng1 wung4 cüng1
馬仔坑道,ma1 zäi2 hæng1 däu6
萬丈布,mæng6 zöng6 bu1
萬丈布營地,mæng6 zöng6 bu1 yäng4 di6
茅坪老屋,mau4 päng4 läu1 uk2
茅平山,mau4 päng4 sæng1
茅湖山,mau4 wu4 sæng1
茅湖仔,mau4 wu4 zäi2
米埔老圍,mai1 bu1 läu1 wäi4
米埔路,mai1 bu1 lu6
米埔隴村,mai1 bu1 lung1 cüng1
米埔隴路,mai1 bu1 lung1 lu6
米埔南路,mai1 bu1 nam4 lu6
米埔新村,mai1 bu1 säng1 cüng1
米度適道,mai1 du6 säk2 däu6
米粉頂,mai1 fäng2 deng2
米粉咀,mai1 fäng2 zöi2
米蘭徑,mai1 læng4 gäng1
米萊,mai1 löi4
米萊諾大道,mai1 löi4 nok6 dai6 däu6
米路斯徑,mai1 lu6 si1 gäng1
米泰,mai1 tai1
墨巴本,mäk6 ba1 bung2
麥德強,mæk6 däk2 köng4
麥德偉,mæk6 däk2 wäi1
麥加力歌街,mæk6 ga1 läk6 go1 gai1
麥錦羅,mæk6 gäm2 lo4
麥園圍路,mæk6 yüng4 wäi4 lu6
麥蘭徑,mæk6 læng4 gäng1
麥理浩夫人度假村,mæk6 li1 häu6 fu1 yäng4 du6 ga2 cüng1
麥連街,mæk6 ling4 gai1
麥文威,mæk6 mäng4 wäi1
麥沛東,mæk6 pui1 dung1
墨西卡利,mäk6 säi1 ka1 li6
麥屋,mæk6 uk2
麥鎮東,mæk6 zäng1 dung1
墨洲,mäk6 zäu1
墨洲門,mäk6 zäu1 mung4
墨洲排,mäk6 zäu1 pai4
麥子豪,mæk6 zi2 häu4
民生街,mäng4 säng1 gai1
文成街,mäng4 säng4 gai1
文運道,mäng4 wäng6 däu6
文質路,mäng4 zäk2 lu6
民族服裝,mäng4 zuk6 fuk6 zong1
繆騫人,mäu4 hing1 yäng4
瞇縫,mi1 fung6
美青路,mi1 cäng1 lu6
美冬大道,mi1 dung1 dai6 däu6
尾逢路,mi1 fung4 lu6
美荔道,mi1 läi6 däu6
美麗華廣場,mi1 läi6 wa4 gwong2 cöng4
美麗華旅遊,mi1 läi6 wa4 lü1 yäu4
美樂花園商場,mi1 lok6 fa1 yüng4 söng1 cöng4
美樂里,mi1 lok6 li1
美善同道,mi1 sing6 tung4 däu6
美少女戰士,mi1 siu1 nü1 zing1 si6
美華街,mi1 wa4 gai1
美湖路,mi1 wu4 lu6
面包新語,ming6 bau1 säng1 yü1
面青口脣白,ming6 ceng1 häu2 säng4 bæk6
明道小學,mäng4 däu6 siu2 hok6
明尼亞波利斯,mäng4 ni4 a1 bo1 li6 si1
明愛粉嶺陳震夏中學,mäng4 wui1 fäng2 leng1 cäng4 zäng1 ha6 zung1 hok6
明愛莊月明中學,mäng4 wui1 zong1 ngük6 mäng4 zung1 hok6
名成街,mäng4 säng4 gai1
廟背,miu6 bui1
繆家慶,miu6 ga1 häng1
繆浩昌,miu6 häu6 cöng1
廟仔,miu6 zäi2
廟仔墩,miu6 zäi2 däng1
魔法少女小圓,mo1 fæk2 siu1 nü1 siu2 yüng4
摩理臣山道,mo1 li1 säng4 sæng1 däu6
摩羅下街,mo1 lo4 ha6 gai1
摩羅上街,mo1 lo4 söng6 gai1
磨刀坑,mo4 däu1 hæng1
磨洲,mo4 zäu1
莫里茲大道,mok6 li1 zi1 dai6 däu6
芒洲仔,mong4 zäu1 zäi2
舞鋼,mu1 gong1
慕禮道,mu6 läi1 däu6
煤場道,mui4 cöng4 däu6
梅芳街,mui4 fong1 gai1
玫瑰崗學校,mui4 gwäi1 gong1 hok6 hau6
梅馨街,mui4 häng1 gai1
梅洛尼,mui4 lok6 ni4
梅樹坑路,mui4 sü6 hæng1 lu6
梅窩舊村,mui4 wo1 gäu6 cüng1
梅窩學校,mui4 wo1 hok6 hau6
梅窩游泳池,mui4 wo1 yäu4 wäng6 ci4
梅窩碼頭路,mui4 wo1 ma1 täu4 lu6
梅子林路,mui4 zi2 läm4 lu6
每頂,mui1 deng2
每滴,mui1 däk6
每朵,mui1 do2
每番,mui1 fæng1
每面,mui1 ming6
每啤,mui1 pe1
木棉下村,muk6 ming4 ha6 cüng1
睦誠道,muk6 säng4 däu6
沐和街,muk6 wo4 gai1
滿樂潮州,mung1 lok6 ciu4 zäu1
滿樂大廈,mung1 lok6 dai6 ha6
蒙特勒大道,mung4 däk6 läk6 dai6 däu6
蒙尼卡徑,mung4 ni4 ka1 gäng1
沒齒不忘,muk6 ci2 bäk2 mong4
哪把,na1 ba2
哪班,na1 bæng1
哪筆,na1 bäk2
哪部,na1 bu6
哪杯,na1 bui1
哪本,na1 bung2
哪層,na1 cäng4
哪齣,na1 cäk2
那齣,na1 cäk2
哪程,na1 cäng4
那程,na1 cäng4
哪桌,na1 cök2
那桌,na1 cök2
哪場,na1 cöng4
哪束,na1 cuk2
哪串,na1 cüng1
哪頂,na1 deng2
哪堆,na1 döi1
哪對,na1 döi1
哪隊,na1 döi6
哪頓,na1 däng6
那頓,na1 däng6
哪滴,na1 däk6
那滴,na1 däk6
哪點,na1 dim2
哪碟,na1 dip6
哪朵,na1 do2
哪道,na1 däu6
哪段,na1 düng6
哪塊,na1 fai1
哪番,na1 fæng1
哪發,na1 fæk2
哪份,na1 fäng6
哪棵,na1 fo2
哪副,na1 fu1
哪幅,na1 fuk2
哪根,na1 gäng1
哪記,na1 gi1
哪句,na1 gü1
哪具,na1 gü6
哪件,na1 ging6
哪缸,na1 gong1
那缸,na1 gong1
哪股,na1 gwu2
哪罐,na1 gwung1
那罐,na1 gwung1
哪行,na1 hong4
那項,na1 hong6
哪級,na1 käp2
那級,na1 käp2
哪羣,na1 kwäng4
哪縷,na1 läu1
那縷,na1 läu1
哪籮,na1 lo4
那籮,na1 lo4
哪尾,na1 mi1
那尾,na1 mi1
哪面,na1 ming6
哪名,na1 mäng4
哪枚,na1 mui4
哪門,na1 mung4
哪粒,na1 näp2
哪年,na1 ning4
哪批,na1 päi1
哪匹,na1 päk2
哪疋,na1 päk2
那疋,na1 päk2
哪篇,na1 ping1
哪片,na1 ping1
哪瓶,na1 päng4
哪艘,na1 säu2
哪首,na1 säu2
哪絲,na1 si1
哪是,na1 si6
哪扇,na1 sing1
哪聲,na1 säng1
哪所,na1 so2
哪箱,na1 söng1
哪雙,na1 söng1
那箱,na1 söng1
哪灘,na1 tæng1
那灘,na1 tæng1
哪題,na1 täi4
那題,na1 täi4
哪條,na1 tiu4
哪台,na1 töi4
哪趟,na1 tong1
那趟,na1 tong1
哪套,na1 täu1
哪團,na1 tüng4
哪户,na1 wu6
那户,na1 wu6
哪碗,na1 wung2
哪盞,na1 zæng2
哪劑,na1 zäi1
那劑,na1 zäi1
哪則,na1 zäk2
哪隻,na1 zek2
哪支,na1 zi1
哪枝,na1 zi1
哪席,na1 zäk6
那席,na1 zäk6
哪幀,na1 zing1
那幀,na1 zing1
哪節,na1 zik2
哪張,na1 zöng1
哪宗,na1 zung1
那宗,na1 zung1
哪株,na1 zü1
哪尊,na1 züng1
南邊圍二里,nam4 bing1 wäi4 yi6 li1
南坑尾,nam4 hæng1 mi1
南海傍路,nam4 fui2 bong6 lu6
南朗山道,nam4 long1 sæng1 däu6
南山尾,nam4 sæng1 mi1
南生圍路,nam4 säng1 wäi4 lu6
南蛇塘,nam4 se4 tong4
南盛街,nam4 säng6 gai1
南堂尾,nam4 tong4 mi1
南華莆,nam4 wa4 pu4
南灣道,nam4 wæng1 däu6
南灣山頂新村,nam4 wæng1 sæng1 deng2 säng1 cüng1
難過水,næng4 gwo1 söi2
納米比亞人,nap6 mai1 bi2 a1 yäng4
納柏徑,nap6 pæk2 gäng1
納沙泰爾大道,nap6 sa1 tai1 yi1 dai6 däu6
稔凹,näm1 au1
稔埔村,näm1 bu1 cüng1
稔園,näm1 yüng4
稔樹灣,näm1 sü6 wæng1
稔樹灣村,näm1 sü6 wæng1 cüng1
稔灣,näm1 wæng1
稔灣路,näm1 wæng1 lu6
女婆坳,nü1 po4 au1
女婆山,nü1 po4 sæng1
吳志強,ng4 zi1 köng4
五百八十二,ng1 bæk2 bæk2 säp6 yi6
五百七十二,ng1 bæk2 cäk2 säp6 yi6
五百九十二,ng1 bæk2 gäu2 säp6 yi6
五百一十二,ng1 bæk2 yäk2 säp6 yi6
五百二十八,ng1 bæk2 yi6 säp6 bæk2
五百二十七,ng1 bæk2 yi6 säp6 cäk2
五百二十九,ng1 bæk2 yi6 säp6 gäu2
五百二十一,ng1 bæk2 yi6 säp6 yäk2
五百二十二,ng1 bæk2 yi6 säp6 yi6
五百二十六,ng1 bæk2 yi6 säp6 luk6
五百二十萬,ng1 bæk2 yi6 säp6 mæng6
五百二十五,ng1 bæk2 yi6 säp6 ng1
五百二十三,ng1 bæk2 yi6 säp6 sam1
五百二十四,ng1 bæk2 yi6 säp6 si1
五百零二,ng1 bæk2 läng4 yi6
五百六十二,ng1 bæk2 luk6 säp6 yi6
五百五十二,ng1 bæk2 ng1 säp6 yi6
五百三十二,ng1 bæk2 sam1 säp6 yi6
五百四十二,ng1 bæk2 si1 säp6 yi6
五旬節靳茂生小學,ng1 cäng4 zik2 gäng1 mäu6 säng1 siu2 hok6
五千二百萬,ng1 cing1 yi6 bæk2 mæng6
五千兩百萬,ng1 cing1 löng1 bæk2 mæng6
五頂,ng1 deng2
五滴,ng1 däk6
五朵,ng1 do2
五棵,ng1 fo2
五鼓嶺,ng1 gwu2 leng1
五掛,ng1 gwa1
伍季明紀念學校,ng1 gwäi1 mäng4 gi2 nim6 hok6 hau6
五邑鄒振猷學校,ng1 yäp2 zäu1 zäng1 yäu4 hok6 hau6
五六班,ng1 luk6 bæng1
五六打,ng1 luk6 da1
五六頂,ng1 luk6 deng2
五六滴,ng1 luk6 däk6
五六朵,ng1 luk6 do2
五六度,ng1 luk6 du6
五六道,ng1 luk6 däu6
五六番,ng1 luk6 fæng1
五六棵,ng1 luk6 fo2
五六間,ng1 luk6 gæng1
五六掛,ng1 luk6 gwa1
五六下,ng1 luk6 ha1
五六行,ng1 luk6 hong4
五六尾,ng1 luk6 mi1
五六面,ng1 luk6 ming6
五六泡,ng1 luk6 pau1
五六啤,ng1 luk6 pe1
五六片,ng1 luk6 ping1
五六聲,ng1 luk6 säng1
五六丈,ng1 luk6 zöng6
五六載,ng1 luk6 zöi2
五六種,ng1 luk6 zung2
五面,ng1 ming6
五泡,ng1 pau1
五啤,ng1 pe1
五片,ng1 ping1
五十二萬,ng1 säp6 yi6 mæng6
伍時暢紀念學校,ng1 si4 cöng1 gi2 nim6 hok6 hau6
伍少梅中學,ng1 siu1 mui4 zung1 hok6
五肚,ng1 tu1
五和路,ng1 wo4 lu6
五載,ng1 zöi2
雅賓利道,nga1 bäng1 li6 däu6
瓦拉德卡,nga1 lai1 däk2 ka1
雅麗道,nga1 läi6 däu6
雅息士道,nga1 säk2 si6 däu6
捱打受氣,ngai4 da2 säu6 hi1
捱打受罵,ngai4 da2 säu6 ma6
艾維奧大道,ngai6 wäi4 äu1 dai6 däu6
岩下堂,ngam4 ha6 tong4
魏柏豪,ngäi6 pæk2 häu4
銀池道,ngäng4 ci4 däu6
銀行街,ngäng4 hong4 gai1
銀月里,ngäng4 ngük6 li1
銀城街,ngäng4 säng4 gai1
銀湖路,ngäng4 wu4 lu6
牛凹,ngäu4 au1
牛背窩,ngäu4 bui1 wo1
牛牯嶺,ngäu4 gwu2 leng1
牛牯嶺徑,ngäu4 gwu2 leng1 gäng1
牛寮下,ngäu4 liu4 ha6
牛尾海,ngäu4 mi1 fui2
牛尾洲,ngäu4 mi1 zäu1
牛屎湖,ngäu4 si2 wu4
牛屎湖山,ngäu4 si2 wu4 sæng1
牛屎湖灣,ngäu4 si2 wu4 wæng1
牛潭尾路,ngäu4 tam4 mi1 lu6
牛湖,ngäu4 wu4
牛湖頂,ngäu4 wu4 deng2
牛湖墩,ngäu4 wu4 däng1
牛湖托,ngäu4 wu4 tok2
牛湖托街,ngäu4 wu4 tok2 gai1
鵝髻頂,ngo4 gäi1 deng2
我想和你無所事事,ngo1 söng2 wo4 ni1 mu4 so2 si6 si6
昂平營地,ngong4 päng4 yäng4 di6
昂平路,ngong4 päng4 lu6
昂船凹,ngong4 süng4 au1
昂裝,ngong4 zong1
翱翔道,ngäu4 cöng4 däu6
念月樓,nim6 ngük6 läu4
寧波第二中學,näng4 bo1 däi6 yi6 zung1 hok6
寧波二中,näng4 bo1 yi6 zung1
寧華街,näng4 wa4 gai1
聶歌信山道,nip6 go1 säng1 sæng1 däu6
諾克少,nok6 häk2 siu1
農圃道官立小學,nung4 pu2 däu6 gwung1 läp6 siu2 hok6
柯那克里,o1 na1 häk2 li1
柯士甸道西,o1 si6 ding6 däu6 säi1
柯士甸山道,o1 si6 ding6 sæng1 däu6
愛秩序灣道,wui1 dik6 zü6 wæng1 däu6
愛琴道,wui1 käm4 däu6
愛勤道,wui1 käng4 däu6
愛信道,wui1 säng1 däu6
安德道,wung1 däk2 däu6
安定道,wung1 däng6 däu6
安道爾人,wung1 däu6 yi1 yäng4
安道爾城,wung1 däu6 yi1 säng4
安富道,wung1 fu1 däu6
安健道,wung1 ging6 däu6
安愉道,wung1 yü4 däu6
安樂里,wung1 lok6 li1
安樂門街,wung1 lok6 mung4 gai1
安平街,wung1 päng4 gai1
安秀道,wung1 säu1 däu6
安善道,wung1 sing6 däu6
安塔那那利佛,wung1 tap2 na1 na1 li6 fäk6
安提瓜和巴布達人,wung1 täi4 gwa1 wo4 ba1 bu1 dæk6 yäng4
安華街,wung1 wa4 gai1
安運道,wung1 wäng6 däu6
安和里,wung1 wo4 li1
安靜道,wung1 zäng6 däu6
澳背塘,au1 bui1 tong4
澳背塘徑,au1 bui1 tong4 gäng1
奧克拉荷馬市,äu1 häk2 lai1 ho4 ma1 si1
奧爾波,äu1 yi1 bo1
奧士角,äu1 si6 gok2
奧士角咀,äu1 si6 gok2 zöi2
澳仔村,au1 zäi2 cüng1
排煤機道,pai4 mui4 gi1 däu6
柏道,pæk2 däu6
柏架山道,pæk2 ga1 sæng1 däu6
柏傑路,pæk2 gik6 lu6
柏欣大道,pæk2 yäng1 dai6 däu6
柏寧路,pæk2 näng4 lu6
柏壽路,pæk2 säu6 lu6
柏斯音樂,pæk2 si1 yäm1 ngok6
柏樹街,pæk2 sü6 gai1
柏濤徑,pæk2 täu4 gäng1
柏蕙里,pæk2 wäi6 li1
攀背頂,pæng1 bui1 deng2
跑道南路,pau2 däu6 nam4 lu6
憑祥,päng4 cöng4
平定道,päng4 däng6 däu6
平定道東,päng4 däng6 däu6 dung1
平瀾街,päng4 læng4 gai1
平樂徑,päng4 lok6 gäng1
平面洲,päng4 ming6 zäu1
平安福音中學,päng4 wung1 fuk2 yäm1 zung1 hok6
平安壹賬通銀行,päng4 wung1 yäk2 zöng1 tung1 ngäng4 hong4
平安里,päng4 wung1 li1
平山仔,päng4 sæng1 zäi2
平成里,päng4 säng4 li1
平田街,päng4 ting4 gai1
平托坑山,päng4 tok2 hæng1 sæng1
平洲海,päng4 zäu1 fui2
坪洲好景街,päng4 zäu1 häu2 gäng2 gai1
平治街,päng4 zi6 gai1
普樂道,pu2 lok6 däu6
普樂里,pu2 lok6 li1
浦那,pu2 na1
蒲崗村道公園,pu4 gong1 cüng1 däu6 gung1 yüng4
蒲嶺,pu4 leng1
蒲嶺坳,pu4 leng1 au1
莆上村,pu4 söng6 cüng1
培靈學校,pui4 läng4 hok6 hau6
裴樂士道,pui4 lok6 si6 däu6
培成里,pui4 säng4 li1
潘迪華,pung1 däk6 wa4
番禺會所,pung1 yü4 wui6 so2
蟠龍道,pung4 lung4 däu6
沙角尾,sa1 gok2 mi1
沙角尾路,sa1 gok2 mi1 lu6
沙江圍仔,sa1 gong1 wäi4 zäi2
沙下徑,sa1 ha6 gäng1
沙下路,sa1 ha6 lu6
沙嶺道,sa1 leng1 däu6
沙崙學校,sa1 läng4 hok6 hau6
莎文杜徑,sa1 mäng4 du6 gäng1
沙浦道,sa1 pu2 däu6
沙田車站圍,sa1 ting4 ce1 zam6 wäi4
沙田循道衞理中學,sa1 ting4 cäng4 däu6 wäi6 li1 zung1 hok6
沙田嶺路,sa1 ting4 leng1 lu6
沙田嶺隧道,sa1 ting4 leng1 söi6 däu6
沙田崇真學校,sa1 ting4 sung4 zäng1 hok6 hau6
沙田圍胡素貞博士紀念學校,sa1 ting4 wäi4 wu4 su1 zäng1 bok2 si6 gi2 nim6 hok6 hau6
沙塘口尾,sa1 tong4 häu2 mi1
沙井村,sa1 zäng2 cüng1
沙井路,sa1 zäng2 lu6
三百八十二,sam1 bæk2 bæk2 säp6 yi6
三百七十二,sam1 bæk2 cäk2 säp6 yi6
三百九十二,sam1 bæk2 gäu2 säp6 yi6
三百一十二,sam1 bæk2 yäk2 säp6 yi6
三百二十八,sam1 bæk2 yi6 säp6 bæk2
三百二十七,sam1 bæk2 yi6 säp6 cäk2
三百二十九,sam1 bæk2 yi6 säp6 gäu2
三百二十一,sam1 bæk2 yi6 säp6 yäk2
三百二十二,sam1 bæk2 yi6 säp6 yi6
三百二十六,sam1 bæk2 yi6 säp6 luk6
三百二十萬,sam1 bæk2 yi6 säp6 mæng6
三百二十五,sam1 bæk2 yi6 säp6 ng1
三百二十三,sam1 bæk2 yi6 säp6 sam1
三百二十四,sam1 bæk2 yi6 säp6 si1
三百零二,sam1 bæk2 läng4 yi6
三百六十二,sam1 bæk2 luk6 säp6 yi6
三百五十二,sam1 bæk2 ng1 säp6 yi6
三百三十二,sam1 bæk2 sam1 säp6 yi6
三百四十二,sam1 bæk2 si1 säp6 yi6
三千二百萬,sam1 cing1 yi6 bæk2 mæng6
三千兩百萬,sam1 cing1 löng1 bæk2 mæng6
三疊潭,sam1 dip6 tam4
三門仔路,sam1 mung4 zäi2 lu6
三門仔新村,sam1 mung4 zäi2 säng1 cüng1
三泡,sam1 pau1
三啤,sam1 pe1
三十二萬,sam1 säp6 yi6 mæng6
三四班,sam1 si1 bæng1
三四打,sam1 si1 da1
三四頂,sam1 si1 deng2
三四滴,sam1 si1 däk6
三四朵,sam1 si1 do2
三四度,sam1 si1 du6
三四道,sam1 si1 däu6
三四番,sam1 si1 fæng1
三四棵,sam1 si1 fo2
三四掛,sam1 si1 gwa1
三四下,sam1 si1 ha1
三四行,sam1 si1 hong4
三四尾,sam1 si1 mi1
三四面,sam1 si1 ming6
三四泡,sam1 si1 pau1
三四啤,sam1 si1 pe1
三四片,sam1 si1 ping1
三四聲,sam1 si1 säng1
三四丈,sam1 si1 zöng6
三四載,sam1 si1 zöi2
三四種,sam1 si1 zung2
三肚,sam1 tu1
三和路,sam1 wo4 lu6
三載,sam1 zöi2
山頂村,sæng1 deng2 cüng1
山下村,sæng1 ha6 cüng1
山下路,sæng1 ha6 lu6
山下圍,sæng1 ha6 wäi4
山嶺角,sæng1 leng1 gok2
山寮下路,sæng1 liu4 ha6 lu6
山尾坳,sæng1 mi1 au1
散村,sæng1 cüng1
散排,sæng1 pai4
散散落落,sæng1 sæng1 lok6 lok6
散石灣路,sæng1 sek6 wæng1 lu6
筲箕灣崇真學校,sau1 gi1 wæng1 sung4 zäng1 hok6 hau6
西港城歷山大廈,säi1 gong2 säng4 läk6 sæng1 dai6 ha6
西谷道,säi1 guk2 däu6
西貢道,säi1 gung1 däu6
西貢海傍街,säi1 gung1 fui2 bong6 gai1
西貢海傍廣場,säi1 gung1 fui2 bong6 gwong2 cöng4
西貢崇真天主教學校,säi1 gung1 sung4 zäng1 ting1 zü2 gäu1 hok6 hau6
西貢中心李少欽紀念學校,säi1 gung1 zung1 säm1 li1 siu1 yäm1 gi2 nim6 hok6 hau6
西區海底隧道,säi1 kü1 fui2 däi2 söi6 däu6
西碼頭道,säi1 ma1 täu4 däu6
西尾道,säi1 mi1 däu6
犀牛望月,säi1 ngäu4 mong6 ngük6
西華里,säi1 wa4 li1
西灣美經援村,säi1 wæng1 mi1 gäng1 wung4 cüng1
西湖里,säi1 wu4 li1
世界龍岡學校,säi1 gai1 lung4 gong1 hok6 hau6
世運道,säi1 wäng6 däu6
細洲尾,säi1 zäu1 mi1
深坑瀝,säm1 hæng1 läk6
森麻實道,säm1 ma4 säk6 däu6
深信學校,säm1 säng1 hok6 hau6
深盛路,säm1 säng6 lu6
深屈道,säm1 wäk2 däu6
深井村路,säm1 zäng2 cüng1 lu6
深井東村,säm1 zäng2 dung1 cüng1
深井舊村,säm1 zäng2 gäu6 cüng1
深井西村,säm1 zäng2 säi1 cüng1
深井新村,säm1 zäng2 säng1 cüng1
深井商業新村,säm1 zäng2 söng1 yip6 säng1 cüng1
深井天主教小學,säm1 zäng2 ting1 zü2 gäu1 siu2 hok6
沈鳳君,säm2 fung6 gwäng1
沈可欣,säm2 ho2 yäng1
沈愛琳,säm2 wui1 läm4
新寶城商場,säng1 bäu2 säng4 söng1 cöng4
新青街,säng1 cäng1 gai1
新清水灣道,säng1 cäng1 söi2 wæng1 däu6
新大嶼山巴士,säng1 dai6 yü4 sæng1 ba1 si2
新都城中心,säng1 du1 säng4 zung1 säm1
新都會廣場,säng1 du1 wui6 gwong2 cöng4
新港城中心,säng1 gong2 säng4 zung1 säm1
新興海傍街,säng1 häng1 fui2 bong6 gai1
新李屋村,säng1 li1 uk2 cüng1
新樂街,säng1 lok6 gai1
新文華中心,säng1 mäng4 wa4 zung1 säm1
新寧道,säng1 näng4 däu6
新平街,säng1 päng4 gai1
新生村,säng1 säng1 cüng1
新生新村,säng1 säng1 säng1 cüng1
新錫路,säng1 sek2 lu6
新成街,säng1 säng4 gai1
新城市廣場,säng1 säng4 si1 gwong2 cöng4
新潭路,säng1 tam4 lu6
新屋下,säng1 uk2 ha6
新屋仔,säng1 uk2 zäi2
新華里,säng1 wa4 li1
新華安里,säng1 wa4 wung1 li1
新圍仔,säng1 wäi4 zäi2
新圍仔路,säng1 wäi4 zäi2 lu6
新會道,säng1 wui6 däu6
神奇道,säng4 ki4 däu6
神仙井山,säng4 sing1 zäng2 sæng1
生物科技路,säng1 mäk6 fo1 gi6 lu6
生態足跡,säng1 tai1 zuk2 zäk2
十頂,säp6 deng2
十多班,säp6 do1 bæng1
十多打,säp6 do1 da1
十多頂,säp6 do1 deng2
十多滴,säp6 do1 däk6
十多朵,säp6 do1 do2
十多度,säp6 do1 du6
十多番,säp6 do1 fæng1
十多棵,säp6 do1 fo2
十多間,säp6 do1 gæng1
十多掛,säp6 do1 gwa1
十多下,säp6 do1 ha1
十多行,säp6 do1 hong4
十多尾,säp6 do1 mi1
十多面,säp6 do1 ming6
十多泡,säp6 do1 pau1
十多啤,säp6 do1 pe1
十多片,säp6 do1 ping1
十多聲,säp6 do1 säng1
十多丈,säp6 do1 zöng6
十多載,säp6 do1 zöi2
十多種,säp6 do1 zung2
十幾班,säp6 gi2 bæng1
十幾打,säp6 gi2 da1
十幾頂,säp6 gi2 deng2
十幾滴,säp6 gi2 däk6
十幾朵,säp6 gi2 do2
十幾道,säp6 gi2 däu6
十幾番,säp6 gi2 fæng1
十幾掛,säp6 gi2 gwa1
十幾行,säp6 gi2 hong4
十幾尾,säp6 gi2 mi1
十幾面,säp6 gi2 ming6
十幾泡,säp6 gi2 pau1
十幾啤,säp6 gi2 pe1
十幾片,säp6 gi2 ping1
十幾聲,säp6 gi2 säng1
十幾丈,säp6 gi2 zöng6
十幾載,säp6 gi2 zöi2
十掛,säp6 gwa1
十二笏,säp6 yi6 fäk2
十來班,säp6 löi4 bæng1
十來打,säp6 löi4 da1
十來頂,säp6 löi4 deng2
十來滴,säp6 löi4 däk6
十來朵,säp6 löi4 do2
十來度,säp6 löi4 du6
十來道,säp6 löi4 däu6
十來番,säp6 löi4 fæng1
十來棵,säp6 löi4 fo2
十來間,säp6 löi4 gæng1
十來掛,säp6 löi4 gwa1
十來下,säp6 löi4 ha1
十來行,säp6 löi4 hong4
十來尾,säp6 löi4 mi1
十來面,säp6 löi4 ming6
十來泡,säp6 löi4 pau1
十來啤,säp6 löi4 pe1
十來片,säp6 löi4 ping1
十來聲,säp6 löi4 säng1
十來丈,säp6 löi4 zöng6
十來載,säp6 löi4 zöi2
十來種,säp6 löi4 zung2
十泡,säp6 pau1
十啤,säp6 pe1
十片,säp6 ping1
修打蘭街,säu1 da2 læng4 gai1
秀雅道,säu1 nga1 däu6
秀華坊,säu1 wa4 fong1
秀竹園道,säu1 zuk2 yüng4 däu6
壽臣山道東,säu6 säng4 sæng1 däu6 dung1
壽臣山道西,säu6 säng4 sæng1 däu6 säi1
蛇地坑,se4 di6 hæng1
蛇灣角,se4 wæng1 gok2
蛇灣山,se4 wæng1 sæng1
四百八十二,si1 bæk2 bæk2 säp6 yi6
四百七十二,si1 bæk2 cäk2 säp6 yi6
四百九十二,si1 bæk2 gäu2 säp6 yi6
四百一十二,si1 bæk2 yäk2 säp6 yi6
四百二十八,si1 bæk2 yi6 säp6 bæk2
四百二十七,si1 bæk2 yi6 säp6 cäk2
四百二十九,si1 bæk2 yi6 säp6 gäu2
四百二十一,si1 bæk2 yi6 säp6 yäk2
四百二十二,si1 bæk2 yi6 säp6 yi6
四百二十六,si1 bæk2 yi6 säp6 luk6
四百二十萬,si1 bæk2 yi6 säp6 mæng6
四百二十五,si1 bæk2 yi6 säp6 ng1
四百二十三,si1 bæk2 yi6 säp6 sam1
四百二十四,si1 bæk2 yi6 säp6 si1
四百零二,si1 bæk2 läng4 yi6
四百六十二,si1 bæk2 luk6 säp6 yi6
四百五十二,si1 bæk2 ng1 säp6 yi6
四百三十二,si1 bæk2 sam1 säp6 yi6
四百四十二,si1 bæk2 si1 säp6 yi6
四千二百萬,si1 cing1 yi6 bæk2 mæng6
四千兩百萬,si1 cing1 löng1 bæk2 mæng6
四頂,si1 deng2
四滴,si1 däk6
四棵,si1 fo2
四五班,si1 ng1 bæng1
四五打,si1 ng1 da1
四五頂,si1 ng1 deng2
四五滴,si1 ng1 däk6
四五朵,si1 ng1 do2
四五度,si1 ng1 du6
四五道,si1 ng1 däu6
四五番,si1 ng1 fæng1
四五棵,si1 ng1 fo2
四五間,si1 ng1 gæng1
四五掛,si1 ng1 gwa1
四五下,si1 ng1 ha1
四五尾,si1 ng1 mi1
四五面,si1 ng1 ming6
四五泡,si1 ng1 pau1
四五啤,si1 ng1 pe1
四五片,si1 ng1 ping1
四五聲,si1 ng1 säng1
四五丈,si1 ng1 zöng6
四五載,si1 ng1 zöi2
四五種,si1 ng1 zung2
四泡,si1 pau1
四啤,si1 pe1
四十二萬,si1 säp6 yi6 mæng6
四肚,si1 tu1
四載,si1 zöi2
錫降村,sek2 gong1 cüng1
錫降圍,sek2 gong1 wäi4
錫降圍路,sek2 gong1 wäi4 lu6
石板潭,sek6 bæng2 tam4
石壁凹,sek6 bäk2 au1
石壁道,sek6 bäk2 däu6
石鼓壟道,sek6 gwu2 lung1 däu6
石貴街,sek6 gwäi1 gai1
石梨貝水塘,sek6 li4 bui1 söi2 tong4
石梨嘉南,sek6 li4 ga1 nam4
石梨頭,sek6 li4 täu4
石壟仔,sek6 lung1 zäi2
石壟仔新村,sek6 lung1 zäi2 säng1 cüng1
石尾頭,sek6 mi1 täu4
石門甲道,sek6 mung4 gap2 däu6
石芽背,sek6 nga4 bui1
石澳山仔,sek6 au1 sæng1 zäi2
石澳山仔路,sek6 au1 sæng1 zäi2 lu6
石排灣道,sek6 pai4 wæng1 däu6
石上河,sek6 söng6 ho4
石上路,sek6 söng6 lu6
石湖墟公立學校,sek6 wu4 hü1 gung1 läp6 hok6 hau6
石湖塘,sek6 wu4 tong4
石湖圍新村,sek6 wu4 wäi4 säng1 cüng1
石寨下,sek6 zai6 ha6
石寨下路,sek6 zai6 ha6 lu6
石仔嶺,sek6 zäi2 leng1
石仔灣,sek6 zäi2 wæng1
水車館里,söi2 ce1 gwung2 li1
水徑頂,söi2 gäng1 deng2
水渠道,söi2 kü4 däu6
水浪窩營地,söi2 long6 wo1 yäng4 di6
水尾路,söi2 mi1 lu6
水塘道,söi2 tong4 däu6
水井灣,söi2 zäng2 wæng1
瑞奇大道,söi6 ki4 dai6 däu6
萃文道,söi6 mäng4 däu6
信愛學校,säng1 wui1 hok6 hau6
脣讀,säng4 duk6
脣齶裂,säng4 ngok6 lik6
順風道,säng6 fung1 däu6
順行路,säng6 häng4 lu6
順平街,säng6 päng4 gai1
順泰道,säng6 tai1 däu6
思源學校,si1 yüng4 hok6 hau6
斯里賈亞瓦德納普拉科特,si1 li1 ga2 a1 nga1 däk2 nap6 pu2 lai1 fo1 däk6
斯里蘭卡人,si1 li1 læng4 ka1 yäng4
施南生,si1 nam4 säng1
施他佛道,si1 ta1 fäk6 däu6
獅頭嶺,si1 täu4 leng1
斯威士蘭人,si1 wäi1 si6 læng4 yäng4
獅子山隧道,si1 zi2 sæng1 söi6 däu6
獅子山隧道公路,si1 zi2 sæng1 söi6 däu6 gung1 lu6
史樂信路,si2 lok6 säng1 lu6
士達福信路,si6 dæk6 fuk2 säng1 lu6
士他花利街,si6 ta1 fa1 li6 gai1
士他令道,si6 ta1 läng6 däu6
食凍柑,säk6 dung1 gäm1
食物環境衞生署,säk6 mäk6 wæng4 gäng2 wäi6 säng1 cü1
食餸尾,säk6 sung1 mi1
仙人井,sing1 yäng4 zäng2
昇平村,säng1 päng4 cüng1
昇平街,säng1 päng4 gai1
聖博德學校,säng1 bok2 däk2 hok6 hau6
聖保羅男女中學,säng1 bäu2 lo4 nam4 nü1 zung1 hok6
聖保祿學校,säng1 bäu2 luk6 hok6 hau6
聖多美和普林西比,säng1 do1 mi1 wo4 pu2 läm4 säi1 bi2
聖多美和普林西比人,säng1 do1 mi1 wo4 pu2 läm4 säi1 bi2 yäng4
聖佛蘭士街,säng1 fäk6 læng4 si6 gai1
聖嘉祿學校,säng1 ga1 luk6 hok6 hau6
聖基茨和尼維斯人,säng1 gi1 ci4 wo4 ni4 wäi4 si1 yäng4
聖傑靈女子中學,säng1 gik6 läng4 nü1 zi2 zung1 hok6
聖荷塞,säng1 ho4 cöi1
聖約翰曾肇添小學,säng1 yök2 fung6 zäng1 siu6 tim1 siu2 hok6
聖羅撒學校,säng1 lo4 sæk2 hok6 hau6
聖路易斯波托西市,säng1 lu6 yäk6 si1 bo1 tok2 säi1 si1
聖瑪加利男女英文中小學,säng1 ma1 ga1 li6 nam4 nü1 yäng1 mäng4 zung1 siu2 hok6
聖馬善樂小學,säng1 ma1 sing6 lok6 siu2 hok6
聖馬太學校,säng1 ma1 tai1 hok6 hau6
聖文森特和格林納丁斯,säng1 mäng4 säm1 däk6 wo4 gæk2 läm4 nap6 däng1 si1
聖文森特和格林納丁斯人,säng1 mäng4 säm1 däk6 wo4 gæk2 läm4 nap6 däng1 si1 yäng4
聖母無玷聖心學校,säng1 mu1 mu4 dim1 säng1 säm1 hok6 hau6
聖愛德華天主教小學,säng1 wui1 däk2 wa4 ting1 zü2 gäu1 siu2 hok6
聖安多尼學校,säng1 wung1 do1 ni4 hok6 hau6
聖十架學校,säng1 säp6 ga1 hok6 hau6
聖士提反里,säng1 si6 täi4 fæng2 li1
聖士提反女子中學,säng1 si6 täi4 fæng2 nü1 zi2 zung1 hok6
聖士提反堂中學,säng1 si6 täi4 fæng2 tong4 zung1 hok6
聖士提反灣泳灘,säng1 si6 täi4 fæng2 wæng1 wäng6 tæng1
承昌道,säng4 cöng1 däu6
成全路,säng4 cüng4 lu6
成都道,säng4 du1 däu6
承豐道,säng4 fung1 däu6
成興街,säng4 häng1 gai1
城河道,säng4 ho4 däu6
城門道,säng4 mung4 däu6
城門谷公園,säng4 mung4 guk2 gung1 yüng4
城門下村,säng4 mung4 ha6 cüng1
城門河道,säng4 mung4 ho4 däu6
城門里,säng4 mung4 li1
城門隧道公路,säng4 mung4 söi6 däu6 gung1 lu6
城南道,säng4 nam4 däu6
成安里,säng4 wung1 li1
城西道,säng4 säi1 däu6
城市花園道,säng4 si1 fa1 yüng4 däu6
城市規劃上訴委員團,säng4 si1 kwäi1 wæk6 söng6 su1 wäi2 yüng4 tüng4
成運路,säng4 wäng6 lu6
成和坊,säng4 wo4 fong1
城皇街,säng4 wong4 gai1
城中鴨子,säng4 zung1 ap2 zi2
盛旦華,säng6 dæng1 wa4
盛德街,säng6 däk2 gai1
盛芳街,säng6 fong1 gai1
盛康里,säng6 hong1 li1
盛民里,säng6 mäng4 li1
盛田街,säng6 ting4 gai1
盛屋村,säng6 uk2 cüng1
蕭萬長,siu1 mæng6 cöng4
小青洲,siu2 cäng1 zäu1
小貴灣,siu2 gwäi1 wæng1
小磨刀,siu2 mo4 däu1
小稔洲,siu2 näm1 zäu1
小西灣道,siu2 säi1 wæng1 däu6
小食里,siu2 säk6 li1
小桃源村,siu2 täu4 yüng4 cüng1
梭椏道,so1 a1 däu6
梳士巴利道,so1 si6 ba1 li6 däu6
雙學士,söng1 hok6 si6
相思灣,söng1 si1 wæng1
相思灣路,söng1 si1 wæng1 lu6
常怡道天橋,söng4 yi4 däu6 ting1 kiu4
常平街,söng4 päng4 gai1
常盛里,söng4 säng6 li1
常和街,söng4 wo4 gai1
上亞厘畢道,söng6 a1 li4 bäk2 däu6
上七木橋,söng6 cäk2 muk6 kiu4
上長沙泳灘,söng6 cöng4 sa1 wäng6 tæng1
上村新村,söng6 cüng1 säng1 cüng1
上花山,söng6 fa1 sæng1
上徑口,söng6 gäng1 häu2
上角街,söng6 gok2 gai1
上角山路,söng6 gok2 sæng1 lu6
上角咀,söng6 gok2 zöi2
上高灘,söng6 gäu1 tæng1
上高灘街,söng6 gäu1 tæng1 gai1
上海姥姥,söng6 fui2 läu1 läu1
上海商業銀行,söng6 fui2 söng1 yip6 ngäng4 hong4
尚好記,söng6 häu2 gi1
上一村,söng6 yäk2 cüng1
上攸田村,söng6 yäu4 ting4 cüng1
上陽樓,söng6 yöng4 läu4
上洋山,söng6 yöng4 sæng1
上元街,söng6 yüng4 gai1
上嶺皮,söng6 leng1 pi4
上羅禮信道,söng6 lo4 läi1 säng1 däu6
上苗田,söng6 miu4 ting4
上山雞乙,söng6 sæng1 gäi1 yük2
上水東慶路,söng6 söi2 dung1 häng1 lu6
上水官立中學,söng6 söi2 gwung1 läp6 zung1 hok6
上水游泳池,söng6 söi2 yäu4 wäng6 ci4
上水名都商場,söng6 söi2 mäng4 du1 söng1 cöng4
上水宣道小學,söng6 söi2 süng1 däu6 siu2 hok6
上水華山,söng6 söi2 wa4 sæng1
上水惠州公立學校,söng6 söi2 wäi6 zäu1 gung1 läp6 hok6 hau6
上水中心購物商場,söng6 söi2 zung1 säm1 gäu1 mäk6 söng1 cöng4
上田寮下,söng6 ting4 liu4 ha6
上塘,söng6 tong4
上圍里,söng6 wäi4 li1
上禾坑,söng6 wo4 hæng1
上黃宜坳,söng6 wong4 yi4 au1
上章圍,söng6 zöng1 wäi4
蘇道哲,su1 däu6 zik2
蘇黎世大道,su1 läi4 säi1 dai6 däu6
蘇浙小學校,su1 zik2 siu2 hok6 hau6
數百把,su1 bæk2 ba2
數百班,su1 bæk2 bæng1
數百筆,su1 bæk2 bäk2
數百部,su1 bæk2 bu6
數百杯,su1 bæk2 bui1
數百本,su1 bæk2 bung2
數百層,su1 bæk2 cäng4
數百尺,su1 bæk2 cek2
數百齣,su1 bæk2 cäk2
數百程,su1 bæk2 cäng4
數百桌,su1 bæk2 cök2
數百場,su1 bæk2 cöng4
數百束,su1 bæk2 cuk2
數百串,su1 bæk2 cüng1
數百吋,su1 bæk2 cüng1
數百寸,su1 bæk2 cüng1
數百打,su1 bæk2 da1
數百頂,su1 bæk2 deng2
數百堆,su1 bæk2 döi1
數百對,su1 bæk2 döi1
數百隊,su1 bæk2 döi6
數百噸,su1 bæk2 däng1
數百滴,su1 bæk2 däk6
數百點,su1 bæk2 dim2
數百碟,su1 bæk2 dip6
數百朵,su1 bæk2 do2
數百度,su1 bæk2 du6
數百道,su1 bæk2 däu6
數百段,su1 bæk2 düng6
數百塊,su1 bæk2 fai1
數百番,su1 bæk2 fæng1
數百發,su1 bæk2 fæk2
數百份,su1 bæk2 fäng6
數百伙,su1 bæk2 fo2
數百顆,su1 bæk2 fo2
數百方,su1 bæk2 fong1
數百副,su1 bæk2 fu1
數百幅,su1 bæk2 fuk2
數百服,su1 bæk2 fuk6
數百家,su1 bæk2 ga1
數百架,su1 bæk2 ga1
數百格,su1 bæk2 gæk2
數百間,su1 bæk2 gæng1
數百斤,su1 bæk2 gäng1
數百根,su1 bæk2 gäng1
數百記,su1 bæk2 gi1
數百句,su1 bæk2 gü1
數百具,su1 bæk2 gü6
數百件,su1 bæk2 ging6
數百缸,su1 bæk2 gong1
數百股,su1 bæk2 gwu2
數百罐,su1 bæk2 gwung1
數百下,su1 bæk2 ha1
數百口,su1 bæk2 häu2
數百行,su1 bæk2 hong4
數百項,su1 bæk2 hong6
數百毫,su1 bæk2 häu4
數百日,su1 bæk2 yäk6
數百樣,su1 bæk2 yöng6
數百級,su1 bæk2 käp2
數百羣,su1 bæk2 kwäng4
數百拳,su1 bæk2 küng4
數百縷,su1 bæk2 läu1
數百厘,su1 bæk2 li4
數百列,su1 bæk2 lik6
數百籮,su1 bæk2 lo4
數百両,su1 bæk2 löng2
數百尾,su1 bæk2 mi1
數百面,su1 bæk2 ming6
數百枚,su1 bæk2 mui4
數百門,su1 bæk2 mung4
數百粒,su1 bæk2 näp2
數百排,su1 bæk2 pai4
數百泡,su1 bæk2 pau1
數百批,su1 bæk2 päi1
數百匹,su1 bæk2 päk2
數百疋,su1 bæk2 päk2
數百啤,su1 bæk2 pe1
數百篇,su1 bæk2 ping1
數百片,su1 bæk2 ping1
數百撇,su1 bæk2 pik2
數百艘,su1 bæk2 säu2
數百首,su1 bæk2 säu2
數百扇,su1 bæk2 sing1
數百聲,su1 bæk2 säng1
數百所,su1 bæk2 so2
數百箱,su1 bæk2 söng1
數百雙,su1 bæk2 söng1
數百灘,su1 bæk2 tæng1
數百題,su1 bæk2 täi4
數百頭,su1 bæk2 täu4
數百條,su1 bæk2 tiu4
數百台,su1 bæk2 töi4
數百趟,su1 bæk2 tong1
數百堂,su1 bæk2 tong4
數百套,su1 bæk2 täu1
數百團,su1 bæk2 tüng4
數百户,su1 bæk2 wu6
數百碗,su1 bæk2 wung2
數百盞,su1 bæk2 zæng2
數百劑,su1 bæk2 zäi1
數百則,su1 bæk2 zäk2
數百支,su1 bæk2 zi1
數百枝,su1 bæk2 zi1
數百席,su1 bæk2 zäk6
數百節,su1 bæk2 zik2
數百丈,su1 bæk2 zöng6
數百載,su1 bæk2 zöi2
數百宗,su1 bæk2 zung1
數百盅,su1 bæk2 zung1
數百種,su1 bæk2 zung2
數百株,su1 bæk2 zü1
數百尊,su1 bæk2 züng1
數筆,su1 bäk2
數杯,su1 bui1
數齣,su1 cäk2
數千把,su1 cing1 ba2
數千班,su1 cing1 bæng1
數千筆,su1 cing1 bäk2
數千部,su1 cing1 bu6
數千杯,su1 cing1 bui1
數千本,su1 cing1 bung2
數千層,su1 cing1 cäng4
數千尺,su1 cing1 cek2
數千齣,su1 cing1 cäk2
數千次,su1 cing1 ci1
數千程,su1 cing1 cäng4
數千桌,su1 cing1 cök2
數千場,su1 cing1 cöng4
數千束,su1 cing1 cuk2
數千串,su1 cing1 cüng1
數千吋,su1 cing1 cüng1
數千寸,su1 cing1 cüng1
數千打,su1 cing1 da1
數千頂,su1 cing1 deng2
數千堆,su1 cing1 döi1
數千對,su1 cing1 döi1
數千隊,su1 cing1 döi6
數千噸,su1 cing1 däng1
數千滴,su1 cing1 däk6
數千點,su1 cing1 dim2
數千碟,su1 cing1 dip6
數千朵,su1 cing1 do2
數千度,su1 cing1 du6
數千道,su1 cing1 däu6
數千段,su1 cing1 düng6
數千塊,su1 cing1 fai1
數千番,su1 cing1 fæng1
數千發,su1 cing1 fæk2
數千份,su1 cing1 fäng6
數千伙,su1 cing1 fo2
數千顆,su1 cing1 fo2
數千方,su1 cing1 fong1
數千副,su1 cing1 fu1
數千幅,su1 cing1 fuk2
數千服,su1 cing1 fuk6
數千家,su1 cing1 ga1
數千格,su1 cing1 gæk2
數千間,su1 cing1 gæng1
數千斤,su1 cing1 gäng1
數千根,su1 cing1 gäng1
數千記,su1 cing1 gi1
數千句,su1 cing1 gü1
數千具,su1 cing1 gü6
數千件,su1 cing1 ging6
數千缸,su1 cing1 gong1
數千股,su1 cing1 gwu2
數千罐,su1 cing1 gwung1
數千下,su1 cing1 ha1
數千口,su1 cing1 häu2
數千行,su1 cing1 hong4
數千項,su1 cing1 hong6
數千毫,su1 cing1 häu4
數千日,su1 cing1 yäk6
數千樣,su1 cing1 yöng6
數千級,su1 cing1 käp2
數千羣,su1 cing1 kwäng4
數千拳,su1 cing1 küng4
數千縷,su1 cing1 läu1
數千厘,su1 cing1 li4
數千列,su1 cing1 lik6
數千籮,su1 cing1 lo4
數千両,su1 cing1 löng2
數千尾,su1 cing1 mi1
數千面,su1 cing1 ming6
數千枚,su1 cing1 mui4
數千門,su1 cing1 mung4
數千粒,su1 cing1 näp2
數千排,su1 cing1 pai4
數千泡,su1 cing1 pau1
數千批,su1 cing1 päi1
數千匹,su1 cing1 päk2
數千疋,su1 cing1 päk2
數千啤,su1 cing1 pe1
數千篇,su1 cing1 ping1
數千片,su1 cing1 ping1
數千撇,su1 cing1 pik2
數千倍,su1 cing1 pui1
數千艘,su1 cing1 säu2
數千首,su1 cing1 säu2
數千扇,su1 cing1 sing1
數千聲,su1 cing1 säng1
數千所,su1 cing1 so2
數千箱,su1 cing1 söng1
數千雙,su1 cing1 söng1
數千灘,su1 cing1 tæng1
數千題,su1 cing1 täi4
數千頭,su1 cing1 täu4
數千條,su1 cing1 tiu4
數千台,su1 cing1 töi4
數千趟,su1 cing1 tong1
數千堂,su1 cing1 tong4
數千套,su1 cing1 täu1
數千團,su1 cing1 tüng4
數千户,su1 cing1 wu6
數千碗,su1 cing1 wung2
數千盞,su1 cing1 zæng2
數千劑,su1 cing1 zäi1
數千則,su1 cing1 zäk2
數千隻,su1 cing1 zek2
數千支,su1 cing1 zi1
數千枝,su1 cing1 zi1
數千席,su1 cing1 zäk6
數千節,su1 cing1 zik2
數千張,su1 cing1 zöng1
數千丈,su1 cing1 zöng6
數千載,su1 cing1 zöi2
數千宗,su1 cing1 zung1
數千盅,su1 cing1 zung1
數千種,su1 cing1 zung2
數千株,su1 cing1 zü1
數千尊,su1 cing1 züng1
數程,su1 cäng4
數桌,su1 cök2
數束,su1 cuk2
數串,su1 cüng1
數吋,su1 cüng1
數寸,su1 cüng1
數堆,su1 döi1
數隊,su1 döi6
數噸,su1 däng1
數朵,su1 do2
數塊,su1 fai1
數伙,su1 fo2
數副,su1 fu1
數幅,su1 fuk2
數斤,su1 gäng1
數缸,su1 gong1
掃管埔,säu1 gwung2 bu1
掃管埔路,säu1 gwung2 bu1 lu6
掃管笏村,säu1 gwung2 fäk2 cüng1
掃管笏村路,säu1 gwung2 fäk2 cüng1 lu6
掃管笏路,säu1 gwung2 fäk2 lu6
掃管笏新村,säu1 gwung2 fäk2 säng1 cüng1
掃管灘,säu1 gwung2 tæng1
數罐,su1 gwung1
數毫,su1 häu4
數樣,su1 yöng6
數級,su1 käp2
數縷,su1 läu1
數厘,su1 li4
數籮,su1 lo4
數両,su1 löng2
數碼港道,su1 ma1 gong2 däu6
數碼港商場,su1 ma1 gong2 söng1 cöng4
數萬把,su1 mæng6 ba2
數萬班,su1 mæng6 bæng1
數萬筆,su1 mæng6 bäk2
數萬部,su1 mæng6 bu6
數萬杯,su1 mæng6 bui1
數萬本,su1 mæng6 bung2
數萬層,su1 mæng6 cäng4
數萬尺,su1 mæng6 cek2
數萬齣,su1 mæng6 cäk2
數萬次,su1 mæng6 ci1
數萬程,su1 mæng6 cäng4
數萬桌,su1 mæng6 cök2
數萬場,su1 mæng6 cöng4
數萬束,su1 mæng6 cuk2
數萬串,su1 mæng6 cüng1
數萬吋,su1 mæng6 cüng1
數萬寸,su1 mæng6 cüng1
數萬打,su1 mæng6 da1
數萬頂,su1 mæng6 deng2
數萬堆,su1 mæng6 döi1
數萬對,su1 mæng6 döi1
數萬隊,su1 mæng6 döi6
數萬噸,su1 mæng6 däng1
數萬滴,su1 mæng6 däk6
數萬點,su1 mæng6 dim2
數萬碟,su1 mæng6 dip6
數萬朵,su1 mæng6 do2
數萬度,su1 mæng6 du6
數萬道,su1 mæng6 däu6
數萬段,su1 mæng6 düng6
數萬塊,su1 mæng6 fai1
數萬番,su1 mæng6 fæng1
數萬發,su1 mæng6 fæk2
數萬份,su1 mæng6 fäng6
數萬伙,su1 mæng6 fo2
數萬顆,su1 mæng6 fo2
數萬方,su1 mæng6 fong1
數萬副,su1 mæng6 fu1
數萬幅,su1 mæng6 fuk2
數萬服,su1 mæng6 fuk6
數萬家,su1 mæng6 ga1
數萬架,su1 mæng6 ga1
數萬格,su1 mæng6 gæk2
數萬間,su1 mæng6 gæng1
數萬斤,su1 mæng6 gäng1
數萬根,su1 mæng6 gäng1
數萬記,su1 mæng6 gi1
數萬句,su1 mæng6 gü1
數萬具,su1 mæng6 gü6
數萬件,su1 mæng6 ging6
數萬個,su1 mæng6 go1
數萬缸,su1 mæng6 gong1
數萬股,su1 mæng6 gwu2
數萬罐,su1 mæng6 gwung1
數萬下,su1 mæng6 ha1
數萬口,su1 mæng6 häu2
數萬行,su1 mæng6 hong4
數萬項,su1 mæng6 hong6
數萬毫,su1 mæng6 häu4
數萬日,su1 mæng6 yäk6
數萬樣,su1 mæng6 yöng6
數萬級,su1 mæng6 käp2
數萬羣,su1 mæng6 kwäng4
數萬拳,su1 mæng6 küng4
數萬縷,su1 mæng6 läu1
數萬厘,su1 mæng6 li4
數萬列,su1 mæng6 lik6
數萬籮,su1 mæng6 lo4
數萬両,su1 mæng6 löng2
數萬尾,su1 mæng6 mi1
數萬面,su1 mæng6 ming6
數萬名,su1 mæng6 mäng4
數萬枚,su1 mæng6 mui4
數萬門,su1 mæng6 mung4
數萬粒,su1 mæng6 näp2
數萬年,su1 mæng6 ning4
數萬排,su1 mæng6 pai4
數萬泡,su1 mæng6 pau1
數萬批,su1 mæng6 päi1
數萬匹,su1 mæng6 päk2
數萬疋,su1 mæng6 päk2
數萬啤,su1 mæng6 pe1
數萬篇,su1 mæng6 ping1
數萬片,su1 mæng6 ping1
數萬撇,su1 mæng6 pik2
數萬倍,su1 mæng6 pui1
數萬艘,su1 mæng6 säu2
數萬首,su1 mæng6 säu2
數萬扇,su1 mæng6 sing1
數萬聲,su1 mæng6 säng1
數萬所,su1 mæng6 so2
數萬箱,su1 mæng6 söng1
數萬雙,su1 mæng6 söng1
數萬灘,su1 mæng6 tæng1
數萬題,su1 mæng6 täi4
數萬頭,su1 mæng6 täu4
數萬條,su1 mæng6 tiu4
數萬台,su1 mæng6 töi4
數萬趟,su1 mæng6 tong1
數萬堂,su1 mæng6 tong4
數萬套,su1 mæng6 täu1
數萬團,su1 mæng6 tüng4
數萬户,su1 mæng6 wu6
數萬碗,su1 mæng6 wung2
數萬盞,su1 mæng6 zæng2
數萬劑,su1 mæng6 zäi1
數萬則,su1 mæng6 zäk2
數萬隻,su1 mæng6 zek2
數萬支,su1 mæng6 zi1
數萬枝,su1 mæng6 zi1
數萬席,su1 mæng6 zäk6
數萬節,su1 mæng6 zik2
數萬張,su1 mæng6 zöng1
數萬丈,su1 mæng6 zöng6
數萬載,su1 mæng6 zöi2
數萬宗,su1 mæng6 zung1
數萬盅,su1 mæng6 zung1
數萬種,su1 mæng6 zung2
數萬株,su1 mæng6 zü1
數萬尊,su1 mæng6 züng1
數面,su1 ming6
數門,su1 mung4
數粒,su1 näp2
數泡,su1 pau1
數批,su1 päi1
數匹,su1 päk2
數疋,su1 päk2
數啤,su1 pe1
數撇,su1 pik2
數瓢,su1 piu4
數十把,su1 säp6 ba2
數十班,su1 säp6 bæng1
數十筆,su1 säp6 bäk2
數十部,su1 säp6 bu6
數十杯,su1 säp6 bui1
數十本,su1 säp6 bung2
數十層,su1 säp6 cäng4
數十尺,su1 säp6 cek2
數十齣,su1 säp6 cäk2
數十程,su1 säp6 cäng4
數十桌,su1 säp6 cök2
數十場,su1 säp6 cöng4
數十束,su1 säp6 cuk2
數十串,su1 säp6 cüng1
數十吋,su1 säp6 cüng1
數十寸,su1 säp6 cüng1
數十打,su1 säp6 da1
數十頂,su1 säp6 deng2
數十堆,su1 säp6 döi1
數十對,su1 säp6 döi1
數十隊,su1 säp6 döi6
數十噸,su1 säp6 däng1
數十滴,su1 säp6 däk6
數十點,su1 säp6 dim2
數十碟,su1 säp6 dip6
數十朵,su1 säp6 do2
數十度,su1 säp6 du6
數十段,su1 säp6 düng6
數十塊,su1 säp6 fai1
數十番,su1 säp6 fæng1
數十發,su1 säp6 fæk2
數十份,su1 säp6 fäng6
數十伙,su1 säp6 fo2
數十顆,su1 säp6 fo2
數十方,su1 säp6 fong1
數十副,su1 säp6 fu1
數十幅,su1 säp6 fuk2
數十服,su1 säp6 fuk6
數十家,su1 säp6 ga1
數十架,su1 säp6 ga1
數十格,su1 säp6 gæk2
數十間,su1 säp6 gæng1
數十斤,su1 säp6 gäng1
數十根,su1 säp6 gäng1
數十記,su1 säp6 gi1
數十句,su1 säp6 gü1
數十具,su1 säp6 gü6
數十件,su1 säp6 ging6
數十缸,su1 säp6 gong1
數十股,su1 säp6 gwu2
數十罐,su1 säp6 gwung1
數十下,su1 säp6 ha1
數十行,su1 säp6 hong4
數十項,su1 säp6 hong6
數十毫,su1 säp6 häu4
數十日,su1 säp6 yäk6
數十樣,su1 säp6 yöng6
數十級,su1 säp6 käp2
數十羣,su1 säp6 kwäng4
數十拳,su1 säp6 küng4
數十縷,su1 säp6 läu1
數十厘,su1 säp6 li4
數十列,su1 säp6 lik6
數十籮,su1 säp6 lo4
數十両,su1 säp6 löng2
數十尾,su1 säp6 mi1
數十面,su1 säp6 ming6
數十門,su1 säp6 mung4
數十粒,su1 säp6 näp2
數十排,su1 säp6 pai4
數十泡,su1 säp6 pau1
數十批,su1 säp6 päi1
數十匹,su1 säp6 päk2
數十疋,su1 säp6 päk2
數十啤,su1 säp6 pe1
數十片,su1 säp6 ping1
數十撇,su1 säp6 pik2
數十艘,su1 säp6 säu2
數十首,su1 säp6 säu2
數十扇,su1 säp6 sing1
數十聲,su1 säp6 säng1
數十所,su1 säp6 so2
數十箱,su1 säp6 söng1
數十雙,su1 säp6 söng1
數十灘,su1 säp6 tæng1
數十題,su1 säp6 täi4
數十台,su1 säp6 töi4
數十趟,su1 säp6 tong1
數十堂,su1 säp6 tong4
數十套,su1 säp6 täu1
數十團,su1 säp6 tüng4
數十户,su1 säp6 wu6
數十碗,su1 säp6 wung2
數十盞,su1 säp6 zæng2
數十劑,su1 säp6 zäi1
數十則,su1 säp6 zäk2
數十支,su1 säp6 zi1
數十枝,su1 säp6 zi1
數十席,su1 säp6 zäk6
數十節,su1 säp6 zik2
數十丈,su1 säp6 zöng6
數十載,su1 säp6 zöi2
數十宗,su1 säp6 zung1
數十盅,su1 säp6 zung1
數十種,su1 säp6 zung2
數十株,su1 säp6 zü1
數十尊,su1 säp6 züng1
數艘,su1 säu2
數首,su1 säu2
數扇,su1 sing1
數箱,su1 söng1
數灘,su1 tæng1
數趟,su1 tong1
數堂,su1 tong4
數套,su1 täu1
數團,su1 tüng4
數户,su1 wu6
數碗,su1 wung2
數盞,su1 zæng2
數劑,su1 zäi1
數枝,su1 zi1
數盅,su1 zung1
數株,su1 zü1
數尊,su1 züng1
崇平街,sung4 päng4 gai1
崇華街,sung4 wa4 gai1
崇和徑,sung4 wo4 gäng1
舒梨道,sü1 li4 däu6
孫國華,süng1 gwok2 wa4
孫行者,süng1 häng4 ze2
宣城,süng1 säng4
選擇困難症,süng2 zæk6 kwäng1 næng4 zäng1
船灣李屋,süng4 wæng1 li1 uk2
泰伯紀念學校,tai1 bæk2 gi2 nim6 hok6 hau6
太古城道,tai1 gwu2 säng4 däu6
太古城中心,tai1 gwu2 säng4 zung1 säm1
太古灣道,tai1 gwu2 wæng1 däu6
太樂街,tai1 lok6 gai1
太平洋廣場,tai1 päng4 yöng4 gwong2 cöng4
太和橋,tai1 wo4 kiu4
譚公廟道,tam4 gung1 miu6 däu6
譚李麗芬紀念中學,tam4 li1 läi6 fäng1 gi2 nim6 zung1 hok6
塔門海傍街,tap2 mung4 fui2 bong6 gai1
體育道,täi2 yuk6 däu6
添福道,tim1 fuk2 däu6
天道教,ting1 däu6 gäu1
天一商城,ting1 yäk2 söng1 säng4
天月路,ting1 ngük6 lu6
天柏路,ting1 pæk2 lu6
天平里,ting1 päng4 li1
天平路,ting1 päng4 lu6
天神嘉諾撒學校,ting1 säng4 ga1 nok6 sæk2 hok6 hau6
天水圍循道衞理小學,ting1 söi2 wäi4 cäng4 däu6 wäi6 li1 siu2 hok6
天水圍循道衞理中學,ting1 söi2 wäi4 cäng4 däu6 wäi6 li1 zung1 hok6
天水圍靈愛小學,ting1 söi2 wäi4 läng4 wui1 siu2 hok6
天桃街,ting1 täu4 gai1
天主教佑華小學,ting1 zü2 gäu1 yäu6 wa4 siu2 hok6
天主教領島學校,ting1 zü2 gäu1 leng1 däu2 hok6 hau6
天主教明德學校,ting1 zü2 gäu1 mäng4 däk2 hok6 hau6
天主教南華中學,ting1 zü2 gäu1 nam4 wa4 zung1 hok6
天主教伍華小學,ting1 zü2 gäu1 ng1 wa4 siu2 hok6
天主教伍華中學,ting1 zü2 gäu1 ng1 wa4 zung1 hok6
天主教柏德學校,ting1 zü2 gäu1 pæk2 däk2 hok6 hau6
天主教聖華學校,ting1 zü2 gäu1 säng1 wa4 hok6 hau6
天主教總堂區學校,ting1 zü2 gäu1 zung2 tong4 kü1 hok6 hau6
田夫仔,ting4 fu1 zäi2
田夫仔營地,ting4 fu1 zäi2 yäng4 di6
田下坳,ting4 ha6 au1
田下山,ting4 ha6 sæng1
田下灣村,ting4 ha6 wæng1 cüng1
田尾山,ting4 mi1 sæng1
田灣海旁道,ting4 wæng1 fui2 pong4 däu6
田灣山道,ting4 wæng1 sæng1 däu6
庭和里,täng4 wo4 li1
鐵鉗坑,tik2 kim4 hæng1
鐵尾仔,tik2 mi1 zäi2
挑簷,tiu1 yim4
湯加人,tong1 ga1 yäng4
湯國華中學,tong1 gwok2 wa4 zung1 hok6
湯凱婷,tong1 fui2 täng4
塘瀝仔,tong4 läk6 zäi2
塘尾道官立小學,tong4 mi1 däu6 gwung1 läp6 siu2 hok6
塘面村,tong4 ming6 cüng1
塘上村,tong4 söng6 cüng1
塘肚,tong4 tu1
塘肚坪村,tong4 tu1 päng4 cüng1
塘肚山村,tong4 tu1 sæng1 cüng1
塘仔灣,tong4 zäi2 wæng1
桃源洞,täu4 yüng4 dung6
桃源街,täu4 yüng4 gai1
陶源中菜,täu4 yüng4 zung1 cöi1
桃勵路,täu4 läi6 lu6
陶樂路,täu4 lok6 lu6
淘米,täu4 mai1
圖書館道,tu4 sü1 gwung2 däu6
陶鑄,täu4 zü1
通德學校,tung1 däk2 hok6 hau6
統一碼頭道,tung2 yäk2 ma1 täu4 däu6
同樂徑,tung4 lok6 gäng1
同和街,tung4 wo4 gai1
屯青里,tüng4 cäng1 li1
屯貴路,tüng4 gwäi1 lu6
屯樂里,tüng4 lok6 li1
屯門河道,tüng4 mung4 ho4 däu6
屯門柏麗廣場,tüng4 mung4 pæk2 läi6 gwong2 cöng4
屯盛街,tüng4 säng6 gai1
豚豚食堂,tüng4 tüng4 säk6 tong4
屋蘭士街,uk2 læng4 si6 gai1
屋蘭士里,uk2 læng4 si6 li1
華翠街,wa4 cöi1 gai1
華池徑,wa4 ci4 gäng1
華昌街,wa4 cöng1 gai1
華德學校,wa4 däk2 hok6 hau6
華都花園商場,wa4 du1 fa1 yüng4 söng1 cöng4
華杜茲,wa4 du6 zi1
華發街,wa4 fæk2 gai1
華富道,wa4 fu1 däu6
華富商場,wa4 fu1 söng1 cöng4
華福街,wa4 fuk2 gai1
華歡街,wa4 fung1 gai1
華豐街,wa4 fung1 gai1
華景街,wa4 gäng2 gai1
華景商場,wa4 gäng2 söng1 cöng4
華貴道,wa4 gwäi1 däu6
華貴坊商場,wa4 gwäi1 fong1 söng1 cöng4
華廈街,wa4 ha6 gai1
華興里,wa4 häng1 li1
華康街,wa4 hong1 gai1
華賢坊東,wa4 ying4 fong1 dung1
華賢坊西,wa4 ying4 fong1 säi1
華瑤路,wa4 yiu4 lu6
華容路,wa4 yung4 lu6
華員徑,wa4 yüng4 gäng1
華僑銀行,wa4 kiu4 ngäng4 hong4
華麗購物廣場,wa4 läi6 gäu1 mäk6 gwong2 cöng4
華荔徑,wa4 läi6 gäng1
華林徑,wa4 läm4 gäng1
華雷斯城,wa4 löi4 si1 säng4
華倫街,wa4 läng4 gai1
華樂徑,wa4 lok6 gäng1
華隆徑,wa4 lung4 gäng1
華明里,wa4 mäng4 li1
華明路,wa4 mäng4 lu6
華明商場,wa4 mäng4 söng1 cöng4
華寧里,wa4 näng4 li1
華安里,wa4 wung1 li1
華心商場,wa4 säm1 söng1 cöng4
華信街,wa4 säng1 gai1
華盛村,wa4 säng6 cüng1
華盛頓哥倫比亞特區,wa4 säng6 däng6 go1 läng4 bi2 a1 däk6 kü1
華泰路,wa4 tai1 lu6
華庭街,wa4 täng4 gai1
華梓徑,wa4 zi2 gäng1
華建敏,wa6 ging1 mäng1
懷惠道,wai4 wäi6 däu6
畫眉徑,wæk6 mi4 gäng1
畫眉山,wæk6 mi4 sæng1
灣仔電腦城,wæng1 zäi2 ding6 näu1 säng4
灣仔交匯處,wæng1 zäi2 gau1 wui6 cü1
灣仔游泳池,wæng1 zäi2 yäu4 wäng6 ci4
灣仔南營地,wæng1 zäi2 nam4 yäng4 di6
灣仔西營地,wæng1 zäi2 säi1 yäng4 di6
灣仔堂基道小學,wæng1 zäi2 tong4 gi1 däu6 siu2 hok6
環翠道,wæng4 cöi1 däu6
環角道,wæng4 gok2 däu6
環球大廈商場,wæng4 käu4 dai6 ha6 söng1 cöng4
環球里,wæng4 käu4 li1
環樂街,wæng4 lok6 gai1
環湖徑,wæng4 wu4 gäng1
幻想道,wæng6 söng2 däu6
橫嶺,wæng4 leng1
橫嶺坳,wæng4 leng1 au1
橫嶺背,wæng4 leng1 bui1
橫嶺頭,wæng4 leng1 täu4
橫瀝,wæng4 läk6
橫平山南路,wæng4 päng4 sæng1 nam4 lu6
橫頭磡東道,wæng4 täu4 häm1 dung1 däu6
橫頭磡南道,wæng4 täu4 häm1 nam4 däu6
橫頭磡中道,wæng4 täu4 häm1 zung1 däu6
橫窩仔街,wæng4 wo1 zäi2 gai1
威非路道,wäi1 fi1 lu6 däu6
尉健行,wäi1 ging6 häng4
圍仔村,wäi4 zäi2 cüng1
圍仔第一街,wäi4 zäi2 däi6 yäk2 gai1
圍仔第二街,wäi4 zäi2 däi6 yi6 gai1
圍仔第五街,wäi4 zäi2 däi6 ng1 gai1
圍仔第三街,wäi4 zäi2 däi6 sam1 gai1
圍仔第四街,wäi4 zäi2 däi6 si1 gai1
圍仔街,wäi4 zäi2 gai1
圍仔井新村,wäi4 zäi2 zäng2 säng1 cüng1
偉發道,wäi1 fæk2 däu6
偉樂街,wäi1 lok6 gai1
惠福道,wäi6 fuk2 däu6
衞平坊,wäi6 päng4 fong1
衞信道,wäi6 säng1 däu6
衞城坊,wäi6 säng4 fong1
惠華街,wäi6 wa4 gai1
衞和街,wäi6 wo4 gai1
渭州道,wäi6 zäu1 däu6
雲泉學校,wäng4 cüng4 hok6 hau6
雲泉吳禮和紀念學校,wäng4 cüng4 ng4 läi1 wo4 gi2 nim6 hok6 hau6
雲地利道,wäng4 di6 li6 däu6
雲華街,wäng4 wa4 gai1
運盛街,wäng6 säng6 gai1
宏貝道,wäng4 bui1 däu6
宏冠道,wäng4 gwung1 däu6
宏開道,wäng4 fui1 däu6
宏樂街,wäng4 lok6 gai1
宏安道,wäng4 wung1 däu6
宏泰道,wäng4 tai1 däu6
宏華街,wäng4 wa4 gai1
屈臣道,wäk2 säng4 däu6
榮華餅家,wäng4 wa4 beng2 ga1
榮華里,wäng4 wa4 li1
永定道,wäng1 däng6 däu6
永樂里,wäng1 lok6 li1
永愛道,wäng1 wui1 däu6
永平村,wäng1 päng4 cüng1
永生街,wäng1 säng1 gai1
窩仔街,wo1 zäi2 gai1
和富慈善基金李宗德小學,wo4 fu1 ci4 sing6 gi1 gäm1 li1 zung1 däk2 siu2 hok6
和富道,wo4 fu1 däu6
和福道,wo4 fuk2 däu6
和豐街,wo4 fung1 gai1
和風街,wo4 fung1 gai1
和家樓路,wo4 ga1 läu4 lu6
和合街,wo4 häp6 gai1
和合石村,wo4 häp6 sek6 cüng1
和合石新村,wo4 häp6 sek6 säng1 cüng1
和興村,wo4 häng1 cüng1
和興路,wo4 häng1 lu6
和康徑,wo4 hong1 gäng1
和宜合交匯處,wo4 yi4 häp6 gau1 wui6 cü1
和宜合里,wo4 yi4 häp6 li1
和隆街,wo4 lung4 gai1
和鳴里,wo4 mäng4 li1
和滿街,wo4 mung1 gai1
和平徑,wo4 päng4 gäng1
和平新村,wo4 päng4 säng1 cüng1
和平新村里,wo4 päng4 säng1 cüng1 li1
和順里,wo4 säng6 li1
禾盛街,wo4 säng6 gai1
禾上坳,wo4 söng6 au1
禾上墩,wo4 söng6 däng1
禾上墩街,wo4 söng6 däng1 gai1
和尚洲,wo4 söng6 zäu1
禾堂背,wo4 tong4 bui1
獲嘉道,wok6 ga1 däu6
王丙乾,wong4 bäng2 king4
黃埔學校,wong4 bu1 hok6 hau6
黃埔宣道小學,wong4 bu1 süng1 däu6 siu2 hok6
黃陳淑英紀念學校,wong4 cäng4 suk6 yäng1 gi2 nim6 hok6 hau6
黃楚標學校,wong4 co2 biu1 hok6 hau6
王角頂,wong4 gok2 deng2
王角尾,wong4 gok2 mi1
皇后大道東,wong4 häu6 dai6 däu6 dung1
黃漢青,wong4 fung1 cäng1
王任重,wong4 yäm6 zung6
黃潤成,wong4 yäng6 säng4
黃英強,wong4 yäng1 köng4
王靈桂,wong4 läng4 gwäi1
皇龍道,wong4 lung4 däu6
黃龍坑道,wong4 lung4 hæng1 däu6
黃麻角道,wong4 ma4 gok2 däu6
黃泥洲仔,wong4 näi4 zäu1 zäi2
黃士心小學,wong4 si6 säm1 siu2 hok6
王少清中學,wong4 siu1 cäng1 zung1 hok6
黃少珠,wong4 siu1 zü1
王華湘中學,wong4 wa4 söng1 zung1 hok6
黃和興,wong4 wo4 häng1
黃梓樂,wong4 zi2 lok6
黃婧靈,wong4 zäng6 läng4
黃竹坑道,wong4 zuk2 hæng1 däu6
往灣西頂,wong1 wæng1 säi1 deng2
旺角城市中心,wong6 gok2 säng4 si1 zung1 säm1
烏格都古,wu1 gæk2 du1 gwu2
烏魯木齊市,wu1 lu1 muk6 cäi4 si1
湖邊大道,wu4 bing1 dai6 däu6
湖昌街,wu4 cöng1 gai1
胡大為,wu4 dai6 wäi4
蝴蝶谷道,wu4 dip6 guk2 däu6
湖暉街,wu4 fäi1 gai1
胡經昌,wu4 gäng1 cöng1
湖景道,wu4 gäng2 däu6
湖光街,wu4 gwong1 gai1
湖康街,wu4 hong1 gai1
湖洋洲排,wu4 yöng4 zäu1 pai4
湖月街,wu4 ngük6 gai1
湖南街,wu4 nam4 gai1
湖安街,wu4 wung1 gai1
湖秀街,wu4 säu1 gai1
胡少渠紀念小學,wu4 siu1 kü4 gi2 nim6 siu2 hok6
胡素貞博士紀念學校,wu4 su1 zäng1 bok2 si6 gi2 nim6 hok6 hau6
湖州,wu4 zäu1
匯翔道,wui6 cöng4 däu6
會德豐地產,wui6 däk2 fung1 di6 cæng2
匯景道,wui6 gäng2 däu6
匯立銀行,wui6 läp6 ngäng4 hong4
會所街,wui6 so2 gai1
翟凱泰,zak6 fui2 tai1
澤安道南,zäk6 wung1 däu6 nam4
爭奇鬥豔,zæng1 ki4 däu1 yim6
集友銀行,zap6 yäu1 ngäng4 hong4
集成中心商場,zap6 säng4 zung1 säm1 söng1 cöng4
扎山道,zæk2 sæng1 däu6
昃臣道,zäk2 säng4 däu6
針灸療法,zäm1 gäu1 liu4 fæk2
真鐸學校,zäng1 dok6 hok6 hau6
真味鮮廚,zäng1 mi6 sing1 cü4
珍諾華大道,zäng1 nok6 wa4 dai6 däu6
曾璧山,zäng1 bäk2 sæng1
曾璧山崇蘭中學,zäng1 bäk2 sæng1 sung4 læng4 zung1 hok6
曾大屋新村,zäng1 dai6 uk2 säng1 cüng1
曾健明,zäng1 ging6 mäng4
曾潔,zäng1 gik2
曾貫一,zäng1 gwung1 yäk2
曾憲備小學,zäng1 hing1 bi6 siu2 hok6
曾海昌,zäng1 fui2 cöng1
爭妍鬥豔,zäng1 ying4 däu1 yim6
曾裕彤,zäng1 yü6 tung4
曾琬莎,zäng1 yüng2 so1
曾路得,zäng1 lu6 däk2
曾敏,zäng1 mäng1
曾美欣,zäng1 mi1 yäng1
曾梅千禧學校,zäng1 mui4 cing1 hi1 hok6 hau6
罾棚角頂,zäng1 pæng4 gok2 deng2
增城兆霖學校,zäng1 säng4 siu6 läm4 hok6 hau6
曾肇添中學,zäng1 siu6 tim1 zung1 hok6
曾淑雅,zäng1 suk6 nga1
曾屋村,zäng1 uk2 cüng1
曾仔坳,zäng1 zäi2 au1
曾嘴路,zäng1 zöi2 lu6
曾展望,zäng1 zing2 mong6
洲背,zäu1 bui1
洲尾,zäu1 mi1
洲尾角,zäu1 mi1 gok2
鄒城,zäu1 säng4
洲仔角,zäu1 zäi2 gok2
酒精上癮,zäu2 zäng1 söng1 yäng1
酒精上癮者,zäu2 zäng1 söng1 yäng1 ze2
酒莊大道,zäu2 zong1 dai6 däu6
這滴,ze1 däk6
謝昌和,ze6 cöng1 wo4
謝興華,ze6 häng1 wa4
謝恩靈,ze6 yäng1 läng4
井頭下村,zäng2 täu4 ha6 cüng1
井頭新村,zäng2 täu4 säng1 cüng1
井頭上村南,zäng2 täu4 söng6 cüng1 nam4
井頭中村,zäng2 täu4 zung1 cüng1
鄭任安夫人學校,zäng6 yäm6 wung1 fu1 yäng4 hok6 hau6
鄭少玲,zäng6 siu1 läng4
鄭華勝,zäng6 wa4 säng1
聚魚道,zü6 yü4 däu6
晉城,zäng1 säng4
芝麻灣道,zi1 ma4 wæng1 däu6
資訊道,zi1 säng1 däu6
置富第一城,zi1 fu1 däi6 yäk2 säng4
置富道,zi1 fu1 däu6
志蓮道,zi1 ling4 däu6
志士達道,zi1 si6 dæk6 däu6
志成里,zi1 säng4 li1
志盛路,zi1 säng6 lu6
置華里,zi1 wa4 li1
自由道,zi6 yäu4 däu6
自助美經援村,zi6 zo6 mi1 gäng1 wung4 cüng1
鯽魚湖,zäk2 yü4 wu4
偵錯,zäng1 co1
政府飛行服務隊,zäng1 fu2 fi1 häng4 fuk6 mu6 döi6
政府經濟顧問辦公室,zäng1 fu2 gäng1 zäi1 gwu1 mäng6 bæng6 gung1 säk2
政務司司長辦公室,zäng1 mu6 si1 si1 cöng4 bæng6 gung1 säk2
焦姣,ziu1 gau2
蕉徑老圍,ziu1 gäng1 läu1 wäi4
焦浩軒,ziu1 häu6 hing1
照鏡潭,ziu1 geng1 tam4
照潭徑,ziu1 tam4 gäng1
張保仔路,zöng1 bäu2 zäi2 lu6
將軍澳藍田隧道,zöng1 gwäng1 au1 lam4 ting4 söi6 däu6
將軍澳隧道,zöng1 gwäng1 au1 söi6 däu6
將軍澳隧道公路,zöng1 gwäng1 au1 söi6 däu6 gung1 lu6
將軍會館,zöng1 gwäng1 wui6 gwung2
張洪量,zöng1 hung4 löng6
張凝文學校,zöng1 yäng4 mäng4 hok6 hau6
張轉男,zöng1 züng2 nam4
嶂上,zöng1 söng6
嶂上營地,zöng1 söng6 yäng4 di6
載德街,zöi1 däk2 gai1
莊易羚,zong1 yi6 läng4
莊啟程第二小學,zong1 käi2 cäng4 däi6 yi6 siu2 hok6
棗梨雅道,zäu2 li4 nga1 däu6
祖麻湖,zu2 ma4 wu4
竹桃徑,zuk2 täu4 gäng1
鍾叮噹,zung1 däng1 dong1
中間澳,zung1 gæng1 au1
中港道,zung1 gong2 däu6
中國建設銀行,zung1 gwok2 ging1 cik2 ngäng4 hong4
中國旅行社,zung1 gwok2 lü1 häng4 se1
中興海傍街,zung1 häng1 fui2 bong6 gai1
中央道,zung1 yöng1 däu6
中西區聖安多尼學校,zung1 säi1 kü1 säng1 wung1 do1 ni4 hok6 hau6
鐘聲慈善社胡陳金枝中學,zung1 säng1 ci4 sing6 se1 wu4 cäng4 gäm1 zi1 zung1 hok6
鐘聲徑,zung1 säng1 gäng1
鐘聲學校,zung1 säng1 hok6 hau6
中華電力有限公司,zung1 wa4 ding6 läk6 yäu1 hæng6 gung1 si1
中華基金中學,zung1 wa4 gi1 gäm1 zung1 hok6
中和里,zung1 wo4 li1
種植道,zung2 zäk6 däu6
朱國強,zü1 gwok2 köng4
豬油渣,zü1 yäu4 za1
朱月美,zü1 ngük6 mi1
朱樂洺,zü1 lok6 mäng4
豬黃嶺,zü1 wong4 leng1
尊巴舞,züng1 ba1 mu1
船灣淡水湖,süng4 wæng1 tam1 söi2 wu4
撈靜水,läu4 zäng6 söi2
撈靜水,läu1 zäng6 söi2
雙孖鯉魚,söng1 ma1 li1 yü4
長莆,cöng4 pu4
長咀洲,zöng2 zöi2 zäu1
線鉗,sing1 kim4
蛇餅,yi4 beng2
蛇餅,se4 beng2
下徑口,ha1 gäng1 häu2
鹹水話,ham4 söi2 wa2
鹹水話,ham4 söi2 wa6
識下人,säk2 ha1 yäng4
掹衫尾,mäng1 sam1 mi1
賺頭蝕尾,zæng6 täu4 säk6 mi1
聽診器,teng1 cäng2 hi1
大士王,dai6 si6 wong4
觸景生情,zuk2 gäng2 säng1 cäng4
腥羶,säng1 zing1
竹籃打水,zuk2 lam4 da2 söi2
校園電視,hau6 yüng4 ding6 si6
女生外向,nü1 sæng1 wui6 höng1
女生外向,nü1 säng1 wui6 höng1
逆轉勝,yäk6 züng2 säng1
逆轉勝,yäk6 züng1 säng1
時裝災難,si4 zong1 zöi1 næng4
時裝災難,si4 zong1 zöi1 næng6
冤崩爛臭,yüng1 bäng1 læng6 cäu1
蠄蟧絲網,käm4 läu4 si1 mong1
鑊仔牛柳,wok6 zäi2 ngäu4 läu1
兩粒一扮,löng1 näp2 yäk2 bæng6
面紅面綠,ming6 hung4 ming6 luk6
塞拉耶佛,säk2 lai1 ye4 fäk6
財政司司長辦公室,cöi4 zäng1 si1 si1 cöng4 bæng6 gung1 säk2
今晚肥仔,gäm1 mæng1 fi4 zäi2
講話有骨,gong2 wa2 yäu1 gwäk2
講話有骨,gong2 wa6 yäu1 gwäk2
起重設備,hi2 cung4 cik2 bi6
起重設備,hi2 cung1 cik2 bi6
四兩撥千斤,si1 löng2 buk6 cing1 gäng1
朝頭夜晚,ziu1 täu4 ye6 mæng1
